ca55e269a04764db4bfcb7c52a5a2b3e6121de166ebd7b92cfc6111e51f93de4	C:\Users\James\kaggriculture\benchmark\match_cache\ca55e269a04764db4bfcb7c52a5a2b3e6121de166ebd7b92cfc6111e51f93de4.json
2fa25171f36bba1627ef4143053de5c3627a2712455f44da029eb4a88e1be756	C:\Users\James\kaggriculture\benchmark\match_cache\2fa25171f36bba1627ef4143053de5c3627a2712455f44da029eb4a88e1be756.json
05d4b00511c5642c4c25b0e08fdc096d1c8bbc88aa360c348c67d0b583999479	C:\Users\James\kaggriculture\benchmark\match_cache\05d4b00511c5642c4c25b0e08fdc096d1c8bbc88aa360c348c67d0b583999479.json
4766b709321322325a3cd1459c3d11f7453f1539260ec424233672ae23100af7	C:\Users\James\kaggriculture\benchmark\match_cache\4766b709321322325a3cd1459c3d11f7453f1539260ec424233672ae23100af7.json
3f3fc428e8ba0608e5be5e2daabb7b916802bd71d2eff5dca29a476654383315	C:\Users\James\kaggriculture\benchmark\match_cache\3f3fc428e8ba0608e5be5e2daabb7b916802bd71d2eff5dca29a476654383315.json
5196b94c661ee14ac79b6cc20b5f8632b44d9648e393342670938560b0914eb8	C:\Users\James\kaggriculture\benchmark\match_cache\5196b94c661ee14ac79b6cc20b5f8632b44d9648e393342670938560b0914eb8.json
e817686de6af528cde40489039ffa59e73e326617062c050b48120fe9441d26b	C:\Users\James\kaggriculture\benchmark\match_cache\e817686de6af528cde40489039ffa59e73e326617062c050b48120fe9441d26b.json
d1b821074f167a3e81ed988a19362628d86b4c382088b917fcbc75ad4985e9a2	C:\Users\James\kaggriculture\benchmark\match_cache\d1b821074f167a3e81ed988a19362628d86b4c382088b917fcbc75ad4985e9a2.json
32a56751faae65c5726eaab2a4b12cec56bc764ccda3ca3ce52493675d891656	C:\Users\James\kaggriculture\benchmark\match_cache\32a56751faae65c5726eaab2a4b12cec56bc764ccda3ca3ce52493675d891656.json
570d387b16c0677064dd7a7251c5706c1a2297d312b59bf7a3a09d94b0c34e6b	C:\Users\James\kaggriculture\benchmark\match_cache\570d387b16c0677064dd7a7251c5706c1a2297d312b59bf7a3a09d94b0c34e6b.json
6374beddb495664e062d96192aa07521b6e5bb777dc430f782a66fee5cef1d8c	C:\Users\James\kaggriculture\benchmark\match_cache\6374beddb495664e062d96192aa07521b6e5bb777dc430f782a66fee5cef1d8c.json
2c21c0dc1f55318788867a433f8053aab115fbcb4075211bc91b0eb22672d38b	C:\Users\James\kaggriculture\benchmark\match_cache\2c21c0dc1f55318788867a433f8053aab115fbcb4075211bc91b0eb22672d38b.json
05d4b00511c5642c4c25b0e08fdc096d1c8bbc88aa360c348c67d0b583999479	C:\Users\James\kaggriculture\benchmark\match_cache\05d4b00511c5642c4c25b0e08fdc096d1c8bbc88aa360c348c67d0b583999479.json
ca55e269a04764db4bfcb7c52a5a2b3e6121de166ebd7b92cfc6111e51f93de4	C:\Users\James\kaggriculture\benchmark\match_cache\ca55e269a04764db4bfcb7c52a5a2b3e6121de166ebd7b92cfc6111e51f93de4.json
3f3fc428e8ba0608e5be5e2daabb7b916802bd71d2eff5dca29a476654383315	C:\Users\James\kaggriculture\benchmark\match_cache\3f3fc428e8ba0608e5be5e2daabb7b916802bd71d2eff5dca29a476654383315.json
32a56751faae65c5726eaab2a4b12cec56bc764ccda3ca3ce52493675d891656	C:\Users\James\kaggriculture\benchmark\match_cache\32a56751faae65c5726eaab2a4b12cec56bc764ccda3ca3ce52493675d891656.json
2fa25171f36bba1627ef4143053de5c3627a2712455f44da029eb4a88e1be756	C:\Users\James\kaggriculture\benchmark\match_cache\2fa25171f36bba1627ef4143053de5c3627a2712455f44da029eb4a88e1be756.json
4766b709321322325a3cd1459c3d11f7453f1539260ec424233672ae23100af7	C:\Users\James\kaggriculture\benchmark\match_cache\4766b709321322325a3cd1459c3d11f7453f1539260ec424233672ae23100af7.json
e817686de6af528cde40489039ffa59e73e326617062c050b48120fe9441d26b	C:\Users\James\kaggriculture\benchmark\match_cache\e817686de6af528cde40489039ffa59e73e326617062c050b48120fe9441d26b.json
5196b94c661ee14ac79b6cc20b5f8632b44d9648e393342670938560b0914eb8	C:\Users\James\kaggriculture\benchmark\match_cache\5196b94c661ee14ac79b6cc20b5f8632b44d9648e393342670938560b0914eb8.json
d1b821074f167a3e81ed988a19362628d86b4c382088b917fcbc75ad4985e9a2	C:\Users\James\kaggriculture\benchmark\match_cache\d1b821074f167a3e81ed988a19362628d86b4c382088b917fcbc75ad4985e9a2.json
570d387b16c0677064dd7a7251c5706c1a2297d312b59bf7a3a09d94b0c34e6b	C:\Users\James\kaggriculture\benchmark\match_cache\570d387b16c0677064dd7a7251c5706c1a2297d312b59bf7a3a09d94b0c34e6b.json
99ea8e2786586ad0eaca7f5e060635e88a736ab86a94f67521cfd828f5d7ff64	C:\Users\James\kaggriculture\benchmark\match_cache\99ea8e2786586ad0eaca7f5e060635e88a736ab86a94f67521cfd828f5d7ff64.json
6374beddb495664e062d96192aa07521b6e5bb777dc430f782a66fee5cef1d8c	C:\Users\James\kaggriculture\benchmark\match_cache\6374beddb495664e062d96192aa07521b6e5bb777dc430f782a66fee5cef1d8c.json
ca422b0623f121104838e723948600d7429ab722cefd214cf2d233c48bf4b0e7	C:\Users\James\kaggriculture\benchmark\match_cache\ca422b0623f121104838e723948600d7429ab722cefd214cf2d233c48bf4b0e7.json
0e0ebb62b680ef52ba0c3d0ad15aa6ed224176387a0b9bc95d09f23eed731ae3	C:\Users\James\kaggriculture\benchmark\match_cache\0e0ebb62b680ef52ba0c3d0ad15aa6ed224176387a0b9bc95d09f23eed731ae3.json
2c21c0dc1f55318788867a433f8053aab115fbcb4075211bc91b0eb22672d38b	C:\Users\James\kaggriculture\benchmark\match_cache\2c21c0dc1f55318788867a433f8053aab115fbcb4075211bc91b0eb22672d38b.json
5e883be90f5e595fb35ed7f831255472fda1ce71213322f8ed67cf2ef0deb394	C:\Users\James\kaggriculture\benchmark\match_cache\5e883be90f5e595fb35ed7f831255472fda1ce71213322f8ed67cf2ef0deb394.json
80becc3f2aec6365e20afb63bfb7de66f7cb7f95fc23fb5291854b172d13f029	C:\Users\James\kaggriculture\benchmark\match_cache\80becc3f2aec6365e20afb63bfb7de66f7cb7f95fc23fb5291854b172d13f029.json
d788cfe0c81a19f59c7f97462a2bbfcf9e5290430c575dc3ce4b6e127df948ef	C:\Users\James\kaggriculture\benchmark\match_cache\d788cfe0c81a19f59c7f97462a2bbfcf9e5290430c575dc3ce4b6e127df948ef.json
bafe429ab02141983d1226740561f863b74c9c027ce5296370f8b9259c70fa66	C:\Users\James\kaggriculture\benchmark\match_cache\bafe429ab02141983d1226740561f863b74c9c027ce5296370f8b9259c70fa66.json
f98802f1a45a353b7b82227978e203fe07f8b00ba2df4d8659df86ed12774722	C:\Users\James\kaggriculture\benchmark\match_cache\f98802f1a45a353b7b82227978e203fe07f8b00ba2df4d8659df86ed12774722.json
cd0fc83dfffff03517691512a710aa20dd0dddf96b06eaca6e835b6e315beefd	C:\Users\James\kaggriculture\benchmark\match_cache\cd0fc83dfffff03517691512a710aa20dd0dddf96b06eaca6e835b6e315beefd.json
e81ecfed9582ab52ceebd4db903998f1f57a7712fbb3341aa563c02712f91bca	C:\Users\James\kaggriculture\benchmark\match_cache\e81ecfed9582ab52ceebd4db903998f1f57a7712fbb3341aa563c02712f91bca.json
04e4293cb36c5d3fcad9b4ee2106d0be0df9812efcfc42630ce58b6d406134ae	C:\Users\James\kaggriculture\benchmark\match_cache\04e4293cb36c5d3fcad9b4ee2106d0be0df9812efcfc42630ce58b6d406134ae.json
e56ee3886d094fb7ba4d22ef73d2b667347e1aaa45de059390484179bd9c69df	C:\Users\James\kaggriculture\benchmark\match_cache\e56ee3886d094fb7ba4d22ef73d2b667347e1aaa45de059390484179bd9c69df.json
f77497a3807924ceb52b6389104e73dda9339d287b7f50f5fd83d77b4eed7cc9	C:\Users\James\kaggriculture\benchmark\match_cache\f77497a3807924ceb52b6389104e73dda9339d287b7f50f5fd83d77b4eed7cc9.json
3f293213b02ae699c8941303c8527da035b03e6479964140066f3a7904cc23d4	C:\Users\James\kaggriculture\benchmark\match_cache\3f293213b02ae699c8941303c8527da035b03e6479964140066f3a7904cc23d4.json
d4fed1d1fc822405df7712f8280ea97bd12f698026cd61f1d9a2b05cc3a45ebd	C:\Users\James\kaggriculture\benchmark\match_cache\d4fed1d1fc822405df7712f8280ea97bd12f698026cd61f1d9a2b05cc3a45ebd.json
cfb13a35c463e16c2960a02f34df726bf42dc54917ab00de2436e2848260c3fb	C:\Users\James\kaggriculture\benchmark\match_cache\cfb13a35c463e16c2960a02f34df726bf42dc54917ab00de2436e2848260c3fb.json
43d4b25b93a4d930159c814ab754569227d13c59d9a756e2238aac7f1b609222	C:\Users\James\kaggriculture\benchmark\match_cache\43d4b25b93a4d930159c814ab754569227d13c59d9a756e2238aac7f1b609222.json
b9e47210b719b7c35523a79d348bc7c321dde9c836584a75baf5642e5bfb70f2	C:\Users\James\kaggriculture\benchmark\match_cache\b9e47210b719b7c35523a79d348bc7c321dde9c836584a75baf5642e5bfb70f2.json
f555e5ed1f1d503988751122a4179bdc3a892d4e2a8d2a862445364bdb4ba741	C:\Users\James\kaggriculture\benchmark\match_cache\f555e5ed1f1d503988751122a4179bdc3a892d4e2a8d2a862445364bdb4ba741.json
7dc08cd8408266d56c25fa5f3c62e2f1fa4ff056dcb23f47fd8a00328ef57442	C:\Users\James\kaggriculture\benchmark\match_cache\7dc08cd8408266d56c25fa5f3c62e2f1fa4ff056dcb23f47fd8a00328ef57442.json
7ad875696d273d335d1865fdbd66f87ad69f33af209390de0395a397b8dd997f	C:\Users\James\kaggriculture\benchmark\match_cache\7ad875696d273d335d1865fdbd66f87ad69f33af209390de0395a397b8dd997f.json
10b3f69ddf761b88e1e55065b20050b967f57e368a58339d393590610221cd1a	C:\Users\James\kaggriculture\benchmark\match_cache\10b3f69ddf761b88e1e55065b20050b967f57e368a58339d393590610221cd1a.json
8fdd3e7e3c057704d767d77bfb66560295db28e64c3b37608c89e57727065222	C:\Users\James\kaggriculture\benchmark\match_cache\8fdd3e7e3c057704d767d77bfb66560295db28e64c3b37608c89e57727065222.json
04c1d0b6b3ec38a8ab5e8ca8d1b7b925b5213f717386b82e0c60b1e5040de85a	C:\Users\James\kaggriculture\benchmark\match_cache\04c1d0b6b3ec38a8ab5e8ca8d1b7b925b5213f717386b82e0c60b1e5040de85a.json
90f8656963f7ef1f5b11a2c91bcb47567d94d8b233959a9e7fa80743d1e95e4f	C:\Users\James\kaggriculture\benchmark\match_cache\90f8656963f7ef1f5b11a2c91bcb47567d94d8b233959a9e7fa80743d1e95e4f.json
b29518fc594b535a7caf3ce6097947071376c882eefabe388ad741d19049cb33	C:\Users\James\kaggriculture\benchmark\match_cache\b29518fc594b535a7caf3ce6097947071376c882eefabe388ad741d19049cb33.json
6fd807244e5c9f674a2befde3a0fd9dbbcb1aad15075cff57e5c842b374ca15e	C:\Users\James\kaggriculture\benchmark\match_cache\6fd807244e5c9f674a2befde3a0fd9dbbcb1aad15075cff57e5c842b374ca15e.json
ef7b728dae7b8f6d89d432a8ecedc3658ab67608ed074878362a812f4be56b11	C:\Users\James\kaggriculture\benchmark\match_cache\ef7b728dae7b8f6d89d432a8ecedc3658ab67608ed074878362a812f4be56b11.json
d26c98f0d9fd7fa4240c5902c3afc5fac489a1fd06168fd243baeef75be4d6c2	C:\Users\James\kaggriculture\benchmark\match_cache\d26c98f0d9fd7fa4240c5902c3afc5fac489a1fd06168fd243baeef75be4d6c2.json
13cfb101a29316335fbfcca3aa3b702e44575e4ca17a18784af43ec8c80ec57e	C:\Users\James\kaggriculture\benchmark\match_cache\13cfb101a29316335fbfcca3aa3b702e44575e4ca17a18784af43ec8c80ec57e.json
95eb5399f4faf1a6cc13636c88662bf4c1a8f13b3c0fc3c307c9c352cf99fa49	C:\Users\James\kaggriculture\benchmark\match_cache\95eb5399f4faf1a6cc13636c88662bf4c1a8f13b3c0fc3c307c9c352cf99fa49.json
81435e72f647c024bc1ab2ad06f49fc06e19cb6aaebd03508dcee280e1bee121	C:\Users\James\kaggriculture\benchmark\match_cache\81435e72f647c024bc1ab2ad06f49fc06e19cb6aaebd03508dcee280e1bee121.json
ad16659f8ba4b1ad6b6c3dee0378b8d2c2d51d92e5243fb1fbd1e8d534dde605	C:\Users\James\kaggriculture\benchmark\match_cache\ad16659f8ba4b1ad6b6c3dee0378b8d2c2d51d92e5243fb1fbd1e8d534dde605.json
a09bf5075628883ce1a6e344ffe62908cc425cdfd1682d909669e6028b8d25a3	C:\Users\James\kaggriculture\benchmark\match_cache\a09bf5075628883ce1a6e344ffe62908cc425cdfd1682d909669e6028b8d25a3.json
9420d20f6c56806bbfeae075f91eb4332e43989d83b3d51cd21abcbc971b563e	C:\Users\James\kaggriculture\benchmark\match_cache\9420d20f6c56806bbfeae075f91eb4332e43989d83b3d51cd21abcbc971b563e.json
eb8db54237982bd0a48d449a88bac57af578019a9c51a652191ee00ed21e5ff5	C:\Users\James\kaggriculture\benchmark\match_cache\eb8db54237982bd0a48d449a88bac57af578019a9c51a652191ee00ed21e5ff5.json
d2e13a4177a41038b101b116164042d972c01e20ab9328bffa0d10210a94ef91	C:\Users\James\kaggriculture\benchmark\match_cache\d2e13a4177a41038b101b116164042d972c01e20ab9328bffa0d10210a94ef91.json
65c2679351fc9a7bf0228e5a4242e92e61f8547fd3075cf65f2ee76ac4b4167e	C:\Users\James\kaggriculture\benchmark\match_cache\65c2679351fc9a7bf0228e5a4242e92e61f8547fd3075cf65f2ee76ac4b4167e.json
73a463ec89ceeb145aec4aec259c39aab0639e96876135630f0e0129c858cad0	C:\Users\James\kaggriculture\benchmark\match_cache\73a463ec89ceeb145aec4aec259c39aab0639e96876135630f0e0129c858cad0.json
3b3b18a7da8486a06b0b7b2dad32e8f2f0e921425574a9594a808aeb57afd340	C:\Users\James\kaggriculture\benchmark\match_cache\3b3b18a7da8486a06b0b7b2dad32e8f2f0e921425574a9594a808aeb57afd340.json
2310c3d2a5a905694c4e8cf405a0ac3eda9fa72aea8d91f94ca9f135ab4806a0	C:\Users\James\kaggriculture\benchmark\match_cache\2310c3d2a5a905694c4e8cf405a0ac3eda9fa72aea8d91f94ca9f135ab4806a0.json
7025043bb6b4bc7ef914331b46123734b25ebed376b1e8d7c739d1916b8da31e	C:\Users\James\kaggriculture\benchmark\match_cache\7025043bb6b4bc7ef914331b46123734b25ebed376b1e8d7c739d1916b8da31e.json
4e64db5cc31e0598e7e15289fd1295c48acb52376c0e85fbab0c14e16d4cec1b	C:\Users\James\kaggriculture\benchmark\match_cache\4e64db5cc31e0598e7e15289fd1295c48acb52376c0e85fbab0c14e16d4cec1b.json
deeaf71f8659fea44f32f188da619cf4cc3eca7cb180ceb55d0afc7b23cd6280	C:\Users\James\kaggriculture\benchmark\match_cache\deeaf71f8659fea44f32f188da619cf4cc3eca7cb180ceb55d0afc7b23cd6280.json
b20499df87afe8e5e0f952327abe1b2aeb00f31fd5ca98ffb72456ab61b5e5b7	C:\Users\James\kaggriculture\benchmark\match_cache\b20499df87afe8e5e0f952327abe1b2aeb00f31fd5ca98ffb72456ab61b5e5b7.json
5a2af202b7d4ae819368d590815e84a91ff83df9f571f17f56e09eb85bff44b8	C:\Users\James\kaggriculture\benchmark\match_cache\5a2af202b7d4ae819368d590815e84a91ff83df9f571f17f56e09eb85bff44b8.json
673b944814cd8903f799f86ea48d5a717beac5fcfe7ac5d4a95b57921fd87b4e	C:\Users\James\kaggriculture\benchmark\match_cache\673b944814cd8903f799f86ea48d5a717beac5fcfe7ac5d4a95b57921fd87b4e.json
a5bc87db234beaa2f27adbbe2d0ddaf86e0b8ecfeee09537cd31d8069718de58	C:\Users\James\kaggriculture\benchmark\match_cache\a5bc87db234beaa2f27adbbe2d0ddaf86e0b8ecfeee09537cd31d8069718de58.json
04e8bbb09d34149175fc981783e6b40981daab4d1448c72a91fa98c3ab31ac69	C:\Users\James\kaggriculture\benchmark\match_cache\04e8bbb09d34149175fc981783e6b40981daab4d1448c72a91fa98c3ab31ac69.json
d4ab604b4fcb8b19fbcfdf8e50507f92b27c65d4ba5c5568c2f599dce5376251	C:\Users\James\kaggriculture\benchmark\match_cache\d4ab604b4fcb8b19fbcfdf8e50507f92b27c65d4ba5c5568c2f599dce5376251.json
1d0dfe662ccb9bbb2756ec72ad0a26f599f2e9f0245cd2487d351d9f806b44e9	C:\Users\James\kaggriculture\benchmark\match_cache\1d0dfe662ccb9bbb2756ec72ad0a26f599f2e9f0245cd2487d351d9f806b44e9.json
b48fc7a7b0765f6c4c78b7d905964777aaf144e6bbd49baa9fe756d3f3922471	C:\Users\James\kaggriculture\benchmark\match_cache\b48fc7a7b0765f6c4c78b7d905964777aaf144e6bbd49baa9fe756d3f3922471.json
bf4c317a71d42f39692ff6bf8a20ea40b9e8abec47be65ab1b712b445beee42f	C:\Users\James\kaggriculture\benchmark\match_cache\bf4c317a71d42f39692ff6bf8a20ea40b9e8abec47be65ab1b712b445beee42f.json
1f2a222f8afeac22ec8b968bf1446d66e3fbe5ebc1f15a9442b50991d14083df	C:\Users\James\kaggriculture\benchmark\match_cache\1f2a222f8afeac22ec8b968bf1446d66e3fbe5ebc1f15a9442b50991d14083df.json
3a2ed8c34856d3b97ec3740f1e18e407531b4ca1aac77d044861c918eee250c7	C:\Users\James\kaggriculture\benchmark\match_cache\3a2ed8c34856d3b97ec3740f1e18e407531b4ca1aac77d044861c918eee250c7.json
827a0acb86bb379a31a0734dab28ea067dd9153da68323fa19497fadbb066363	C:\Users\James\kaggriculture\benchmark\match_cache\827a0acb86bb379a31a0734dab28ea067dd9153da68323fa19497fadbb066363.json
905a6093d83f80072555dba5109cea8ba4687b370e33eebc30eefdc4c6de3bf6	C:\Users\James\kaggriculture\benchmark\match_cache\905a6093d83f80072555dba5109cea8ba4687b370e33eebc30eefdc4c6de3bf6.json
d157025772fec7edb2415f26cb2dd36fda4ab39c6e9ad1b011541eb6870bfaff	C:\Users\James\kaggriculture\benchmark\match_cache\d157025772fec7edb2415f26cb2dd36fda4ab39c6e9ad1b011541eb6870bfaff.json
52da44a4d37392670302ca55f4fb79c3e5799db88f7e326c35c5bae019d8ec9d	C:\Users\James\kaggriculture\benchmark\match_cache\52da44a4d37392670302ca55f4fb79c3e5799db88f7e326c35c5bae019d8ec9d.json
20124313cf62b8804de6852f971f3414d04183523251aba25201c5d311bcff19	C:\Users\James\kaggriculture\benchmark\match_cache\20124313cf62b8804de6852f971f3414d04183523251aba25201c5d311bcff19.json
446af1388deea63b2109d66cce2f01d32683230c99efbb5b988945255413c963	C:\Users\James\kaggriculture\benchmark\match_cache\446af1388deea63b2109d66cce2f01d32683230c99efbb5b988945255413c963.json
21898fec1f73988f1b530f50993281f8a2039da249072c05794cfb515e48f066	C:\Users\James\kaggriculture\benchmark\match_cache\21898fec1f73988f1b530f50993281f8a2039da249072c05794cfb515e48f066.json
136b30af3a1e9ecac0900d2b7f97b55b596448c3dba410ee421a4f4a6d4f89cb	C:\Users\James\kaggriculture\benchmark\match_cache\136b30af3a1e9ecac0900d2b7f97b55b596448c3dba410ee421a4f4a6d4f89cb.json
e919900d320ab0b6542669e67c4f666091da95965509397dfe464d26cfd8d1e4	C:\Users\James\kaggriculture\benchmark\match_cache\e919900d320ab0b6542669e67c4f666091da95965509397dfe464d26cfd8d1e4.json
09880ee51fed63bded070ade853bb6258efc3a6f14f7dfb91a84dd955cdaffdb	C:\Users\James\kaggriculture\benchmark\match_cache\09880ee51fed63bded070ade853bb6258efc3a6f14f7dfb91a84dd955cdaffdb.json
4549e3405dd196910109fc2aa3071b6bc96ef747b59348d1818ec086164be602	C:\Users\James\kaggriculture\benchmark\match_cache\4549e3405dd196910109fc2aa3071b6bc96ef747b59348d1818ec086164be602.json
1b262f1e0fca166bd6ea23ef3f1b81a1ba9121470fb9100b11479f65cf41e25c	C:\Users\James\kaggriculture\benchmark\match_cache\1b262f1e0fca166bd6ea23ef3f1b81a1ba9121470fb9100b11479f65cf41e25c.json
a5c001ce5ef9fbad12cc0cf5b02ac3480eb95bf7b03eab2660da719de5c4f4a6	C:\Users\James\kaggriculture\benchmark\match_cache\a5c001ce5ef9fbad12cc0cf5b02ac3480eb95bf7b03eab2660da719de5c4f4a6.json
ca53f3b6a47d412d7b9bb4ef93e7bb4e2b8db04a04716d0a6150103cec100501	C:\Users\James\kaggriculture\benchmark\match_cache\ca53f3b6a47d412d7b9bb4ef93e7bb4e2b8db04a04716d0a6150103cec100501.json
d8940cbb26b5653de39ec75e6905385dd08ccb435008da82864b2e46420e6f4b	C:\Users\James\kaggriculture\benchmark\match_cache\d8940cbb26b5653de39ec75e6905385dd08ccb435008da82864b2e46420e6f4b.json
a30e2f73150fc2a0e6be31702aec02c62e0ffe656d114358920de7fc3926a576	C:\Users\James\kaggriculture\benchmark\match_cache\a30e2f73150fc2a0e6be31702aec02c62e0ffe656d114358920de7fc3926a576.json
3f2faf87cd6957b357f537c4154eec2e32532026501eb4ed90d70c482364345a	C:\Users\James\kaggriculture\benchmark\match_cache\3f2faf87cd6957b357f537c4154eec2e32532026501eb4ed90d70c482364345a.json
0ea22b5380f93a5185f2aeee3e72b6975337177f93aebc82dd69b1d7d48f5293	C:\Users\James\kaggriculture\benchmark\match_cache\0ea22b5380f93a5185f2aeee3e72b6975337177f93aebc82dd69b1d7d48f5293.json
3f3867c877214e0cdd2a4cd0ba9ee9caf1f2add09895c0baacb5f901a5746522	C:\Users\James\kaggriculture\benchmark\match_cache\3f3867c877214e0cdd2a4cd0ba9ee9caf1f2add09895c0baacb5f901a5746522.json
1f2245f87979676e33ac37fd10487f8f3fd8aab947dcd2030f311622b7af5b06	C:\Users\James\kaggriculture\benchmark\match_cache\1f2245f87979676e33ac37fd10487f8f3fd8aab947dcd2030f311622b7af5b06.json
17d6691bb3689ee0650e05d4d032556107658fd40f4e6cd4bb7e31ee16c438d1	C:\Users\James\kaggriculture\benchmark\match_cache\17d6691bb3689ee0650e05d4d032556107658fd40f4e6cd4bb7e31ee16c438d1.json
3c747ce1631f948e4c572e9e5713400f7552bcc1fd9f0240e90256792adccede	C:\Users\James\kaggriculture\benchmark\match_cache\3c747ce1631f948e4c572e9e5713400f7552bcc1fd9f0240e90256792adccede.json
665426585431bed442ecb19d6cdda804da0000f1bbcad287c56358d63023f631	C:\Users\James\kaggriculture\benchmark\match_cache\665426585431bed442ecb19d6cdda804da0000f1bbcad287c56358d63023f631.json
49e2d9b512cb43b29cca61d73e0ed46e9c5aa46aa55ad8b5411cbadc22720eee	C:\Users\James\kaggriculture\benchmark\match_cache\49e2d9b512cb43b29cca61d73e0ed46e9c5aa46aa55ad8b5411cbadc22720eee.json
c04981f52197bf8beed36ee859799c9fca79e9c953f44e45c99d089416633b78	C:\Users\James\kaggriculture\benchmark\match_cache\c04981f52197bf8beed36ee859799c9fca79e9c953f44e45c99d089416633b78.json
95f83a53f3ad626603d1d262c780ec99b4d0af9489c64e1f2b32ef8446e9701b	C:\Users\James\kaggriculture\benchmark\match_cache\95f83a53f3ad626603d1d262c780ec99b4d0af9489c64e1f2b32ef8446e9701b.json
44b0362c2bfb688ac8bbb638e51e1d01bfaabd7d09f13be53cda509866eef72b	C:\Users\James\kaggriculture\benchmark\match_cache\44b0362c2bfb688ac8bbb638e51e1d01bfaabd7d09f13be53cda509866eef72b.json
0dc44670b6d36d3dec1a073c59e43b460a50cb98183bc46a709be3cbb9cb3d30	C:\Users\James\kaggriculture\benchmark\match_cache\0dc44670b6d36d3dec1a073c59e43b460a50cb98183bc46a709be3cbb9cb3d30.json
fad4a00d7b8bd097a3ca2ff31886b676db79dfeb0035e812481ff7d8c077421a	C:\Users\James\kaggriculture\benchmark\match_cache\fad4a00d7b8bd097a3ca2ff31886b676db79dfeb0035e812481ff7d8c077421a.json
c0a230978b303fd99f03a270fc39a9f182f4bba1807638e27954a6fe60971852	C:\Users\James\kaggriculture\benchmark\match_cache\c0a230978b303fd99f03a270fc39a9f182f4bba1807638e27954a6fe60971852.json
455348e90ab5c3f2471cb45b35a6bf9fdfdb22aaa68afd759c5144a6c0861eaa	C:\Users\James\kaggriculture\benchmark\match_cache\455348e90ab5c3f2471cb45b35a6bf9fdfdb22aaa68afd759c5144a6c0861eaa.json
f6148b0a01f2b6ec3a200aac246a156a2751e5180bbf1e2fe68e1eb518e1d2da	C:\Users\James\kaggriculture\benchmark\match_cache\f6148b0a01f2b6ec3a200aac246a156a2751e5180bbf1e2fe68e1eb518e1d2da.json
aace62392b454fd626f8915f35358f99025016d5b1c0a90420dc54423d40dfda	C:\Users\James\kaggriculture\benchmark\match_cache\aace62392b454fd626f8915f35358f99025016d5b1c0a90420dc54423d40dfda.json
041a10cdbe6367aa35735686b611d746a961aa817d343bc545a097cabdd88f84	C:\Users\James\kaggriculture\benchmark\match_cache\041a10cdbe6367aa35735686b611d746a961aa817d343bc545a097cabdd88f84.json
0115c045e9ad3cd3853c9e5903b0bc8f0044e4fedf1d5474b645d51a4d31c952	C:\Users\James\kaggriculture\benchmark\match_cache\0115c045e9ad3cd3853c9e5903b0bc8f0044e4fedf1d5474b645d51a4d31c952.json
1e889248e72b7770d59c56ece646906e0c3900a196ea81d6e47b10ce16f85503	C:\Users\James\kaggriculture\benchmark\match_cache\1e889248e72b7770d59c56ece646906e0c3900a196ea81d6e47b10ce16f85503.json
6825772f753757157e1cbaf02192fae71e7b59e426758ad2b43a4c9501c9b808	C:\Users\James\kaggriculture\benchmark\match_cache\6825772f753757157e1cbaf02192fae71e7b59e426758ad2b43a4c9501c9b808.json
4250011c895cf3170a917071444fa501181a6ec5ec416a562df8bac56c386555	C:\Users\James\kaggriculture\benchmark\match_cache\4250011c895cf3170a917071444fa501181a6ec5ec416a562df8bac56c386555.json
b34fb8b737f6ff575defce087c9223d60123e35bc06eae8a848d17b56e1d3057	C:\Users\James\kaggriculture\benchmark\match_cache\b34fb8b737f6ff575defce087c9223d60123e35bc06eae8a848d17b56e1d3057.json
20040c9581d1366a002087d457cb607724f835f53b0c0dd09e2cb65a7bd600fc	C:\Users\James\kaggriculture\benchmark\match_cache\20040c9581d1366a002087d457cb607724f835f53b0c0dd09e2cb65a7bd600fc.json
037228c8f030180e2b4199eb8b9f09d75e48cc741a06682762a0190eda953269	C:\Users\James\kaggriculture\benchmark\match_cache\037228c8f030180e2b4199eb8b9f09d75e48cc741a06682762a0190eda953269.json
b6a455a4c0c2320cba4a99a7474950a5d790902b5926ddb64b7975d8e802d580	C:\Users\James\kaggriculture\benchmark\match_cache\b6a455a4c0c2320cba4a99a7474950a5d790902b5926ddb64b7975d8e802d580.json
352578a86f621f73c4c400d53cfc7599beae17d4abf87f341ab4b2ba0125fb68	C:\Users\James\kaggriculture\benchmark\match_cache\352578a86f621f73c4c400d53cfc7599beae17d4abf87f341ab4b2ba0125fb68.json
f19eb1e814731dfff69fd452fa37ae4293656de848d28953e38c683f92056fd6	C:\Users\James\kaggriculture\benchmark\match_cache\f19eb1e814731dfff69fd452fa37ae4293656de848d28953e38c683f92056fd6.json
1e04caa68797bb1f0d1bec7aab5c14116dd9a9e090252c86e25c70918d08d7fa	C:\Users\James\kaggriculture\benchmark\match_cache\1e04caa68797bb1f0d1bec7aab5c14116dd9a9e090252c86e25c70918d08d7fa.json
9d29d1be412c09c2a8707c48cf49520a56c253c707489395c86bd93208b51010	C:\Users\James\kaggriculture\benchmark\match_cache\9d29d1be412c09c2a8707c48cf49520a56c253c707489395c86bd93208b51010.json
6cf92b7a0b38805b3761dc745a4e451dd663dee835e7884cebb7e7af21305bbc	C:\Users\James\kaggriculture\benchmark\match_cache\6cf92b7a0b38805b3761dc745a4e451dd663dee835e7884cebb7e7af21305bbc.json
de9f6af70ad0fa049cc26dfa0c41549056f2bb92578e5b64df6eb38e23c2916b	C:\Users\James\kaggriculture\benchmark\match_cache\de9f6af70ad0fa049cc26dfa0c41549056f2bb92578e5b64df6eb38e23c2916b.json
5b96f0dce705dadcb4244589367a9e7a8b049da999346c07eadd5dee2b67db4b	C:\Users\James\kaggriculture\benchmark\match_cache\5b96f0dce705dadcb4244589367a9e7a8b049da999346c07eadd5dee2b67db4b.json
121aee77039aca38e8dc72387352f3099c39121db11f9e2f1b2e958ea5d954aa	C:\Users\James\kaggriculture\benchmark\match_cache\121aee77039aca38e8dc72387352f3099c39121db11f9e2f1b2e958ea5d954aa.json
5637e9a424ae123eb066dbf449ebce1c67083c17dc40466e4a6bb7e598611e0d	C:\Users\James\kaggriculture\benchmark\match_cache\5637e9a424ae123eb066dbf449ebce1c67083c17dc40466e4a6bb7e598611e0d.json
2862148e9c0702181b1ba39591e871ada760a2d0ddb7cbaa753cbffd41b951bb	C:\Users\James\kaggriculture\benchmark\match_cache\2862148e9c0702181b1ba39591e871ada760a2d0ddb7cbaa753cbffd41b951bb.json
81606f5a60ce7be175ab93ea522f6ef33ef540ddd56e5be7ce0b3dfb276a78df	C:\Users\James\kaggriculture\benchmark\match_cache\81606f5a60ce7be175ab93ea522f6ef33ef540ddd56e5be7ce0b3dfb276a78df.json
a547892cce3bb902dc435df8f3fe9762084049b1711f9aefc0109f1fc5ef2c92	C:\Users\James\kaggriculture\benchmark\match_cache\a547892cce3bb902dc435df8f3fe9762084049b1711f9aefc0109f1fc5ef2c92.json
358e588009332287ca9778e503e5d957f8c0790f5fc02e322412cf58750418dc	C:\Users\James\kaggriculture\benchmark\match_cache\358e588009332287ca9778e503e5d957f8c0790f5fc02e322412cf58750418dc.json
fcc89642349c167e44c4a76e57af2e79b735a78b533f427e5ee2135dbf841a94	C:\Users\James\kaggriculture\benchmark\match_cache\fcc89642349c167e44c4a76e57af2e79b735a78b533f427e5ee2135dbf841a94.json
aa87086ad854bbc2383bf39552bb313bd9e73f0a1d9dfcea67d779d734abba60	C:\Users\James\kaggriculture\benchmark\match_cache\aa87086ad854bbc2383bf39552bb313bd9e73f0a1d9dfcea67d779d734abba60.json
e10191f2fa4c56a26cad470973dbe271e6b2abf27b7b9eced17820cabe3f2226	C:\Users\James\kaggriculture\benchmark\match_cache\e10191f2fa4c56a26cad470973dbe271e6b2abf27b7b9eced17820cabe3f2226.json
dde63158afcbd9b1c87d28c39aa0787e0a136b0a98f2909e9e53913faf2db913	C:\Users\James\kaggriculture\benchmark\match_cache\dde63158afcbd9b1c87d28c39aa0787e0a136b0a98f2909e9e53913faf2db913.json
0bf3e971b28c5dda7d21e8165b6e0b1d76bb6064c8d70c5e46923bf396693419	C:\Users\James\kaggriculture\benchmark\match_cache\0bf3e971b28c5dda7d21e8165b6e0b1d76bb6064c8d70c5e46923bf396693419.json
a12f649210d8748a38fcbf0540d029cb8a5778dd1a0b4c674e34e8ec831affe6	C:\Users\James\kaggriculture\benchmark\match_cache\a12f649210d8748a38fcbf0540d029cb8a5778dd1a0b4c674e34e8ec831affe6.json
31a16132c4ad32b7d57cfbd7325fcf111dc6764de2a1aeb4e11626d50bb2e2a8	C:\Users\James\kaggriculture\benchmark\match_cache\31a16132c4ad32b7d57cfbd7325fcf111dc6764de2a1aeb4e11626d50bb2e2a8.json
fba246634f31f93b5bae79431343da1de72a567de2e11f4a6a34b1a570aac7f7	C:\Users\James\kaggriculture\benchmark\match_cache\fba246634f31f93b5bae79431343da1de72a567de2e11f4a6a34b1a570aac7f7.json
45cd2cb882c34a19c04bfe19e3be46a8f3849feee20a5240fe0d54f19d5966ab	C:\Users\James\kaggriculture\benchmark\match_cache\45cd2cb882c34a19c04bfe19e3be46a8f3849feee20a5240fe0d54f19d5966ab.json
6e4bf2607726dab7c4c55bad13423f3e5eec08c71f0f600e080686f3fa0df8f4	C:\Users\James\kaggriculture\benchmark\match_cache\6e4bf2607726dab7c4c55bad13423f3e5eec08c71f0f600e080686f3fa0df8f4.json
80fe21b0afeb9ff4b729ebf5876f16ecc031dc16697aeee1bbc5d9ec15f0277c	C:\Users\James\kaggriculture\benchmark\match_cache\80fe21b0afeb9ff4b729ebf5876f16ecc031dc16697aeee1bbc5d9ec15f0277c.json
34b4d7d502642d28de39fd24f0926ba7ace0f8c2afac88e327af17b81f603085	C:\Users\James\kaggriculture\benchmark\match_cache\34b4d7d502642d28de39fd24f0926ba7ace0f8c2afac88e327af17b81f603085.json
9269fe74b95a6e2c69d3817252e69f37a365070c0e048c897a8c1778d3b2309e	C:\Users\James\kaggriculture\benchmark\match_cache\9269fe74b95a6e2c69d3817252e69f37a365070c0e048c897a8c1778d3b2309e.json
8771f4108d18dd6cce4fcf34fc188b783ad9ef420a6ce84c50039a94e365851d	C:\Users\James\kaggriculture\benchmark\match_cache\8771f4108d18dd6cce4fcf34fc188b783ad9ef420a6ce84c50039a94e365851d.json
34c35983a31477e868bc1c25c9a312088797e0dbd6f742a20f1429520ac6f36a	C:\Users\James\kaggriculture\benchmark\match_cache\34c35983a31477e868bc1c25c9a312088797e0dbd6f742a20f1429520ac6f36a.json
4c13eac038efd7cc26b16bd23f916148d0d946b62a98f47e1db7f792824dee18	C:\Users\James\kaggriculture\benchmark\match_cache\4c13eac038efd7cc26b16bd23f916148d0d946b62a98f47e1db7f792824dee18.json
d116de729458af8c6f65596a5f78f62c51e3cf0409d54dc240382012102af026	C:\Users\James\kaggriculture\benchmark\match_cache\d116de729458af8c6f65596a5f78f62c51e3cf0409d54dc240382012102af026.json
792d8b40711ae07cb5d3869e692274447f6dece7c3fc58f9dda7a23c995b8461	C:\Users\James\kaggriculture\benchmark\match_cache\792d8b40711ae07cb5d3869e692274447f6dece7c3fc58f9dda7a23c995b8461.json
50cc10dced3aac9a4dd334e03676659c41d524adb3b9d9029870840375e47202	C:\Users\James\kaggriculture\benchmark\match_cache\50cc10dced3aac9a4dd334e03676659c41d524adb3b9d9029870840375e47202.json
044cdb2ad5fac4503bdf273b2666f6d55f808002e4a407d1d6700a07e6d940b5	C:\Users\James\kaggriculture\benchmark\match_cache\044cdb2ad5fac4503bdf273b2666f6d55f808002e4a407d1d6700a07e6d940b5.json
037801ec31406fd5eb68fd38c9e680421fef0076889c59ec2d58bf960971bec1	C:\Users\James\kaggriculture\benchmark\match_cache\037801ec31406fd5eb68fd38c9e680421fef0076889c59ec2d58bf960971bec1.json
50c13e8e8430ff513d8727e0b1dfedf8f60e66014e6712645a5ac6887bd30632	C:\Users\James\kaggriculture\benchmark\match_cache\50c13e8e8430ff513d8727e0b1dfedf8f60e66014e6712645a5ac6887bd30632.json
262a33e13c810b20482c0c3ef6e36a747b9bdc6abd821b9c6ee3ae15f1673106	C:\Users\James\kaggriculture\benchmark\match_cache\262a33e13c810b20482c0c3ef6e36a747b9bdc6abd821b9c6ee3ae15f1673106.json
05ac1a5f288b2d935e176e549198878bd3e8789efd129b2b03790c85c4aa12ee	C:\Users\James\kaggriculture\benchmark\match_cache\05ac1a5f288b2d935e176e549198878bd3e8789efd129b2b03790c85c4aa12ee.json
8cb2f221d7c99407345221b4158324e7319d900714b768965057c9279ddfc674	C:\Users\James\kaggriculture\benchmark\match_cache\8cb2f221d7c99407345221b4158324e7319d900714b768965057c9279ddfc674.json
dbbeb49f1c216651734317c04b708637bf91918c68a8d159f07b12128cb959b1	C:\Users\James\kaggriculture\benchmark\match_cache\dbbeb49f1c216651734317c04b708637bf91918c68a8d159f07b12128cb959b1.json
de81df731ce9b1c3273061d6846dbe7d63a1b7398b8a68ef2eb10107f7be51cb	C:\Users\James\kaggriculture\benchmark\match_cache\de81df731ce9b1c3273061d6846dbe7d63a1b7398b8a68ef2eb10107f7be51cb.json
74780f46f03e8b4a20b05dd270344144ba6cc87c1bc610ba59ae277077bfd03d	C:\Users\James\kaggriculture\benchmark\match_cache\74780f46f03e8b4a20b05dd270344144ba6cc87c1bc610ba59ae277077bfd03d.json
cf30f7e24d3954f92daacd08d35a7efa13a2ecae3f422cc7bb4e766193efd88d	C:\Users\James\kaggriculture\benchmark\match_cache\cf30f7e24d3954f92daacd08d35a7efa13a2ecae3f422cc7bb4e766193efd88d.json
4c28961028daede3e18f1979678b1c5c3b6ee76689ed8315ee5dc63e441ae8a5	C:\Users\James\kaggriculture\benchmark\match_cache\4c28961028daede3e18f1979678b1c5c3b6ee76689ed8315ee5dc63e441ae8a5.json
5ec3f9cf09375dd0dd55b59e544ff3e04eac89bed51bacee01a6d1d05ce6e552	C:\Users\James\kaggriculture\benchmark\match_cache\5ec3f9cf09375dd0dd55b59e544ff3e04eac89bed51bacee01a6d1d05ce6e552.json
5d67ca2513a7e1775e96e49df9eeec14ae7539eacccb4e4bf0a2d1969726cdbd	C:\Users\James\kaggriculture\benchmark\match_cache\5d67ca2513a7e1775e96e49df9eeec14ae7539eacccb4e4bf0a2d1969726cdbd.json
f7957cbacd32660aae5e2027a6660d13ac2d1908b3b34e11f49a28a047a72d62	C:\Users\James\kaggriculture\benchmark\match_cache\f7957cbacd32660aae5e2027a6660d13ac2d1908b3b34e11f49a28a047a72d62.json
6734f3bf40f58cec316995212154f2cafb68b759ff011bb69958b0dd0bec6bf3	C:\Users\James\kaggriculture\benchmark\match_cache\6734f3bf40f58cec316995212154f2cafb68b759ff011bb69958b0dd0bec6bf3.json
e1ac53fe94062bda7060f430f18ebcb1ec73d432b426428af3c0b2d8120cb953	C:\Users\James\kaggriculture\benchmark\match_cache\e1ac53fe94062bda7060f430f18ebcb1ec73d432b426428af3c0b2d8120cb953.json
2fb693a074e867caf2b12542dc57dc36791906d2e60c54f8c8be552bf0b37a39	C:\Users\James\kaggriculture\benchmark\match_cache\2fb693a074e867caf2b12542dc57dc36791906d2e60c54f8c8be552bf0b37a39.json
92c5bcdc1257db4866538c6247e2cd3f085352370fdccfb1b90ef8427d5bc347	C:\Users\James\kaggriculture\benchmark\match_cache\92c5bcdc1257db4866538c6247e2cd3f085352370fdccfb1b90ef8427d5bc347.json
847ab9fb236020e0c0abf7878a5c40a9c9b8935d76a41c31b1c30d59fcf4aef8	C:\Users\James\kaggriculture\benchmark\match_cache\847ab9fb236020e0c0abf7878a5c40a9c9b8935d76a41c31b1c30d59fcf4aef8.json
0589bb258f9ae0b106e951f0e8ec8d9285a89b2a7ec8c6c8a5362e8ab19f838c	C:\Users\James\kaggriculture\benchmark\match_cache\0589bb258f9ae0b106e951f0e8ec8d9285a89b2a7ec8c6c8a5362e8ab19f838c.json
04da95e92f9b0c16b1ced68eec50972d06c4e6d926d3dcb6b95f5f48f090ab21	C:\Users\James\kaggriculture\benchmark\match_cache\04da95e92f9b0c16b1ced68eec50972d06c4e6d926d3dcb6b95f5f48f090ab21.json
1edcd8f0707cf98fb2fa0986a55ce67961ab29ac01d8ebbf5d8b111d356c5487	C:\Users\James\kaggriculture\benchmark\match_cache\1edcd8f0707cf98fb2fa0986a55ce67961ab29ac01d8ebbf5d8b111d356c5487.json
a5c3edc7266d91e5a18f1e17bc35a017626cf60fa85339e62316b4a9685ff539	C:\Users\James\kaggriculture\benchmark\match_cache\a5c3edc7266d91e5a18f1e17bc35a017626cf60fa85339e62316b4a9685ff539.json
0bf94cb9378bed62df7ec9a959612b04379a5b2f1fd9a903f2001ff88938217c	C:\Users\James\kaggriculture\benchmark\match_cache\0bf94cb9378bed62df7ec9a959612b04379a5b2f1fd9a903f2001ff88938217c.json
cc3384db412daa239795567cd8fc671b6b2a17b7719fce35c428e83a98922ff7	C:\Users\James\kaggriculture\benchmark\match_cache\cc3384db412daa239795567cd8fc671b6b2a17b7719fce35c428e83a98922ff7.json
be277206c7bcfb2b736cb2f1d863affa94f6e4acb18b5c1b069e30777d051ee6	C:\Users\James\kaggriculture\benchmark\match_cache\be277206c7bcfb2b736cb2f1d863affa94f6e4acb18b5c1b069e30777d051ee6.json
caeba724c805eea24fda5fff6ad7b25d53c000170319097f07a690722387c767	C:\Users\James\kaggriculture\benchmark\match_cache\caeba724c805eea24fda5fff6ad7b25d53c000170319097f07a690722387c767.json
90fd49586c82601f2788db44cbd536b3df560781f132817688cee9db5b958f80	C:\Users\James\kaggriculture\benchmark\match_cache\90fd49586c82601f2788db44cbd536b3df560781f132817688cee9db5b958f80.json
0fee3c74b154304e054a26bd1b0398df45b48b4887a9e5a5ba9a6434ecd46d2f	C:\Users\James\kaggriculture\benchmark\match_cache\0fee3c74b154304e054a26bd1b0398df45b48b4887a9e5a5ba9a6434ecd46d2f.json
3a7ae63222b952a31908bc6adaed6df6428e3793fe52f914150ad2190f12fe03	C:\Users\James\kaggriculture\benchmark\match_cache\3a7ae63222b952a31908bc6adaed6df6428e3793fe52f914150ad2190f12fe03.json
bcc9126868ded31774a06067f145fe322207fa2c014ced1e8fa052c6ff140cce	C:\Users\James\kaggriculture\benchmark\match_cache\bcc9126868ded31774a06067f145fe322207fa2c014ced1e8fa052c6ff140cce.json
1ed5213c5d9862a2366c1f3d9ac8cf463ecc326c800dfa8886d91a688b938c3d	C:\Users\James\kaggriculture\benchmark\match_cache\1ed5213c5d9862a2366c1f3d9ac8cf463ecc326c800dfa8886d91a688b938c3d.json
ef6da4c343204a49153c7ed3fdce231607da74b497cc1bd5c078e13e2f6768b5	C:\Users\James\kaggriculture\benchmark\match_cache\ef6da4c343204a49153c7ed3fdce231607da74b497cc1bd5c078e13e2f6768b5.json
248420a92548a01d0a400fcc9bbb1fdff439b0c88bbd806149d0e99ab910be02	C:\Users\James\kaggriculture\benchmark\match_cache\248420a92548a01d0a400fcc9bbb1fdff439b0c88bbd806149d0e99ab910be02.json
ae96814931a28330a1de1cd12a2ecbc35b86105b5c2de55cea95219c3bc3e7cb	C:\Users\James\kaggriculture\benchmark\match_cache\ae96814931a28330a1de1cd12a2ecbc35b86105b5c2de55cea95219c3bc3e7cb.json
8cf629f7ea9e69b1aa24985c2600c2dc3fa289458d2861333cc7ff52563f599f	C:\Users\James\kaggriculture\benchmark\match_cache\8cf629f7ea9e69b1aa24985c2600c2dc3fa289458d2861333cc7ff52563f599f.json
396c2fcb3da254f5f671e6d71cbb4761dfcb04aeb69f182cf23e4ec1d6c25d92	C:\Users\James\kaggriculture\benchmark\match_cache\396c2fcb3da254f5f671e6d71cbb4761dfcb04aeb69f182cf23e4ec1d6c25d92.json
ecd564b73a85f1b00d3d9f05f92355859fead7db70bd518f517dd73159be04e0	C:\Users\James\kaggriculture\benchmark\match_cache\ecd564b73a85f1b00d3d9f05f92355859fead7db70bd518f517dd73159be04e0.json
ab51ef518a390ce433068e57ce3791d480423edf143b0adfc5a841f6c68ed99b	C:\Users\James\kaggriculture\benchmark\match_cache\ab51ef518a390ce433068e57ce3791d480423edf143b0adfc5a841f6c68ed99b.json
2bfd18f0144b12e97266fc5343ed66ac6962f700cc27fb2d08f2e7433bc3a93b	C:\Users\James\kaggriculture\benchmark\match_cache\2bfd18f0144b12e97266fc5343ed66ac6962f700cc27fb2d08f2e7433bc3a93b.json
acefbbe1691ddacad2db5e343e59c97b78176ad787f878f309e570ad52537a4a	C:\Users\James\kaggriculture\benchmark\match_cache\acefbbe1691ddacad2db5e343e59c97b78176ad787f878f309e570ad52537a4a.json
a5101e378937f172069bc19d222c85650e903f08a8ed83b3e19604888f66fb07	C:\Users\James\kaggriculture\benchmark\match_cache\a5101e378937f172069bc19d222c85650e903f08a8ed83b3e19604888f66fb07.json
a6878a9df1692040df117959d2885a0683c44b55184525c9ba6525b971553ddd	C:\Users\James\kaggriculture\benchmark\match_cache\a6878a9df1692040df117959d2885a0683c44b55184525c9ba6525b971553ddd.json
5b0b332d1cd034b4ca04ac5b17ce7fa116357587ae34359896fb3a04cda8d4d2	C:\Users\James\kaggriculture\benchmark\match_cache\5b0b332d1cd034b4ca04ac5b17ce7fa116357587ae34359896fb3a04cda8d4d2.json
5816e1d4000fed351b5056379f89deadc35f142f810613dc47b60768e03bb132	C:\Users\James\kaggriculture\benchmark\match_cache\5816e1d4000fed351b5056379f89deadc35f142f810613dc47b60768e03bb132.json
868142fb352448eb3d6814d2ae38e7ca877a4891bf32a4ee7d78bfcc26b31c95	C:\Users\James\kaggriculture\benchmark\match_cache\868142fb352448eb3d6814d2ae38e7ca877a4891bf32a4ee7d78bfcc26b31c95.json
72e482c80b976969417c57b75c972437118d03cf3f709708a922b5166ec06d6d	C:\Users\James\kaggriculture\benchmark\match_cache\72e482c80b976969417c57b75c972437118d03cf3f709708a922b5166ec06d6d.json
ef217831db4dceff3776e4da2ed6fc069e8113a4cd519e11c7a2c61895cf36f1	C:\Users\James\kaggriculture\benchmark\match_cache\ef217831db4dceff3776e4da2ed6fc069e8113a4cd519e11c7a2c61895cf36f1.json
7e87430f3d5ef4a5e13a18dac6243b28d9eabdcc7b87cda18136897649ad481d	C:\Users\James\kaggriculture\benchmark\match_cache\7e87430f3d5ef4a5e13a18dac6243b28d9eabdcc7b87cda18136897649ad481d.json
18d743f2f570e5bb7f975f7b81dbd651133db3af2033ed38c7627660fc7b0271	C:\Users\James\kaggriculture\benchmark\match_cache\18d743f2f570e5bb7f975f7b81dbd651133db3af2033ed38c7627660fc7b0271.json
fca497636e42669b3d0516db4f6ace6274ddde3b88eaad423a4c3371bb5fe83e	C:\Users\James\kaggriculture\benchmark\match_cache\fca497636e42669b3d0516db4f6ace6274ddde3b88eaad423a4c3371bb5fe83e.json
3d31a8fe6fa1e309b22a29ca72129a9555d714c7da5bb33ad4ac7b2bc1492dd6	C:\Users\James\kaggriculture\benchmark\match_cache\3d31a8fe6fa1e309b22a29ca72129a9555d714c7da5bb33ad4ac7b2bc1492dd6.json
455ebb7ee6567c7f7212f09b91b0fad7580fb022725f53c3fa354683faa964ed	C:\Users\James\kaggriculture\benchmark\match_cache\455ebb7ee6567c7f7212f09b91b0fad7580fb022725f53c3fa354683faa964ed.json
a36d7321ed5cd5b65b0f80686ffc361a4192ec1c8dcc31211d648c7c3f9ac726	C:\Users\James\kaggriculture\benchmark\match_cache\a36d7321ed5cd5b65b0f80686ffc361a4192ec1c8dcc31211d648c7c3f9ac726.json
573060106ffb93d826e2b84783e94cf4fbacce20b6b227207793c37b810ed387	C:\Users\James\kaggriculture\benchmark\match_cache\573060106ffb93d826e2b84783e94cf4fbacce20b6b227207793c37b810ed387.json
524ce51599bc916f531f44198fc7fb0c10b55cf56ef82aa899700f7ccecef7bb	C:\Users\James\kaggriculture\benchmark\match_cache\524ce51599bc916f531f44198fc7fb0c10b55cf56ef82aa899700f7ccecef7bb.json
36d7ddfaba8a52f0d381ff7aab414d2c1750369d05ebc84151f37b86d27706c8	C:\Users\James\kaggriculture\benchmark\match_cache\36d7ddfaba8a52f0d381ff7aab414d2c1750369d05ebc84151f37b86d27706c8.json
aefcdd506d83e99b2ae961eedd2898ea7cc3df30a3a85a33d21a01ce508c920d	C:\Users\James\kaggriculture\benchmark\match_cache\aefcdd506d83e99b2ae961eedd2898ea7cc3df30a3a85a33d21a01ce508c920d.json
4961236e5fa8a2318d409a3b1d1c8d4447e3a50ee88dee5d0749d6cda29831d0	C:\Users\James\kaggriculture\benchmark\match_cache\4961236e5fa8a2318d409a3b1d1c8d4447e3a50ee88dee5d0749d6cda29831d0.json
452856e68fa7da3ede7542384e7de7eee8ac02f3974ee82209e78f3b59d996f0	C:\Users\James\kaggriculture\benchmark\match_cache\452856e68fa7da3ede7542384e7de7eee8ac02f3974ee82209e78f3b59d996f0.json
d3c35374a3c8757d9e815f56bb8d6db6e9495ca089af47a821daba4bb294afe4	C:\Users\James\kaggriculture\benchmark\match_cache\d3c35374a3c8757d9e815f56bb8d6db6e9495ca089af47a821daba4bb294afe4.json
da76a0d696a6427a97a09cb45503eedb71f7e262361597be4e045404f51ecf28	C:\Users\James\kaggriculture\benchmark\match_cache\da76a0d696a6427a97a09cb45503eedb71f7e262361597be4e045404f51ecf28.json
10442923a6197378a017cbd19453e060b071b104e17a6c299ae664799ee3b4dc	C:\Users\James\kaggriculture\benchmark\match_cache\10442923a6197378a017cbd19453e060b071b104e17a6c299ae664799ee3b4dc.json
82d04d651885372502e01719384dbe8f6f54efac54040ca16943225854c16924	C:\Users\James\kaggriculture\benchmark\match_cache\82d04d651885372502e01719384dbe8f6f54efac54040ca16943225854c16924.json
369746d0458fd9b8706b3ad4d3619642efb4a0e9307facbbf6cd8eddd4bf76bb	C:\Users\James\kaggriculture\benchmark\match_cache\369746d0458fd9b8706b3ad4d3619642efb4a0e9307facbbf6cd8eddd4bf76bb.json
91eac4998be972012e6da4244ed0605f93288c30d4edab01653b0af2c904255a	C:\Users\James\kaggriculture\benchmark\match_cache\91eac4998be972012e6da4244ed0605f93288c30d4edab01653b0af2c904255a.json
8079c0ada79625e4e1e34b5b9ce242878bd9a39edb080e9067fe03be433930b3	C:\Users\James\kaggriculture\benchmark\match_cache\8079c0ada79625e4e1e34b5b9ce242878bd9a39edb080e9067fe03be433930b3.json
7dbf58be3a3ae3ab58c83bfe15a6d81c76f0b054e0079ea2176f1aca1fa78bc3	C:\Users\James\kaggriculture\benchmark\match_cache\7dbf58be3a3ae3ab58c83bfe15a6d81c76f0b054e0079ea2176f1aca1fa78bc3.json
30f5161164e282635b7ee62036de36a9908e23af7e78919fc3baf79c6ed4498c	C:\Users\James\kaggriculture\benchmark\match_cache\30f5161164e282635b7ee62036de36a9908e23af7e78919fc3baf79c6ed4498c.json
e6029fbf5945b2d60acef383b91b2aaacd7c61a0e3efb087f0f5619bbec94bd7	C:\Users\James\kaggriculture\benchmark\match_cache\e6029fbf5945b2d60acef383b91b2aaacd7c61a0e3efb087f0f5619bbec94bd7.json
4970d6f7d737ead356a9215daccbf660fec1106018efa4c7c9091b7d5153f06a	C:\Users\James\kaggriculture\benchmark\match_cache\4970d6f7d737ead356a9215daccbf660fec1106018efa4c7c9091b7d5153f06a.json
00275ef9da4f21055badbd2a93cdc499c1d8b6c98534c54e81e6ba30443cfb87	C:\Users\James\kaggriculture\benchmark\match_cache\00275ef9da4f21055badbd2a93cdc499c1d8b6c98534c54e81e6ba30443cfb87.json
75c424c701fbba54b710bb5ce5fe253280e2a6cce1d4d9f9789fb28e58b2e21e	C:\Users\James\kaggriculture\benchmark\match_cache\75c424c701fbba54b710bb5ce5fe253280e2a6cce1d4d9f9789fb28e58b2e21e.json
41acaec555237fbd0b0e63ea187e100b4202fae7b7fc22162540cc9619b1728d	C:\Users\James\kaggriculture\benchmark\match_cache\41acaec555237fbd0b0e63ea187e100b4202fae7b7fc22162540cc9619b1728d.json
9280f5c034c877a897d3bf119007e941a8493f5b87723d69d1c4b9e378af0202	C:\Users\James\kaggriculture\benchmark\match_cache\9280f5c034c877a897d3bf119007e941a8493f5b87723d69d1c4b9e378af0202.json
29a7dfc24cc64f1d10ad757e2f91df6cf65f7954338273c8cff7b58dad38ccca	C:\Users\James\kaggriculture\benchmark\match_cache\29a7dfc24cc64f1d10ad757e2f91df6cf65f7954338273c8cff7b58dad38ccca.json
7522bd0aaad83d76ba4dcc5cab314c47fb8e92fd15d155cb32d64640d412e760	C:\Users\James\kaggriculture\benchmark\match_cache\7522bd0aaad83d76ba4dcc5cab314c47fb8e92fd15d155cb32d64640d412e760.json
33818c47601f66bd3049123def5c36b949f6bcd2492a66b3a78684023e649f3d	C:\Users\James\kaggriculture\benchmark\match_cache\33818c47601f66bd3049123def5c36b949f6bcd2492a66b3a78684023e649f3d.json
ae10e53edcb593acb16a9f2140ad4ef894deed2de0d80465ea2e5c42fc6803a2	C:\Users\James\kaggriculture\benchmark\match_cache\ae10e53edcb593acb16a9f2140ad4ef894deed2de0d80465ea2e5c42fc6803a2.json
dfd02ac72ad97bf74c56300024cf8190ca6f819c96c23b7bc81c1ea4fa9724fe	C:\Users\James\kaggriculture\benchmark\match_cache\dfd02ac72ad97bf74c56300024cf8190ca6f819c96c23b7bc81c1ea4fa9724fe.json
a5652e0df2a0c2be17eb4adc1f23756530c92e4a4e517c717d6eeb932f9b03a6	C:\Users\James\kaggriculture\benchmark\match_cache\a5652e0df2a0c2be17eb4adc1f23756530c92e4a4e517c717d6eeb932f9b03a6.json
eec0e75c1850465da87f3b7dc546ecdb69deb31bb52f3011140eeaaa68a39476	C:\Users\James\kaggriculture\benchmark\match_cache\eec0e75c1850465da87f3b7dc546ecdb69deb31bb52f3011140eeaaa68a39476.json
209c73a34ed9453d1caff72f492866e6a66f45785b912b097a993c52015d61e2	C:\Users\James\kaggriculture\benchmark\match_cache\209c73a34ed9453d1caff72f492866e6a66f45785b912b097a993c52015d61e2.json
1b5689f96a620d6da6e9a9bf6906d083697c21f59e3026b4ad613868a85b2952	C:\Users\James\kaggriculture\benchmark\match_cache\1b5689f96a620d6da6e9a9bf6906d083697c21f59e3026b4ad613868a85b2952.json
a6591027156150074f5b73dd79a549b18f090a1ab3462c708664f75e3604b27d	C:\Users\James\kaggriculture\benchmark\match_cache\a6591027156150074f5b73dd79a549b18f090a1ab3462c708664f75e3604b27d.json
0586ba1e2b7d08bf6723c178a2d12b0d03e256946e811fcd3805edd9222d87aa	C:\Users\James\kaggriculture\benchmark\match_cache\0586ba1e2b7d08bf6723c178a2d12b0d03e256946e811fcd3805edd9222d87aa.json
bdfc10928d1adab11c49a208c453259d0a45ca53df6e964193f671725840200e	C:\Users\James\kaggriculture\benchmark\match_cache\bdfc10928d1adab11c49a208c453259d0a45ca53df6e964193f671725840200e.json
5e7939f9e3aba87598822c7a54782dfc71378dafc6d922fca94894da49605289	C:\Users\James\kaggriculture\benchmark\match_cache\5e7939f9e3aba87598822c7a54782dfc71378dafc6d922fca94894da49605289.json
182d4c10f362d2428e86f099323334b5dc3f2176397bcbcbe231f40e67aa47e3	C:\Users\James\kaggriculture\benchmark\match_cache\182d4c10f362d2428e86f099323334b5dc3f2176397bcbcbe231f40e67aa47e3.json
cf55364906479b08053030b6c3906b049e0e46eddbb213c396e42d1e80bef29a	C:\Users\James\kaggriculture\benchmark\match_cache\cf55364906479b08053030b6c3906b049e0e46eddbb213c396e42d1e80bef29a.json
f65e38aae026a782ff0bc3c63384f31a282f613b62dde0c24278fbcdfbd93f67	C:\Users\James\kaggriculture\benchmark\match_cache\f65e38aae026a782ff0bc3c63384f31a282f613b62dde0c24278fbcdfbd93f67.json
0bee7af1d8ed1498fac2c0dd73865b86bdcf32e86a9c57721f2bdc2511544839	C:\Users\James\kaggriculture\benchmark\match_cache\0bee7af1d8ed1498fac2c0dd73865b86bdcf32e86a9c57721f2bdc2511544839.json
9830be2717a89ce914bd2f11f9d5aa06d5f6d5c09f6123fbeef69fdded74b4fc	C:\Users\James\kaggriculture\benchmark\match_cache\9830be2717a89ce914bd2f11f9d5aa06d5f6d5c09f6123fbeef69fdded74b4fc.json
f2ea210866ea771981d03a5856d39cbc9ea865cc2a1bc725c565a55906f24f9f	C:\Users\James\kaggriculture\benchmark\match_cache\f2ea210866ea771981d03a5856d39cbc9ea865cc2a1bc725c565a55906f24f9f.json
63d718bb6c0c60ce407304953235c8d1e4074ebe3accb5dcbc556705ac7c6ea3	C:\Users\James\kaggriculture\benchmark\match_cache\63d718bb6c0c60ce407304953235c8d1e4074ebe3accb5dcbc556705ac7c6ea3.json
865bd27c7d303fe4bb4ee9fbe979e9c126b157d0a4032b84593a6cc51a56f948	C:\Users\James\kaggriculture\benchmark\match_cache\865bd27c7d303fe4bb4ee9fbe979e9c126b157d0a4032b84593a6cc51a56f948.json
aa8d0fab7f1dca7d51f86ce7d5ff0c5c30a748960f40fb023aaa9e53ad10db7d	C:\Users\James\kaggriculture\benchmark\match_cache\aa8d0fab7f1dca7d51f86ce7d5ff0c5c30a748960f40fb023aaa9e53ad10db7d.json
bc9d6aa364c3bdc4b2f131fd3cd0d473df426f8bd6033f34dcd4e209f7471086	C:\Users\James\kaggriculture\benchmark\match_cache\bc9d6aa364c3bdc4b2f131fd3cd0d473df426f8bd6033f34dcd4e209f7471086.json
7f51521a63b36a723536b908404ec1b6724160ef896048155503e435554ea35e	C:\Users\James\kaggriculture\benchmark\match_cache\7f51521a63b36a723536b908404ec1b6724160ef896048155503e435554ea35e.json
8bb45f67a6981d0e6094b14b4dc8f208079584455f2a177a1bfe198474b330b0	C:\Users\James\kaggriculture\benchmark\match_cache\8bb45f67a6981d0e6094b14b4dc8f208079584455f2a177a1bfe198474b330b0.json
3d15638f6352c3cb6e2d24cf253be1ed644bb5ecf9feff9dbce583ab54de081f	C:\Users\James\kaggriculture\benchmark\match_cache\3d15638f6352c3cb6e2d24cf253be1ed644bb5ecf9feff9dbce583ab54de081f.json
007d55f0f75269ecfe18c1c7f933b3a74d5abfe503b55ed0ec6e5056b6bdf883	C:\Users\James\kaggriculture\benchmark\match_cache\007d55f0f75269ecfe18c1c7f933b3a74d5abfe503b55ed0ec6e5056b6bdf883.json
e37766cfe476e61579f76f79c870cc40ff9f26c47139ade8898783f1352bfef2	C:\Users\James\kaggriculture\benchmark\match_cache\e37766cfe476e61579f76f79c870cc40ff9f26c47139ade8898783f1352bfef2.json
facc370ba18fc7844e23ad2fcfcfc1148446287606ddfecf2641a80c17e9ef46	C:\Users\James\kaggriculture\benchmark\match_cache\facc370ba18fc7844e23ad2fcfcfc1148446287606ddfecf2641a80c17e9ef46.json
9bd98a5218fd5a8a8728a575af6dba5588b3b7d2cb52fd4c6a4a65db09ed3a09	C:\Users\James\kaggriculture\benchmark\match_cache\9bd98a5218fd5a8a8728a575af6dba5588b3b7d2cb52fd4c6a4a65db09ed3a09.json
76231440ae80d74d6a62c9d85a21798eb43647235ea9d87bead2e4f3d0a04fe3	C:\Users\James\kaggriculture\benchmark\match_cache\76231440ae80d74d6a62c9d85a21798eb43647235ea9d87bead2e4f3d0a04fe3.json
feb58b28d176252b9fbcd55ff5300a0a605a00119c3983ad500aee10c70d5f9b	C:\Users\James\kaggriculture\benchmark\match_cache\feb58b28d176252b9fbcd55ff5300a0a605a00119c3983ad500aee10c70d5f9b.json
ac8aea17b3ca3e31b6343dc5a85f5264c574fe03d27f2baa332874493bbc128d	C:\Users\James\kaggriculture\benchmark\match_cache\ac8aea17b3ca3e31b6343dc5a85f5264c574fe03d27f2baa332874493bbc128d.json
ebe784bdf584c95d9c2c1b8ea28c8a556aff64153d42b81b3328b1875443b449	C:\Users\James\kaggriculture\benchmark\match_cache\ebe784bdf584c95d9c2c1b8ea28c8a556aff64153d42b81b3328b1875443b449.json
5f5e5ef65e0f7a88e0bc6fc5d595e49a149fcafe3ba56ba959a3a97ae0819201	C:\Users\James\kaggriculture\benchmark\match_cache\5f5e5ef65e0f7a88e0bc6fc5d595e49a149fcafe3ba56ba959a3a97ae0819201.json
888891b1153da700a8c75fab98fd1482c3fad3138ef50d79c9f64c23ea15f254	C:\Users\James\kaggriculture\benchmark\match_cache\888891b1153da700a8c75fab98fd1482c3fad3138ef50d79c9f64c23ea15f254.json
5a64662ee6fa4211ea2f1a8c2e53eed6b8dc7938f2b5d9f91b791f4d1796c992	C:\Users\James\kaggriculture\benchmark\match_cache\5a64662ee6fa4211ea2f1a8c2e53eed6b8dc7938f2b5d9f91b791f4d1796c992.json
5911f29b7588fb5b3531f3a49315aefc9d0d41a43db8eae3d48e34ffc9a3271b	C:\Users\James\kaggriculture\benchmark\match_cache\5911f29b7588fb5b3531f3a49315aefc9d0d41a43db8eae3d48e34ffc9a3271b.json
4787837ec04d8bc13692c4f6678edd6948483a005e788b54f7e050bc8d5d24d8	C:\Users\James\kaggriculture\benchmark\match_cache\4787837ec04d8bc13692c4f6678edd6948483a005e788b54f7e050bc8d5d24d8.json
9cccf8448d5562682266ee2abb96ecace4694a62b59f792d49cb5761e336c7a4	C:\Users\James\kaggriculture\benchmark\match_cache\9cccf8448d5562682266ee2abb96ecace4694a62b59f792d49cb5761e336c7a4.json
894158232df8cbcb7e1d0ef9831e58569705374cfd1df2960bdcd08c4cc3857a	C:\Users\James\kaggriculture\benchmark\match_cache\894158232df8cbcb7e1d0ef9831e58569705374cfd1df2960bdcd08c4cc3857a.json
18d7255d3c61331353001bb0a93954a4417412ac848ea1ff5e1685434fd27172	C:\Users\James\kaggriculture\benchmark\match_cache\18d7255d3c61331353001bb0a93954a4417412ac848ea1ff5e1685434fd27172.json
8f3497db914cf5fc4124ce0f4046720fd59f548fe5c9753cb4c6727152f59bd4	C:\Users\James\kaggriculture\benchmark\match_cache\8f3497db914cf5fc4124ce0f4046720fd59f548fe5c9753cb4c6727152f59bd4.json
403c0b468033ef8540be7da12fe381544b0a29b3befb63f5c2dacb87c8097a33	C:\Users\James\kaggriculture\benchmark\match_cache\403c0b468033ef8540be7da12fe381544b0a29b3befb63f5c2dacb87c8097a33.json
13da78201848068ac59abf62d63e2ac21277cea4587f07f7fc471bacbcc0fea5	C:\Users\James\kaggriculture\benchmark\match_cache\13da78201848068ac59abf62d63e2ac21277cea4587f07f7fc471bacbcc0fea5.json
13d022aab77da0a68aca5ce5972ab782e34bf13b0d9e87898636fd674e46dbc1	C:\Users\James\kaggriculture\benchmark\match_cache\13d022aab77da0a68aca5ce5972ab782e34bf13b0d9e87898636fd674e46dbc1.json
77aaf7dfe366030b25fa452170c17e26ac2e9374661ac25118bd150c9f8304c1	C:\Users\James\kaggriculture\benchmark\match_cache\77aaf7dfe366030b25fa452170c17e26ac2e9374661ac25118bd150c9f8304c1.json
933cdbf39d90a4004f0637f5f4d097f01bc16608eb68cadb8c221cdea5e89a7b	C:\Users\James\kaggriculture\benchmark\match_cache\933cdbf39d90a4004f0637f5f4d097f01bc16608eb68cadb8c221cdea5e89a7b.json
a265fe0a729898f28afbcc550de3e8006e15922608afb19ea8c83ddb734d3de1	C:\Users\James\kaggriculture\benchmark\match_cache\a265fe0a729898f28afbcc550de3e8006e15922608afb19ea8c83ddb734d3de1.json
49ee4a984b7f26bf67a0b896b3c962609ca689ca5a3c47d5dcd8a3280c333ab3	C:\Users\James\kaggriculture\benchmark\match_cache\49ee4a984b7f26bf67a0b896b3c962609ca689ca5a3c47d5dcd8a3280c333ab3.json
834e62fa464254a911f87a934671dc34ae00ce26a6f2d7a7c93b13900c011e0c	C:\Users\James\kaggriculture\benchmark\match_cache\834e62fa464254a911f87a934671dc34ae00ce26a6f2d7a7c93b13900c011e0c.json
5792faa94a8edfb75e472087f9387e4085f22743f424354ba538013493127c50	C:\Users\James\kaggriculture\benchmark\match_cache\5792faa94a8edfb75e472087f9387e4085f22743f424354ba538013493127c50.json
1ffb051b788f9c1f8341aecbf82e7167c127f9922b16794939aec7726d024b5a	C:\Users\James\kaggriculture\benchmark\match_cache\1ffb051b788f9c1f8341aecbf82e7167c127f9922b16794939aec7726d024b5a.json
812bdcab4f04e41257eef8a16be630b3410559f91e5fef08c15ae49878555f58	C:\Users\James\kaggriculture\benchmark\match_cache\812bdcab4f04e41257eef8a16be630b3410559f91e5fef08c15ae49878555f58.json
22c683e2c597444dea78c94ebed6bdabc939a50ee1aaab73e039439a0ffb887c	C:\Users\James\kaggriculture\benchmark\match_cache\22c683e2c597444dea78c94ebed6bdabc939a50ee1aaab73e039439a0ffb887c.json
5e27a54a6468aaed9b14d4a188e94108ba66144d3ec2a226ad08623c6b446e40	C:\Users\James\kaggriculture\benchmark\match_cache\5e27a54a6468aaed9b14d4a188e94108ba66144d3ec2a226ad08623c6b446e40.json
762b32cfb25b1b8884af496863723a905109a726d7d435d9c0531265dd64ee0c	C:\Users\James\kaggriculture\benchmark\match_cache\762b32cfb25b1b8884af496863723a905109a726d7d435d9c0531265dd64ee0c.json
1e384290cdd432c8e5f63881e31188bb83ad915b07f7eaf9ece8cb778648483a	C:\Users\James\kaggriculture\benchmark\match_cache\1e384290cdd432c8e5f63881e31188bb83ad915b07f7eaf9ece8cb778648483a.json
8aacb2772607156063596b3374ebd7ecf6710af942ce2c816bd9bb1bff6ed5f8	C:\Users\James\kaggriculture\benchmark\match_cache\8aacb2772607156063596b3374ebd7ecf6710af942ce2c816bd9bb1bff6ed5f8.json
c957c51f3c752e9560e1233fe6c69f92985078dd21ec3ea2128ab4207dcdd8f0	C:\Users\James\kaggriculture\benchmark\match_cache\c957c51f3c752e9560e1233fe6c69f92985078dd21ec3ea2128ab4207dcdd8f0.json
410133a37b8d01379db5aa809d23c79a69db29dc693cc39ebdf4a617a6489022	C:\Users\James\kaggriculture\benchmark\match_cache\410133a37b8d01379db5aa809d23c79a69db29dc693cc39ebdf4a617a6489022.json
c67df7ec1b5a7e45b5ed5959ca1278da9dc410e5a0352a2caa434de22fb93e34	C:\Users\James\kaggriculture\benchmark\match_cache\c67df7ec1b5a7e45b5ed5959ca1278da9dc410e5a0352a2caa434de22fb93e34.json
378e3f3740db8f092f12d5a95a887390b462bc9fa1f51a96860c0c2e15ced672	C:\Users\James\kaggriculture\benchmark\match_cache\378e3f3740db8f092f12d5a95a887390b462bc9fa1f51a96860c0c2e15ced672.json
e08e49fc77778fea0d2e67239e2344464a17a307fc41abe54d632996cd42c119	C:\Users\James\kaggriculture\benchmark\match_cache\e08e49fc77778fea0d2e67239e2344464a17a307fc41abe54d632996cd42c119.json
708e6b39521eefa9ccf261fa5e63b253870fd3a866b4f68f6c69aa8a6de87552	C:\Users\James\kaggriculture\benchmark\match_cache\708e6b39521eefa9ccf261fa5e63b253870fd3a866b4f68f6c69aa8a6de87552.json
503db81e2813b5de31f52aca165f1b714213de78de745fafd0a65e2cb13a4e72	C:\Users\James\kaggriculture\benchmark\match_cache\503db81e2813b5de31f52aca165f1b714213de78de745fafd0a65e2cb13a4e72.json
15ab96445331578208fa6d5b30bab30dfc91dbadb32c45f49b973169a8d00d69	C:\Users\James\kaggriculture\benchmark\match_cache\15ab96445331578208fa6d5b30bab30dfc91dbadb32c45f49b973169a8d00d69.json
872707b8f05f5ba2def343175b34168b93b3b59579cf42e33259a61560d90c4d	C:\Users\James\kaggriculture\benchmark\match_cache\872707b8f05f5ba2def343175b34168b93b3b59579cf42e33259a61560d90c4d.json
78ee2942965ae8bc48b0f9b921b8142fb20aa75ec83621aad5dd2cbdecae99b4	C:\Users\James\kaggriculture\benchmark\match_cache\78ee2942965ae8bc48b0f9b921b8142fb20aa75ec83621aad5dd2cbdecae99b4.json
aad078ae40040c77fe04fc74eae0f31f51aecc10510de192ac6dea3e60be9a4d	C:\Users\James\kaggriculture\benchmark\match_cache\aad078ae40040c77fe04fc74eae0f31f51aecc10510de192ac6dea3e60be9a4d.json
81aee3f79b27995bb87652d409f3a123cd57bd3929e83036db6980ea607db6f7	C:\Users\James\kaggriculture\benchmark\match_cache\81aee3f79b27995bb87652d409f3a123cd57bd3929e83036db6980ea607db6f7.json
862a590054b5d564c63ce76cca878e4b11d8a437dfd41bbe68f2d77975615785	C:\Users\James\kaggriculture\benchmark\match_cache\862a590054b5d564c63ce76cca878e4b11d8a437dfd41bbe68f2d77975615785.json
1535bfa7edccbfb34160c9957ba362d254572ee042413052fe1c61ba85acb4f0	C:\Users\James\kaggriculture\benchmark\match_cache\1535bfa7edccbfb34160c9957ba362d254572ee042413052fe1c61ba85acb4f0.json
c69a0dba5ebc9b1037de6b25b20eb9dbad98bfb08ff61b8dbb11c95bd35f8f05	C:\Users\James\kaggriculture\benchmark\match_cache\c69a0dba5ebc9b1037de6b25b20eb9dbad98bfb08ff61b8dbb11c95bd35f8f05.json
f3b4918bd289b9d92e88ad8870089c276f723a31dd012b932619ab7778c35a2d	C:\Users\James\kaggriculture\benchmark\match_cache\f3b4918bd289b9d92e88ad8870089c276f723a31dd012b932619ab7778c35a2d.json
89ef9a87d42b7ea6b1bc27e9c3aa4b92bf07df047b8483e2edd7d1c02819f1d7	C:\Users\James\kaggriculture\benchmark\match_cache\89ef9a87d42b7ea6b1bc27e9c3aa4b92bf07df047b8483e2edd7d1c02819f1d7.json
8910d3ee08ed118d79ee47924673b2bb493e4f48d623f68e94b9cf5a0bd79c9b	C:\Users\James\kaggriculture\benchmark\match_cache\8910d3ee08ed118d79ee47924673b2bb493e4f48d623f68e94b9cf5a0bd79c9b.json
7c24a2bb50bf67cafc22b453d60bc87a103a09186c411014ed58759bc03c5d8a	C:\Users\James\kaggriculture\benchmark\match_cache\7c24a2bb50bf67cafc22b453d60bc87a103a09186c411014ed58759bc03c5d8a.json
aa670cf06c7bfdbda182f36696924285993a4b8d8132a68370dba2e2232e77ed	C:\Users\James\kaggriculture\benchmark\match_cache\aa670cf06c7bfdbda182f36696924285993a4b8d8132a68370dba2e2232e77ed.json
0c05292ddd2097d59dc1c6e714e1451fe09fc914df7037c62e41d152f01750e5	C:\Users\James\kaggriculture\benchmark\match_cache\0c05292ddd2097d59dc1c6e714e1451fe09fc914df7037c62e41d152f01750e5.json
cd294aa85c63ad5ddac71197e603483c29407fca219f1f6721af28494deeba6a	C:\Users\James\kaggriculture\benchmark\match_cache\cd294aa85c63ad5ddac71197e603483c29407fca219f1f6721af28494deeba6a.json
4e0f53a7ac9902af6739541aee98c74d90192cdd400526da08912157996c03e1	C:\Users\James\kaggriculture\benchmark\match_cache\4e0f53a7ac9902af6739541aee98c74d90192cdd400526da08912157996c03e1.json
229bad64d4088f438ae02fb3f32573f3ae4c210c2aec6a3fef5593e9b9d8887e	C:\Users\James\kaggriculture\benchmark\match_cache\229bad64d4088f438ae02fb3f32573f3ae4c210c2aec6a3fef5593e9b9d8887e.json
f865b9c52c18e80f53a70ebfee49939ab4d09399ceffb4ecdcadd2a4e2e9de5e	C:\Users\James\kaggriculture\benchmark\match_cache\f865b9c52c18e80f53a70ebfee49939ab4d09399ceffb4ecdcadd2a4e2e9de5e.json
0c8fd1e1b6630adaf88c052f85844687e12211ac50f67f2667935f0f669f1b5d	C:\Users\James\kaggriculture\benchmark\match_cache\0c8fd1e1b6630adaf88c052f85844687e12211ac50f67f2667935f0f669f1b5d.json
72c5417f97a3d6b695afd25226ff9ace7e5059d7e047730ea749ef7665d37486	C:\Users\James\kaggriculture\benchmark\match_cache\72c5417f97a3d6b695afd25226ff9ace7e5059d7e047730ea749ef7665d37486.json
706cef1e9d85ac51c2e09cbf1f81b96184f9700fd1141adacadb544e2bc1ee36	C:\Users\James\kaggriculture\benchmark\match_cache\706cef1e9d85ac51c2e09cbf1f81b96184f9700fd1141adacadb544e2bc1ee36.json
de82af00383ffd4cf90abb9a435db88b05a44abf8e069d90c378af5b8f68048a	C:\Users\James\kaggriculture\benchmark\match_cache\de82af00383ffd4cf90abb9a435db88b05a44abf8e069d90c378af5b8f68048a.json
bb5467bca3f3b6dfaccca444fb8e4161660eced4a367bfc3286cb4b7f7ea9d69	C:\Users\James\kaggriculture\benchmark\match_cache\bb5467bca3f3b6dfaccca444fb8e4161660eced4a367bfc3286cb4b7f7ea9d69.json
c77d1cde6e298154c574e82903ee21da99217969aa00c0e0cf0a221f0366cf3c	C:\Users\James\kaggriculture\benchmark\match_cache\c77d1cde6e298154c574e82903ee21da99217969aa00c0e0cf0a221f0366cf3c.json
06f9ff0d781f64b583e5b462c27ca4078bc59b9deb6dde310fbabdc1480326f9	C:\Users\James\kaggriculture\benchmark\match_cache\06f9ff0d781f64b583e5b462c27ca4078bc59b9deb6dde310fbabdc1480326f9.json
c6f782ff279abc90cb53ad3b5a624df0fefeac995107bbdf9ec4425477aeaf22	C:\Users\James\kaggriculture\benchmark\match_cache\c6f782ff279abc90cb53ad3b5a624df0fefeac995107bbdf9ec4425477aeaf22.json
38cf402f57770fae057b6fc450e4bd489da3146076b7c4e12535758697067256	C:\Users\James\kaggriculture\benchmark\match_cache\38cf402f57770fae057b6fc450e4bd489da3146076b7c4e12535758697067256.json
59b0c7cee394165f365083098b4bbf468ada14a51dc3c98e465a336315f2a154	C:\Users\James\kaggriculture\benchmark\match_cache\59b0c7cee394165f365083098b4bbf468ada14a51dc3c98e465a336315f2a154.json
d4d2e6e89d25906cd859b33b91398abc6640fd6798d0e8a514d2888942d0b877	C:\Users\James\kaggriculture\benchmark\match_cache\d4d2e6e89d25906cd859b33b91398abc6640fd6798d0e8a514d2888942d0b877.json
0f9e6f69c832fc2178083bae2fbe5f23f7d525b15eff7aa3fe57659d2c6f6e47	C:\Users\James\kaggriculture\benchmark\match_cache\0f9e6f69c832fc2178083bae2fbe5f23f7d525b15eff7aa3fe57659d2c6f6e47.json
8dc1b24d7e42aa446028380b460fa01e28da9834e93d5b4bc51a5676efd4db94	C:\Users\James\kaggriculture\benchmark\match_cache\8dc1b24d7e42aa446028380b460fa01e28da9834e93d5b4bc51a5676efd4db94.json
9c41fa3f78c21f5e6773bc40b13e119aa66630ee3a87844a18f17aa8d62b8172	C:\Users\James\kaggriculture\benchmark\match_cache\9c41fa3f78c21f5e6773bc40b13e119aa66630ee3a87844a18f17aa8d62b8172.json
817ac1c0f5b2ac0b51d65c6278b53d34a1307ccdb66c9442a80b1e9766950d77	C:\Users\James\kaggriculture\benchmark\match_cache\817ac1c0f5b2ac0b51d65c6278b53d34a1307ccdb66c9442a80b1e9766950d77.json
03f151a90b979b00c9f9bccf23610a9e65c450eb488ac6821ceddc2039b451e2	C:\Users\James\kaggriculture\benchmark\match_cache\03f151a90b979b00c9f9bccf23610a9e65c450eb488ac6821ceddc2039b451e2.json
0e31e6e5df2f4116ea61717cd09347538edae047b99b78bb6cdc8c547d37a2c9	C:\Users\James\kaggriculture\benchmark\match_cache\0e31e6e5df2f4116ea61717cd09347538edae047b99b78bb6cdc8c547d37a2c9.json
43a4ff79c56756c61283c42b173e1ae88dcd5d0d754b76b03c6377d9f785a09a	C:\Users\James\kaggriculture\benchmark\match_cache\43a4ff79c56756c61283c42b173e1ae88dcd5d0d754b76b03c6377d9f785a09a.json
8136eeee78133a4e692903e673b47683675b7817d9d3dc15ca6d9af2d3e72ab5	C:\Users\James\kaggriculture\benchmark\match_cache\8136eeee78133a4e692903e673b47683675b7817d9d3dc15ca6d9af2d3e72ab5.json
8db135c9abcfcc31d905ec378e60d3ba154b7f69bf6511fb59adbb5184141d8c	C:\Users\James\kaggriculture\benchmark\match_cache\8db135c9abcfcc31d905ec378e60d3ba154b7f69bf6511fb59adbb5184141d8c.json
d389d6f03517070e5ea6dfa236a250a251c6f9524406b50b9f48a73a89ce2bd1	C:\Users\James\kaggriculture\benchmark\match_cache\d389d6f03517070e5ea6dfa236a250a251c6f9524406b50b9f48a73a89ce2bd1.json
00b6fba51a558be360e794f8f8ef87478e234909f42c63bb2d1a91ebf0d3a8ed	C:\Users\James\kaggriculture\benchmark\match_cache\00b6fba51a558be360e794f8f8ef87478e234909f42c63bb2d1a91ebf0d3a8ed.json
129cc7269495b6cba0e587128587151b6664a05c14087787c3b7b56d94397ce1	C:\Users\James\kaggriculture\benchmark\match_cache\129cc7269495b6cba0e587128587151b6664a05c14087787c3b7b56d94397ce1.json
64d40ea91a0b25466648d70699add844091eae3d3c6a10835b5e6d4da2db823e	C:\Users\James\kaggriculture\benchmark\match_cache\64d40ea91a0b25466648d70699add844091eae3d3c6a10835b5e6d4da2db823e.json
2ce678d725b4a11c9f386717588f704cd8789b7476f38265ce306e69c4f6f3f9	C:\Users\James\kaggriculture\benchmark\match_cache\2ce678d725b4a11c9f386717588f704cd8789b7476f38265ce306e69c4f6f3f9.json
6b267fd8d0f4a0e1dd06ae63a00ca977d148031481926d6bdce144e77d104f60	C:\Users\James\kaggriculture\benchmark\match_cache\6b267fd8d0f4a0e1dd06ae63a00ca977d148031481926d6bdce144e77d104f60.json
e2f973561a33eeed67c96985b9d36dd236927052189ff783f372fbdfd3648c11	C:\Users\James\kaggriculture\benchmark\match_cache\e2f973561a33eeed67c96985b9d36dd236927052189ff783f372fbdfd3648c11.json
52e27852e978f48ffec8850c561d97ea86ef19b3d78bacb1b0a2843c490eb130	C:\Users\James\kaggriculture\benchmark\match_cache\52e27852e978f48ffec8850c561d97ea86ef19b3d78bacb1b0a2843c490eb130.json
bc5a342a658c8b7b1fe1c118e3458020a7bb1a11f3a7458dc3ebc5598dd34557	C:\Users\James\kaggriculture\benchmark\match_cache\bc5a342a658c8b7b1fe1c118e3458020a7bb1a11f3a7458dc3ebc5598dd34557.json
039f08c4f873d3198ea119ee523d13aa87e40eb9356627c5df8b8fc4e0bb1ab2	C:\Users\James\kaggriculture\benchmark\match_cache\039f08c4f873d3198ea119ee523d13aa87e40eb9356627c5df8b8fc4e0bb1ab2.json
ee2c44590151cbacade2dd695a86a8b5a63cd0984e13b4c87d85ddc28dfc086b	C:\Users\James\kaggriculture\benchmark\match_cache\ee2c44590151cbacade2dd695a86a8b5a63cd0984e13b4c87d85ddc28dfc086b.json
850aac51744194672b6ffdb35c4e033a103d0c2ef26be63764da25ad2a9b6aa6	C:\Users\James\kaggriculture\benchmark\match_cache\850aac51744194672b6ffdb35c4e033a103d0c2ef26be63764da25ad2a9b6aa6.json
705b0a6b9b15c61d87798c0d1c30459bae89a58213b2e4f81793d3a8ac3ef6f1	C:\Users\James\kaggriculture\benchmark\match_cache\705b0a6b9b15c61d87798c0d1c30459bae89a58213b2e4f81793d3a8ac3ef6f1.json
d842cf78022f6c0f62e4c8b8c91c365a866e3ef039203cea2fc74a25936c83e1	C:\Users\James\kaggriculture\benchmark\match_cache\d842cf78022f6c0f62e4c8b8c91c365a866e3ef039203cea2fc74a25936c83e1.json
3e9bfce01e3dcb72c9dbb56ac80156c50d24d5d0f1a098b36e5d6647c692e590	C:\Users\James\kaggriculture\benchmark\match_cache\3e9bfce01e3dcb72c9dbb56ac80156c50d24d5d0f1a098b36e5d6647c692e590.json
60ec045c6b3dd37a29b8cbe4d3a42fa8cb1ab6e1eb3911ea17248ab9737d38f7	C:\Users\James\kaggriculture\benchmark\match_cache\60ec045c6b3dd37a29b8cbe4d3a42fa8cb1ab6e1eb3911ea17248ab9737d38f7.json
ed51bfb0a14a1a736c705786a47e23c66672b9f1e0ba7c15284f9dac6d888708	C:\Users\James\kaggriculture\benchmark\match_cache\ed51bfb0a14a1a736c705786a47e23c66672b9f1e0ba7c15284f9dac6d888708.json
b332743a0bc241384c877c86e76548a7c59967fba599e6c1a52a4fd9519d810a	C:\Users\James\kaggriculture\benchmark\match_cache\b332743a0bc241384c877c86e76548a7c59967fba599e6c1a52a4fd9519d810a.json
4f1fedc59d4e5aeb2c47b3f0f89ef0fc3531e63ac8699afc91747e0ad7a36fa4	C:\Users\James\kaggriculture\benchmark\match_cache\4f1fedc59d4e5aeb2c47b3f0f89ef0fc3531e63ac8699afc91747e0ad7a36fa4.json
545811d2df2a790fa8d7298837690a73a14aa2acc005f01520f6dc3a618f0181	C:\Users\James\kaggriculture\benchmark\match_cache\545811d2df2a790fa8d7298837690a73a14aa2acc005f01520f6dc3a618f0181.json
d12def48793e7f8113e127f85fb15593b0330159736dd4b98c16a9a7b0897742	C:\Users\James\kaggriculture\benchmark\match_cache\d12def48793e7f8113e127f85fb15593b0330159736dd4b98c16a9a7b0897742.json
c4d53f2b4cd48deeda08315364bc08770d7cd17c43cfa88a3978fc07b1696962	C:\Users\James\kaggriculture\benchmark\match_cache\c4d53f2b4cd48deeda08315364bc08770d7cd17c43cfa88a3978fc07b1696962.json
de21f8d85b058bdf04b567744cb234127db760ec477dc5ea56c8708100a3108e	C:\Users\James\kaggriculture\benchmark\match_cache\de21f8d85b058bdf04b567744cb234127db760ec477dc5ea56c8708100a3108e.json
6c902ac30b1c5559f7b84c5535dc37a351aaafc79505eae6eb98a7a1f8f16841	C:\Users\James\kaggriculture\benchmark\match_cache\6c902ac30b1c5559f7b84c5535dc37a351aaafc79505eae6eb98a7a1f8f16841.json
3b30c80faf206ed402246c9087a0d82ce683d1bfcfcb8d99760174e1a6ae9f4d	C:\Users\James\kaggriculture\benchmark\match_cache\3b30c80faf206ed402246c9087a0d82ce683d1bfcfcb8d99760174e1a6ae9f4d.json
33a055888c77a33b88e340f2dd75a45a772ea737ad214e9f4607ec1f569f92be	C:\Users\James\kaggriculture\benchmark\match_cache\33a055888c77a33b88e340f2dd75a45a772ea737ad214e9f4607ec1f569f92be.json
a9004835943c3ba289be2fa4d26466b3a71f093240a6ca398e17e4bf8a653562	C:\Users\James\kaggriculture\benchmark\match_cache\a9004835943c3ba289be2fa4d26466b3a71f093240a6ca398e17e4bf8a653562.json
19aa48330899a6c981667c3453fbdfe042a283cc0a5bdcdf3650e2968ce94fbc	C:\Users\James\kaggriculture\benchmark\match_cache\19aa48330899a6c981667c3453fbdfe042a283cc0a5bdcdf3650e2968ce94fbc.json
35849f2da12a6dae3bb4a3a63db417cb7766c83391922eb4bc5f51b8107c7538	C:\Users\James\kaggriculture\benchmark\match_cache\35849f2da12a6dae3bb4a3a63db417cb7766c83391922eb4bc5f51b8107c7538.json
0d231bc3dd488845b6d939032da0fcea490246ce3a44ed63dd44b2f2fca651e8	C:\Users\James\kaggriculture\benchmark\match_cache\0d231bc3dd488845b6d939032da0fcea490246ce3a44ed63dd44b2f2fca651e8.json
30ec9b6035e5a4adc5eb1661ea1e5677bd14a36ec5f7b842dd8731fb61bd86bf	C:\Users\James\kaggriculture\benchmark\match_cache\30ec9b6035e5a4adc5eb1661ea1e5677bd14a36ec5f7b842dd8731fb61bd86bf.json
26979cbf666c4b5631b7561a31fa21b1d00d9c9cdbb6d73effd5e6c78cca95bd	C:\Users\James\kaggriculture\benchmark\match_cache\26979cbf666c4b5631b7561a31fa21b1d00d9c9cdbb6d73effd5e6c78cca95bd.json
6b8bdce63187c752a8fa2f78a04a4e447a969c64bb089736b87b062ba8c70aac	C:\Users\James\kaggriculture\benchmark\match_cache\6b8bdce63187c752a8fa2f78a04a4e447a969c64bb089736b87b062ba8c70aac.json
84122442a2fe742a583974f6e6aef91099b686f551482bb15d8a415ef9da6188	C:\Users\James\kaggriculture\benchmark\match_cache\84122442a2fe742a583974f6e6aef91099b686f551482bb15d8a415ef9da6188.json
5a594e60a957c3157da905494535c54278dcaefc58de63a52d66c393ac739d9e	C:\Users\James\kaggriculture\benchmark\match_cache\5a594e60a957c3157da905494535c54278dcaefc58de63a52d66c393ac739d9e.json
a8526e9d4e65629c51fa61a6d419819c1548100d9d8ce53a2b22e51a03e2567e	C:\Users\James\kaggriculture\benchmark\match_cache\a8526e9d4e65629c51fa61a6d419819c1548100d9d8ce53a2b22e51a03e2567e.json
570f6ae472c2b6c9bd67a184e93d0bee4bc07646622e0a1837f9aba85903bd52	C:\Users\James\kaggriculture\benchmark\match_cache\570f6ae472c2b6c9bd67a184e93d0bee4bc07646622e0a1837f9aba85903bd52.json
28a753d671f66872d841088967b9025746d058b14541c5b5d8cd693d900df942	C:\Users\James\kaggriculture\benchmark\match_cache\28a753d671f66872d841088967b9025746d058b14541c5b5d8cd693d900df942.json
18bf3f69e83af1cb30fee680d68b4faaf6c5d104b3ff82f9658943b59b417d15	C:\Users\James\kaggriculture\benchmark\match_cache\18bf3f69e83af1cb30fee680d68b4faaf6c5d104b3ff82f9658943b59b417d15.json
876e52649d68d84565cc2ee3d36897bbe77892eb68eb2381b32cd190190a01d8	C:\Users\James\kaggriculture\benchmark\match_cache\876e52649d68d84565cc2ee3d36897bbe77892eb68eb2381b32cd190190a01d8.json
e546d7d6e7caca21c3b9a13db4af43a97eb55b361bd1fdac8e6bb690241f33c6	C:\Users\James\kaggriculture\benchmark\match_cache\e546d7d6e7caca21c3b9a13db4af43a97eb55b361bd1fdac8e6bb690241f33c6.json
d958553779148d118bed897c7363c40aba5176e612c9f260ec2e1f3414b4eb11	C:\Users\James\kaggriculture\benchmark\match_cache\d958553779148d118bed897c7363c40aba5176e612c9f260ec2e1f3414b4eb11.json
adcfe9ec1dbf1b6bbb426ffa9f968636798de62b26768baca4a14106e3f0633c	C:\Users\James\kaggriculture\benchmark\match_cache\adcfe9ec1dbf1b6bbb426ffa9f968636798de62b26768baca4a14106e3f0633c.json
cc8b7415e9d7290695203f58c579c772c582447815d23ad1f50f780c891c2d6a	C:\Users\James\kaggriculture\benchmark\match_cache\cc8b7415e9d7290695203f58c579c772c582447815d23ad1f50f780c891c2d6a.json
eeb161122a11d9d582401aad1eb55742922cb50d1d07e1885cea20d3fa76d31b	C:\Users\James\kaggriculture\benchmark\match_cache\eeb161122a11d9d582401aad1eb55742922cb50d1d07e1885cea20d3fa76d31b.json
99f6184218b224ee7b8d02846b3bd943c2f8a06a3fb88a3b723b87d17645b0da	C:\Users\James\kaggriculture\benchmark\match_cache\99f6184218b224ee7b8d02846b3bd943c2f8a06a3fb88a3b723b87d17645b0da.json
a597c068bc1e4147647fed0275075aad1a1fd41a269a050155c2e948ccdce2d1	C:\Users\James\kaggriculture\benchmark\match_cache\a597c068bc1e4147647fed0275075aad1a1fd41a269a050155c2e948ccdce2d1.json
77954af70ea39f7badc478cb33f86caaa7725b613a6654a07dd82b00ccc9696e	C:\Users\James\kaggriculture\benchmark\match_cache\77954af70ea39f7badc478cb33f86caaa7725b613a6654a07dd82b00ccc9696e.json
8d2f62c373a4b8c5a7bd650dfd13d5d9e1396b1af2729e264b5993011e3728b3	C:\Users\James\kaggriculture\benchmark\match_cache\8d2f62c373a4b8c5a7bd650dfd13d5d9e1396b1af2729e264b5993011e3728b3.json
a5e608355fe5a108cefb2e4bebf8b8729dc9afc256421e5abe7f3fcda1079a26	C:\Users\James\kaggriculture\benchmark\match_cache\a5e608355fe5a108cefb2e4bebf8b8729dc9afc256421e5abe7f3fcda1079a26.json
b477335c340d1c5349fbc951bacd325539c6b049da77594cd0db4fa3607de5ba	C:\Users\James\kaggriculture\benchmark\match_cache\b477335c340d1c5349fbc951bacd325539c6b049da77594cd0db4fa3607de5ba.json
c9a36495512e5432a3f9f89f5363aeb60d2574bcc9be0092d8f904d150c0bba8	C:\Users\James\kaggriculture\benchmark\match_cache\c9a36495512e5432a3f9f89f5363aeb60d2574bcc9be0092d8f904d150c0bba8.json
e9b45f00f0d7c0a81e41dc85d7c8d68937a77e6c0983fa8edad3b193ed9d2d5c	C:\Users\James\kaggriculture\benchmark\match_cache\e9b45f00f0d7c0a81e41dc85d7c8d68937a77e6c0983fa8edad3b193ed9d2d5c.json
3c3bbf11626ae5c36f217feaeef74b7a2b296adddeb80f888c4348f15cfd308a	C:\Users\James\kaggriculture\benchmark\match_cache\3c3bbf11626ae5c36f217feaeef74b7a2b296adddeb80f888c4348f15cfd308a.json
9f06025a49db243e90b8fc6d39136bbadf260395bbc4cbb6c7bda97220fd3dab	C:\Users\James\kaggriculture\benchmark\match_cache\9f06025a49db243e90b8fc6d39136bbadf260395bbc4cbb6c7bda97220fd3dab.json
fed0a7e9fd35378cf2015ff03d654c7d721dcfb315a7c6d8b159a8604434a421	C:\Users\James\kaggriculture\benchmark\match_cache\fed0a7e9fd35378cf2015ff03d654c7d721dcfb315a7c6d8b159a8604434a421.json
0a34b0342b62b09800319d4bf6580a8917b20a2fd810745dbb8f7515e0476181	C:\Users\James\kaggriculture\benchmark\match_cache\0a34b0342b62b09800319d4bf6580a8917b20a2fd810745dbb8f7515e0476181.json
e3856f0ee3d9eb25b99402e79935625a7d372d0d28dad192ade3c76ee19b440d	C:\Users\James\kaggriculture\benchmark\match_cache\e3856f0ee3d9eb25b99402e79935625a7d372d0d28dad192ade3c76ee19b440d.json
01da71529bec2c24896720f594f00802c575616af357197518708b0082f90994	C:\Users\James\kaggriculture\benchmark\match_cache\01da71529bec2c24896720f594f00802c575616af357197518708b0082f90994.json
fe71450079816a09b70e20012c3c92c08ec309bacf1e26ac53332223d8900fcc	C:\Users\James\kaggriculture\benchmark\match_cache\fe71450079816a09b70e20012c3c92c08ec309bacf1e26ac53332223d8900fcc.json
6ad2fd32ee82e1fe06abc84015272127804cb076d34e7feec53d685d2da9170e	C:\Users\James\kaggriculture\benchmark\match_cache\6ad2fd32ee82e1fe06abc84015272127804cb076d34e7feec53d685d2da9170e.json
90e145bb86264e8721fefe3aad08838e740e54f55707cce4b66e65aad562e030	C:\Users\James\kaggriculture\benchmark\match_cache\90e145bb86264e8721fefe3aad08838e740e54f55707cce4b66e65aad562e030.json
c9d7bf2bd77f7a96454813df7345a116b09d006e8f9f8554c723363dc7b8c298	C:\Users\James\kaggriculture\benchmark\match_cache\c9d7bf2bd77f7a96454813df7345a116b09d006e8f9f8554c723363dc7b8c298.json
f2fcfa10f36e3309df036cf1caf1bd9cfd0636fba97888fb48247ba0a5ad42b1	C:\Users\James\kaggriculture\benchmark\match_cache\f2fcfa10f36e3309df036cf1caf1bd9cfd0636fba97888fb48247ba0a5ad42b1.json
52b7bdb1ae05b84967d8d19172e870dfe465e8e62dec11b294d18c379c05e346	C:\Users\James\kaggriculture\benchmark\match_cache\52b7bdb1ae05b84967d8d19172e870dfe465e8e62dec11b294d18c379c05e346.json
f1d433e54093bcd708f083735fd93e2fac37f3b01c4a9c61b1d70f62a286bf14	C:\Users\James\kaggriculture\benchmark\match_cache\f1d433e54093bcd708f083735fd93e2fac37f3b01c4a9c61b1d70f62a286bf14.json
600ab4b4bcd4e26c91e3e511dda72c919d89a799aa4ba7f64a8381cca73beae1	C:\Users\James\kaggriculture\benchmark\match_cache\600ab4b4bcd4e26c91e3e511dda72c919d89a799aa4ba7f64a8381cca73beae1.json
4837009f60625b299bcc15d36f6daa08715c5810402b450d4cf6ba11398a140d	C:\Users\James\kaggriculture\benchmark\match_cache\4837009f60625b299bcc15d36f6daa08715c5810402b450d4cf6ba11398a140d.json
d6728d1c5d2d9f4adbdfe381c6c56d4987a1649a42b67dac46f6165fd50506ec	C:\Users\James\kaggriculture\benchmark\match_cache\d6728d1c5d2d9f4adbdfe381c6c56d4987a1649a42b67dac46f6165fd50506ec.json
74157b0f9081b68050ecf529b4df56e61735aac10f347eda18c676bb92cfb109	C:\Users\James\kaggriculture\benchmark\match_cache\74157b0f9081b68050ecf529b4df56e61735aac10f347eda18c676bb92cfb109.json
3c4eb365e260d46cf3577773e2ac3d990b41cdacb71a1b9d197d85da650169a5	C:\Users\James\kaggriculture\benchmark\match_cache\3c4eb365e260d46cf3577773e2ac3d990b41cdacb71a1b9d197d85da650169a5.json
7f624a19de6fb71ee2cf3093770b8946cf948fdfe2d5607dfbf02aa936833d96	C:\Users\James\kaggriculture\benchmark\match_cache\7f624a19de6fb71ee2cf3093770b8946cf948fdfe2d5607dfbf02aa936833d96.json
b5e6b71e2b75579dfbce36ec864b5d8949b5635a997ba3c1deed87b375ca498d	C:\Users\James\kaggriculture\benchmark\match_cache\b5e6b71e2b75579dfbce36ec864b5d8949b5635a997ba3c1deed87b375ca498d.json
3eb4a3c0604e1cb5b04cdc580cc1f45fed94a06aeddda1e7d4b2e94b1ddd85b5	C:\Users\James\kaggriculture\benchmark\match_cache\3eb4a3c0604e1cb5b04cdc580cc1f45fed94a06aeddda1e7d4b2e94b1ddd85b5.json
5c66005414b4c86131c0d2a48ef11813df6a41f3d3fb004f699d08262271e04e	C:\Users\James\kaggriculture\benchmark\match_cache\5c66005414b4c86131c0d2a48ef11813df6a41f3d3fb004f699d08262271e04e.json
29099c9f9e897bb528f9ac6bb4fd0f22fe430a487cbd8bb110183af6056ed10c	C:\Users\James\kaggriculture\benchmark\match_cache\29099c9f9e897bb528f9ac6bb4fd0f22fe430a487cbd8bb110183af6056ed10c.json
30332c98f5d0b482eade9905db78a42d7d42bc0a0dc99c780db7459a78cf9969	C:\Users\James\kaggriculture\benchmark\match_cache\30332c98f5d0b482eade9905db78a42d7d42bc0a0dc99c780db7459a78cf9969.json
b56e804b58a3229b0af37da66be7b8f621b021d976db23ee8a01c29c476d0658	C:\Users\James\kaggriculture\benchmark\match_cache\b56e804b58a3229b0af37da66be7b8f621b021d976db23ee8a01c29c476d0658.json
cbc3b01ec6ebd4bc807d1b80538daf3678e1dc360e8183a65ed23e90de666bc7	C:\Users\James\kaggriculture\benchmark\match_cache\cbc3b01ec6ebd4bc807d1b80538daf3678e1dc360e8183a65ed23e90de666bc7.json
75d26202c30934af08dc225ca29bcb47919cdafa2ea8b3c6d88f43ae2b67993d	C:\Users\James\kaggriculture\benchmark\match_cache\75d26202c30934af08dc225ca29bcb47919cdafa2ea8b3c6d88f43ae2b67993d.json
1193ee74b4110fe656a8e8ff9626e05744ef7c2115a426238e5320790fdcd778	C:\Users\James\kaggriculture\benchmark\match_cache\1193ee74b4110fe656a8e8ff9626e05744ef7c2115a426238e5320790fdcd778.json
8a84e189e0dd560a012d05791ce6c88f30ba8e323b34a019e327b302252f2da8	C:\Users\James\kaggriculture\benchmark\match_cache\8a84e189e0dd560a012d05791ce6c88f30ba8e323b34a019e327b302252f2da8.json
55cb1329476a243911f2d673aace323084f6a3eec4641b4059887611a83f0a3c	C:\Users\James\kaggriculture\benchmark\match_cache\55cb1329476a243911f2d673aace323084f6a3eec4641b4059887611a83f0a3c.json
da2bf6a663ca792e0ce955ea3395e8d48a558147258fbfb643730fbdeeaebe03	C:\Users\James\kaggriculture\benchmark\match_cache\da2bf6a663ca792e0ce955ea3395e8d48a558147258fbfb643730fbdeeaebe03.json
854efe962f54501c1b189c62ce7c47af0ff80a00d21e9f2fe9b04be0e95cd613	C:\Users\James\kaggriculture\benchmark\match_cache\854efe962f54501c1b189c62ce7c47af0ff80a00d21e9f2fe9b04be0e95cd613.json
5e865bd9b6174110851641c348320e8c0e9a98f5da6b9a4e40ba020ee64df8a1	C:\Users\James\kaggriculture\benchmark\match_cache\5e865bd9b6174110851641c348320e8c0e9a98f5da6b9a4e40ba020ee64df8a1.json
1811bf727c2042a4603aedfc952efc1cc701723e3d11579497d3c000d0a0c113	C:\Users\James\kaggriculture\benchmark\match_cache\1811bf727c2042a4603aedfc952efc1cc701723e3d11579497d3c000d0a0c113.json
f533909d0c6db56ec94b18ecf1b5f645a01478b174eac0fbcba76dda6ce9a781	C:\Users\James\kaggriculture\benchmark\match_cache\f533909d0c6db56ec94b18ecf1b5f645a01478b174eac0fbcba76dda6ce9a781.json
d3192bf4c7c26a1acdf2265d4db24307d15736728a026974ee65ac21f3e11ef4	C:\Users\James\kaggriculture\benchmark\match_cache\d3192bf4c7c26a1acdf2265d4db24307d15736728a026974ee65ac21f3e11ef4.json
495b7408848d67326a75c2eb0af937648195927cf058cb33f73b47473b1e509d	C:\Users\James\kaggriculture\benchmark\match_cache\495b7408848d67326a75c2eb0af937648195927cf058cb33f73b47473b1e509d.json
e13e4a2cc0db72aab288f3366354e95a00d2461a6dcf56a115cc770ec7c2c920	C:\Users\James\kaggriculture\benchmark\match_cache\e13e4a2cc0db72aab288f3366354e95a00d2461a6dcf56a115cc770ec7c2c920.json
18665b6f4e50142ed71593471d7493a49dd7cba17b07955f9f8c37efa86bdbc2	C:\Users\James\kaggriculture\benchmark\match_cache\18665b6f4e50142ed71593471d7493a49dd7cba17b07955f9f8c37efa86bdbc2.json
2c5a2c7c5e3d57388b60de58ad46967ab7f0e9477deec0fed91ddf9492574027	C:\Users\James\kaggriculture\benchmark\match_cache\2c5a2c7c5e3d57388b60de58ad46967ab7f0e9477deec0fed91ddf9492574027.json
5446d1ebfb4d14cbd78ac2fa2378bc6a5d18780d9ef749c44efe3667cbe99886	C:\Users\James\kaggriculture\benchmark\match_cache\5446d1ebfb4d14cbd78ac2fa2378bc6a5d18780d9ef749c44efe3667cbe99886.json
8d962ae8aa0d487973427aa9f26b6159f32a71f367864be0ccf1830fabe86f2f	C:\Users\James\kaggriculture\benchmark\match_cache\8d962ae8aa0d487973427aa9f26b6159f32a71f367864be0ccf1830fabe86f2f.json
0ecb86b8e8f1ed3f6eb886eb74f55e28736b777f41a04b99e215ab642c65531c	C:\Users\James\kaggriculture\benchmark\match_cache\0ecb86b8e8f1ed3f6eb886eb74f55e28736b777f41a04b99e215ab642c65531c.json
70c6ef722013a17034f009cbeaac2a3304264ce76efb1a1d19ce33b446ffe7b9	C:\Users\James\kaggriculture\benchmark\match_cache\70c6ef722013a17034f009cbeaac2a3304264ce76efb1a1d19ce33b446ffe7b9.json
67382f3dfc7a90369fdb5f5f62ccb1217853fa64fe74c682a4eacf1e677b05e9	C:\Users\James\kaggriculture\benchmark\match_cache\67382f3dfc7a90369fdb5f5f62ccb1217853fa64fe74c682a4eacf1e677b05e9.json
1effd5cf223b0758c54164eb4114b98df56c2eb1eeaa9b98b18c9a242906c28d	C:\Users\James\kaggriculture\benchmark\match_cache\1effd5cf223b0758c54164eb4114b98df56c2eb1eeaa9b98b18c9a242906c28d.json
07531c72ba5db7bb7b3e8e3bba4e194b80d219d534843674bbca989aad8cae59	C:\Users\James\kaggriculture\benchmark\match_cache\07531c72ba5db7bb7b3e8e3bba4e194b80d219d534843674bbca989aad8cae59.json
2683f06bc081fad9d0e92872a62d53c5629f11926e42ad037bad6d832cc0e0cc	C:\Users\James\kaggriculture\benchmark\match_cache\2683f06bc081fad9d0e92872a62d53c5629f11926e42ad037bad6d832cc0e0cc.json
3cf52e2b3e10ef310d4095805dd574907725c7042d5bd9f440c9d6fb30c7f3be	C:\Users\James\kaggriculture\benchmark\match_cache\3cf52e2b3e10ef310d4095805dd574907725c7042d5bd9f440c9d6fb30c7f3be.json
5a693f0fd8332ffb5fda3d8acc2c6c80ca2e8f2f7f79fb1c061d6d3069859cda	C:\Users\James\kaggriculture\benchmark\match_cache\5a693f0fd8332ffb5fda3d8acc2c6c80ca2e8f2f7f79fb1c061d6d3069859cda.json
9e3438569419178c9b957287b81f9c9d4d7d709b9fa45d7ba556b9519b6911fc	C:\Users\James\kaggriculture\benchmark\match_cache\9e3438569419178c9b957287b81f9c9d4d7d709b9fa45d7ba556b9519b6911fc.json
989685442104865fc64551f22d6b70f99f51cafeabc20a2102822d963ebc553d	C:\Users\James\kaggriculture\benchmark\match_cache\989685442104865fc64551f22d6b70f99f51cafeabc20a2102822d963ebc553d.json
59e2ffa2b77cc599edce43c7315d9709a0f4fcf98a0c5c50010242a4d4c84998	C:\Users\James\kaggriculture\benchmark\match_cache\59e2ffa2b77cc599edce43c7315d9709a0f4fcf98a0c5c50010242a4d4c84998.json
1eb8bb656e5c40a539abeae6a7c5bda67a6ee209e5b3c978d6ca4673cd8174a2	C:\Users\James\kaggriculture\benchmark\match_cache\1eb8bb656e5c40a539abeae6a7c5bda67a6ee209e5b3c978d6ca4673cd8174a2.json
1c1f6a5f9a16b4cf2676ef1f8d33d880f4d03dced1920aaf3dd803a1f5f19458	C:\Users\James\kaggriculture\benchmark\match_cache\1c1f6a5f9a16b4cf2676ef1f8d33d880f4d03dced1920aaf3dd803a1f5f19458.json
0c47fa9767710ecb2acb39618971b6a6fe167e34bcef4c9ff5a2943aa2729e7c	C:\Users\James\kaggriculture\benchmark\match_cache\0c47fa9767710ecb2acb39618971b6a6fe167e34bcef4c9ff5a2943aa2729e7c.json
45efaef0b03dceca13faaed094954fb509ef04d7cfde6f5b1dbb6c0321e4e8cf	C:\Users\James\kaggriculture\benchmark\match_cache\45efaef0b03dceca13faaed094954fb509ef04d7cfde6f5b1dbb6c0321e4e8cf.json
d8d93a542532bf912e5b3eb5e34426436972e68c594145dc5025d48f9deb6c18	C:\Users\James\kaggriculture\benchmark\match_cache\d8d93a542532bf912e5b3eb5e34426436972e68c594145dc5025d48f9deb6c18.json
f46e7dd0ec11e72034705bda44f5236c5617e79342bb7b2f9d838c1d81fc8ab6	C:\Users\James\kaggriculture\benchmark\match_cache\f46e7dd0ec11e72034705bda44f5236c5617e79342bb7b2f9d838c1d81fc8ab6.json
2030ed0d2a734869fcde53ab223bad61c99cfb344d611d77dce6381be46ae162	C:\Users\James\kaggriculture\benchmark\match_cache\2030ed0d2a734869fcde53ab223bad61c99cfb344d611d77dce6381be46ae162.json
0c56cbe6e3f67d97e423893d01646f829846485ec40bad1e42dd6c67681e2e4d	C:\Users\James\kaggriculture\benchmark\match_cache\0c56cbe6e3f67d97e423893d01646f829846485ec40bad1e42dd6c67681e2e4d.json
ca6fd0e2aec659c4dbc21b93876452d8b5ca45597f44dc8781ac1a03b380a328	C:\Users\James\kaggriculture\benchmark\match_cache\ca6fd0e2aec659c4dbc21b93876452d8b5ca45597f44dc8781ac1a03b380a328.json
9a9509af8eee3b91dd126dc15976ff727587dc6be8c35519e9d5857b0c174933	C:\Users\James\kaggriculture\benchmark\match_cache\9a9509af8eee3b91dd126dc15976ff727587dc6be8c35519e9d5857b0c174933.json
9c1798188f4cc7d52d969f3964ea8f4d0461c4c1ded0b5dd094ad084016c9858	C:\Users\James\kaggriculture\benchmark\match_cache\9c1798188f4cc7d52d969f3964ea8f4d0461c4c1ded0b5dd094ad084016c9858.json
0975bad1603f36eadfc4961c59ca285602643082db013507a7fe23b84f857a6f	C:\Users\James\kaggriculture\benchmark\match_cache\0975bad1603f36eadfc4961c59ca285602643082db013507a7fe23b84f857a6f.json
a66cbcdc6169f08f9b712378b59fbab3a0616809fce0a499f72f2e105b85beba	C:\Users\James\kaggriculture\benchmark\match_cache\a66cbcdc6169f08f9b712378b59fbab3a0616809fce0a499f72f2e105b85beba.json
a968b9fed19eafe6ec6ee0b0f70e4891f715e17094bb57c3f0a45595e4a97246	C:\Users\James\kaggriculture\benchmark\match_cache\a968b9fed19eafe6ec6ee0b0f70e4891f715e17094bb57c3f0a45595e4a97246.json
de265202f803fb42765f073a645cfe69ab5822a85404794f2a5efd4f50e67b64	C:\Users\James\kaggriculture\benchmark\match_cache\de265202f803fb42765f073a645cfe69ab5822a85404794f2a5efd4f50e67b64.json
d29914a6e5fc7a8388501494ce7c382040cd702b2b0220c977ad13e763743dcc	C:\Users\James\kaggriculture\benchmark\match_cache\d29914a6e5fc7a8388501494ce7c382040cd702b2b0220c977ad13e763743dcc.json
0218ae4d6349f92fed89ed4735577263383791f482e4fd227bf98bd7b946f283	C:\Users\James\kaggriculture\benchmark\match_cache\0218ae4d6349f92fed89ed4735577263383791f482e4fd227bf98bd7b946f283.json
42b81c6868cb3db2fd4277b1aea6fab632948e60a9518bbdcb9503a54683e76d	C:\Users\James\kaggriculture\benchmark\match_cache\42b81c6868cb3db2fd4277b1aea6fab632948e60a9518bbdcb9503a54683e76d.json
1557f1f007f42e0bc5281b1f94ce398a626a5a55647ac9157b7f6cbaaddb16f0	C:\Users\James\kaggriculture\benchmark\match_cache\1557f1f007f42e0bc5281b1f94ce398a626a5a55647ac9157b7f6cbaaddb16f0.json
727800638c03f5ece1b2a67f840730ccca08e67dcd13a66db78c326cbfccc13c	C:\Users\James\kaggriculture\benchmark\match_cache\727800638c03f5ece1b2a67f840730ccca08e67dcd13a66db78c326cbfccc13c.json
dd27dfac2b62a4ffd46cadd699e4d278ff36a4d1397314e97dcf1ab85e5c087b	C:\Users\James\kaggriculture\benchmark\match_cache\dd27dfac2b62a4ffd46cadd699e4d278ff36a4d1397314e97dcf1ab85e5c087b.json
58a1b736c3b5bea010b191e6cbf6b69a82e606c4e94241ec824886242098ae4c	C:\Users\James\kaggriculture\benchmark\match_cache\58a1b736c3b5bea010b191e6cbf6b69a82e606c4e94241ec824886242098ae4c.json
c5e1eea38cc87893a7bd528e38154458de8d79fb0cf5b9d760f8e75a0abcf71f	C:\Users\James\kaggriculture\benchmark\match_cache\c5e1eea38cc87893a7bd528e38154458de8d79fb0cf5b9d760f8e75a0abcf71f.json
e9ae6e1902dd9f8df6bec7b9d6bf47081048f5a4df091fed2d3be12b59e55784	C:\Users\James\kaggriculture\benchmark\match_cache\e9ae6e1902dd9f8df6bec7b9d6bf47081048f5a4df091fed2d3be12b59e55784.json
abc6fd4cdaae2767c3e332a12d82a1e7c10d107eedbf204728254c10b953706f	C:\Users\James\kaggriculture\benchmark\match_cache\abc6fd4cdaae2767c3e332a12d82a1e7c10d107eedbf204728254c10b953706f.json
a88fe6b4bf8d75552b947b2f120874666ee752bbb218b8e5dc8a4453003a0275	C:\Users\James\kaggriculture\benchmark\match_cache\a88fe6b4bf8d75552b947b2f120874666ee752bbb218b8e5dc8a4453003a0275.json
87edb5729865d81f4753ec1c86dc09f06fe05ab4ca0e7e719b9f88d90b499e01	C:\Users\James\kaggriculture\benchmark\match_cache\87edb5729865d81f4753ec1c86dc09f06fe05ab4ca0e7e719b9f88d90b499e01.json
80749754935f6db948ac0c7a8cb70e8f33bb1b979c3aefd6ffe6277b46c3b265	C:\Users\James\kaggriculture\benchmark\match_cache\80749754935f6db948ac0c7a8cb70e8f33bb1b979c3aefd6ffe6277b46c3b265.json
e78e829ef5c2320489d636557e2a385a8edaba5667d2a369e460b314b376d6ad	C:\Users\James\kaggriculture\benchmark\match_cache\e78e829ef5c2320489d636557e2a385a8edaba5667d2a369e460b314b376d6ad.json
83146d71d81bb85fc1128b9da31d26dadfc59478104ba5bc62d67ec36abc4692	C:\Users\James\kaggriculture\benchmark\match_cache\83146d71d81bb85fc1128b9da31d26dadfc59478104ba5bc62d67ec36abc4692.json
9110aba6a05a11ada5ac5f80971db86a39d18f77edd0ce45459385c9312e71cd	C:\Users\James\kaggriculture\benchmark\match_cache\9110aba6a05a11ada5ac5f80971db86a39d18f77edd0ce45459385c9312e71cd.json
4bdc666c96f37ed0e178ff1ab75f26616677d919c6cfb77ae64ebb00483d1927	C:\Users\James\kaggriculture\benchmark\match_cache\4bdc666c96f37ed0e178ff1ab75f26616677d919c6cfb77ae64ebb00483d1927.json
43ba621d2448e1213067b187e1f9caf289c7be3656cabd64f0868c33e1ea0dfb	C:\Users\James\kaggriculture\benchmark\match_cache\43ba621d2448e1213067b187e1f9caf289c7be3656cabd64f0868c33e1ea0dfb.json
1a559b9d42e516062d58fce4023afaa613a73e3d232f230d7aaf960c6ea7921a	C:\Users\James\kaggriculture\benchmark\match_cache\1a559b9d42e516062d58fce4023afaa613a73e3d232f230d7aaf960c6ea7921a.json
0af5f9ea5c751f56362a24fafbe9a0dfcbcb6816162edce9e032eb23eaf982b2	C:\Users\James\kaggriculture\benchmark\match_cache\0af5f9ea5c751f56362a24fafbe9a0dfcbcb6816162edce9e032eb23eaf982b2.json
16679d381cdb24c0c49aca29a4cc93cee7c28058c0f482cb4062894f4bd7a6b6	C:\Users\James\kaggriculture\benchmark\match_cache\16679d381cdb24c0c49aca29a4cc93cee7c28058c0f482cb4062894f4bd7a6b6.json
61729991fba6f1092250e49209f730bd49e20ab4ac894e9240a9115713eac246	C:\Users\James\kaggriculture\benchmark\match_cache\61729991fba6f1092250e49209f730bd49e20ab4ac894e9240a9115713eac246.json
7cc75526c0a7f046a41f7a3ddf7b6f688b0b5e912f1667334de95f20f061a454	C:\Users\James\kaggriculture\benchmark\match_cache\7cc75526c0a7f046a41f7a3ddf7b6f688b0b5e912f1667334de95f20f061a454.json
69194cc36b6db2ed9f35b71cb83efba679a059e04e2b1b49f54984a70e417e55	C:\Users\James\kaggriculture\benchmark\match_cache\69194cc36b6db2ed9f35b71cb83efba679a059e04e2b1b49f54984a70e417e55.json
cf25ffb6c8a6f3ffe390b01428401f0d1f5d3075b46d3b4220ac594df1dc7339	C:\Users\James\kaggriculture\benchmark\match_cache\cf25ffb6c8a6f3ffe390b01428401f0d1f5d3075b46d3b4220ac594df1dc7339.json
d068b889f49b8bfa29ffac6ad3106735053ed87d72021a7ea0abd2a89db388ac	C:\Users\James\kaggriculture\benchmark\match_cache\d068b889f49b8bfa29ffac6ad3106735053ed87d72021a7ea0abd2a89db388ac.json
bf97855a2c202bc08fb4e6c5d94f4c76ba393b842fdcddd1ffe5a1c47b5dd2f0	C:\Users\James\kaggriculture\benchmark\match_cache\bf97855a2c202bc08fb4e6c5d94f4c76ba393b842fdcddd1ffe5a1c47b5dd2f0.json
65056a0f1013dacf3fd867565df2fdda20b78c872f32e83a4390428b0378ab97	C:\Users\James\kaggriculture\benchmark\match_cache\65056a0f1013dacf3fd867565df2fdda20b78c872f32e83a4390428b0378ab97.json
68c6b7e58cce00e121ad92f12a99807e8a9aef4cacfbbac0b84d7d387d934c37	C:\Users\James\kaggriculture\benchmark\match_cache\68c6b7e58cce00e121ad92f12a99807e8a9aef4cacfbbac0b84d7d387d934c37.json
b256ca175615a7d4280a3f587a329cfe5e45e653dc63627ad4988a8a94db16fa	C:\Users\James\kaggriculture\benchmark\match_cache\b256ca175615a7d4280a3f587a329cfe5e45e653dc63627ad4988a8a94db16fa.json
d1d9a8a6d6fe8eaf5605f01512a56432b6b59c24f64927f14a5b78eb667311b2	C:\Users\James\kaggriculture\benchmark\match_cache\d1d9a8a6d6fe8eaf5605f01512a56432b6b59c24f64927f14a5b78eb667311b2.json
65257176c2b29d37dcbf7bc6d2d60ae246b19f68f836ec6c035445d1693886ca	C:\Users\James\kaggriculture\benchmark\match_cache\65257176c2b29d37dcbf7bc6d2d60ae246b19f68f836ec6c035445d1693886ca.json
1f65dd44fcee18177d4c4c49765a67f4f9ada363387e7fd6f8d258940ea787d9	C:\Users\James\kaggriculture\benchmark\match_cache\1f65dd44fcee18177d4c4c49765a67f4f9ada363387e7fd6f8d258940ea787d9.json
ba5b69cf61aee827746adbfa3ccee47cc986eb3b17638436b274f973d825afca	C:\Users\James\kaggriculture\benchmark\match_cache\ba5b69cf61aee827746adbfa3ccee47cc986eb3b17638436b274f973d825afca.json
60fd48b3d9ddae45e0ca77a948169cef688eb4a54e22b7165d097b23f5b7acc2	C:\Users\James\kaggriculture\benchmark\match_cache\60fd48b3d9ddae45e0ca77a948169cef688eb4a54e22b7165d097b23f5b7acc2.json
670124ba524dc1a1df6c5c5ee9e55cc932a1e5cc6791d8b330a1bdcc854a03e8	C:\Users\James\kaggriculture\benchmark\match_cache\670124ba524dc1a1df6c5c5ee9e55cc932a1e5cc6791d8b330a1bdcc854a03e8.json
f44eb35065885046425e67383959828c7c9ffff357a2fa8a16a57cb72deb8b8b	C:\Users\James\kaggriculture\benchmark\match_cache\f44eb35065885046425e67383959828c7c9ffff357a2fa8a16a57cb72deb8b8b.json
b01a7f325898595a870c59413648f6a4b4f6b422648dd83720a0e853a9c3829e	C:\Users\James\kaggriculture\benchmark\match_cache\b01a7f325898595a870c59413648f6a4b4f6b422648dd83720a0e853a9c3829e.json
eaff112ad78696652de68fdaa915a8cf2a6a51c4886ad9d4135b81e294e864ce	C:\Users\James\kaggriculture\benchmark\match_cache\eaff112ad78696652de68fdaa915a8cf2a6a51c4886ad9d4135b81e294e864ce.json
ddd5ad7d7ced56876d11443d169f633e3371046bc170564ea62cf8724f926361	C:\Users\James\kaggriculture\benchmark\match_cache\ddd5ad7d7ced56876d11443d169f633e3371046bc170564ea62cf8724f926361.json
f97852d744892989240662fa7e54bea58001dd962673a688e4dd6c3d0f61620f	C:\Users\James\kaggriculture\benchmark\match_cache\f97852d744892989240662fa7e54bea58001dd962673a688e4dd6c3d0f61620f.json
f0dd96d1380a5a0408cff1d3087ee16b31d5d17d019121fabd76c82329d84d76	C:\Users\James\kaggriculture\benchmark\match_cache\f0dd96d1380a5a0408cff1d3087ee16b31d5d17d019121fabd76c82329d84d76.json
1981c10c34ce3f064ff1649aabe8e493e6012a0fdfd24c33ff8c8a32a292d5ea	C:\Users\James\kaggriculture\benchmark\match_cache\1981c10c34ce3f064ff1649aabe8e493e6012a0fdfd24c33ff8c8a32a292d5ea.json
5914c9d39d0fa4d364ace5c7d146ce4dc2a089decc47905041755ee9d7eb7b58	C:\Users\James\kaggriculture\benchmark\match_cache\5914c9d39d0fa4d364ace5c7d146ce4dc2a089decc47905041755ee9d7eb7b58.json
f6ae07fcadcf7cfe64e7aef7ad8632205e8b082fda52ff88b1e99e06c076e088	C:\Users\James\kaggriculture\benchmark\match_cache\f6ae07fcadcf7cfe64e7aef7ad8632205e8b082fda52ff88b1e99e06c076e088.json
5c98b2c0097884f17a59dbd2cc6ab4a847afa71264a558c532cc561e5abfbf63	C:\Users\James\kaggriculture\benchmark\match_cache\5c98b2c0097884f17a59dbd2cc6ab4a847afa71264a558c532cc561e5abfbf63.json
af69299ebaf8a4b90735065c9fe08b48ba20e6c04cdcfb0c489e96766df192c0	C:\Users\James\kaggriculture\benchmark\match_cache\af69299ebaf8a4b90735065c9fe08b48ba20e6c04cdcfb0c489e96766df192c0.json
9425bb6fa3a6fe54e81f544b198040ef8832e1c4a2fec309c3431a0b567d6e48	C:\Users\James\kaggriculture\benchmark\match_cache\9425bb6fa3a6fe54e81f544b198040ef8832e1c4a2fec309c3431a0b567d6e48.json
cf02105febf52fd5637815ed7c381c2f769f3e55b664822124d6ccfedb51fd1e	C:\Users\James\kaggriculture\benchmark\match_cache\cf02105febf52fd5637815ed7c381c2f769f3e55b664822124d6ccfedb51fd1e.json
cecd2295d001697c17b4c309bc2b97017b6e88901d13a744f1cfa16abd1ef814	C:\Users\James\kaggriculture\benchmark\match_cache\cecd2295d001697c17b4c309bc2b97017b6e88901d13a744f1cfa16abd1ef814.json
a82bc80b5f38b2a5d9af28319cc988d2876b0b6ec8ff713ea7fefd98f63b7417	C:\Users\James\kaggriculture\benchmark\match_cache\a82bc80b5f38b2a5d9af28319cc988d2876b0b6ec8ff713ea7fefd98f63b7417.json
5f8c1c0b8a5add1de89e85a1f6083a66fed10433848187201b28cb360fd4ab83	C:\Users\James\kaggriculture\benchmark\match_cache\5f8c1c0b8a5add1de89e85a1f6083a66fed10433848187201b28cb360fd4ab83.json
12944cf6ac62cdf44f9f9b230f789f6060dd7db17d6899ebcf3a6bb68d2ccd2c	C:\Users\James\kaggriculture\benchmark\match_cache\12944cf6ac62cdf44f9f9b230f789f6060dd7db17d6899ebcf3a6bb68d2ccd2c.json
150a7d0bbd46036e2f7f6621ce5fffad74153d73aba7dec93fdafa26c0887936	C:\Users\James\kaggriculture\benchmark\match_cache\150a7d0bbd46036e2f7f6621ce5fffad74153d73aba7dec93fdafa26c0887936.json
408605ec3943520c2b22279ea37463db8523dca9e523a47c26340ef6edfb6438	C:\Users\James\kaggriculture\benchmark\match_cache\408605ec3943520c2b22279ea37463db8523dca9e523a47c26340ef6edfb6438.json
5810f93ce3bf5c8067ee2a3ab683e1f8ecd3a76372c3ed0df66508105b6f7aee	C:\Users\James\kaggriculture\benchmark\match_cache\5810f93ce3bf5c8067ee2a3ab683e1f8ecd3a76372c3ed0df66508105b6f7aee.json
a88f1acf8b9b1b3e6c8a2b65d5f355ae5d18127c26a9fa35cb5ae8bf8d217176	C:\Users\James\kaggriculture\benchmark\match_cache\a88f1acf8b9b1b3e6c8a2b65d5f355ae5d18127c26a9fa35cb5ae8bf8d217176.json
c4c40b06f1cfce940a87d6ca46646493905968373ff0ec3795a3c385204695ab	C:\Users\James\kaggriculture\benchmark\match_cache\c4c40b06f1cfce940a87d6ca46646493905968373ff0ec3795a3c385204695ab.json
f55bcf446f41548e7134eb708540c6d6e8245d996b019c0af11c4cf9d483fa03	C:\Users\James\kaggriculture\benchmark\match_cache\f55bcf446f41548e7134eb708540c6d6e8245d996b019c0af11c4cf9d483fa03.json
6f12f5899039a1550ce4bd9f11b603911c87de800e8017307b0a4a988c2fbfb9	C:\Users\James\kaggriculture\benchmark\match_cache\6f12f5899039a1550ce4bd9f11b603911c87de800e8017307b0a4a988c2fbfb9.json
8b6c88bfc9cdd5882e2446fae7b20915a35c1016bd587fe5ba09ee5a32d3def9	C:\Users\James\kaggriculture\benchmark\match_cache\8b6c88bfc9cdd5882e2446fae7b20915a35c1016bd587fe5ba09ee5a32d3def9.json
6bc1d6f4e1f4be1a7cfffe8b645d862e24405b7c6454a0421b289d6d90e26570	C:\Users\James\kaggriculture\benchmark\match_cache\6bc1d6f4e1f4be1a7cfffe8b645d862e24405b7c6454a0421b289d6d90e26570.json
35d54cc3ed954a7749669d9957b28110606a7c0254e7a676bebf0d178d2bed6a	C:\Users\James\kaggriculture\benchmark\match_cache\35d54cc3ed954a7749669d9957b28110606a7c0254e7a676bebf0d178d2bed6a.json
3571322f88fdc369202c12f1796f9804c941582eaf9ae2251bef784e666f85e8	C:\Users\James\kaggriculture\benchmark\match_cache\3571322f88fdc369202c12f1796f9804c941582eaf9ae2251bef784e666f85e8.json
96b831d12c6adee9b1ccdd06e64aebc84584503f31b1677ff6deb46f4b613ff1	C:\Users\James\kaggriculture\benchmark\match_cache\96b831d12c6adee9b1ccdd06e64aebc84584503f31b1677ff6deb46f4b613ff1.json
34e0a93b5ee3f62690262fd04f6b084666a95574943e99de1ca25ae080df31f9	C:\Users\James\kaggriculture\benchmark\match_cache\34e0a93b5ee3f62690262fd04f6b084666a95574943e99de1ca25ae080df31f9.json
9f1ed766829878249a6e37772e344221056778fc1511b544f12490529d0be4cc	C:\Users\James\kaggriculture\benchmark\match_cache\9f1ed766829878249a6e37772e344221056778fc1511b544f12490529d0be4cc.json
fe31f229d03014bff347fd6d1b887fbdea1ce3d0c07984401f895eec1aa2efb6	C:\Users\James\kaggriculture\benchmark\match_cache\fe31f229d03014bff347fd6d1b887fbdea1ce3d0c07984401f895eec1aa2efb6.json
416a93f331ecc6681ff78ee55435d0a21857c75b269ddcf7eac24c210af0c6fc	C:\Users\James\kaggriculture\benchmark\match_cache\416a93f331ecc6681ff78ee55435d0a21857c75b269ddcf7eac24c210af0c6fc.json
36688c7543a093ca24eb3eee0fcfae089ac6498b3f3783f8cc15d10a0add3531	C:\Users\James\kaggriculture\benchmark\match_cache\36688c7543a093ca24eb3eee0fcfae089ac6498b3f3783f8cc15d10a0add3531.json
5eb60eadc94139ccefbd596a25e84e6ae966fa75d67db277ee2ef7e437ed2300	C:\Users\James\kaggriculture\benchmark\match_cache\5eb60eadc94139ccefbd596a25e84e6ae966fa75d67db277ee2ef7e437ed2300.json
623cf4ef8c12b12ee03598ef528db6f0e23957e4170a480896de686a36927792	C:\Users\James\kaggriculture\benchmark\match_cache\623cf4ef8c12b12ee03598ef528db6f0e23957e4170a480896de686a36927792.json
4f4ae85023d8975e019042948137fb3157e71353a514058b33a14c8698a14279	C:\Users\James\kaggriculture\benchmark\match_cache\4f4ae85023d8975e019042948137fb3157e71353a514058b33a14c8698a14279.json
9c1d87741ae5c20c7fedd83006973de39e6b3b2862b932bcb3d2da2db8bb1f9f	C:\Users\James\kaggriculture\benchmark\match_cache\9c1d87741ae5c20c7fedd83006973de39e6b3b2862b932bcb3d2da2db8bb1f9f.json
db40a63ad069131ead33487984e1ced38127ab52c273e40394cb385f5d4451b7	C:\Users\James\kaggriculture\benchmark\match_cache\db40a63ad069131ead33487984e1ced38127ab52c273e40394cb385f5d4451b7.json
fa9ed08bcedbef14617c8e638c1960434f09534415bdb10c8bdf43eb640036ad	C:\Users\James\kaggriculture\benchmark\match_cache\fa9ed08bcedbef14617c8e638c1960434f09534415bdb10c8bdf43eb640036ad.json
771ff44cabba20c8a53bf883626b19f5c3e481d731889eefec3070c44a9c89f0	C:\Users\James\kaggriculture\benchmark\match_cache\771ff44cabba20c8a53bf883626b19f5c3e481d731889eefec3070c44a9c89f0.json
6eea84540ac62d4bca765638fb1235fdb0dde098c82dd685d51dce04177ab5d6	C:\Users\James\kaggriculture\benchmark\match_cache\6eea84540ac62d4bca765638fb1235fdb0dde098c82dd685d51dce04177ab5d6.json
e9c2baad1d7befd3bc07c77fe2fdf816210b54f6eaa53e1dbf0549fbd907a503	C:\Users\James\kaggriculture\benchmark\match_cache\e9c2baad1d7befd3bc07c77fe2fdf816210b54f6eaa53e1dbf0549fbd907a503.json
79e24beee04c9f2b4730ced0c07f7b207037a2a807d27c398b1417607f6bfe15	C:\Users\James\kaggriculture\benchmark\match_cache\79e24beee04c9f2b4730ced0c07f7b207037a2a807d27c398b1417607f6bfe15.json
f1d749da890d0e0b3cc3f77940ab91f2ae241687cd50e6e9748efacb33c2991b	C:\Users\James\kaggriculture\benchmark\match_cache\f1d749da890d0e0b3cc3f77940ab91f2ae241687cd50e6e9748efacb33c2991b.json
3ec4e89259dedeb777bf2721f3c12c94c6d1c95e1efdce8b628540788087c26b	C:\Users\James\kaggriculture\benchmark\match_cache\3ec4e89259dedeb777bf2721f3c12c94c6d1c95e1efdce8b628540788087c26b.json
ca784828845ef92440be99e7dfb9d48ce19b7c1ac6ddb694276424a5054ca8fc	C:\Users\James\kaggriculture\benchmark\match_cache\ca784828845ef92440be99e7dfb9d48ce19b7c1ac6ddb694276424a5054ca8fc.json
24670f1a73724b204073d96c9587a2aa5b6cde19956c318fe3f65c6cac7bd3ca	C:\Users\James\kaggriculture\benchmark\match_cache\24670f1a73724b204073d96c9587a2aa5b6cde19956c318fe3f65c6cac7bd3ca.json
f0388f5f65e050bc238f858ba2cbe93c6c3c361cbd015f1d900fb9cefe60496c	C:\Users\James\kaggriculture\benchmark\match_cache\f0388f5f65e050bc238f858ba2cbe93c6c3c361cbd015f1d900fb9cefe60496c.json
48216c7a1a4f11d0085c1d53e65c4705ba123ba5648f155a9adc03dc278ab909	C:\Users\James\kaggriculture\benchmark\match_cache\48216c7a1a4f11d0085c1d53e65c4705ba123ba5648f155a9adc03dc278ab909.json
5597e037dfff7daef1182b67c0ede1aadb4c42ed8eb13e766db18218b96d3db4	C:\Users\James\kaggriculture\benchmark\match_cache\5597e037dfff7daef1182b67c0ede1aadb4c42ed8eb13e766db18218b96d3db4.json
c7128bea9d5faa61f59e19f455301d6ca48e8961548a60d4fd828136e1fecc2f	C:\Users\James\kaggriculture\benchmark\match_cache\c7128bea9d5faa61f59e19f455301d6ca48e8961548a60d4fd828136e1fecc2f.json
9fe1b915e9f43b0dc9ec253525604487fb38ed41918933cbc530dee621458f57	C:\Users\James\kaggriculture\benchmark\match_cache\9fe1b915e9f43b0dc9ec253525604487fb38ed41918933cbc530dee621458f57.json
6f96ac9756cb7e57bad54e82679f771d547fdce558d99aa964136c76327ddc68	C:\Users\James\kaggriculture\benchmark\match_cache\6f96ac9756cb7e57bad54e82679f771d547fdce558d99aa964136c76327ddc68.json
d96cc0ce95421620cedfcd20644a186024960c83c6f00c21085c0d733b65c815	C:\Users\James\kaggriculture\benchmark\match_cache\d96cc0ce95421620cedfcd20644a186024960c83c6f00c21085c0d733b65c815.json
daa7fd6aeef45f01d6658c00db8470034d026cc154d55f6e8f9be67901f5ed65	C:\Users\James\kaggriculture\benchmark\match_cache\daa7fd6aeef45f01d6658c00db8470034d026cc154d55f6e8f9be67901f5ed65.json
a88317309a2815f84e6de991986174a8fa46d1b139c95e7d6ce53be6c888716e	C:\Users\James\kaggriculture\benchmark\match_cache\a88317309a2815f84e6de991986174a8fa46d1b139c95e7d6ce53be6c888716e.json
f11b2ef93f331f5076ff1c7e484501ae6f1d134a5c613343a2083cf49f3525a5	C:\Users\James\kaggriculture\benchmark\match_cache\f11b2ef93f331f5076ff1c7e484501ae6f1d134a5c613343a2083cf49f3525a5.json
f3533d71e0ef0abd5f6eb97a645e041bf82f0d42b411720dd8d36e9492ef2365	C:\Users\James\kaggriculture\benchmark\match_cache\f3533d71e0ef0abd5f6eb97a645e041bf82f0d42b411720dd8d36e9492ef2365.json
4fefc8d1d179f8a42b746ab5631c4a7129b7301593bd4691ab642a611e9df9f7	C:\Users\James\kaggriculture\benchmark\match_cache\4fefc8d1d179f8a42b746ab5631c4a7129b7301593bd4691ab642a611e9df9f7.json
bb9f3b46e042443e5b938cb77168c3693989289a1d97e061a9c24ecef28f2c53	C:\Users\James\kaggriculture\benchmark\match_cache\bb9f3b46e042443e5b938cb77168c3693989289a1d97e061a9c24ecef28f2c53.json
588b0579dbec7f869a58a90b9390efa971231cafab3763eb0de29990ab2ba97f	C:\Users\James\kaggriculture\benchmark\match_cache\588b0579dbec7f869a58a90b9390efa971231cafab3763eb0de29990ab2ba97f.json
32f028ef2f1f24e3fe54a29593d8d3df0abef1f9a31cc573cc5727f76db10073	C:\Users\James\kaggriculture\benchmark\match_cache\32f028ef2f1f24e3fe54a29593d8d3df0abef1f9a31cc573cc5727f76db10073.json
bb8b1cfdd5152f812c467610bd3902e73c7f2ad925dd46eb2066f4173bf86c8e	C:\Users\James\kaggriculture\benchmark\match_cache\bb8b1cfdd5152f812c467610bd3902e73c7f2ad925dd46eb2066f4173bf86c8e.json
2fd7dd42c1cfd1e2f7480823912e1bc8f2cb37fcf74433a63120e53c92ade5ab	C:\Users\James\kaggriculture\benchmark\match_cache\2fd7dd42c1cfd1e2f7480823912e1bc8f2cb37fcf74433a63120e53c92ade5ab.json
e42e0708e161f5ee06f3b3ee3eda118d682a61a05f2ffd775b8c320690d64192	C:\Users\James\kaggriculture\benchmark\match_cache\e42e0708e161f5ee06f3b3ee3eda118d682a61a05f2ffd775b8c320690d64192.json
5733f0f1695c57013bd66c217d368c52cc6fbdf759c54c73792c19429f0a462d	C:\Users\James\kaggriculture\benchmark\match_cache\5733f0f1695c57013bd66c217d368c52cc6fbdf759c54c73792c19429f0a462d.json
34ca8923ede7fbb3e752f9b9ab00f6f9d8bed15967624d893265aad4a09fe57d	C:\Users\James\kaggriculture\benchmark\match_cache\34ca8923ede7fbb3e752f9b9ab00f6f9d8bed15967624d893265aad4a09fe57d.json
af7bcb351501a5aa9a9a408a8172cad81be98ab92e98a60c6c110a53c2e672b3	C:\Users\James\kaggriculture\benchmark\match_cache\af7bcb351501a5aa9a9a408a8172cad81be98ab92e98a60c6c110a53c2e672b3.json
daf592fece01e6a750645a188c225af313f66b284f1bb1c16a0414302f8ed6a8	C:\Users\James\kaggriculture\benchmark\match_cache\daf592fece01e6a750645a188c225af313f66b284f1bb1c16a0414302f8ed6a8.json
6f6457b3878bc51ee23d61bb2584222eb0b8c5e6e6a210e27f7b593c5506dd3b	C:\Users\James\kaggriculture\benchmark\match_cache\6f6457b3878bc51ee23d61bb2584222eb0b8c5e6e6a210e27f7b593c5506dd3b.json
bf93d09587b4879ee83d9638e3ebd2a889f712f6340f4c32185159835aabcf37	C:\Users\James\kaggriculture\benchmark\match_cache\bf93d09587b4879ee83d9638e3ebd2a889f712f6340f4c32185159835aabcf37.json
2372c53de11cba99d211b465a359f56867af12d7e152f7f22c95b1a523d22eca	C:\Users\James\kaggriculture\benchmark\match_cache\2372c53de11cba99d211b465a359f56867af12d7e152f7f22c95b1a523d22eca.json
98dbb5a76eaab0e8bdb2cbf729d302f42d4965500e99ed6274dcfcbc5c4d02ec	C:\Users\James\kaggriculture\benchmark\match_cache\98dbb5a76eaab0e8bdb2cbf729d302f42d4965500e99ed6274dcfcbc5c4d02ec.json
4018158c12fbb58cc81a2022bc6e5561318b2baa54f5f1beab0918a9071b4d11	C:\Users\James\kaggriculture\benchmark\match_cache\4018158c12fbb58cc81a2022bc6e5561318b2baa54f5f1beab0918a9071b4d11.json
339c287bd10dd8c4c7857c16c2ff92f11ea298941ed9aadb046e9e90e7a883ae	C:\Users\James\kaggriculture\benchmark\match_cache\339c287bd10dd8c4c7857c16c2ff92f11ea298941ed9aadb046e9e90e7a883ae.json
0d41595175d66a79d80410aed5c8061bd8452603cde6018254e1ad626cca6ac8	C:\Users\James\kaggriculture\benchmark\match_cache\0d41595175d66a79d80410aed5c8061bd8452603cde6018254e1ad626cca6ac8.json
2fe754f81118f64db621116f1eef859a4c9ee5c5805bc59384580ef665efe2b0	C:\Users\James\kaggriculture\benchmark\match_cache\2fe754f81118f64db621116f1eef859a4c9ee5c5805bc59384580ef665efe2b0.json
2cfbcd76340f45d4059fcb1a1bbd8ceb493ec1e2ab13e40c3af09ac675bc8fd4	C:\Users\James\kaggriculture\benchmark\match_cache\2cfbcd76340f45d4059fcb1a1bbd8ceb493ec1e2ab13e40c3af09ac675bc8fd4.json
e21e44ce076d5b28ffd3b964d1fafe865f1a3fe949438942bacc74f0a2679804	C:\Users\James\kaggriculture\benchmark\match_cache\e21e44ce076d5b28ffd3b964d1fafe865f1a3fe949438942bacc74f0a2679804.json
655634238aed3059ca157f574a9c295d99974994803bd9ab6efecadc5105f368	C:\Users\James\kaggriculture\benchmark\match_cache\655634238aed3059ca157f574a9c295d99974994803bd9ab6efecadc5105f368.json
f486c153e33d35411d710662bb40556486c2f5b40bb25a1cd9fade8dfbfc4dc6	C:\Users\James\kaggriculture\benchmark\match_cache\f486c153e33d35411d710662bb40556486c2f5b40bb25a1cd9fade8dfbfc4dc6.json
f820636f7e2d7c8c4753ddec78eacce0bece5d3142fbfd17630624e7e3bd9987	C:\Users\James\kaggriculture\benchmark\match_cache\f820636f7e2d7c8c4753ddec78eacce0bece5d3142fbfd17630624e7e3bd9987.json
c76d6f0d0b147e51f33d1ab37a44f423c74d0ff972656f36a7fcd5a7212d5cf9	C:\Users\James\kaggriculture\benchmark\match_cache\c76d6f0d0b147e51f33d1ab37a44f423c74d0ff972656f36a7fcd5a7212d5cf9.json
6496d70183244f99c39e9eb28912283bf10fa393543b546d110a68a2b9fff79b	C:\Users\James\kaggriculture\benchmark\match_cache\6496d70183244f99c39e9eb28912283bf10fa393543b546d110a68a2b9fff79b.json
d9f3e4ce15c51a7c223cd23f97ce84a16649b063cb0af4d80cc618b932825178	C:\Users\James\kaggriculture\benchmark\match_cache\d9f3e4ce15c51a7c223cd23f97ce84a16649b063cb0af4d80cc618b932825178.json
60cdd731e4fa1108afa6c5c6f2bb006e91519701ebcf678046c5bc7c2ce72315	C:\Users\James\kaggriculture\benchmark\match_cache\60cdd731e4fa1108afa6c5c6f2bb006e91519701ebcf678046c5bc7c2ce72315.json
b8b3ee17debe7fd9d040900ee57f6e554c6f19a7a3f128b5c3db02005dd9f7ba	C:\Users\James\kaggriculture\benchmark\match_cache\b8b3ee17debe7fd9d040900ee57f6e554c6f19a7a3f128b5c3db02005dd9f7ba.json
53447b9baeff6c55ae00a885b05d8343cfc0d81ea41898d3c5dac48a0fa7102e	C:\Users\James\kaggriculture\benchmark\match_cache\53447b9baeff6c55ae00a885b05d8343cfc0d81ea41898d3c5dac48a0fa7102e.json
4caa5a366e16ccaada382948315b078fc073584eff24891cee30719ea65f2772	C:\Users\James\kaggriculture\benchmark\match_cache\4caa5a366e16ccaada382948315b078fc073584eff24891cee30719ea65f2772.json
8cff586339fda940d63541b822005403e685d928d7d1b53e2fd35b4734c9d5cf	C:\Users\James\kaggriculture\benchmark\match_cache\8cff586339fda940d63541b822005403e685d928d7d1b53e2fd35b4734c9d5cf.json
5b8255fa6c28889003f77b9da8ed23335f9a9feee5dda97a5a2dc8e3f0b1794e	C:\Users\James\kaggriculture\benchmark\match_cache\5b8255fa6c28889003f77b9da8ed23335f9a9feee5dda97a5a2dc8e3f0b1794e.json
f1ddc1852ddb871d3b7e537cd0ca9c678f48cff5f7bf8f4a7faf4065001b7b85	C:\Users\James\kaggriculture\benchmark\match_cache\f1ddc1852ddb871d3b7e537cd0ca9c678f48cff5f7bf8f4a7faf4065001b7b85.json
8ab0664079cf67f14d6bf063381f9eec6cde7ae9d41bf55e90b82428c1fcf9e2	C:\Users\James\kaggriculture\benchmark\match_cache\8ab0664079cf67f14d6bf063381f9eec6cde7ae9d41bf55e90b82428c1fcf9e2.json
6db5470a797186125ed2995dbc9e7ab57909261915fa426f673166558ba5dec9	C:\Users\James\kaggriculture\benchmark\match_cache\6db5470a797186125ed2995dbc9e7ab57909261915fa426f673166558ba5dec9.json
aca9588f17c6b1115440f22a17e270459805d3ba8168602e1ace65ffa5904b1a	C:\Users\James\kaggriculture\benchmark\match_cache\aca9588f17c6b1115440f22a17e270459805d3ba8168602e1ace65ffa5904b1a.json
f3a3c8f34fed26cf0b39d28ebfe589b3833e70686d0ad7d55950c1b84bd9ba26	C:\Users\James\kaggriculture\benchmark\match_cache\f3a3c8f34fed26cf0b39d28ebfe589b3833e70686d0ad7d55950c1b84bd9ba26.json
9351661ec5036a0a6e6d65d1d5a1432e8a848697d4fdca5beead6cee61257fb1	C:\Users\James\kaggriculture\benchmark\match_cache\9351661ec5036a0a6e6d65d1d5a1432e8a848697d4fdca5beead6cee61257fb1.json
78589741ed656506d5d5d1b9f12d43898dfc2e222017632572652fdf4459421f	C:\Users\James\kaggriculture\benchmark\match_cache\78589741ed656506d5d5d1b9f12d43898dfc2e222017632572652fdf4459421f.json
2605dcac325684210cc65b48edde2730b03b3d2c0375fc791f3490274c71a701	C:\Users\James\kaggriculture\benchmark\match_cache\2605dcac325684210cc65b48edde2730b03b3d2c0375fc791f3490274c71a701.json
38afec21e7f7c6f58bc9bb93d9d6317448c9c92705a3f88e6d2462d5fa86823d	C:\Users\James\kaggriculture\benchmark\match_cache\38afec21e7f7c6f58bc9bb93d9d6317448c9c92705a3f88e6d2462d5fa86823d.json
0b602345d00b28322716eb941c69d105620e225b301f247621dbcd8dbca10ca9	C:\Users\James\kaggriculture\benchmark\match_cache\0b602345d00b28322716eb941c69d105620e225b301f247621dbcd8dbca10ca9.json
48dccb07235250d63bf023003853e88b43a297934aa35bf934f406755a1aafe0	C:\Users\James\kaggriculture\benchmark\match_cache\48dccb07235250d63bf023003853e88b43a297934aa35bf934f406755a1aafe0.json
a95b38209a8cf2401dcdfdaae12530a0be0f4c4af244589500de3ca7f7db2433	C:\Users\James\kaggriculture\benchmark\match_cache\a95b38209a8cf2401dcdfdaae12530a0be0f4c4af244589500de3ca7f7db2433.json
b5d2e7acde676c0f8527c0ead7c47ec79d9a05064478750b605505d24b121f2b	C:\Users\James\kaggriculture\benchmark\match_cache\b5d2e7acde676c0f8527c0ead7c47ec79d9a05064478750b605505d24b121f2b.json
6117f0da8e3cd898263e44ac54fed59a6793e985f533ce686549e565e3b0253b	C:\Users\James\kaggriculture\benchmark\match_cache\6117f0da8e3cd898263e44ac54fed59a6793e985f533ce686549e565e3b0253b.json
e3259107989a2d8b094f61dbfee08bf4edb0b9b0b73b2cf7b41f2bfa950a0755	C:\Users\James\kaggriculture\benchmark\match_cache\e3259107989a2d8b094f61dbfee08bf4edb0b9b0b73b2cf7b41f2bfa950a0755.json
1e709b4a61cc5688bd2320fce352e74eafff41fd50deacffa62d525907fd0eea	C:\Users\James\kaggriculture\benchmark\match_cache\1e709b4a61cc5688bd2320fce352e74eafff41fd50deacffa62d525907fd0eea.json
d102e16f64793f714a0f484af9e4afef6e588daddeef6f5e6b511247a169e9c2	C:\Users\James\kaggriculture\benchmark\match_cache\d102e16f64793f714a0f484af9e4afef6e588daddeef6f5e6b511247a169e9c2.json
e446828ac422ce0076a52dd8c183237d2a02ed00b8471cb3b5471344e42564fa	C:\Users\James\kaggriculture\benchmark\match_cache\e446828ac422ce0076a52dd8c183237d2a02ed00b8471cb3b5471344e42564fa.json
97574ad53433700eeaec810e096c72c8ae616a78bcca184437d7a8b11e638ead	C:\Users\James\kaggriculture\benchmark\match_cache\97574ad53433700eeaec810e096c72c8ae616a78bcca184437d7a8b11e638ead.json
2961deb6465f49aeeb0546883300a3c17cd95115181b0f9962de89cad21a0586	C:\Users\James\kaggriculture\benchmark\match_cache\2961deb6465f49aeeb0546883300a3c17cd95115181b0f9962de89cad21a0586.json
bd9cfa869cda76fee268218d5a458d07a9f81c9776f9367557bb5f67fa052b6e	C:\Users\James\kaggriculture\benchmark\match_cache\bd9cfa869cda76fee268218d5a458d07a9f81c9776f9367557bb5f67fa052b6e.json
3b3ba87ebcb8d8922f3e453bb80de4181596def457b8c0490116c1ad9753bb10	C:\Users\James\kaggriculture\benchmark\match_cache\3b3ba87ebcb8d8922f3e453bb80de4181596def457b8c0490116c1ad9753bb10.json
793b4ccbed599baa5cbcbc8a7b039ba9e0a335039cf186b316b6e867a4ddb888	C:\Users\James\kaggriculture\benchmark\match_cache\793b4ccbed599baa5cbcbc8a7b039ba9e0a335039cf186b316b6e867a4ddb888.json
7f4124d7bf42c8609a78ccb989b657a2eed7ad944f56637ba0387e18630b0327	C:\Users\James\kaggriculture\benchmark\match_cache\7f4124d7bf42c8609a78ccb989b657a2eed7ad944f56637ba0387e18630b0327.json
de6b39650b6891c7a8bb642102bb60772c4049510a6111d9a3b743c48ba11adf	C:\Users\James\kaggriculture\benchmark\match_cache\de6b39650b6891c7a8bb642102bb60772c4049510a6111d9a3b743c48ba11adf.json
3905e52ced8adbe7d5f92668ed39c351fadc7950345961b840a03d1712462c9d	C:\Users\James\kaggriculture\benchmark\match_cache\3905e52ced8adbe7d5f92668ed39c351fadc7950345961b840a03d1712462c9d.json
c39469cd352c7c2de5ad6d832e6f9210bf605b296b656f80fb970539caea077d	C:\Users\James\kaggriculture\benchmark\match_cache\c39469cd352c7c2de5ad6d832e6f9210bf605b296b656f80fb970539caea077d.json
be13a5ce86ccef2ce6b4844d605533a4010f36590d6c51be529b95ebf663db61	C:\Users\James\kaggriculture\benchmark\match_cache\be13a5ce86ccef2ce6b4844d605533a4010f36590d6c51be529b95ebf663db61.json
a135294a8f9b6186e9af9ca477c20604d37a650d8530a75f856f6792b5015e3c	C:\Users\James\kaggriculture\benchmark\match_cache\a135294a8f9b6186e9af9ca477c20604d37a650d8530a75f856f6792b5015e3c.json
2cd678a26c11fcc38df0a46c871733447122e0a9715e60e2186377d9d96552f6	C:\Users\James\kaggriculture\benchmark\match_cache\2cd678a26c11fcc38df0a46c871733447122e0a9715e60e2186377d9d96552f6.json
ee3fc36ed7ee7354bd439901b7cfb85f1aabf28ade2ef04ae7b7791f006140df	C:\Users\James\kaggriculture\benchmark\match_cache\ee3fc36ed7ee7354bd439901b7cfb85f1aabf28ade2ef04ae7b7791f006140df.json
f7561565fc6356208e2e1a38a4723005b810b1eb5d99c99f2e26b5cbed07c0f7	C:\Users\James\kaggriculture\benchmark\match_cache\f7561565fc6356208e2e1a38a4723005b810b1eb5d99c99f2e26b5cbed07c0f7.json
1a91c15e9f8497effa08222d79f3afdafdc907bd9668815070f29fb997fd7833	C:\Users\James\kaggriculture\benchmark\match_cache\1a91c15e9f8497effa08222d79f3afdafdc907bd9668815070f29fb997fd7833.json
f36efc73d56232128166b2383e039e60d2b3112ff771ec0eb92e72be2b5715e0	C:\Users\James\kaggriculture\benchmark\match_cache\f36efc73d56232128166b2383e039e60d2b3112ff771ec0eb92e72be2b5715e0.json
f738d999c8adf62bfa02dfe687e65bd798a16a91749a2a77236b660d9b35f313	C:\Users\James\kaggriculture\benchmark\match_cache\f738d999c8adf62bfa02dfe687e65bd798a16a91749a2a77236b660d9b35f313.json
62a82de8fb748fb58ebfcc161cafa68b89e43bd09378268538f97d609ffeb215	C:\Users\James\kaggriculture\benchmark\match_cache\62a82de8fb748fb58ebfcc161cafa68b89e43bd09378268538f97d609ffeb215.json
c473b76982f68ea07ece83f9617d909028ab2d2daf8fc9157681d7df05d50f79	C:\Users\James\kaggriculture\benchmark\match_cache\c473b76982f68ea07ece83f9617d909028ab2d2daf8fc9157681d7df05d50f79.json
92fe3326dc66be352242d0ed99b4ac6073aed55804dc5c4a048867e9d165833e	C:\Users\James\kaggriculture\benchmark\match_cache\92fe3326dc66be352242d0ed99b4ac6073aed55804dc5c4a048867e9d165833e.json
86973e79f9f90eb0ed5deae8b5cedcf99bd28307a68bfb8846783a22e4dde8c9	C:\Users\James\kaggriculture\benchmark\match_cache\86973e79f9f90eb0ed5deae8b5cedcf99bd28307a68bfb8846783a22e4dde8c9.json
09c0c68f34759653adc9fa97a905604af634bc99a1522e5138446997ac1505b2	C:\Users\James\kaggriculture\benchmark\match_cache\09c0c68f34759653adc9fa97a905604af634bc99a1522e5138446997ac1505b2.json
6cbd5e83a8125e3fb18ae4f1b32311d1dd81d36110a2324e714e1f5525287425	C:\Users\James\kaggriculture\benchmark\match_cache\6cbd5e83a8125e3fb18ae4f1b32311d1dd81d36110a2324e714e1f5525287425.json
192ad64a0088d9e28659f9c1842f8ec6ce3d2477f923cefebdfb4af80d4b6d33	C:\Users\James\kaggriculture\benchmark\match_cache\192ad64a0088d9e28659f9c1842f8ec6ce3d2477f923cefebdfb4af80d4b6d33.json
3fed680209dd944e24101cc04649d24b9cf9f8cca0fcdebbf2109c0785558c62	C:\Users\James\kaggriculture\benchmark\match_cache\3fed680209dd944e24101cc04649d24b9cf9f8cca0fcdebbf2109c0785558c62.json
feb868edfe37ed58ffb8002edda2751094da9b8556f6b0ea856e8d89e0e74718	C:\Users\James\kaggriculture\benchmark\match_cache\feb868edfe37ed58ffb8002edda2751094da9b8556f6b0ea856e8d89e0e74718.json
a79226f7e66c3876163e9f05562f702d90cdf529850b3d76e923baa0d4bdd10d	C:\Users\James\kaggriculture\benchmark\match_cache\a79226f7e66c3876163e9f05562f702d90cdf529850b3d76e923baa0d4bdd10d.json
f1e46f507055e8a3637bae563bec08a0e476cda6512a60aaf77e2b68367adbf2	C:\Users\James\kaggriculture\benchmark\match_cache\f1e46f507055e8a3637bae563bec08a0e476cda6512a60aaf77e2b68367adbf2.json
f4e3bf8e47b832268252823bb7490b1f6c44e5355d914294e0c0b817f53f106b	C:\Users\James\kaggriculture\benchmark\match_cache\f4e3bf8e47b832268252823bb7490b1f6c44e5355d914294e0c0b817f53f106b.json
aaffc5696c5a14e534705bb134402548da0db6c678099a02259529d4834ec251	C:\Users\James\kaggriculture\benchmark\match_cache\aaffc5696c5a14e534705bb134402548da0db6c678099a02259529d4834ec251.json
14bab9a1854328dddf7359b875794f79f631565c56cd302510cbf6fe31ecd2bc	C:\Users\James\kaggriculture\benchmark\match_cache\14bab9a1854328dddf7359b875794f79f631565c56cd302510cbf6fe31ecd2bc.json
cbc1874589baafdb59a8af4f941cce07f5c9863fb470cd93ae793cf9631b281d	C:\Users\James\kaggriculture\benchmark\match_cache\cbc1874589baafdb59a8af4f941cce07f5c9863fb470cd93ae793cf9631b281d.json
93a53d0389e0f4a53a6abb5a3e609b0cff7a1a302646e8c6a5d983413c74e6c7	C:\Users\James\kaggriculture\benchmark\match_cache\93a53d0389e0f4a53a6abb5a3e609b0cff7a1a302646e8c6a5d983413c74e6c7.json
3ddf8e7957108ed536388601e804f8d8b39337071c515a9a23452d5a288b1b76	C:\Users\James\kaggriculture\benchmark\match_cache\3ddf8e7957108ed536388601e804f8d8b39337071c515a9a23452d5a288b1b76.json
bf9fb67f34f67a8ce47eae47826d888cbee59ad67050cfb58e16420fa9697816	C:\Users\James\kaggriculture\benchmark\match_cache\bf9fb67f34f67a8ce47eae47826d888cbee59ad67050cfb58e16420fa9697816.json
c9710419fc5297cc53c796b9b5d8e1627de6604a5e64eb91230d9902f19690aa	C:\Users\James\kaggriculture\benchmark\match_cache\c9710419fc5297cc53c796b9b5d8e1627de6604a5e64eb91230d9902f19690aa.json
d6d5ba62dd016778be79f29f01f94d855e8995f65ac5a0cff1acc2b6c0f0cb1e	C:\Users\James\kaggriculture\benchmark\match_cache\d6d5ba62dd016778be79f29f01f94d855e8995f65ac5a0cff1acc2b6c0f0cb1e.json
2333f1972f2bdff7fab9626128e8eabb34e592fb6d857abee513a30bedc93662	C:\Users\James\kaggriculture\benchmark\match_cache\2333f1972f2bdff7fab9626128e8eabb34e592fb6d857abee513a30bedc93662.json
c0d17c8256976a5d767c401238adbf505a707005a5f19ead4af6980847bfd66d	C:\Users\James\kaggriculture\benchmark\match_cache\c0d17c8256976a5d767c401238adbf505a707005a5f19ead4af6980847bfd66d.json
91461a8886311d5819bc18d94ffa801ea45989d67b70eb30c81a299e1a196d7a	C:\Users\James\kaggriculture\benchmark\match_cache\91461a8886311d5819bc18d94ffa801ea45989d67b70eb30c81a299e1a196d7a.json
37dec4fe9d3d42ae1fd4f77078d359dc974c8685ef573310d222a27b84aace75	C:\Users\James\kaggriculture\benchmark\match_cache\37dec4fe9d3d42ae1fd4f77078d359dc974c8685ef573310d222a27b84aace75.json
a9e2c8534cc77ec8695d6d46848e2c5f038376dbcf4024cbc872d81648c5c7ef	C:\Users\James\kaggriculture\benchmark\match_cache\a9e2c8534cc77ec8695d6d46848e2c5f038376dbcf4024cbc872d81648c5c7ef.json
1336133edde480ac6d4cb658ed7cc48c6d576274bf47553106a28e9d13c8f253	C:\Users\James\kaggriculture\benchmark\match_cache\1336133edde480ac6d4cb658ed7cc48c6d576274bf47553106a28e9d13c8f253.json
6d649f680e84d327ee3817731c4896314988298544e90bdb932fa5582ff30244	C:\Users\James\kaggriculture\benchmark\match_cache\6d649f680e84d327ee3817731c4896314988298544e90bdb932fa5582ff30244.json
295fcea5b57875d8525777e5e44d14269287384ffa9a054917d9ed12bdefd9d1	C:\Users\James\kaggriculture\benchmark\match_cache\295fcea5b57875d8525777e5e44d14269287384ffa9a054917d9ed12bdefd9d1.json
1b8d95dcbcde8ed1a96c88eb558f1eea90c94a7c1c2f36f8a252e9bafa13c214	C:\Users\James\kaggriculture\benchmark\match_cache\1b8d95dcbcde8ed1a96c88eb558f1eea90c94a7c1c2f36f8a252e9bafa13c214.json
eb4221101cb5a6059844f1dc4cf7dae91a22951623d3cca5c34dcd0c081a7202	C:\Users\James\kaggriculture\benchmark\match_cache\eb4221101cb5a6059844f1dc4cf7dae91a22951623d3cca5c34dcd0c081a7202.json
21d788c93d2ca60ba7a364d1899cbacd437411f6cf26844ae13205322a6fa652	C:\Users\James\kaggriculture\benchmark\match_cache\21d788c93d2ca60ba7a364d1899cbacd437411f6cf26844ae13205322a6fa652.json
adafce72f6b45b7dec882afa0b1224ef7f561b250f5e82fb0ad3f538d535911b	C:\Users\James\kaggriculture\benchmark\match_cache\adafce72f6b45b7dec882afa0b1224ef7f561b250f5e82fb0ad3f538d535911b.json
b1e2a0862b3daa22a9cf4833f84bbd8bc3c2419e25189b01054a56b0aed7f481	C:\Users\James\kaggriculture\benchmark\match_cache\b1e2a0862b3daa22a9cf4833f84bbd8bc3c2419e25189b01054a56b0aed7f481.json
c869d66c1f3fe7ec929d5a64a3b98fd393cea96d2862a7e917b93a374ff25772	C:\Users\James\kaggriculture\benchmark\match_cache\c869d66c1f3fe7ec929d5a64a3b98fd393cea96d2862a7e917b93a374ff25772.json
55036bbde2b468f077054b86fc9c82056d10a5e6dbcc6998bba59cf406ca5771	C:\Users\James\kaggriculture\benchmark\match_cache\55036bbde2b468f077054b86fc9c82056d10a5e6dbcc6998bba59cf406ca5771.json
fb9c6b2f7bddfa1631e5183cd0f664fd5cb3fd2d7e94d875a060d2a27693fd47	C:\Users\James\kaggriculture\benchmark\match_cache\fb9c6b2f7bddfa1631e5183cd0f664fd5cb3fd2d7e94d875a060d2a27693fd47.json
ed9c0020097c25a360d81290566a2a62e293ae744e5cd6e0aa0f0e721eec69f6	C:\Users\James\kaggriculture\benchmark\match_cache\ed9c0020097c25a360d81290566a2a62e293ae744e5cd6e0aa0f0e721eec69f6.json
5903ed3893f94396f9cbbe9d04cd60fc2d71fc05e77456ee3b2741214334ebdc	C:\Users\James\kaggriculture\benchmark\match_cache\5903ed3893f94396f9cbbe9d04cd60fc2d71fc05e77456ee3b2741214334ebdc.json
c5a24fdc5bba0a1d225e13627c90d8326ff0b998d5d16f94bd4d90d4bd01ecfe	C:\Users\James\kaggriculture\benchmark\match_cache\c5a24fdc5bba0a1d225e13627c90d8326ff0b998d5d16f94bd4d90d4bd01ecfe.json
2e68d79c3d5fe8749b745d5f457885e5cb7628385d7a1b881e3603f46b7b80fc	C:\Users\James\kaggriculture\benchmark\match_cache\2e68d79c3d5fe8749b745d5f457885e5cb7628385d7a1b881e3603f46b7b80fc.json
5d2edd108cadfd8346140f5eaf60f94559df2eeadc89b6bb004a7cc279dcd783	C:\Users\James\kaggriculture\benchmark\match_cache\5d2edd108cadfd8346140f5eaf60f94559df2eeadc89b6bb004a7cc279dcd783.json
9149b5003bae03197b2987e12de449d7cdc54e2d8dc9831710bbd63b6dbfc9b8	C:\Users\James\kaggriculture\benchmark\match_cache\9149b5003bae03197b2987e12de449d7cdc54e2d8dc9831710bbd63b6dbfc9b8.json
6c05a8899d2b9d94982e87a5c6667d9d34a603427dcd541219bb32ea115d7954	C:\Users\James\kaggriculture\benchmark\match_cache\6c05a8899d2b9d94982e87a5c6667d9d34a603427dcd541219bb32ea115d7954.json
d2054e55de71ae8d3ba488b81d29882661338f90d12bf7b64ebd42acdb1ecade	C:\Users\James\kaggriculture\benchmark\match_cache\d2054e55de71ae8d3ba488b81d29882661338f90d12bf7b64ebd42acdb1ecade.json
d7a1f809b02c52279b3c6961bdfd60e00ca84cd5039a621f1fd90158b30cab01	C:\Users\James\kaggriculture\benchmark\match_cache\d7a1f809b02c52279b3c6961bdfd60e00ca84cd5039a621f1fd90158b30cab01.json
10456211fe748990dd13de67bc4b2449bf54033eaa8e6387e8a6bcb718aac6a9	C:\Users\James\kaggriculture\benchmark\match_cache\10456211fe748990dd13de67bc4b2449bf54033eaa8e6387e8a6bcb718aac6a9.json
86c7632a8bd1b73ba32440ccf40a8268b3eb8895c53cf629a7bd6208f36aaa5e	C:\Users\James\kaggriculture\benchmark\match_cache\86c7632a8bd1b73ba32440ccf40a8268b3eb8895c53cf629a7bd6208f36aaa5e.json
5ca11a76adecf1713f4c11bc51c41354dc22330a9b5e47063fe1ef4492ad22a7	C:\Users\James\kaggriculture\benchmark\match_cache\5ca11a76adecf1713f4c11bc51c41354dc22330a9b5e47063fe1ef4492ad22a7.json
a737b3401039eeb669bdaa3670d843063e3445b964cd447e19a5fc4d1ddd907a	C:\Users\James\kaggriculture\benchmark\match_cache\a737b3401039eeb669bdaa3670d843063e3445b964cd447e19a5fc4d1ddd907a.json
2dd2ae999e2ae3c898ec6406774192d8610614fda72f4a49de8b7b5d2260a68b	C:\Users\James\kaggriculture\benchmark\match_cache\2dd2ae999e2ae3c898ec6406774192d8610614fda72f4a49de8b7b5d2260a68b.json
a18933a8cc8d71d1a84a9f8ee23dad4d454c7eef080e7e78550749bdd06ed780	C:\Users\James\kaggriculture\benchmark\match_cache\a18933a8cc8d71d1a84a9f8ee23dad4d454c7eef080e7e78550749bdd06ed780.json
cb76225ffd03c6497b9a080468eecc09e2752bbd5fc994a72b3b178f303dedec	C:\Users\James\kaggriculture\benchmark\match_cache\cb76225ffd03c6497b9a080468eecc09e2752bbd5fc994a72b3b178f303dedec.json
835b050af75f5baf412a3e49943443e29c7fa46f079798237dfac41e26901866	C:\Users\James\kaggriculture\benchmark\match_cache\835b050af75f5baf412a3e49943443e29c7fa46f079798237dfac41e26901866.json
54395d5e55a9becc02d9bb1e381346839e684e3a420f8a7061a3d36ae9bf041d	C:\Users\James\kaggriculture\benchmark\match_cache\54395d5e55a9becc02d9bb1e381346839e684e3a420f8a7061a3d36ae9bf041d.json
21046c8d86226891a47fd4eeb5d34f30a5b7b59fd79654492f52a81bde2b6731	C:\Users\James\kaggriculture\benchmark\match_cache\21046c8d86226891a47fd4eeb5d34f30a5b7b59fd79654492f52a81bde2b6731.json
0af90200a64b16644096dea9b76e7637b8c1433b5b3c8f6685cef65626f18905	C:\Users\James\kaggriculture\benchmark\match_cache\0af90200a64b16644096dea9b76e7637b8c1433b5b3c8f6685cef65626f18905.json
b064ef8b93481366362a017b3b401c74c5ac18accdb448ac555fa1dc546fd3ab	C:\Users\James\kaggriculture\benchmark\match_cache\b064ef8b93481366362a017b3b401c74c5ac18accdb448ac555fa1dc546fd3ab.json
49e0d90e75eea36f7383adec1e008437064f2b4abe6102a39f8406839ceff1bf	C:\Users\James\kaggriculture\benchmark\match_cache\49e0d90e75eea36f7383adec1e008437064f2b4abe6102a39f8406839ceff1bf.json
86e4f02a3d9c16879c88391c06f9db06df02c459d14c44cb4ef9bbed059cc8ff	C:\Users\James\kaggriculture\benchmark\match_cache\86e4f02a3d9c16879c88391c06f9db06df02c459d14c44cb4ef9bbed059cc8ff.json
0e54dbd6520da6d39adaa3b3eb7a00069a58b0d4339204a5e8a6f9f10b25e1a2	C:\Users\James\kaggriculture\benchmark\match_cache\0e54dbd6520da6d39adaa3b3eb7a00069a58b0d4339204a5e8a6f9f10b25e1a2.json
99435ef5802e46596d1781ae2cea457014477b44f9a7d82e60d0f1a65de5adf2	C:\Users\James\kaggriculture\benchmark\match_cache\99435ef5802e46596d1781ae2cea457014477b44f9a7d82e60d0f1a65de5adf2.json
9c2e2be841c97f205eb7732e06e86956c0b2fb33566a1199b124c3dbbc5297e9	C:\Users\James\kaggriculture\benchmark\match_cache\9c2e2be841c97f205eb7732e06e86956c0b2fb33566a1199b124c3dbbc5297e9.json
1d745c641f53a2de088c720418c421e8c1ac60f953cb11ecc03f4f8dbdc3cb2c	C:\Users\James\kaggriculture\benchmark\match_cache\1d745c641f53a2de088c720418c421e8c1ac60f953cb11ecc03f4f8dbdc3cb2c.json
568edb88d592fc536cb09a6c3a9ea3bc658ffe6cf743b429eec77fb3823c0894	C:\Users\James\kaggriculture\benchmark\match_cache\568edb88d592fc536cb09a6c3a9ea3bc658ffe6cf743b429eec77fb3823c0894.json
cc87e947227072f1a394f2edca734f98cf6a3a5b08e00c4d8c9139bee135ce39	C:\Users\James\kaggriculture\benchmark\match_cache\cc87e947227072f1a394f2edca734f98cf6a3a5b08e00c4d8c9139bee135ce39.json
c4d644f093ede22218783fd876359b453d72c0d1c9914f340a7067e6a5aaba4a	C:\Users\James\kaggriculture\benchmark\match_cache\c4d644f093ede22218783fd876359b453d72c0d1c9914f340a7067e6a5aaba4a.json
2391ecea36808ef0ea19db3de1bdb3fcb0285c1ecd9ed9fe39adc2bc6bae9a39	C:\Users\James\kaggriculture\benchmark\match_cache\2391ecea36808ef0ea19db3de1bdb3fcb0285c1ecd9ed9fe39adc2bc6bae9a39.json
88b1213b4e1367464130209e26d3707a9f42f9dbb91c0660a8f51139687890a5	C:\Users\James\kaggriculture\benchmark\match_cache\88b1213b4e1367464130209e26d3707a9f42f9dbb91c0660a8f51139687890a5.json
cfed10dc13334f9f56382dd5f35b68aada020d5b325a3d03bbf3d83019555f5b	C:\Users\James\kaggriculture\benchmark\match_cache\cfed10dc13334f9f56382dd5f35b68aada020d5b325a3d03bbf3d83019555f5b.json
d981fdc1f3f597b99407b91c49b7c58c79524bcbc68384975278fe93dd092bf8	C:\Users\James\kaggriculture\benchmark\match_cache\d981fdc1f3f597b99407b91c49b7c58c79524bcbc68384975278fe93dd092bf8.json
3e6b4356afa61cacf96d118941589592538a5b886ffb07c39e582f201c926846	C:\Users\James\kaggriculture\benchmark\match_cache\3e6b4356afa61cacf96d118941589592538a5b886ffb07c39e582f201c926846.json
afa1984288518836535b0756181cecee6d43a60aca88aed96e0f04f92305b208	C:\Users\James\kaggriculture\benchmark\match_cache\afa1984288518836535b0756181cecee6d43a60aca88aed96e0f04f92305b208.json
48f0ccab2ab837f504909abb45310a8c69bd7a86ab9ab3370f33382bbf1da800	C:\Users\James\kaggriculture\benchmark\match_cache\48f0ccab2ab837f504909abb45310a8c69bd7a86ab9ab3370f33382bbf1da800.json
2039172e589822fa5186fca1174d23a71f9039075600d72cdef9df47b956c678	C:\Users\James\kaggriculture\benchmark\match_cache\2039172e589822fa5186fca1174d23a71f9039075600d72cdef9df47b956c678.json
4aed206709df440b19f5d7d93061b1cb4c8ebd1dc2d3523788d9c81a7a683572	C:\Users\James\kaggriculture\benchmark\match_cache\4aed206709df440b19f5d7d93061b1cb4c8ebd1dc2d3523788d9c81a7a683572.json
a5cdac071a7bd5079e9cdb5756f39161659c0bb966ab52e98026384cfff3ce4a	C:\Users\James\kaggriculture\benchmark\match_cache\a5cdac071a7bd5079e9cdb5756f39161659c0bb966ab52e98026384cfff3ce4a.json
076de7fc0df11abae3de11720585ccec6bc81c6d622197e006cf88f3450f3f6f	C:\Users\James\kaggriculture\benchmark\match_cache\076de7fc0df11abae3de11720585ccec6bc81c6d622197e006cf88f3450f3f6f.json
5860e6d87bb09ac165ad1abb4dbe852dedab75aff41b668fec2de99e8a589458	C:\Users\James\kaggriculture\benchmark\match_cache\5860e6d87bb09ac165ad1abb4dbe852dedab75aff41b668fec2de99e8a589458.json
5921b94c133dd260d4de80fd3ea61c5cb665c7265f5bb90410dd0161d81a4f3f	C:\Users\James\kaggriculture\benchmark\match_cache\5921b94c133dd260d4de80fd3ea61c5cb665c7265f5bb90410dd0161d81a4f3f.json
95667cfd512d643c5657b3fc249c142b18bc884521fc74e1d24bd9e058e929e5	C:\Users\James\kaggriculture\benchmark\match_cache\95667cfd512d643c5657b3fc249c142b18bc884521fc74e1d24bd9e058e929e5.json
8020b7e6e70515db541268010d2210b05ce23b400ca151f57de5f8ac56a03fae	C:\Users\James\kaggriculture\benchmark\match_cache\8020b7e6e70515db541268010d2210b05ce23b400ca151f57de5f8ac56a03fae.json
01241354e5e51a6f8535c452c68ee3d3985c24da7ea9f0c32a51949ff45cc4ae	C:\Users\James\kaggriculture\benchmark\match_cache\01241354e5e51a6f8535c452c68ee3d3985c24da7ea9f0c32a51949ff45cc4ae.json
813e476c3ad865171c2aa27e1648be8c36cd5251003f638ba3c6ec1a4923229c	C:\Users\James\kaggriculture\benchmark\match_cache\813e476c3ad865171c2aa27e1648be8c36cd5251003f638ba3c6ec1a4923229c.json
4b95dc24f7e1d9c498f153cf0be826f79a549fe02fd911835f8e574519752634	C:\Users\James\kaggriculture\benchmark\match_cache\4b95dc24f7e1d9c498f153cf0be826f79a549fe02fd911835f8e574519752634.json
42ef78c5314330f6a100fd242abb6ec52ddbb5c666347ee6aa3a50f734414207	C:\Users\James\kaggriculture\benchmark\match_cache\42ef78c5314330f6a100fd242abb6ec52ddbb5c666347ee6aa3a50f734414207.json
ec970e6cf3abf2010e8d184ed9be3dd9ca92a866b219840dd567b39688a287e8	C:\Users\James\kaggriculture\benchmark\match_cache\ec970e6cf3abf2010e8d184ed9be3dd9ca92a866b219840dd567b39688a287e8.json
dcf252f02d2e200766124e9bb8c9a2cd18350d3be61767ee78f3becfeb5a56fc	C:\Users\James\kaggriculture\benchmark\match_cache\dcf252f02d2e200766124e9bb8c9a2cd18350d3be61767ee78f3becfeb5a56fc.json
5dec63f7006a5cd1cd87f08eafd154b4c6f6b46ca9b8e1400cd4077991d6cebf	C:\Users\James\kaggriculture\benchmark\match_cache\5dec63f7006a5cd1cd87f08eafd154b4c6f6b46ca9b8e1400cd4077991d6cebf.json
6d45c8823945c5409984e7e6cf975663a1f43f985158e482d19287ab344b1115	C:\Users\James\kaggriculture\benchmark\match_cache\6d45c8823945c5409984e7e6cf975663a1f43f985158e482d19287ab344b1115.json
d2c15ce16442975a52934c1f1c5fefa24e04dfc479ab99f92bbc58928b9049cf	C:\Users\James\kaggriculture\benchmark\match_cache\d2c15ce16442975a52934c1f1c5fefa24e04dfc479ab99f92bbc58928b9049cf.json
eacde518a40d171d042cc876bc99270c365a803f5407f5fd8c1caf10398c19bd	C:\Users\James\kaggriculture\benchmark\match_cache\eacde518a40d171d042cc876bc99270c365a803f5407f5fd8c1caf10398c19bd.json
34b4fd85aed246df33afede5ffba3e9f522723206ad123bd94f1dbfbbb4ae726	C:\Users\James\kaggriculture\benchmark\match_cache\34b4fd85aed246df33afede5ffba3e9f522723206ad123bd94f1dbfbbb4ae726.json
dc94e0c569c5e396b02ff3455fd2c1e8b51429eacf08730a434b4d7ef3fe762a	C:\Users\James\kaggriculture\benchmark\match_cache\dc94e0c569c5e396b02ff3455fd2c1e8b51429eacf08730a434b4d7ef3fe762a.json
3b6a1db59e38f0e7f92b5d93379eea7848c860657fcf48e1f06829374654a1be	C:\Users\James\kaggriculture\benchmark\match_cache\3b6a1db59e38f0e7f92b5d93379eea7848c860657fcf48e1f06829374654a1be.json
dd24fd2e52690c894bf128df3d3661c738faecb8a7b1ace3395da0a44ff204a0	C:\Users\James\kaggriculture\benchmark\match_cache\dd24fd2e52690c894bf128df3d3661c738faecb8a7b1ace3395da0a44ff204a0.json
eef02b317ec456e13e8967f3ecdc5fed00fe96d72f6707e5baab33453e020554	C:\Users\James\kaggriculture\benchmark\match_cache\eef02b317ec456e13e8967f3ecdc5fed00fe96d72f6707e5baab33453e020554.json
7cb2e6666b3777340f160196ddd58ada9b4d8720a953552cd795fc36f0141334	C:\Users\James\kaggriculture\benchmark\match_cache\7cb2e6666b3777340f160196ddd58ada9b4d8720a953552cd795fc36f0141334.json
40c5c5248951cdd3995c24d5aa8baf154611573fa8bb24d25eaee68eb052123b	C:\Users\James\kaggriculture\benchmark\match_cache\40c5c5248951cdd3995c24d5aa8baf154611573fa8bb24d25eaee68eb052123b.json
168e838a53c1a43df3ac9fba9adb4fa88b994986d606952d54d482623bd9a238	C:\Users\James\kaggriculture\benchmark\match_cache\168e838a53c1a43df3ac9fba9adb4fa88b994986d606952d54d482623bd9a238.json
15139e0e420f9faa5d3e3f1ef10711b8f4dc9f61589f7be57465c60640df47b7	C:\Users\James\kaggriculture\benchmark\match_cache\15139e0e420f9faa5d3e3f1ef10711b8f4dc9f61589f7be57465c60640df47b7.json
701a2b33773b351560277d8fe0206df2cbe5ee04b38d868fd771933a8a17b182	C:\Users\James\kaggriculture\benchmark\match_cache\701a2b33773b351560277d8fe0206df2cbe5ee04b38d868fd771933a8a17b182.json
8e494862f4a52afe9ae469f5246b27925b65c116b853b3297acf70994ddb1eac	C:\Users\James\kaggriculture\benchmark\match_cache\8e494862f4a52afe9ae469f5246b27925b65c116b853b3297acf70994ddb1eac.json
2a733bcd38a61322ae510190d0796f1d9f0962cfa965b204512a3cfe8bf12cdb	C:\Users\James\kaggriculture\benchmark\match_cache\2a733bcd38a61322ae510190d0796f1d9f0962cfa965b204512a3cfe8bf12cdb.json
0d3a90eeaa6e56c9de39814082f068f64a87913408018fbd28a6ab84eec8b333	C:\Users\James\kaggriculture\benchmark\match_cache\0d3a90eeaa6e56c9de39814082f068f64a87913408018fbd28a6ab84eec8b333.json
dfbdfc3e4aa572efedc77b2f92010931f82b938197ce10d2d40e821cc9de0f2d	C:\Users\James\kaggriculture\benchmark\match_cache\dfbdfc3e4aa572efedc77b2f92010931f82b938197ce10d2d40e821cc9de0f2d.json
c5a38eb9353e2771f727ede1867e67c749d663ad38ac4074d6a5cc318a4b79d2	C:\Users\James\kaggriculture\benchmark\match_cache\c5a38eb9353e2771f727ede1867e67c749d663ad38ac4074d6a5cc318a4b79d2.json
af43c9b93e52514f9e17292d877ac5238e6992c131091efb8077bdf1737f7f8d	C:\Users\James\kaggriculture\benchmark\match_cache\af43c9b93e52514f9e17292d877ac5238e6992c131091efb8077bdf1737f7f8d.json
a32fb54a569659095ccb92eec5d4f53759605b20c034bf98931b5fd3f477c4ed	C:\Users\James\kaggriculture\benchmark\match_cache\a32fb54a569659095ccb92eec5d4f53759605b20c034bf98931b5fd3f477c4ed.json
b3683a10a76739da7d0867fff6327f44a70071eeb98c80065b1305a3ba8c02dd	C:\Users\James\kaggriculture\benchmark\match_cache\b3683a10a76739da7d0867fff6327f44a70071eeb98c80065b1305a3ba8c02dd.json
96f047e942348eb512641a25f3399ce2d0ebf27a8c885e32ad8a34733fe8618c	C:\Users\James\kaggriculture\benchmark\match_cache\96f047e942348eb512641a25f3399ce2d0ebf27a8c885e32ad8a34733fe8618c.json
21d8444971352fa8ea9eef8362333d113b9f16f5b541bc4d2beebe5453f1f83e	C:\Users\James\kaggriculture\benchmark\match_cache\21d8444971352fa8ea9eef8362333d113b9f16f5b541bc4d2beebe5453f1f83e.json
f42532f06b186790db512119fb07e516304df6a7dead92782b9f088796ba4586	C:\Users\James\kaggriculture\benchmark\match_cache\f42532f06b186790db512119fb07e516304df6a7dead92782b9f088796ba4586.json
391a1a89912c02091e24c2c69a29a8cd6b4125c2fb6c46fe8f96aeca8a35d7a8	C:\Users\James\kaggriculture\benchmark\match_cache\391a1a89912c02091e24c2c69a29a8cd6b4125c2fb6c46fe8f96aeca8a35d7a8.json
12cf6656860bc11c3ecf656cdf9ed96dbe70fd385af6bf57b448ca9530522533	C:\Users\James\kaggriculture\benchmark\match_cache\12cf6656860bc11c3ecf656cdf9ed96dbe70fd385af6bf57b448ca9530522533.json
cda5e5d87a083f46d6ac8a4de2a6d77a8c76220558ca99f0bb7a8bf5de919d9e	C:\Users\James\kaggriculture\benchmark\match_cache\cda5e5d87a083f46d6ac8a4de2a6d77a8c76220558ca99f0bb7a8bf5de919d9e.json
eb1f54f2d0c9d6f2ce0408506b9e629b24da4816fd49bc1b525f8ca0249b725e	C:\Users\James\kaggriculture\benchmark\match_cache\eb1f54f2d0c9d6f2ce0408506b9e629b24da4816fd49bc1b525f8ca0249b725e.json
61ea2103b2e6ee528164a57c923b75d2964d7f752c3e55f9e18a09e6557fb52f	C:\Users\James\kaggriculture\benchmark\match_cache\61ea2103b2e6ee528164a57c923b75d2964d7f752c3e55f9e18a09e6557fb52f.json
fef708887f621f668486957cf4e07223a95b4d38f36cce3d56047b2acca07908	C:\Users\James\kaggriculture\benchmark\match_cache\fef708887f621f668486957cf4e07223a95b4d38f36cce3d56047b2acca07908.json
29109e1a276389d9d25a2a2e60aae040c04ec4b94d6e5a08f152af9927d80290	C:\Users\James\kaggriculture\benchmark\match_cache\29109e1a276389d9d25a2a2e60aae040c04ec4b94d6e5a08f152af9927d80290.json
669947d39781e3b4644dc0d4bd3d81ee1af2d0fd21f529b82bbc3c6c2ab20e45	C:\Users\James\kaggriculture\benchmark\match_cache\669947d39781e3b4644dc0d4bd3d81ee1af2d0fd21f529b82bbc3c6c2ab20e45.json
3df0abd609ef254cf6572ba4c6c707ad229a821e908de00fd10d9b8dfa66f298	C:\Users\James\kaggriculture\benchmark\match_cache\3df0abd609ef254cf6572ba4c6c707ad229a821e908de00fd10d9b8dfa66f298.json
d8af4c258429fbf868dea295020a74b6fcec69f10ffb45093f96082b335efef8	C:\Users\James\kaggriculture\benchmark\match_cache\d8af4c258429fbf868dea295020a74b6fcec69f10ffb45093f96082b335efef8.json
25a8e4e16b4dcc9a73e0c65e27c607cfbbd2d62bde2a1bf87526cbc4da56966b	C:\Users\James\kaggriculture\benchmark\match_cache\25a8e4e16b4dcc9a73e0c65e27c607cfbbd2d62bde2a1bf87526cbc4da56966b.json
d56bbca2d2590fbf2d167f1f772b38c73b1f6942563a256be15a46f87ca44f1a	C:\Users\James\kaggriculture\benchmark\match_cache\d56bbca2d2590fbf2d167f1f772b38c73b1f6942563a256be15a46f87ca44f1a.json
d6eee8727f2fadc50dc6d3940f826b8b042c8b8e7440be663e1e290b6a0b82aa	C:\Users\James\kaggriculture\benchmark\match_cache\d6eee8727f2fadc50dc6d3940f826b8b042c8b8e7440be663e1e290b6a0b82aa.json
816484c0b53e755235d9b983a98d5c93fd32a165a521e2ddbe22acda813cbb89	C:\Users\James\kaggriculture\benchmark\match_cache\816484c0b53e755235d9b983a98d5c93fd32a165a521e2ddbe22acda813cbb89.json
490b98e624b24190ba8e152d732a1fb8b32acb531957bf3f579e2d83c86fc73b	C:\Users\James\kaggriculture\benchmark\match_cache\490b98e624b24190ba8e152d732a1fb8b32acb531957bf3f579e2d83c86fc73b.json
9ebea79bb80a9e8cff2a9f124b8485f00d67c4a8741153994b5752407cb63a1a	C:\Users\James\kaggriculture\benchmark\match_cache\9ebea79bb80a9e8cff2a9f124b8485f00d67c4a8741153994b5752407cb63a1a.json
dad6d151acad5f791e124fa99d1e7b93ecef8bf52fd20b0e2bc4f8d5efa6e6f4	C:\Users\James\kaggriculture\benchmark\match_cache\dad6d151acad5f791e124fa99d1e7b93ecef8bf52fd20b0e2bc4f8d5efa6e6f4.json
65a27b1286b6d669b599c7e3dc25bca230cd439bdab084ae709b3b83e79bf1f5	C:\Users\James\kaggriculture\benchmark\match_cache\65a27b1286b6d669b599c7e3dc25bca230cd439bdab084ae709b3b83e79bf1f5.json
0cbfb54d26bbad9da010ddf4567432f509e5385b15eabe4453b54e868460ead1	C:\Users\James\kaggriculture\benchmark\match_cache\0cbfb54d26bbad9da010ddf4567432f509e5385b15eabe4453b54e868460ead1.json
5c7a07cf8832f8666f59580bfbc3081716adc1b2e2a9a3fffef7b44d76f1746f	C:\Users\James\kaggriculture\benchmark\match_cache\5c7a07cf8832f8666f59580bfbc3081716adc1b2e2a9a3fffef7b44d76f1746f.json
862afb0a98559e5788c9541d6f96658fe54a0830f616659c280d26894bbb7715	C:\Users\James\kaggriculture\benchmark\match_cache\862afb0a98559e5788c9541d6f96658fe54a0830f616659c280d26894bbb7715.json
bd3d987733ed3cd363a3699b6248a21dceb98413ea7ba6db67fb01041d556a42	C:\Users\James\kaggriculture\benchmark\match_cache\bd3d987733ed3cd363a3699b6248a21dceb98413ea7ba6db67fb01041d556a42.json
bc2f48623359cdc888190a56d24f296b5092b76523fb40cc5b10838e1483a37c	C:\Users\James\kaggriculture\benchmark\match_cache\bc2f48623359cdc888190a56d24f296b5092b76523fb40cc5b10838e1483a37c.json
5072800e41930307317d6bcbde1302a4c9ba15a52bc23d07e029ec62295ba3a6	C:\Users\James\kaggriculture\benchmark\match_cache\5072800e41930307317d6bcbde1302a4c9ba15a52bc23d07e029ec62295ba3a6.json
db46649c7e2805c25b734681dd05abad22f8dbebb12de35b85dc66ce8182ba07	C:\Users\James\kaggriculture\benchmark\match_cache\db46649c7e2805c25b734681dd05abad22f8dbebb12de35b85dc66ce8182ba07.json
64f322ac1889b05b014e1558adc9ab76a6ab92c0c6fc57e9a53b757d36d4070a	C:\Users\James\kaggriculture\benchmark\match_cache\64f322ac1889b05b014e1558adc9ab76a6ab92c0c6fc57e9a53b757d36d4070a.json
e1e2a3c442eb085c4d257095cc06acd1aaa579ca919671a084c94ffb28fcbbd4	C:\Users\James\kaggriculture\benchmark\match_cache\e1e2a3c442eb085c4d257095cc06acd1aaa579ca919671a084c94ffb28fcbbd4.json
d87dabbcc3f7acc6fe3de3167cbdb82d62045f348e5f730fd92e7e37be48f4a6	C:\Users\James\kaggriculture\benchmark\match_cache\d87dabbcc3f7acc6fe3de3167cbdb82d62045f348e5f730fd92e7e37be48f4a6.json
b758e4adb238fd3aa566c67c71bba6f7a5f50190ea50a939aad1a8d208cee197	C:\Users\James\kaggriculture\benchmark\match_cache\b758e4adb238fd3aa566c67c71bba6f7a5f50190ea50a939aad1a8d208cee197.json
a709a0750f5398fb2c7a065c2d0dcd992deb8a7b11b1bdb92148c9481e5e5628	C:\Users\James\kaggriculture\benchmark\match_cache\a709a0750f5398fb2c7a065c2d0dcd992deb8a7b11b1bdb92148c9481e5e5628.json
b04b77e19673a8d0fc373d11cdf6dbbd49872c71826217d7a9f99c6a09069a59	C:\Users\James\kaggriculture\benchmark\match_cache\b04b77e19673a8d0fc373d11cdf6dbbd49872c71826217d7a9f99c6a09069a59.json
9c8a6237577dbd841fe98da1f16d71c5f9fed42208d957acec8218b2d39aef15	C:\Users\James\kaggriculture\benchmark\match_cache\9c8a6237577dbd841fe98da1f16d71c5f9fed42208d957acec8218b2d39aef15.json
8a546d799f4fa5a7fbd67e5e4f30df6bbf907e6f8daf906bf130285a475d6378	C:\Users\James\kaggriculture\benchmark\match_cache\8a546d799f4fa5a7fbd67e5e4f30df6bbf907e6f8daf906bf130285a475d6378.json
cd294e5a37b0c95d55610a44ef2fc323b19e11fe3914bcf1dbbe10a2e1b61593	C:\Users\James\kaggriculture\benchmark\match_cache\cd294e5a37b0c95d55610a44ef2fc323b19e11fe3914bcf1dbbe10a2e1b61593.json
402111f3a882b307e789ba151c503878d3a0e12ed7ee54634b2140f1688f1e99	C:\Users\James\kaggriculture\benchmark\match_cache\402111f3a882b307e789ba151c503878d3a0e12ed7ee54634b2140f1688f1e99.json
883798b0cc0e624e1c17e3620109f44f4049d2fdc69a22364ff620abd81521bf	C:\Users\James\kaggriculture\benchmark\match_cache\883798b0cc0e624e1c17e3620109f44f4049d2fdc69a22364ff620abd81521bf.json
1d8c5007ed1e81dedc49d0371df65f239cc32985ab51b2b00b5cc1492eda7b28	C:\Users\James\kaggriculture\benchmark\match_cache\1d8c5007ed1e81dedc49d0371df65f239cc32985ab51b2b00b5cc1492eda7b28.json
2da693b26a1d92274e695641485f8165f96fddb3fca9f8941f312e7bc5c8dd15	C:\Users\James\kaggriculture\benchmark\match_cache\2da693b26a1d92274e695641485f8165f96fddb3fca9f8941f312e7bc5c8dd15.json
8423abd5f9b6a70b7c3c1ecae28408d69bfb811cda3e114df86c9483b76c94a6	C:\Users\James\kaggriculture\benchmark\match_cache\8423abd5f9b6a70b7c3c1ecae28408d69bfb811cda3e114df86c9483b76c94a6.json
f7ec712229efbdb8f2db7130189aa1459ba9ef34bf60a5b777a2f582d15ccb26	C:\Users\James\kaggriculture\benchmark\match_cache\f7ec712229efbdb8f2db7130189aa1459ba9ef34bf60a5b777a2f582d15ccb26.json
bc71f0d78d36c271007b3c984b9d7ff1bdc6dba953aae1ec4e3563892c333eea	C:\Users\James\kaggriculture\benchmark\match_cache\bc71f0d78d36c271007b3c984b9d7ff1bdc6dba953aae1ec4e3563892c333eea.json
5da440151648642d7a956ae2ed6062c3c04d4f46de3470b375a8e1225eff6d67	C:\Users\James\kaggriculture\benchmark\match_cache\5da440151648642d7a956ae2ed6062c3c04d4f46de3470b375a8e1225eff6d67.json
b01595f61df89c5d44fea2a0aab21fed6354a7664627ba0f57ecbcc78ea1d7a1	C:\Users\James\kaggriculture\benchmark\match_cache\b01595f61df89c5d44fea2a0aab21fed6354a7664627ba0f57ecbcc78ea1d7a1.json
bab52fbacb5b6d3ed2a04a836a5727b57e7d0b2c9fa45a68fbe3551e6cee0a5c	C:\Users\James\kaggriculture\benchmark\match_cache\bab52fbacb5b6d3ed2a04a836a5727b57e7d0b2c9fa45a68fbe3551e6cee0a5c.json
b7b108fbcc6a6fa05cdfe618dab815667c22e632cf75e0028f087b61b70581ff	C:\Users\James\kaggriculture\benchmark\match_cache\b7b108fbcc6a6fa05cdfe618dab815667c22e632cf75e0028f087b61b70581ff.json
734f51587aad83158f09551565e504b897c98a4b3fa63520b1486747239e7de4	C:\Users\James\kaggriculture\benchmark\match_cache\734f51587aad83158f09551565e504b897c98a4b3fa63520b1486747239e7de4.json
7c32e33ac34d9b6d38e6d87c99fa3a10d7e1d93705da74195e74a7cff247fc03	C:\Users\James\kaggriculture\benchmark\match_cache\7c32e33ac34d9b6d38e6d87c99fa3a10d7e1d93705da74195e74a7cff247fc03.json
271be363939b2ab14d7487804a3b72e5f83ed89102e391232feafe169340c039	C:\Users\James\kaggriculture\benchmark\match_cache\271be363939b2ab14d7487804a3b72e5f83ed89102e391232feafe169340c039.json
e3b98ef7a01bdd4353849cd79c8ce2663fc02150445d95bd1f8d88dc0968fcfe	C:\Users\James\kaggriculture\benchmark\match_cache\e3b98ef7a01bdd4353849cd79c8ce2663fc02150445d95bd1f8d88dc0968fcfe.json
e9d54fca15804b2a74fccb5f655c62fd37aecbe2947cbc64b5f7540dd1e384a8	C:\Users\James\kaggriculture\benchmark\match_cache\e9d54fca15804b2a74fccb5f655c62fd37aecbe2947cbc64b5f7540dd1e384a8.json
c60d6d2f6a4f6ad969eb6a94d4ba600ca34d0a300e3141cea0e098aa60eb3aec	C:\Users\James\kaggriculture\benchmark\match_cache\c60d6d2f6a4f6ad969eb6a94d4ba600ca34d0a300e3141cea0e098aa60eb3aec.json
ee1474805062430e6694ac9b522acf2465f91af82d03d7ef8bbc6ac7b68259a0	C:\Users\James\kaggriculture\benchmark\match_cache\ee1474805062430e6694ac9b522acf2465f91af82d03d7ef8bbc6ac7b68259a0.json
5139b121ed5e28ac47cd85daa46fe442347a2c644f6cbb69a3f57fc4c4601d96	C:\Users\James\kaggriculture\benchmark\match_cache\5139b121ed5e28ac47cd85daa46fe442347a2c644f6cbb69a3f57fc4c4601d96.json
422b60c93ad424a44a3131a7b4f9221e4c3151c9c186c0e2bf55f74d512c02dd	C:\Users\James\kaggriculture\benchmark\match_cache\422b60c93ad424a44a3131a7b4f9221e4c3151c9c186c0e2bf55f74d512c02dd.json
4f3c3f793e375ed9991f32070f83d2f741a921ad956642d82a37a611786ce67d	C:\Users\James\kaggriculture\benchmark\match_cache\4f3c3f793e375ed9991f32070f83d2f741a921ad956642d82a37a611786ce67d.json
7dfd27dd5ac187bd4a020a80c8e07ea7059d8c44563493cd2a851547676436b8	C:\Users\James\kaggriculture\benchmark\match_cache\7dfd27dd5ac187bd4a020a80c8e07ea7059d8c44563493cd2a851547676436b8.json
cf38424bbed5162b9af4161f3c170b677ab08b24c021ed8aef7a203af2960df5	C:\Users\James\kaggriculture\benchmark\match_cache\cf38424bbed5162b9af4161f3c170b677ab08b24c021ed8aef7a203af2960df5.json
651a5a4e3c2338ddb9ff5b597b67a59699a44023e25f0015e5c800e5de460035	C:\Users\James\kaggriculture\benchmark\match_cache\651a5a4e3c2338ddb9ff5b597b67a59699a44023e25f0015e5c800e5de460035.json
1decc07d7d301ff0f19d7eb474fbf31b2ba82d24e3a302e958dddb173af10a6c	C:\Users\James\kaggriculture\benchmark\match_cache\1decc07d7d301ff0f19d7eb474fbf31b2ba82d24e3a302e958dddb173af10a6c.json
3620eb3cb8d40325709aa485fd222327569ec59eb19c6282e512b4a4b094a7c0	C:\Users\James\kaggriculture\benchmark\match_cache\3620eb3cb8d40325709aa485fd222327569ec59eb19c6282e512b4a4b094a7c0.json
375226efcc1dfd21cb7c2dc7eb6817950b2d93e80a64b352c4c773a266eed6af	C:\Users\James\kaggriculture\benchmark\match_cache\375226efcc1dfd21cb7c2dc7eb6817950b2d93e80a64b352c4c773a266eed6af.json
4306da59dffae0dcc63b08f794535539e935341472eb408fc766d4e7befa71a3	C:\Users\James\kaggriculture\benchmark\match_cache\4306da59dffae0dcc63b08f794535539e935341472eb408fc766d4e7befa71a3.json
33ace4488e4cdc464201566dc967a8384383c3f5adfe9825084516f807cf1226	C:\Users\James\kaggriculture\benchmark\match_cache\33ace4488e4cdc464201566dc967a8384383c3f5adfe9825084516f807cf1226.json
65cb150329b752945a448e72f1a54809c1b54b5039d57a998876f229b8a0b36c	C:\Users\James\kaggriculture\benchmark\match_cache\65cb150329b752945a448e72f1a54809c1b54b5039d57a998876f229b8a0b36c.json
a2d686fdfd688890fd9e679d1b8058084078a19da12530649c97a891d5be98ce	C:\Users\James\kaggriculture\benchmark\match_cache\a2d686fdfd688890fd9e679d1b8058084078a19da12530649c97a891d5be98ce.json
52ee2a8735230cfd03603e8a03535d093b9be67de933dcd0d7552a4c92259a56	C:\Users\James\kaggriculture\benchmark\match_cache\52ee2a8735230cfd03603e8a03535d093b9be67de933dcd0d7552a4c92259a56.json
fba910c507fca2f41de486cf18770b5ae0351f96738f411c173d0bd12c3d16a6	C:\Users\James\kaggriculture\benchmark\match_cache\fba910c507fca2f41de486cf18770b5ae0351f96738f411c173d0bd12c3d16a6.json
1c2d51f925441698424a784e6815febf8023b7d5e721b034277974a4c4fcbd41	C:\Users\James\kaggriculture\benchmark\match_cache\1c2d51f925441698424a784e6815febf8023b7d5e721b034277974a4c4fcbd41.json
268b84e9c14733b8be6e43a63b0bdfdc754eb47fa997c559170c06c637b3b198	C:\Users\James\kaggriculture\benchmark\match_cache\268b84e9c14733b8be6e43a63b0bdfdc754eb47fa997c559170c06c637b3b198.json
9cc5f5ce3af9fc1255113cf7078ca7d5271013ebfa94c6442caed908e437d06c	C:\Users\James\kaggriculture\benchmark\match_cache\9cc5f5ce3af9fc1255113cf7078ca7d5271013ebfa94c6442caed908e437d06c.json
5861fafbf2187c974f6dd3aa0a174a74f0a808aebaaccf1d0bb811f897c1cfd9	C:\Users\James\kaggriculture\benchmark\match_cache\5861fafbf2187c974f6dd3aa0a174a74f0a808aebaaccf1d0bb811f897c1cfd9.json
5b08532cad5d90e96bfc35a195132fe38c991e2a5d464d5bee991ad150bbd301	C:\Users\James\kaggriculture\benchmark\match_cache\5b08532cad5d90e96bfc35a195132fe38c991e2a5d464d5bee991ad150bbd301.json
6447d192fdb1e709a88b06f3bf0a4fecde283f5c29e5354511a6791ef26dfd79	C:\Users\James\kaggriculture\benchmark\match_cache\6447d192fdb1e709a88b06f3bf0a4fecde283f5c29e5354511a6791ef26dfd79.json
498d4456b52caf2eeea86ad20bfcdcd5618d90910ef24b10f73191af312ca82d	C:\Users\James\kaggriculture\benchmark\match_cache\498d4456b52caf2eeea86ad20bfcdcd5618d90910ef24b10f73191af312ca82d.json
f71cb8703013692a40096f91a262d7d00bd4000b7f47e49e0fb3e75737e3afff	C:\Users\James\kaggriculture\benchmark\match_cache\f71cb8703013692a40096f91a262d7d00bd4000b7f47e49e0fb3e75737e3afff.json
f4155f7dca0bf24ed327a747fc774ddfa3632dba1c068c76e989a338b70376e4	C:\Users\James\kaggriculture\benchmark\match_cache\f4155f7dca0bf24ed327a747fc774ddfa3632dba1c068c76e989a338b70376e4.json
5e84d7f277f2638a9359d92114b7dc5dae281e8c31783aecaf7116e5953e3836	C:\Users\James\kaggriculture\benchmark\match_cache\5e84d7f277f2638a9359d92114b7dc5dae281e8c31783aecaf7116e5953e3836.json
153edb26c27bdbde53af93ec36c1473ae3f5c8772948e59a98eb69908e07b6f4	C:\Users\James\kaggriculture\benchmark\match_cache\153edb26c27bdbde53af93ec36c1473ae3f5c8772948e59a98eb69908e07b6f4.json
1ce6e5343078fdf24e6888b0b82f5f7bc65a25b4cb61c0df24d093bd4b66252e	C:\Users\James\kaggriculture\benchmark\match_cache\1ce6e5343078fdf24e6888b0b82f5f7bc65a25b4cb61c0df24d093bd4b66252e.json
8bbc14722bcac9bab54a47e883666ee1a62f3e4b25a9ed60c2fc6613a0ad456e	C:\Users\James\kaggriculture\benchmark\match_cache\8bbc14722bcac9bab54a47e883666ee1a62f3e4b25a9ed60c2fc6613a0ad456e.json
36cf5fefb644aff58b3e887b22a3a4ecba01a561db69b1c5d183fa8e280e9309	C:\Users\James\kaggriculture\benchmark\match_cache\36cf5fefb644aff58b3e887b22a3a4ecba01a561db69b1c5d183fa8e280e9309.json
2048d24eee40c6ece18e8c879d5f7d236c77f3086fd062d1a7636bfedc79f8bf	C:\Users\James\kaggriculture\benchmark\match_cache\2048d24eee40c6ece18e8c879d5f7d236c77f3086fd062d1a7636bfedc79f8bf.json
1b987c7e4183e5a17df0dfcc7b7542d9308122f682af114daca454d960258e4c	C:\Users\James\kaggriculture\benchmark\match_cache\1b987c7e4183e5a17df0dfcc7b7542d9308122f682af114daca454d960258e4c.json
b7e658f37eaab3e957bfc183e9bda234ad75f0a8f34291dfdc4d69f74a40eacb	C:\Users\James\kaggriculture\benchmark\match_cache\b7e658f37eaab3e957bfc183e9bda234ad75f0a8f34291dfdc4d69f74a40eacb.json
bd2ddcbd36f61957e35a13a09d1b10157d1f443ece09343a0caec56d5ddbab58	C:\Users\James\kaggriculture\benchmark\match_cache\bd2ddcbd36f61957e35a13a09d1b10157d1f443ece09343a0caec56d5ddbab58.json
4e93a010533188bc460d4a720be467863fe1efe2021dd0d99dbf9fefb453e863	C:\Users\James\kaggriculture\benchmark\match_cache\4e93a010533188bc460d4a720be467863fe1efe2021dd0d99dbf9fefb453e863.json
a04f10c52d30abb768362fb92a8ae66dcb9c44cc806925637bfbb4a29dc9bd39	C:\Users\James\kaggriculture\benchmark\match_cache\a04f10c52d30abb768362fb92a8ae66dcb9c44cc806925637bfbb4a29dc9bd39.json
49ced635f73c164233f58cb4a16db8832e7eee1b2aa49079a57d0956960c668c	C:\Users\James\kaggriculture\benchmark\match_cache\49ced635f73c164233f58cb4a16db8832e7eee1b2aa49079a57d0956960c668c.json
86c8f97946bf066141cbdbb378b7cc69e204388150dc2872e301e717ac628930	C:\Users\James\kaggriculture\benchmark\match_cache\86c8f97946bf066141cbdbb378b7cc69e204388150dc2872e301e717ac628930.json
43a9acf91ccd37730695b596661f29284bacd9943d518dbf0b36f516f7700c0c	C:\Users\James\kaggriculture\benchmark\match_cache\43a9acf91ccd37730695b596661f29284bacd9943d518dbf0b36f516f7700c0c.json
d7b25adbb8680dc20aaff2b9bedff244139ce4f2e2440536aec76095f0557ac2	C:\Users\James\kaggriculture\benchmark\match_cache\d7b25adbb8680dc20aaff2b9bedff244139ce4f2e2440536aec76095f0557ac2.json
df2f9d592e0378454d9ea69dc1d86adbd6636cbe8be38df2fa84aa880df0fda7	C:\Users\James\kaggriculture\benchmark\match_cache\df2f9d592e0378454d9ea69dc1d86adbd6636cbe8be38df2fa84aa880df0fda7.json
68466edfae5a20aeb898677e8e8c23d9ef309bc8936b5f204f11dc0ca0aca524	C:\Users\James\kaggriculture\benchmark\match_cache\68466edfae5a20aeb898677e8e8c23d9ef309bc8936b5f204f11dc0ca0aca524.json
5d32a9a5e70e6f5270134d7b547eabd620f4c27b2621a6d5a2973a6d13327841	C:\Users\James\kaggriculture\benchmark\match_cache\5d32a9a5e70e6f5270134d7b547eabd620f4c27b2621a6d5a2973a6d13327841.json
1d3582c8f3de0be023f3b99d27166aa51d46a6f0f8bd84c38ab01f7cddb3c634	C:\Users\James\kaggriculture\benchmark\match_cache\1d3582c8f3de0be023f3b99d27166aa51d46a6f0f8bd84c38ab01f7cddb3c634.json
d703927ca3cfdb7df20e1b896d0fbaadb5ac48d4f3dd313efd9da02c82a13e80	C:\Users\James\kaggriculture\benchmark\match_cache\d703927ca3cfdb7df20e1b896d0fbaadb5ac48d4f3dd313efd9da02c82a13e80.json
3efd89b228ec42a509a0910ea308549310226c5d59af25f4a84cffac0627eea1	C:\Users\James\kaggriculture\benchmark\match_cache\3efd89b228ec42a509a0910ea308549310226c5d59af25f4a84cffac0627eea1.json
021743b5668a6e166e9c84596381faabccdaa237f3b9e8fbbd01325514d5261e	C:\Users\James\kaggriculture\benchmark\match_cache\021743b5668a6e166e9c84596381faabccdaa237f3b9e8fbbd01325514d5261e.json
059d004439446a307fd81ac2f1e51bebf154531b9fb877c4f6bd01311ca1edbb	C:\Users\James\kaggriculture\benchmark\match_cache\059d004439446a307fd81ac2f1e51bebf154531b9fb877c4f6bd01311ca1edbb.json
854e93f1108ff2d1c211e6ab712c169c389b894ecd3a724a04559e1787f65606	C:\Users\James\kaggriculture\benchmark\match_cache\854e93f1108ff2d1c211e6ab712c169c389b894ecd3a724a04559e1787f65606.json
df193963f6e4b9f689258e1b03210ae44a27767e70d0611db65ea7a4c4f8ba1d	C:\Users\James\kaggriculture\benchmark\match_cache\df193963f6e4b9f689258e1b03210ae44a27767e70d0611db65ea7a4c4f8ba1d.json
22e63d60886e3b01794c19c3f353f934d7f354b2fa7c44fc10c7aa8661bde364	C:\Users\James\kaggriculture\benchmark\match_cache\22e63d60886e3b01794c19c3f353f934d7f354b2fa7c44fc10c7aa8661bde364.json
fabe607f6bd70699c1ef24d0472c35835174a83ab15abaf41abc4a603f6e47f9	C:\Users\James\kaggriculture\benchmark\match_cache\fabe607f6bd70699c1ef24d0472c35835174a83ab15abaf41abc4a603f6e47f9.json
296bee20be8c51ce97722a12e6b6bb6c7d2f76a90fee9595ee430b467135353c	C:\Users\James\kaggriculture\benchmark\match_cache\296bee20be8c51ce97722a12e6b6bb6c7d2f76a90fee9595ee430b467135353c.json
43cd7579779eb7497543f2c802747cd462943e3c01a7a69dc9f7a87ab211d663	C:\Users\James\kaggriculture\benchmark\match_cache\43cd7579779eb7497543f2c802747cd462943e3c01a7a69dc9f7a87ab211d663.json
cc5202df87403781cf718c2f0e27ffe56054ab3092b2bad7c3e558cf999a9ef7	C:\Users\James\kaggriculture\benchmark\match_cache\cc5202df87403781cf718c2f0e27ffe56054ab3092b2bad7c3e558cf999a9ef7.json
fa4e9de445cf56584efc4742e3dbd41ae53d288a60c635d4b8e754b62eb17a56	C:\Users\James\kaggriculture\benchmark\match_cache\fa4e9de445cf56584efc4742e3dbd41ae53d288a60c635d4b8e754b62eb17a56.json
68d5d0a06d5ed9ca8305f61e413c813d436ca855cb48c7d992d9b31d6c202a74	C:\Users\James\kaggriculture\benchmark\match_cache\68d5d0a06d5ed9ca8305f61e413c813d436ca855cb48c7d992d9b31d6c202a74.json
33ee80209cb65d337e3df7c9ae179ed5cdebedfc6ab7ba4f2a6556536bdb59b3	C:\Users\James\kaggriculture\benchmark\match_cache\33ee80209cb65d337e3df7c9ae179ed5cdebedfc6ab7ba4f2a6556536bdb59b3.json
2c4b617a06a3b766813d72c674f083c0c9c4451c3ec8cbd1d764626e8a09447f	C:\Users\James\kaggriculture\benchmark\match_cache\2c4b617a06a3b766813d72c674f083c0c9c4451c3ec8cbd1d764626e8a09447f.json
e299044eebaad91620fa94855f979be46913afc62b6060b6979d09dee72fabbb	C:\Users\James\kaggriculture\benchmark\match_cache\e299044eebaad91620fa94855f979be46913afc62b6060b6979d09dee72fabbb.json
f67b8417c25e601447be16b67449e70a40c9c0594708a76305edf7fc3ee11d3c	C:\Users\James\kaggriculture\benchmark\match_cache\f67b8417c25e601447be16b67449e70a40c9c0594708a76305edf7fc3ee11d3c.json
866d55d52cf2e169d9da1308f168c5bc0e08f2edcb78701c412ed58333aa675f	C:\Users\James\kaggriculture\benchmark\match_cache\866d55d52cf2e169d9da1308f168c5bc0e08f2edcb78701c412ed58333aa675f.json
b4ffa544a5f43d7b2c39b4c6885758205a8260cb30dd66ee709068b30cb8ae80	C:\Users\James\kaggriculture\benchmark\match_cache\b4ffa544a5f43d7b2c39b4c6885758205a8260cb30dd66ee709068b30cb8ae80.json
5184f3c7cf4244397523f913b6a74a782dad5232931cd6f9bec66d10e686b697	C:\Users\James\kaggriculture\benchmark\match_cache\5184f3c7cf4244397523f913b6a74a782dad5232931cd6f9bec66d10e686b697.json
8a729533c096f5f490a61ea5e609d73ead61feb30d1080112a3486d6d95ff6bc	C:\Users\James\kaggriculture\benchmark\match_cache\8a729533c096f5f490a61ea5e609d73ead61feb30d1080112a3486d6d95ff6bc.json
39f3e4debf6a35d81865c988b66af97b248a52bcf72d21c14680cb1a5ebffc75	C:\Users\James\kaggriculture\benchmark\match_cache\39f3e4debf6a35d81865c988b66af97b248a52bcf72d21c14680cb1a5ebffc75.json
f9446578eecb14c5f0e714989edc5ab429780e7c8db576d16e4ec5f62f9d91dc	C:\Users\James\kaggriculture\benchmark\match_cache\f9446578eecb14c5f0e714989edc5ab429780e7c8db576d16e4ec5f62f9d91dc.json
11ba6156516cbe56739e37256b2da3c00916141e88929efd2d7238e604f47920	C:\Users\James\kaggriculture\benchmark\match_cache\11ba6156516cbe56739e37256b2da3c00916141e88929efd2d7238e604f47920.json
f3a329f6280dc1d57678e3ee6511b05640325b2618cdcf8c602ba47eb8000abe	C:\Users\James\kaggriculture\benchmark\match_cache\f3a329f6280dc1d57678e3ee6511b05640325b2618cdcf8c602ba47eb8000abe.json
46b145c5aa29742acc76322b5c8b828d6105d7ee765a3d89fccd9c36aa50aa69	C:\Users\James\kaggriculture\benchmark\match_cache\46b145c5aa29742acc76322b5c8b828d6105d7ee765a3d89fccd9c36aa50aa69.json
6c35949a6b911b8c19f0c3629e7e1204d038b573f3b3e78b36a7fd1b7af67a51	C:\Users\James\kaggriculture\benchmark\match_cache\6c35949a6b911b8c19f0c3629e7e1204d038b573f3b3e78b36a7fd1b7af67a51.json
872a27df8aa5accf50bc2b0e8b7bb86ed3245a39c0b364e4c2a7a45bc5f4111c	C:\Users\James\kaggriculture\benchmark\match_cache\872a27df8aa5accf50bc2b0e8b7bb86ed3245a39c0b364e4c2a7a45bc5f4111c.json
3c34ff160e965504fcd1305309e43c074a866e355202e3b191752df72a986595	C:\Users\James\kaggriculture\benchmark\match_cache\3c34ff160e965504fcd1305309e43c074a866e355202e3b191752df72a986595.json
38fcd52c7b81a3a9f9677dd37b2bdd80072f92bc1bc5ea09678e34f0f20659e2	C:\Users\James\kaggriculture\benchmark\match_cache\38fcd52c7b81a3a9f9677dd37b2bdd80072f92bc1bc5ea09678e34f0f20659e2.json
0a217e06a58a36852b7327774ba22d008ebb57e60103fc3c7b3df58d4d2af813	C:\Users\James\kaggriculture\benchmark\match_cache\0a217e06a58a36852b7327774ba22d008ebb57e60103fc3c7b3df58d4d2af813.json
784f286766102525cfc81d4aadf83a4836a46f60cde18007435b019d0fb2791d	C:\Users\James\kaggriculture\benchmark\match_cache\784f286766102525cfc81d4aadf83a4836a46f60cde18007435b019d0fb2791d.json
08a8a30bb8aab06111790dd69e389a9ee163b3183248c51aed7b4526f6aa6c74	C:\Users\James\kaggriculture\benchmark\match_cache\08a8a30bb8aab06111790dd69e389a9ee163b3183248c51aed7b4526f6aa6c74.json
669e7517cd540826076428b74c50930cd0a08d6d68eb33b1c84b07e52c652368	C:\Users\James\kaggriculture\benchmark\match_cache\669e7517cd540826076428b74c50930cd0a08d6d68eb33b1c84b07e52c652368.json
482f4ca5cf128692d37bb33414b92123da79ad65e2f561ab3a406ab2d1d1ae15	C:\Users\James\kaggriculture\benchmark\match_cache\482f4ca5cf128692d37bb33414b92123da79ad65e2f561ab3a406ab2d1d1ae15.json
54d1dc28f50b2a5a26c287fbf368f8d0cf061cd124300834f808c5a52b7db662	C:\Users\James\kaggriculture\benchmark\match_cache\54d1dc28f50b2a5a26c287fbf368f8d0cf061cd124300834f808c5a52b7db662.json
92e61e5a4144ad779c822a10ba9dabbfe6a0f6173756b9e5f946e93a37ed46c2	C:\Users\James\kaggriculture\benchmark\match_cache\92e61e5a4144ad779c822a10ba9dabbfe6a0f6173756b9e5f946e93a37ed46c2.json
dcdf45d65551633bd4c6c338f262d0db8820fcf69b074b495bd5ed5e000a4877	C:\Users\James\kaggriculture\benchmark\match_cache\dcdf45d65551633bd4c6c338f262d0db8820fcf69b074b495bd5ed5e000a4877.json
772002c0686999eed6dac48dd9a2b0eeeceb0f2392a51bd4a2a4b58a802b1523	C:\Users\James\kaggriculture\benchmark\match_cache\772002c0686999eed6dac48dd9a2b0eeeceb0f2392a51bd4a2a4b58a802b1523.json
1b178da5be2fc3a8d521f273cca34eb6ef1fba8494110c4af3af8daaf40d2636	C:\Users\James\kaggriculture\benchmark\match_cache\1b178da5be2fc3a8d521f273cca34eb6ef1fba8494110c4af3af8daaf40d2636.json
f2a67e6915528bb00fa18dd7ffd52158ed8ffddf4eb70109e79979f81ea54fe3	C:\Users\James\kaggriculture\benchmark\match_cache\f2a67e6915528bb00fa18dd7ffd52158ed8ffddf4eb70109e79979f81ea54fe3.json
0f172809802bc3680781d6f49fa1a91efcc2787b50dba1f8286bb60cbeb1ca30	C:\Users\James\kaggriculture\benchmark\match_cache\0f172809802bc3680781d6f49fa1a91efcc2787b50dba1f8286bb60cbeb1ca30.json
43b3310e240ad6ee409bd85f41fe3f6b1db12a1e81e5357915e55a485c15f3f9	C:\Users\James\kaggriculture\benchmark\match_cache\43b3310e240ad6ee409bd85f41fe3f6b1db12a1e81e5357915e55a485c15f3f9.json
282146a3fb93b2db81f1ceef4c51a47f2f3ff2f769952ffc692faff86c0e11a6	C:\Users\James\kaggriculture\benchmark\match_cache\282146a3fb93b2db81f1ceef4c51a47f2f3ff2f769952ffc692faff86c0e11a6.json
2c6f37df2ca85eece2d7afe159de87b7a47ae23b12f977ed2123721c8a32bba2	C:\Users\James\kaggriculture\benchmark\match_cache\2c6f37df2ca85eece2d7afe159de87b7a47ae23b12f977ed2123721c8a32bba2.json
c5a04c7094917bc2bd6e73aee0d2fd0ebf807aa251261091d78d2102681c8970	C:\Users\James\kaggriculture\benchmark\match_cache\c5a04c7094917bc2bd6e73aee0d2fd0ebf807aa251261091d78d2102681c8970.json
1f8a6d9999d0d5097fb5d2ca7392eab2ddd6151d051dd3523a0e02c8673f9080	C:\Users\James\kaggriculture\benchmark\match_cache\1f8a6d9999d0d5097fb5d2ca7392eab2ddd6151d051dd3523a0e02c8673f9080.json
3118873cedc98fb5c778bb7d4410330867816d3470fa69aaf2d1488f31b4f221	C:\Users\James\kaggriculture\benchmark\match_cache\3118873cedc98fb5c778bb7d4410330867816d3470fa69aaf2d1488f31b4f221.json
a51428593402d4d5799993cd7d2542dbba5552c9ab60ff70e3ae16dec88036d4	C:\Users\James\kaggriculture\benchmark\match_cache\a51428593402d4d5799993cd7d2542dbba5552c9ab60ff70e3ae16dec88036d4.json
224cca7614f167059316d30a0310832206c8b37fbc5cffac1eeefba0b98b169c	C:\Users\James\kaggriculture\benchmark\match_cache\224cca7614f167059316d30a0310832206c8b37fbc5cffac1eeefba0b98b169c.json
aa78c73c3b2dd5fb38e4d5fbece4d443e1dc727baedc61e171befaa47d48c139	C:\Users\James\kaggriculture\benchmark\match_cache\aa78c73c3b2dd5fb38e4d5fbece4d443e1dc727baedc61e171befaa47d48c139.json
e6f9b4d626024290967726b920d2b949be2fbbfc2c93ca6e20540dadce3bcbc6	C:\Users\James\kaggriculture\benchmark\match_cache\e6f9b4d626024290967726b920d2b949be2fbbfc2c93ca6e20540dadce3bcbc6.json
04cc78b088d63de3c0894a3c4a6d12521d38ce4483b83e2569cabdac085e9c88	C:\Users\James\kaggriculture\benchmark\match_cache\04cc78b088d63de3c0894a3c4a6d12521d38ce4483b83e2569cabdac085e9c88.json
aa1a6d6b16096f04f9265553d9483bda25b86d320eb4c7ed1687ce5cd18c3303	C:\Users\James\kaggriculture\benchmark\match_cache\aa1a6d6b16096f04f9265553d9483bda25b86d320eb4c7ed1687ce5cd18c3303.json
7a63e4baf78c12e67f67438113e5536156f1565c39c1e1270031a628622e0e3e	C:\Users\James\kaggriculture\benchmark\match_cache\7a63e4baf78c12e67f67438113e5536156f1565c39c1e1270031a628622e0e3e.json
cf57e0eafaa3057b4dcbd12e6185ec9fb26e0951debc3a0a9f947d7a5412968a	C:\Users\James\kaggriculture\benchmark\match_cache\cf57e0eafaa3057b4dcbd12e6185ec9fb26e0951debc3a0a9f947d7a5412968a.json
5182df085d5db11d127572a1cc56cb05eb228be4a54277d2874b2f31b6167451	C:\Users\James\kaggriculture\benchmark\match_cache\5182df085d5db11d127572a1cc56cb05eb228be4a54277d2874b2f31b6167451.json
8d07fc98536b9f7b2775649987c975e4a21b1cddae0299a38a51047a9c49b0db	C:\Users\James\kaggriculture\benchmark\match_cache\8d07fc98536b9f7b2775649987c975e4a21b1cddae0299a38a51047a9c49b0db.json
9c76b5f01eb762d16bb1cc60695c4fa0f33ee24a842b148078b13258413773f6	C:\Users\James\kaggriculture\benchmark\match_cache\9c76b5f01eb762d16bb1cc60695c4fa0f33ee24a842b148078b13258413773f6.json
ff9fcedbe23e6bb5670e55b56fdac6fdc53575273de704ff7e51e05cc47b254b	C:\Users\James\kaggriculture\benchmark\match_cache\ff9fcedbe23e6bb5670e55b56fdac6fdc53575273de704ff7e51e05cc47b254b.json
8a0d157d9fceb59e341f97f2b2e39da104c8d39faa23fa9e1c820a7d4409c0a6	C:\Users\James\kaggriculture\benchmark\match_cache\8a0d157d9fceb59e341f97f2b2e39da104c8d39faa23fa9e1c820a7d4409c0a6.json
3c5268e852fd957cf767d900b90ccaacddafcd801529fc83ac60ca1a00f4f30f	C:\Users\James\kaggriculture\benchmark\match_cache\3c5268e852fd957cf767d900b90ccaacddafcd801529fc83ac60ca1a00f4f30f.json
6e6ed94e9dec2f2cd4cb018a015720bf55b0ad105c41aa1bb8a6891ea2ff1da0	C:\Users\James\kaggriculture\benchmark\match_cache\6e6ed94e9dec2f2cd4cb018a015720bf55b0ad105c41aa1bb8a6891ea2ff1da0.json
090fbcf18313a4c264742616f6b1635e07136fdfbd4dfd8749d08de85f351d8d	C:\Users\James\kaggriculture\benchmark\match_cache\090fbcf18313a4c264742616f6b1635e07136fdfbd4dfd8749d08de85f351d8d.json
0e91443a55d235c0b118e594fd11bbad8adfd7e37d17c63657796940925be821	C:\Users\James\kaggriculture\benchmark\match_cache\0e91443a55d235c0b118e594fd11bbad8adfd7e37d17c63657796940925be821.json
c9df71765923dddfd8fa083d21f77f80dd2b8a5be6abc7ecb2ebd77d7cfe3b80	C:\Users\James\kaggriculture\benchmark\match_cache\c9df71765923dddfd8fa083d21f77f80dd2b8a5be6abc7ecb2ebd77d7cfe3b80.json
86cd02d93f25576e72b66accf804fcfca6d829758773161e39961cdc4a751907	C:\Users\James\kaggriculture\benchmark\match_cache\86cd02d93f25576e72b66accf804fcfca6d829758773161e39961cdc4a751907.json
eb19466e57878368cd4a4df381994fbaa92aab1397e442efe36ea4b66c78d6e8	C:\Users\James\kaggriculture\benchmark\match_cache\eb19466e57878368cd4a4df381994fbaa92aab1397e442efe36ea4b66c78d6e8.json
9d700dba984520599e8654d9342cd3bf74e0710dd6893657ea702f547aea9510	C:\Users\James\kaggriculture\benchmark\match_cache\9d700dba984520599e8654d9342cd3bf74e0710dd6893657ea702f547aea9510.json
9a564af35b32931ca8b8bab629fd19cafbcac53b35410d835a3db6fdb4ff3a09	C:\Users\James\kaggriculture\benchmark\match_cache\9a564af35b32931ca8b8bab629fd19cafbcac53b35410d835a3db6fdb4ff3a09.json
5cd180f9f9d60a722ecdbb1a30d53f842ab2dde20f76b6882b177fa2bf5cb94f	C:\Users\James\kaggriculture\benchmark\match_cache\5cd180f9f9d60a722ecdbb1a30d53f842ab2dde20f76b6882b177fa2bf5cb94f.json
8b93858f2a15177a5f93289d08c3e26179e326b9cf80e1ddf313278b992638ac	C:\Users\James\kaggriculture\benchmark\match_cache\8b93858f2a15177a5f93289d08c3e26179e326b9cf80e1ddf313278b992638ac.json
d0668c1547187a9d16287584a5c26026b4559c2b52dc715b511b89b31b0217b2	C:\Users\James\kaggriculture\benchmark\match_cache\d0668c1547187a9d16287584a5c26026b4559c2b52dc715b511b89b31b0217b2.json
d16dfd74b26458a5ec6e04a2a6ed3ff0715cc3aa73f01915c5f1042afd8346cd	C:\Users\James\kaggriculture\benchmark\match_cache\d16dfd74b26458a5ec6e04a2a6ed3ff0715cc3aa73f01915c5f1042afd8346cd.json
dd9339e910133b8aafd516d44f4497c54d89e25327fa99aa93b84e22eb6bdfbf	C:\Users\James\kaggriculture\benchmark\match_cache\dd9339e910133b8aafd516d44f4497c54d89e25327fa99aa93b84e22eb6bdfbf.json
67a71f70008883ba2331419429c29970e3153e4932f43ae63b20b2267b34d16a	C:\Users\James\kaggriculture\benchmark\match_cache\67a71f70008883ba2331419429c29970e3153e4932f43ae63b20b2267b34d16a.json
0800bf923f922977251193dfd4d31f69136faff08661fa49918f090d19b87981	C:\Users\James\kaggriculture\benchmark\match_cache\0800bf923f922977251193dfd4d31f69136faff08661fa49918f090d19b87981.json
e1c8b65a891be4e885da0c140d1f38e83e7272379af979cccd9b7145b17432ff	C:\Users\James\kaggriculture\benchmark\match_cache\e1c8b65a891be4e885da0c140d1f38e83e7272379af979cccd9b7145b17432ff.json
e75dd2b23bf632f55aa98fd50c0780bb99d7db8e024a90f60ee480ad8dadf9e9	C:\Users\James\kaggriculture\benchmark\match_cache\e75dd2b23bf632f55aa98fd50c0780bb99d7db8e024a90f60ee480ad8dadf9e9.json
f7a0b5e4bfd426f79c2fbe6004fb5b378926bfff5dce81786b6a02a3e609f7cb	C:\Users\James\kaggriculture\benchmark\match_cache\f7a0b5e4bfd426f79c2fbe6004fb5b378926bfff5dce81786b6a02a3e609f7cb.json
dac1c222638b8892af80a67f792cd7f0ba4437fd569b2a57d8b4fdc0d6988fe6	C:\Users\James\kaggriculture\benchmark\match_cache\dac1c222638b8892af80a67f792cd7f0ba4437fd569b2a57d8b4fdc0d6988fe6.json
2745596866e440715c34491b8b41b0bc0174f286d083a9df159c1446f1e86c16	C:\Users\James\kaggriculture\benchmark\match_cache\2745596866e440715c34491b8b41b0bc0174f286d083a9df159c1446f1e86c16.json
b3a3a3e7e985760a24f6035a3feae918830a35724fbf49ef2df59ac3ca09a7e5	C:\Users\James\kaggriculture\benchmark\match_cache\b3a3a3e7e985760a24f6035a3feae918830a35724fbf49ef2df59ac3ca09a7e5.json
8363f813e5b41b8224a00bfa0cc2d9c1f247d1117bbd618d8b2e951dbb75dd63	C:\Users\James\kaggriculture\benchmark\match_cache\8363f813e5b41b8224a00bfa0cc2d9c1f247d1117bbd618d8b2e951dbb75dd63.json
e712399c06c46fa08a7d086985d8cc0952a227ea12f63efd172644a7ec4c8e4e	C:\Users\James\kaggriculture\benchmark\match_cache\e712399c06c46fa08a7d086985d8cc0952a227ea12f63efd172644a7ec4c8e4e.json
88774980f63c9e622dc8e6328a3a5f02a50bc62f360a875384b462ee013dbcd7	C:\Users\James\kaggriculture\benchmark\match_cache\88774980f63c9e622dc8e6328a3a5f02a50bc62f360a875384b462ee013dbcd7.json
ec06fc53f88ca3d0a5d6395c766d9b1284f31ffe2d7874e1511c8f9c6efb6cf9	C:\Users\James\kaggriculture\benchmark\match_cache\ec06fc53f88ca3d0a5d6395c766d9b1284f31ffe2d7874e1511c8f9c6efb6cf9.json
b378ff6ea49412ad97f275ea4768b7768f4cb34cea20db351697fa2ecd085595	C:\Users\James\kaggriculture\benchmark\match_cache\b378ff6ea49412ad97f275ea4768b7768f4cb34cea20db351697fa2ecd085595.json
5f8f5b8901125993f089055279746718daa006f6e65982afea864c79272c7b1d	C:\Users\James\kaggriculture\benchmark\match_cache\5f8f5b8901125993f089055279746718daa006f6e65982afea864c79272c7b1d.json
755625674d7299645918938ef62f6cf869d2c009f7db3beaf7a85d7cce1264e0	C:\Users\James\kaggriculture\benchmark\match_cache\755625674d7299645918938ef62f6cf869d2c009f7db3beaf7a85d7cce1264e0.json
824333f2b01c94c7e6332469e9fddb090583e97b42a3275267babd14e0c9c447	C:\Users\James\kaggriculture\benchmark\match_cache\824333f2b01c94c7e6332469e9fddb090583e97b42a3275267babd14e0c9c447.json
07d76e5ec804d8f3c151506a4e6c249ed06713a4f9c1d5082e3e26b12b55e015	C:\Users\James\kaggriculture\benchmark\match_cache\07d76e5ec804d8f3c151506a4e6c249ed06713a4f9c1d5082e3e26b12b55e015.json
a8c4d1d746a1cf8c13131382dbb1da956e2f0e5582c38be17d03d748530becd0	C:\Users\James\kaggriculture\benchmark\match_cache\a8c4d1d746a1cf8c13131382dbb1da956e2f0e5582c38be17d03d748530becd0.json
82d222c7e0c4d1889da513532f85b65c09c19c5cfc13a77f944438e85085d0e1	C:\Users\James\kaggriculture\benchmark\match_cache\82d222c7e0c4d1889da513532f85b65c09c19c5cfc13a77f944438e85085d0e1.json
02f51ddd3d673058d15d2027a0922ced3f57f0061f20ed1f66a8ebe17714c0cd	C:\Users\James\kaggriculture\benchmark\match_cache\02f51ddd3d673058d15d2027a0922ced3f57f0061f20ed1f66a8ebe17714c0cd.json
0c1e746e5c728dfd9250689cc939996182c2486bda1a57b822ee5c8ef22a0044	C:\Users\James\kaggriculture\benchmark\match_cache\0c1e746e5c728dfd9250689cc939996182c2486bda1a57b822ee5c8ef22a0044.json
1bf0abf339ad43c46bd9fed5c5c6ff7aa56f8ae00681bb219e9a3a5137caa8d2	C:\Users\James\kaggriculture\benchmark\match_cache\1bf0abf339ad43c46bd9fed5c5c6ff7aa56f8ae00681bb219e9a3a5137caa8d2.json
cc82aa8efe68f6576ffa46674d9acc114cedffac7af11c3bad00cdf350c8d59c	C:\Users\James\kaggriculture\benchmark\match_cache\cc82aa8efe68f6576ffa46674d9acc114cedffac7af11c3bad00cdf350c8d59c.json
5877cad25ee89b4517d204f86a5c0ec01afe9aa71f59b8cd08faf6d69a6f0751	C:\Users\James\kaggriculture\benchmark\match_cache\5877cad25ee89b4517d204f86a5c0ec01afe9aa71f59b8cd08faf6d69a6f0751.json
24c576c32c69683703d718bf8f6201e9a4eb2b0fdc8d9233badf0ab620e375b0	C:\Users\James\kaggriculture\benchmark\match_cache\24c576c32c69683703d718bf8f6201e9a4eb2b0fdc8d9233badf0ab620e375b0.json
a56d3bf149489d62c2a6adff55f0eb0f5df948ec457286f2bf3f365a78c0063c	C:\Users\James\kaggriculture\benchmark\match_cache\a56d3bf149489d62c2a6adff55f0eb0f5df948ec457286f2bf3f365a78c0063c.json
8009ed8bd224aaee87c9a2be3734df6b1db5fd91b6ac7d864da8454264fec007	C:\Users\James\kaggriculture\benchmark\match_cache\8009ed8bd224aaee87c9a2be3734df6b1db5fd91b6ac7d864da8454264fec007.json
b52edadc1af51b75b7d410726c530c57f6cd4af7d50f319da42c710969170d76	C:\Users\James\kaggriculture\benchmark\match_cache\b52edadc1af51b75b7d410726c530c57f6cd4af7d50f319da42c710969170d76.json
aaf1215bf235ceb000dd17e0a732d8a67fb94aefeb0eddaac5b48e6497b53e68	C:\Users\James\kaggriculture\benchmark\match_cache\aaf1215bf235ceb000dd17e0a732d8a67fb94aefeb0eddaac5b48e6497b53e68.json
5fbda8303b4e7db3af342e077086e76376968413c258061eb1d925631e9c453a	C:\Users\James\kaggriculture\benchmark\match_cache\5fbda8303b4e7db3af342e077086e76376968413c258061eb1d925631e9c453a.json
d10633c3db1be3186bf3eaf156ba5de1030892069f1f1977cff927b97a5113bb	C:\Users\James\kaggriculture\benchmark\match_cache\d10633c3db1be3186bf3eaf156ba5de1030892069f1f1977cff927b97a5113bb.json
2ccbace20d8278a84c646d5b722f4725daa214d8f66de0632c151b812ba25545	C:\Users\James\kaggriculture\benchmark\match_cache\2ccbace20d8278a84c646d5b722f4725daa214d8f66de0632c151b812ba25545.json
ae4543704785292d33c1034d06c8d8c4f282caa3a01a3fa27d8e8ee88e96274c	C:\Users\James\kaggriculture\benchmark\match_cache\ae4543704785292d33c1034d06c8d8c4f282caa3a01a3fa27d8e8ee88e96274c.json
f70bea39e6643bcc1712e5eb1dc93aa3572c585bae53b3fff5391c6ed3704323	C:\Users\James\kaggriculture\benchmark\match_cache\f70bea39e6643bcc1712e5eb1dc93aa3572c585bae53b3fff5391c6ed3704323.json
6186862910302668d131a61dd7588fa450139dc9f4d5631aefceeda70c90580d	C:\Users\James\kaggriculture\benchmark\match_cache\6186862910302668d131a61dd7588fa450139dc9f4d5631aefceeda70c90580d.json
a15f70573d24f26718215081e69b724ba541ea59e2acb9d5960b5c20cbf51c6f	C:\Users\James\kaggriculture\benchmark\match_cache\a15f70573d24f26718215081e69b724ba541ea59e2acb9d5960b5c20cbf51c6f.json
c1bb0b322e68626c66ed2009f90eb19c44dc4cea946e092976ebf5321e796fae	C:\Users\James\kaggriculture\benchmark\match_cache\c1bb0b322e68626c66ed2009f90eb19c44dc4cea946e092976ebf5321e796fae.json
1e792a3c27afa1a32c33111f8d5f834763c3b6b46202ffbef4efd07acf3a14ad	C:\Users\James\kaggriculture\benchmark\match_cache\1e792a3c27afa1a32c33111f8d5f834763c3b6b46202ffbef4efd07acf3a14ad.json
bbbe6613053c665bf23adb4c97ee99f174360ad60bb0bbf98d6d7507e0922cf3	C:\Users\James\kaggriculture\benchmark\match_cache\bbbe6613053c665bf23adb4c97ee99f174360ad60bb0bbf98d6d7507e0922cf3.json
24dd16237ca043074216f129a899f0ca13b5ba12bfad8e7a3ff6f7092ed5063d	C:\Users\James\kaggriculture\benchmark\match_cache\24dd16237ca043074216f129a899f0ca13b5ba12bfad8e7a3ff6f7092ed5063d.json
7b2000b8d783f7e813d8a9f3974584a67ae1fd1e59595dfdbab2e23a1e36de2c	C:\Users\James\kaggriculture\benchmark\match_cache\7b2000b8d783f7e813d8a9f3974584a67ae1fd1e59595dfdbab2e23a1e36de2c.json
793713de4b250a4b76cb17c29d1a10f34f016cae4d13979efe402da22b8b2dac	C:\Users\James\kaggriculture\benchmark\match_cache\793713de4b250a4b76cb17c29d1a10f34f016cae4d13979efe402da22b8b2dac.json
9f91e8d38d1470e98c3611057308233441d6863eafe1ef985dc2959137743624	C:\Users\James\kaggriculture\benchmark\match_cache\9f91e8d38d1470e98c3611057308233441d6863eafe1ef985dc2959137743624.json
437c31719f2d707eebee1922c769cf96fe82048783f03f53a587426e69d1c05c	C:\Users\James\kaggriculture\benchmark\match_cache\437c31719f2d707eebee1922c769cf96fe82048783f03f53a587426e69d1c05c.json
82abf207ce61cd8223aea48a0eb93da0e1fe659b612e5596b0306f86775201e9	C:\Users\James\kaggriculture\benchmark\match_cache\82abf207ce61cd8223aea48a0eb93da0e1fe659b612e5596b0306f86775201e9.json
7e65e068f1e0bef29c43e2eb5347c555b0c86ad0338b42d63a531bc771eacd63	C:\Users\James\kaggriculture\benchmark\match_cache\7e65e068f1e0bef29c43e2eb5347c555b0c86ad0338b42d63a531bc771eacd63.json
60e308279b88d6413b3a20a6df0178e7ae183a873e83e7f023fb57125925df03	C:\Users\James\kaggriculture\benchmark\match_cache\60e308279b88d6413b3a20a6df0178e7ae183a873e83e7f023fb57125925df03.json
9c8a586e1a9bab78abdc233772f176de4054882e15b068ead1b5e617110e27ab	C:\Users\James\kaggriculture\benchmark\match_cache\9c8a586e1a9bab78abdc233772f176de4054882e15b068ead1b5e617110e27ab.json
40d4920c96eed9940b54f8b9b59a61d5d65cb10c08ab559d33c32893d5bb3109	C:\Users\James\kaggriculture\benchmark\match_cache\40d4920c96eed9940b54f8b9b59a61d5d65cb10c08ab559d33c32893d5bb3109.json
c19dec2e37eecf0831f774ad13b9b23f31ba32d86220c503d5b4397cc1852a75	C:\Users\James\kaggriculture\benchmark\match_cache\c19dec2e37eecf0831f774ad13b9b23f31ba32d86220c503d5b4397cc1852a75.json
66c17e4a1031e1c0d91a2beae09aa9dcc48bfb587dd252750314185422be2ee1	C:\Users\James\kaggriculture\benchmark\match_cache\66c17e4a1031e1c0d91a2beae09aa9dcc48bfb587dd252750314185422be2ee1.json
4a840256b1b4656a5e29a15513734ff611d88767899a96c2276537c800e9921e	C:\Users\James\kaggriculture\benchmark\match_cache\4a840256b1b4656a5e29a15513734ff611d88767899a96c2276537c800e9921e.json
7f3ce3cd35f335347f079e09daf50cfddd37c064add086c763897e75fe6263b4	C:\Users\James\kaggriculture\benchmark\match_cache\7f3ce3cd35f335347f079e09daf50cfddd37c064add086c763897e75fe6263b4.json
c3f4e283841c196cb505bfc43c70019d3568aacd2d8ace9b556bcb8eb997061b	C:\Users\James\kaggriculture\benchmark\match_cache\c3f4e283841c196cb505bfc43c70019d3568aacd2d8ace9b556bcb8eb997061b.json
884bd567728e35586f6fae73df5f74fc69365fcb354415efc9c1cc2d6a04800a	C:\Users\James\kaggriculture\benchmark\match_cache\884bd567728e35586f6fae73df5f74fc69365fcb354415efc9c1cc2d6a04800a.json
0718bb1f6a82db0be09521ed2c113df16f064de147e242cd5c75bd6574ef2ee1	C:\Users\James\kaggriculture\benchmark\match_cache\0718bb1f6a82db0be09521ed2c113df16f064de147e242cd5c75bd6574ef2ee1.json
bc9d45c102182a9490451e3fc54a07d628e51f8bc1a9730036dc6eb7b80cdc7d	C:\Users\James\kaggriculture\benchmark\match_cache\bc9d45c102182a9490451e3fc54a07d628e51f8bc1a9730036dc6eb7b80cdc7d.json
06e973d434b0d46a8cedea143c81d6f4204fa433d45f0c61743310e796889e2c	C:\Users\James\kaggriculture\benchmark\match_cache\06e973d434b0d46a8cedea143c81d6f4204fa433d45f0c61743310e796889e2c.json
8d79ba86029be9b8e01a6d1f79dc50a5c51335d73815fa0399a83c9802962fcb	C:\Users\James\kaggriculture\benchmark\match_cache\8d79ba86029be9b8e01a6d1f79dc50a5c51335d73815fa0399a83c9802962fcb.json
5167ee1c6491d2a11b111a99f0c912fd549b10efaf79d3ecd381d3d4bb7a3dec	C:\Users\James\kaggriculture\benchmark\match_cache\5167ee1c6491d2a11b111a99f0c912fd549b10efaf79d3ecd381d3d4bb7a3dec.json
9888f4b07a8a693f565b16d6912c1807555fd08cac7c2a989b13a242d338a37e	C:\Users\James\kaggriculture\benchmark\match_cache\9888f4b07a8a693f565b16d6912c1807555fd08cac7c2a989b13a242d338a37e.json
53f9c39d95dd6968eeec2caedfecc35f4dcf35b26ae6de2e822fc4da027a5b21	C:\Users\James\kaggriculture\benchmark\match_cache\53f9c39d95dd6968eeec2caedfecc35f4dcf35b26ae6de2e822fc4da027a5b21.json
a69362564c44ac67c9bd2e017c3440e1ce665f1f81da5aea2bb53c8f3cebe7a4	C:\Users\James\kaggriculture\benchmark\match_cache\a69362564c44ac67c9bd2e017c3440e1ce665f1f81da5aea2bb53c8f3cebe7a4.json
2f8bcb62a80730d593e133d6112180d65cc3d002a4d6efd291ad8c48cafb0bb1	C:\Users\James\kaggriculture\benchmark\match_cache\2f8bcb62a80730d593e133d6112180d65cc3d002a4d6efd291ad8c48cafb0bb1.json
d0b4d35c199a3d79d3749e204f58a56c8cf0ccba325e979b300d65dd0b937b6d	C:\Users\James\kaggriculture\benchmark\match_cache\d0b4d35c199a3d79d3749e204f58a56c8cf0ccba325e979b300d65dd0b937b6d.json
e93f29f6fc55f92157690061e57ba802c9464809358b4aca806fa76575bf5ca3	C:\Users\James\kaggriculture\benchmark\match_cache\e93f29f6fc55f92157690061e57ba802c9464809358b4aca806fa76575bf5ca3.json
0fead0c9e7770e973b968d36bcb6dabeae0767296de341561bc2aa63790ab8ed	C:\Users\James\kaggriculture\benchmark\match_cache\0fead0c9e7770e973b968d36bcb6dabeae0767296de341561bc2aa63790ab8ed.json
29fba68e177c95d0c8b5f7af56b7ee8e6745ea2f08238ac58ed0c28688a859d7	C:\Users\James\kaggriculture\benchmark\match_cache\29fba68e177c95d0c8b5f7af56b7ee8e6745ea2f08238ac58ed0c28688a859d7.json
55224822e56ba69b178c2dde65fced20d7d4b8e4cb5cc7f8e7484e691e81c640	C:\Users\James\kaggriculture\benchmark\match_cache\55224822e56ba69b178c2dde65fced20d7d4b8e4cb5cc7f8e7484e691e81c640.json
0aa8c0e1856345e88bcc50583376d52646f17b01bec41820a1386908d5116271	C:\Users\James\kaggriculture\benchmark\match_cache\0aa8c0e1856345e88bcc50583376d52646f17b01bec41820a1386908d5116271.json
371b6ad315f6ea3257089d443daf70e1b5b60c47048313b32807d6fd5e8329dc	C:\Users\James\kaggriculture\benchmark\match_cache\371b6ad315f6ea3257089d443daf70e1b5b60c47048313b32807d6fd5e8329dc.json
45d933b9d906434621655c5e9cfb6d25c654df9919d98cc02e13fe8cc585e397	C:\Users\James\kaggriculture\benchmark\match_cache\45d933b9d906434621655c5e9cfb6d25c654df9919d98cc02e13fe8cc585e397.json
bfe1765b9bb484d9f76c26d63ca9dc68edab2325e26ef945216dcd13c52ae4b3	C:\Users\James\kaggriculture\benchmark\match_cache\bfe1765b9bb484d9f76c26d63ca9dc68edab2325e26ef945216dcd13c52ae4b3.json
baa78004258c0fe4f3bdfc705417c27bfb2cc329344f1252e757a90872c566eb	C:\Users\James\kaggriculture\benchmark\match_cache\baa78004258c0fe4f3bdfc705417c27bfb2cc329344f1252e757a90872c566eb.json
3c8694a302618e962eaec3d835fbc97489c80bf8bc740ce8b8e1ccfced83f8b8	C:\Users\James\kaggriculture\benchmark\match_cache\3c8694a302618e962eaec3d835fbc97489c80bf8bc740ce8b8e1ccfced83f8b8.json
56820c03184543bdd1714896704e6ad02f4c144f48e4b581bacac6bd568be645	C:\Users\James\kaggriculture\benchmark\match_cache\56820c03184543bdd1714896704e6ad02f4c144f48e4b581bacac6bd568be645.json
e4affc65824286b74dcc1a7059225d502095557800c4111394417144b0f7b98d	C:\Users\James\kaggriculture\benchmark\match_cache\e4affc65824286b74dcc1a7059225d502095557800c4111394417144b0f7b98d.json
445b6ab60807baade08104c751820aa935c68ff4d623ff23252ac13d5d7be512	C:\Users\James\kaggriculture\benchmark\match_cache\445b6ab60807baade08104c751820aa935c68ff4d623ff23252ac13d5d7be512.json
379dd53278fb9122be2bd87fe9374facd3855ad24daea3b3ee7be870d42b4d16	C:\Users\James\kaggriculture\benchmark\match_cache\379dd53278fb9122be2bd87fe9374facd3855ad24daea3b3ee7be870d42b4d16.json
390c9254a95b82983c33adb1578f3afe12539a9139f9720fbbd19130d2617c28	C:\Users\James\kaggriculture\benchmark\match_cache\390c9254a95b82983c33adb1578f3afe12539a9139f9720fbbd19130d2617c28.json
22b4ef110041edac728ccbcf1df815c9e6fc9fdda250f0d16e20e1172fc42646	C:\Users\James\kaggriculture\benchmark\match_cache\22b4ef110041edac728ccbcf1df815c9e6fc9fdda250f0d16e20e1172fc42646.json
13a087b204373ad90c4d946656339abc4aef5c62e1a2d1764920228979fcf813	C:\Users\James\kaggriculture\benchmark\match_cache\13a087b204373ad90c4d946656339abc4aef5c62e1a2d1764920228979fcf813.json
1d18aee7e1b6dc0c391cd104001e9444006125d1f66c9343ac93d949b63f2464	C:\Users\James\kaggriculture\benchmark\match_cache\1d18aee7e1b6dc0c391cd104001e9444006125d1f66c9343ac93d949b63f2464.json
44e872787ad3571c239fa6e1c5a3ab1304016ab22752bec4ecd7181e917be059	C:\Users\James\kaggriculture\benchmark\match_cache\44e872787ad3571c239fa6e1c5a3ab1304016ab22752bec4ecd7181e917be059.json
4eb331ba89f175ab8c5efc7828e7947bd0c12ec41d98445aa85cd7756e978d83	C:\Users\James\kaggriculture\benchmark\match_cache\4eb331ba89f175ab8c5efc7828e7947bd0c12ec41d98445aa85cd7756e978d83.json
46a2890106f8639d6b809db8bd4a69da540114eab5a7a17b215a81e3538c1ec1	C:\Users\James\kaggriculture\benchmark\match_cache\46a2890106f8639d6b809db8bd4a69da540114eab5a7a17b215a81e3538c1ec1.json
940e23be1320ec9c8e6e9a58686adc546b1b1ba7d65481e8b7972611761555e5	C:\Users\James\kaggriculture\benchmark\match_cache\940e23be1320ec9c8e6e9a58686adc546b1b1ba7d65481e8b7972611761555e5.json
7a6c6b5abf42ffaac9c1b137d731e33a4aa1cc645652c0f86179f94d993e6ece	C:\Users\James\kaggriculture\benchmark\match_cache\7a6c6b5abf42ffaac9c1b137d731e33a4aa1cc645652c0f86179f94d993e6ece.json
f6ed91cb49c1663cf4414ecd5edc544ab86cc0233e63da1e9caf382ee9985dc1	C:\Users\James\kaggriculture\benchmark\match_cache\f6ed91cb49c1663cf4414ecd5edc544ab86cc0233e63da1e9caf382ee9985dc1.json
77ffd5cd093a5525d1d94e32047678e9bb9d0d9fd59ce97278137b392c5de605	C:\Users\James\kaggriculture\benchmark\match_cache\77ffd5cd093a5525d1d94e32047678e9bb9d0d9fd59ce97278137b392c5de605.json
5649d73798d922d67f60e833fe9ad479ef1f96bae27a880df3f67c7c26d73137	C:\Users\James\kaggriculture\benchmark\match_cache\5649d73798d922d67f60e833fe9ad479ef1f96bae27a880df3f67c7c26d73137.json
990171c6651f81876b7e02b7f3266165ccfe189231e22db1c99e24d722c6e657	C:\Users\James\kaggriculture\benchmark\match_cache\990171c6651f81876b7e02b7f3266165ccfe189231e22db1c99e24d722c6e657.json
1f1cae4de74c7b30e3c71a2b6c046e89b50eb127dd7e5b571fbebc4fc4f881bf	C:\Users\James\kaggriculture\benchmark\match_cache\1f1cae4de74c7b30e3c71a2b6c046e89b50eb127dd7e5b571fbebc4fc4f881bf.json
3b454db291baa58a4f421bc4234700b0b9d6c3bd18f8eecdba45470300f92f36	C:\Users\James\kaggriculture\benchmark\match_cache\3b454db291baa58a4f421bc4234700b0b9d6c3bd18f8eecdba45470300f92f36.json
5bef2b60e0a6a8b069f8aaa9801bcb9c80c498e9a1a1a6620efc06e60e041a9c	C:\Users\James\kaggriculture\benchmark\match_cache\5bef2b60e0a6a8b069f8aaa9801bcb9c80c498e9a1a1a6620efc06e60e041a9c.json
da3ac44e6a8f523e48b2523d1455357f80850ad267792be236977a441f772afe	C:\Users\James\kaggriculture\benchmark\match_cache\da3ac44e6a8f523e48b2523d1455357f80850ad267792be236977a441f772afe.json
b89fc9df654456f22f818a6220798c428db908e4e2366c6e836b539d4777de29	C:\Users\James\kaggriculture\benchmark\match_cache\b89fc9df654456f22f818a6220798c428db908e4e2366c6e836b539d4777de29.json
44f3af9f6c34ab2b380763812b5bd0cdcf2257b2276895ac1e2e2f05ecc29214	C:\Users\James\kaggriculture\benchmark\match_cache\44f3af9f6c34ab2b380763812b5bd0cdcf2257b2276895ac1e2e2f05ecc29214.json
1bb3ad5242eb17ab8164ff6b6fa1bbf984c0c7caab6727e3dfb0f0f1189c1231	C:\Users\James\kaggriculture\benchmark\match_cache\1bb3ad5242eb17ab8164ff6b6fa1bbf984c0c7caab6727e3dfb0f0f1189c1231.json
54821a0e3dfffc419dc80c85ee2fe141639bc99252bd78c35cdd8593dbc9b286	C:\Users\James\kaggriculture\benchmark\match_cache\54821a0e3dfffc419dc80c85ee2fe141639bc99252bd78c35cdd8593dbc9b286.json
fb4283e7fea292ae2de4deb5a29945e664ca05380af515ea355a654b79729042	C:\Users\James\kaggriculture\benchmark\match_cache\fb4283e7fea292ae2de4deb5a29945e664ca05380af515ea355a654b79729042.json
8c0f15606ef4ab9f41b614d7e049d2908837147d7954bf6160eca2f0551d6f1b	C:\Users\James\kaggriculture\benchmark\match_cache\8c0f15606ef4ab9f41b614d7e049d2908837147d7954bf6160eca2f0551d6f1b.json
6c9470946bb448f92b7365fccceecae7148e64ed51bc97cba17e00308e0c000d	C:\Users\James\kaggriculture\benchmark\match_cache\6c9470946bb448f92b7365fccceecae7148e64ed51bc97cba17e00308e0c000d.json
92a80a6d5e56f13f47aa405894fc0ec51ae45fe4cf180a00e354374902f24786	C:\Users\James\kaggriculture\benchmark\match_cache\92a80a6d5e56f13f47aa405894fc0ec51ae45fe4cf180a00e354374902f24786.json
98c8408f26aab9a8145d755c7ab66bf83d8bdf53cc9659c5f2408fa0188bdd7b	C:\Users\James\kaggriculture\benchmark\match_cache\98c8408f26aab9a8145d755c7ab66bf83d8bdf53cc9659c5f2408fa0188bdd7b.json
1ce1cd5f8508aa1609a687582b874c29fc1c4b440625ba2275c22a50c22f8f30	C:\Users\James\kaggriculture\benchmark\match_cache\1ce1cd5f8508aa1609a687582b874c29fc1c4b440625ba2275c22a50c22f8f30.json
8c0c2e791b6e41278c0bc75b3ef0aa801259cb3503706e46ba8702acf03404e0	C:\Users\James\kaggriculture\benchmark\match_cache\8c0c2e791b6e41278c0bc75b3ef0aa801259cb3503706e46ba8702acf03404e0.json
58817986b782aa0c19e5047ca46c4fef6dc097acc5b77c1e7eb584588aed6e52	C:\Users\James\kaggriculture\benchmark\match_cache\58817986b782aa0c19e5047ca46c4fef6dc097acc5b77c1e7eb584588aed6e52.json
9aa620d4ec2d90ce6348cd341d44cd96a76687a208bea9859a9727fac4452bd9	C:\Users\James\kaggriculture\benchmark\match_cache\9aa620d4ec2d90ce6348cd341d44cd96a76687a208bea9859a9727fac4452bd9.json
521648e8c89bc2bf32317c1e29221db0e64c8f2f034ade6fdc34fb6b3a7964a4	C:\Users\James\kaggriculture\benchmark\match_cache\521648e8c89bc2bf32317c1e29221db0e64c8f2f034ade6fdc34fb6b3a7964a4.json
025c4a0d29163f38e9ba93e8d2496de97f0bffb259cf8c0f686ed58bbb442283	C:\Users\James\kaggriculture\benchmark\match_cache\025c4a0d29163f38e9ba93e8d2496de97f0bffb259cf8c0f686ed58bbb442283.json
f1ae2bf425704dd71fb5f334cc97c4d797ce31991486df2a23bfd8b74b013a49	C:\Users\James\kaggriculture\benchmark\match_cache\f1ae2bf425704dd71fb5f334cc97c4d797ce31991486df2a23bfd8b74b013a49.json
32509456c26e3df48ee7bfdadc8514476a0cd8649064b84999dfbf6a87a3234d	C:\Users\James\kaggriculture\benchmark\match_cache\32509456c26e3df48ee7bfdadc8514476a0cd8649064b84999dfbf6a87a3234d.json
abd6d505ab234346ea919318b891b0a3d45f951794634df8ad11616326aa7ffc	C:\Users\James\kaggriculture\benchmark\match_cache\abd6d505ab234346ea919318b891b0a3d45f951794634df8ad11616326aa7ffc.json
bdc60300e3581f0f228d070c6d498570babd8b134c432c53b1fee44dc1435e1a	C:\Users\James\kaggriculture\benchmark\match_cache\bdc60300e3581f0f228d070c6d498570babd8b134c432c53b1fee44dc1435e1a.json
3351942bd135eec121e1140615f51b2ae1764a54da1d60e99a97b26fdc92139e	C:\Users\James\kaggriculture\benchmark\match_cache\3351942bd135eec121e1140615f51b2ae1764a54da1d60e99a97b26fdc92139e.json
eafaacf32c9b6f74d1351f0ba199c7a9b9babf9ccd9d93e8df0692d956110e9e	C:\Users\James\kaggriculture\benchmark\match_cache\eafaacf32c9b6f74d1351f0ba199c7a9b9babf9ccd9d93e8df0692d956110e9e.json
36eeb047ced5ac417cf361f33d0b2656f810e5042e98aae8dc19fdf49de5317d	C:\Users\James\kaggriculture\benchmark\match_cache\36eeb047ced5ac417cf361f33d0b2656f810e5042e98aae8dc19fdf49de5317d.json
f141f61526714953cd324847a86ed978bc6b28199d140ade829622934343334d	C:\Users\James\kaggriculture\benchmark\match_cache\f141f61526714953cd324847a86ed978bc6b28199d140ade829622934343334d.json
6c127e4cd342811ff99ca9255cefa9c8cfd1bd80508a1bf5e9470d533cacabd3	C:\Users\James\kaggriculture\benchmark\match_cache\6c127e4cd342811ff99ca9255cefa9c8cfd1bd80508a1bf5e9470d533cacabd3.json
a47903523796facb62fa16bab07e61ca18afbc27ec11faf7dcbf720d0d3291a5	C:\Users\James\kaggriculture\benchmark\match_cache\a47903523796facb62fa16bab07e61ca18afbc27ec11faf7dcbf720d0d3291a5.json
0f3033ef1729f816f175262e29a76513e558e8cddb84c939b6f43340f1bc18ad	C:\Users\James\kaggriculture\benchmark\match_cache\0f3033ef1729f816f175262e29a76513e558e8cddb84c939b6f43340f1bc18ad.json
3bd425792c7955d27f268ab9af77b6c8501cec490e7837b29439280067a3a65d	C:\Users\James\kaggriculture\benchmark\match_cache\3bd425792c7955d27f268ab9af77b6c8501cec490e7837b29439280067a3a65d.json
e23900817adfb4889cf787e45379aaca9cb7ba92bd3d56b690f1fc4759a33109	C:\Users\James\kaggriculture\benchmark\match_cache\e23900817adfb4889cf787e45379aaca9cb7ba92bd3d56b690f1fc4759a33109.json
ce052823ab6431b8135bcce5fc9bb59fa043ba412b951867ee7e888500a1a070	C:\Users\James\kaggriculture\benchmark\match_cache\ce052823ab6431b8135bcce5fc9bb59fa043ba412b951867ee7e888500a1a070.json
d2375c27f95d0323bc0ed944d7116c2375be744a1f64460fead84f423ebff925	C:\Users\James\kaggriculture\benchmark\match_cache\d2375c27f95d0323bc0ed944d7116c2375be744a1f64460fead84f423ebff925.json
815ba03fe5ba6440ab8a1683a92cfe2e8c36ef49663269cc91aaf1b52788445b	C:\Users\James\kaggriculture\benchmark\match_cache\815ba03fe5ba6440ab8a1683a92cfe2e8c36ef49663269cc91aaf1b52788445b.json
747554ea2444897b5a969e59724a5065c79ad9c1b181bfaf9d12a339d21abb86	C:\Users\James\kaggriculture\benchmark\match_cache\747554ea2444897b5a969e59724a5065c79ad9c1b181bfaf9d12a339d21abb86.json
1076e9d15d6cbdee18c7db48f7b5429a480594a56b9ae23f78ee26daa48a1b4a	C:\Users\James\kaggriculture\benchmark\match_cache\1076e9d15d6cbdee18c7db48f7b5429a480594a56b9ae23f78ee26daa48a1b4a.json
45ab347d5a06890d3a940f304b956e42d0f84d362da66f69e41b0cc3e39b1da9	C:\Users\James\kaggriculture\benchmark\match_cache\45ab347d5a06890d3a940f304b956e42d0f84d362da66f69e41b0cc3e39b1da9.json
de216774421fc01543918d1d1d67700c772d40fedccd8f5ce516d323c00fb650	C:\Users\James\kaggriculture\benchmark\match_cache\de216774421fc01543918d1d1d67700c772d40fedccd8f5ce516d323c00fb650.json
b995bbbc17fe92bf2d5d7847d96c8fbbf0e314725c9ea7af3ca87c3efbe4e844	C:\Users\James\kaggriculture\benchmark\match_cache\b995bbbc17fe92bf2d5d7847d96c8fbbf0e314725c9ea7af3ca87c3efbe4e844.json
1b23007433c3a458b14958ad29da4e56b5933738173419cf985f4a0d283e5769	C:\Users\James\kaggriculture\benchmark\match_cache\1b23007433c3a458b14958ad29da4e56b5933738173419cf985f4a0d283e5769.json
ec31c7f8457a50d925fa9e33b14ea79f237a52eb133d1ed221e961b1e9b9514c	C:\Users\James\kaggriculture\benchmark\match_cache\ec31c7f8457a50d925fa9e33b14ea79f237a52eb133d1ed221e961b1e9b9514c.json
7f31ab954de640acd0cea7dc0f9bf27e164b399bddbbf7b61dd098e7d6b25774	C:\Users\James\kaggriculture\benchmark\match_cache\7f31ab954de640acd0cea7dc0f9bf27e164b399bddbbf7b61dd098e7d6b25774.json
9a1b37d152ecf8ed6e643a41425873e291e102d44a366dee884ca08c79850430	C:\Users\James\kaggriculture\benchmark\match_cache\9a1b37d152ecf8ed6e643a41425873e291e102d44a366dee884ca08c79850430.json
8fa0498661a3a464a4e516480f5ac5313d0adf8d3d067a7caaa288bcce8dc15d	C:\Users\James\kaggriculture\benchmark\match_cache\8fa0498661a3a464a4e516480f5ac5313d0adf8d3d067a7caaa288bcce8dc15d.json
42e1ae70dd0fff32cf6d4ee0d80cbaa53e6f9357ff6d7d165b909e63f1774d7e	C:\Users\James\kaggriculture\benchmark\match_cache\42e1ae70dd0fff32cf6d4ee0d80cbaa53e6f9357ff6d7d165b909e63f1774d7e.json
09ffc8743e5efa174d6446705cd0460648dbd3267d538a61c2d56d549a5e1a28	C:\Users\James\kaggriculture\benchmark\match_cache\09ffc8743e5efa174d6446705cd0460648dbd3267d538a61c2d56d549a5e1a28.json
122437f1330733c6a587455fc9a35951833c8530a43887687e9272cc335e4fe1	C:\Users\James\kaggriculture\benchmark\match_cache\122437f1330733c6a587455fc9a35951833c8530a43887687e9272cc335e4fe1.json
792724e6b65e0db0dd71eeca2894a66174c574f70efffb3791bd55fea1f47d2c	C:\Users\James\kaggriculture\benchmark\match_cache\792724e6b65e0db0dd71eeca2894a66174c574f70efffb3791bd55fea1f47d2c.json
2c134aabf9bd7ce28fe584cc951c9a324ed453a764e2838cf3cfad240c67ce5e	C:\Users\James\kaggriculture\benchmark\match_cache\2c134aabf9bd7ce28fe584cc951c9a324ed453a764e2838cf3cfad240c67ce5e.json
0ae9e637a1f81a9cb588d9d8328a378617587c4d3069fd28b748f7aac022bb22	C:\Users\James\kaggriculture\benchmark\match_cache\0ae9e637a1f81a9cb588d9d8328a378617587c4d3069fd28b748f7aac022bb22.json
f5177e96db2619551a18d34a67756d3eae728c5589e5207562498a4318657cad	C:\Users\James\kaggriculture\benchmark\match_cache\f5177e96db2619551a18d34a67756d3eae728c5589e5207562498a4318657cad.json
b658bdaaab3448fc6a030777522425ca9fbd6ed26afdfc9474858621b48a8235	C:\Users\James\kaggriculture\benchmark\match_cache\b658bdaaab3448fc6a030777522425ca9fbd6ed26afdfc9474858621b48a8235.json
10dccaae81b9e6664cc86a2f2839998962fec19112b020dac213cd38b808016f	C:\Users\James\kaggriculture\benchmark\match_cache\10dccaae81b9e6664cc86a2f2839998962fec19112b020dac213cd38b808016f.json
5250501df69537094ea766977606bbe42dda34d0cf5b7f6e89d5ac04d8f07198	C:\Users\James\kaggriculture\benchmark\match_cache\5250501df69537094ea766977606bbe42dda34d0cf5b7f6e89d5ac04d8f07198.json
6706e0d0f3bd8d337681cb0f38987bd0b8375f62f104ce2f05206223eca93cc4	C:\Users\James\kaggriculture\benchmark\match_cache\6706e0d0f3bd8d337681cb0f38987bd0b8375f62f104ce2f05206223eca93cc4.json
4b31972f70adf48397d822c91ec0df062bc23cbf6d8f587b1633fa3112d3f4c6	C:\Users\James\kaggriculture\benchmark\match_cache\4b31972f70adf48397d822c91ec0df062bc23cbf6d8f587b1633fa3112d3f4c6.json
15c27338e2d758b029f52e33d3eebf8684af02012d6f332d76a517feec30523b	C:\Users\James\kaggriculture\benchmark\match_cache\15c27338e2d758b029f52e33d3eebf8684af02012d6f332d76a517feec30523b.json
c3287cf3b70c728d21b8f58d6d929c66954d3b169e8ae20f874c0858bdd9645a	C:\Users\James\kaggriculture\benchmark\match_cache\c3287cf3b70c728d21b8f58d6d929c66954d3b169e8ae20f874c0858bdd9645a.json
871883313ed9e7b0e66066ae74437199d260f17ba69ca76b59af2fcd2dad0633	C:\Users\James\kaggriculture\benchmark\match_cache\871883313ed9e7b0e66066ae74437199d260f17ba69ca76b59af2fcd2dad0633.json
09da16ae5d2ff6a333e3db442f7d0b735a61ea3c903d5e2e85153ce08dd93c3f	C:\Users\James\kaggriculture\benchmark\match_cache\09da16ae5d2ff6a333e3db442f7d0b735a61ea3c903d5e2e85153ce08dd93c3f.json
e0b9f8e2b7b85bbe8b66e06f333eabfc68519c70dfd606e780a2c889a3daad70	C:\Users\James\kaggriculture\benchmark\match_cache\e0b9f8e2b7b85bbe8b66e06f333eabfc68519c70dfd606e780a2c889a3daad70.json
bdf62b6738bee5d850991c50dcf07529e7d4bac19f8a51c5a15ed54f34710953	C:\Users\James\kaggriculture\benchmark\match_cache\bdf62b6738bee5d850991c50dcf07529e7d4bac19f8a51c5a15ed54f34710953.json
0dabc422a842261a6505f43828ad0432f11500c7a45a8f7a8f58e4cf200ec412	C:\Users\James\kaggriculture\benchmark\match_cache\0dabc422a842261a6505f43828ad0432f11500c7a45a8f7a8f58e4cf200ec412.json
2ce166cc4da1d498dd70e4a6dce5e6740d81800c3b98fe47a8abc2d5a5ddb8ad	C:\Users\James\kaggriculture\benchmark\match_cache\2ce166cc4da1d498dd70e4a6dce5e6740d81800c3b98fe47a8abc2d5a5ddb8ad.json
2da9885992e2ea969450341345579aebab20016576faf5fab19f70b8b288cfc8	C:\Users\James\kaggriculture\benchmark\match_cache\2da9885992e2ea969450341345579aebab20016576faf5fab19f70b8b288cfc8.json
1fe7baba703c7028c0b136fb6a4db5d2e9eafab435ec60cffda848fdafdeeb90	C:\Users\James\kaggriculture\benchmark\match_cache\1fe7baba703c7028c0b136fb6a4db5d2e9eafab435ec60cffda848fdafdeeb90.json
3e7814fee8b205e4acb283ecd01953c1f4f3f476b08171862f96f7447a5198ce	C:\Users\James\kaggriculture\benchmark\match_cache\3e7814fee8b205e4acb283ecd01953c1f4f3f476b08171862f96f7447a5198ce.json
db75bcbdaac687b2ed6fac3bcb8f59ccddc18f57e03bb66708f7278fd76df1d3	C:\Users\James\kaggriculture\benchmark\match_cache\db75bcbdaac687b2ed6fac3bcb8f59ccddc18f57e03bb66708f7278fd76df1d3.json
404bb54188705a1c31aca994d7d09a0b9e98d55d98d26d38c8f2086fa81a3a79	C:\Users\James\kaggriculture\benchmark\match_cache\404bb54188705a1c31aca994d7d09a0b9e98d55d98d26d38c8f2086fa81a3a79.json
80452fdfa94b2d1a14ffbabdfdd297f4dd4465037ca73ffc3fa2402e5e4e6075	C:\Users\James\kaggriculture\benchmark\match_cache\80452fdfa94b2d1a14ffbabdfdd297f4dd4465037ca73ffc3fa2402e5e4e6075.json
2f0c085ddc3d2a600bb1710652022ec65a848d9d852641b44784a111a6a20292	C:\Users\James\kaggriculture\benchmark\match_cache\2f0c085ddc3d2a600bb1710652022ec65a848d9d852641b44784a111a6a20292.json
182b53c0ae2e94ea500c4b6b65f8c7fa256e196bb7f74f64cac242e3a5e1692d	C:\Users\James\kaggriculture\benchmark\match_cache\182b53c0ae2e94ea500c4b6b65f8c7fa256e196bb7f74f64cac242e3a5e1692d.json
fd282dee68a084c1b9a896d0e1d016d2386e83a9efb3d95a331d7e4a6a091b82	C:\Users\James\kaggriculture\benchmark\match_cache\fd282dee68a084c1b9a896d0e1d016d2386e83a9efb3d95a331d7e4a6a091b82.json
b6fc05c1aa74a02175c7c9b7509bcd8202ad3e3677e2448a91efaa8849d50988	C:\Users\James\kaggriculture\benchmark\match_cache\b6fc05c1aa74a02175c7c9b7509bcd8202ad3e3677e2448a91efaa8849d50988.json
02f853ed8f1c2225f0bcc1c86e1782d0211790e2b7f723becd6a1d92f3a82087	C:\Users\James\kaggriculture\benchmark\match_cache\02f853ed8f1c2225f0bcc1c86e1782d0211790e2b7f723becd6a1d92f3a82087.json
e25d167dc4ea4bd0ac37b4cc746477f49e343587240fd65f5effe98895012d0b	C:\Users\James\kaggriculture\benchmark\match_cache\e25d167dc4ea4bd0ac37b4cc746477f49e343587240fd65f5effe98895012d0b.json
6d4568d6cfcf2ac5d2bed1ceed8daf6a7e2f8f13188bdb61be736d59e00f7a6b	C:\Users\James\kaggriculture\benchmark\match_cache\6d4568d6cfcf2ac5d2bed1ceed8daf6a7e2f8f13188bdb61be736d59e00f7a6b.json
794285d078ad336805a04f7b82ac73533b7c9dc3e8d3589a2d1e094a54cdbccb	C:\Users\James\kaggriculture\benchmark\match_cache\794285d078ad336805a04f7b82ac73533b7c9dc3e8d3589a2d1e094a54cdbccb.json
c00b26201cc74d86a42ed135724fb12ec6d3523124ef10659909d1a7af186705	C:\Users\James\kaggriculture\benchmark\match_cache\c00b26201cc74d86a42ed135724fb12ec6d3523124ef10659909d1a7af186705.json
22713322db537a0c4ed9ff6b6d70b20d5d741311dae79e33f628a61ac31619db	C:\Users\James\kaggriculture\benchmark\match_cache\22713322db537a0c4ed9ff6b6d70b20d5d741311dae79e33f628a61ac31619db.json
e974b24a547a7ce226c49ca9e8aec9dfb75b6e399eafcb0740521e2923b73184	C:\Users\James\kaggriculture\benchmark\match_cache\e974b24a547a7ce226c49ca9e8aec9dfb75b6e399eafcb0740521e2923b73184.json
14cd69ac29ba16a58bb36fc4ce68a0112d456168ba6e97d39daaccce6643ee8b	C:\Users\James\kaggriculture\benchmark\match_cache\14cd69ac29ba16a58bb36fc4ce68a0112d456168ba6e97d39daaccce6643ee8b.json
ff3af65eaa70f65bd96dd807ef4e8ed0569ef8e316b48a7fc31bfc4646aad5d8	C:\Users\James\kaggriculture\benchmark\match_cache\ff3af65eaa70f65bd96dd807ef4e8ed0569ef8e316b48a7fc31bfc4646aad5d8.json
9e5e56c7d738b9ce0abd42a38b112082541a311595023f0ff5a33a1fa510e1ae	C:\Users\James\kaggriculture\benchmark\match_cache\9e5e56c7d738b9ce0abd42a38b112082541a311595023f0ff5a33a1fa510e1ae.json
2894fd6c1f2d92469f549bdb8b51b2e9634c6bc38f6ff73dc474d95ec5a47872	C:\Users\James\kaggriculture\benchmark\match_cache\2894fd6c1f2d92469f549bdb8b51b2e9634c6bc38f6ff73dc474d95ec5a47872.json
cf2e3b8489b2bd2389bfc8a01902c322130d889ea864d821f04bda6d3727b253	C:\Users\James\kaggriculture\benchmark\match_cache\cf2e3b8489b2bd2389bfc8a01902c322130d889ea864d821f04bda6d3727b253.json
da5c533b382256ab67f0712bd545020d467a07035212f35ab3a498d5687dfe1c	C:\Users\James\kaggriculture\benchmark\match_cache\da5c533b382256ab67f0712bd545020d467a07035212f35ab3a498d5687dfe1c.json
cc1493e3ae678866e6aed8015f0fb10dfea1fed75086184712708356f8d50510	C:\Users\James\kaggriculture\benchmark\match_cache\cc1493e3ae678866e6aed8015f0fb10dfea1fed75086184712708356f8d50510.json
da5e3841fb59c52c676d6b8669d92250e36b0d392f629c8ec8b8979933cacfc5	C:\Users\James\kaggriculture\benchmark\match_cache\da5e3841fb59c52c676d6b8669d92250e36b0d392f629c8ec8b8979933cacfc5.json
653c0fd800ca1fe57b53d2d2937ff646ca288cbe9076a5eddedf9e2e1423d128	C:\Users\James\kaggriculture\benchmark\match_cache\653c0fd800ca1fe57b53d2d2937ff646ca288cbe9076a5eddedf9e2e1423d128.json
d5882d60defee7e21fb30535abd716ef527fbf06cc563c5a99e89e9cafa1561a	C:\Users\James\kaggriculture\benchmark\match_cache\d5882d60defee7e21fb30535abd716ef527fbf06cc563c5a99e89e9cafa1561a.json
77f8c4c67b559d0891c139483425a2859de67d7cb6d8b96309d287ca0ea11db1	C:\Users\James\kaggriculture\benchmark\match_cache\77f8c4c67b559d0891c139483425a2859de67d7cb6d8b96309d287ca0ea11db1.json
65d2628ca3627c0af65d94fd6d6f9d4a5fcad08855860b0574e218f3ddddd74b	C:\Users\James\kaggriculture\benchmark\match_cache\65d2628ca3627c0af65d94fd6d6f9d4a5fcad08855860b0574e218f3ddddd74b.json
0f4dd54126a7af891ca886eb6643d2310994b36a3231f629e2b94114af7c88a8	C:\Users\James\kaggriculture\benchmark\match_cache\0f4dd54126a7af891ca886eb6643d2310994b36a3231f629e2b94114af7c88a8.json
1848d821d48a76018c5bdd562fc6a5466ef98dce4ec95ed98b6dbb2b62e4f049	C:\Users\James\kaggriculture\benchmark\match_cache\1848d821d48a76018c5bdd562fc6a5466ef98dce4ec95ed98b6dbb2b62e4f049.json
821d392571d4f0e2f53e93ba403365e3b5ac5b05aa3a5b7fe31dd4f5a1705382	C:\Users\James\kaggriculture\benchmark\match_cache\821d392571d4f0e2f53e93ba403365e3b5ac5b05aa3a5b7fe31dd4f5a1705382.json
9c238a71b9c78e3b31f772de15ef8eb567ee02a2fd61dd23b31ff4d0b7d5bd2a	C:\Users\James\kaggriculture\benchmark\match_cache\9c238a71b9c78e3b31f772de15ef8eb567ee02a2fd61dd23b31ff4d0b7d5bd2a.json
b159f85985735adffe92a1e04d06be5a22f8b9e21763bacf6b62c50ef8613d01	C:\Users\James\kaggriculture\benchmark\match_cache\b159f85985735adffe92a1e04d06be5a22f8b9e21763bacf6b62c50ef8613d01.json
e137d4eece6d804d62a05ff0e7f2dee0d1a331746c760f43b526a28d7a3c4d4d	C:\Users\James\kaggriculture\benchmark\match_cache\e137d4eece6d804d62a05ff0e7f2dee0d1a331746c760f43b526a28d7a3c4d4d.json
94fdfe888a74da46cfbb3481fb6d2b15ce809c9c2adaa847cf4c225af9aa75f0	C:\Users\James\kaggriculture\benchmark\match_cache\94fdfe888a74da46cfbb3481fb6d2b15ce809c9c2adaa847cf4c225af9aa75f0.json
8e68daa936d0b19ba3975cf35022840b2f373f074e019a6e8a39804c401316c1	C:\Users\James\kaggriculture\benchmark\match_cache\8e68daa936d0b19ba3975cf35022840b2f373f074e019a6e8a39804c401316c1.json
116b31fcfaa0299a5369f29b57ad3983789f9d78731ea5b5e8c769973a43cfc2	C:\Users\James\kaggriculture\benchmark\match_cache\116b31fcfaa0299a5369f29b57ad3983789f9d78731ea5b5e8c769973a43cfc2.json
93a06da602033d257a23ae0796668e916502b07b78eb1a2514b80746c5045477	C:\Users\James\kaggriculture\benchmark\match_cache\93a06da602033d257a23ae0796668e916502b07b78eb1a2514b80746c5045477.json
84d0e6f410f837fe872259ec3c8b14b5e1fd3bac43d4776ca119e8a2e4955e39	C:\Users\James\kaggriculture\benchmark\match_cache\84d0e6f410f837fe872259ec3c8b14b5e1fd3bac43d4776ca119e8a2e4955e39.json
40e65e6435fa58e2fbe9f1aa3bbe51fea10039594d970aa51781b9f8905f090b	C:\Users\James\kaggriculture\benchmark\match_cache\40e65e6435fa58e2fbe9f1aa3bbe51fea10039594d970aa51781b9f8905f090b.json
ae1b441bddc5141ee287436afd00eca85ae3349a75c5f5a59d269b18d0f57a6d	C:\Users\James\kaggriculture\benchmark\match_cache\ae1b441bddc5141ee287436afd00eca85ae3349a75c5f5a59d269b18d0f57a6d.json
1cbb32fee3c95f4f1c2eaba62485cd7ff3d81d5686c13f2026752effc82f9fc6	C:\Users\James\kaggriculture\benchmark\match_cache\1cbb32fee3c95f4f1c2eaba62485cd7ff3d81d5686c13f2026752effc82f9fc6.json
de1b63c7c854da60c45b87a607c42f48182f9629378b96af9845b4bee5720177	C:\Users\James\kaggriculture\benchmark\match_cache\de1b63c7c854da60c45b87a607c42f48182f9629378b96af9845b4bee5720177.json
7e24961755c8b428657f6926caf599c1396c4a89dec59f665a7dc0a8fce51ff0	C:\Users\James\kaggriculture\benchmark\match_cache\7e24961755c8b428657f6926caf599c1396c4a89dec59f665a7dc0a8fce51ff0.json
9868bdf755761e65c81e567ef402767584a1a9267f92c78e27de9ca56cad6e2d	C:\Users\James\kaggriculture\benchmark\match_cache\9868bdf755761e65c81e567ef402767584a1a9267f92c78e27de9ca56cad6e2d.json
674adefe62fb0f281e9d1e6b4f35349025ae6eff65abcb9b763cd035db6ee0b6	C:\Users\James\kaggriculture\benchmark\match_cache\674adefe62fb0f281e9d1e6b4f35349025ae6eff65abcb9b763cd035db6ee0b6.json
aec573c1aed5a7d54d2f396910777a69b231adc60522c503c95718b12f6eec8f	C:\Users\James\kaggriculture\benchmark\match_cache\aec573c1aed5a7d54d2f396910777a69b231adc60522c503c95718b12f6eec8f.json
9e5f7dbc8ca0776ff5e2bd14cea47ed96f05c9345279ef405cd4773e26bd6e9c	C:\Users\James\kaggriculture\benchmark\match_cache\9e5f7dbc8ca0776ff5e2bd14cea47ed96f05c9345279ef405cd4773e26bd6e9c.json
c8ccbad3512e144109e9bb07952000baf62c82a30ffde5a5540f0481bbf158ac	C:\Users\James\kaggriculture\benchmark\match_cache\c8ccbad3512e144109e9bb07952000baf62c82a30ffde5a5540f0481bbf158ac.json
5f42b89846964db2e86def5d65171a1e72d4d50aa031fcb0b62541b0226e457b	C:\Users\James\kaggriculture\benchmark\match_cache\5f42b89846964db2e86def5d65171a1e72d4d50aa031fcb0b62541b0226e457b.json
0f3f448594fb51e3cd172449aeede6ec2b9d452acf7495754ec0a313bd1874b4	C:\Users\James\kaggriculture\benchmark\match_cache\0f3f448594fb51e3cd172449aeede6ec2b9d452acf7495754ec0a313bd1874b4.json
14c3228dde214ea81423179ea4fcdba526d64782cbd3b2755223e13c9b903f1c	C:\Users\James\kaggriculture\benchmark\match_cache\14c3228dde214ea81423179ea4fcdba526d64782cbd3b2755223e13c9b903f1c.json
5fa16753c2c4017b8b3a733dc89ed23d71c07717a3c6f90cccbf703d36536947	C:\Users\James\kaggriculture\benchmark\match_cache\5fa16753c2c4017b8b3a733dc89ed23d71c07717a3c6f90cccbf703d36536947.json
6eeedbb71f1a6a555848268057d9cc3c785cd6eae0e4ebd2f5ed32136d35428d	C:\Users\James\kaggriculture\benchmark\match_cache\6eeedbb71f1a6a555848268057d9cc3c785cd6eae0e4ebd2f5ed32136d35428d.json
3c6e7a66c285d2eb4cd806d07c62b8db828707daa7b266af1db19faa415fa859	C:\Users\James\kaggriculture\benchmark\match_cache\3c6e7a66c285d2eb4cd806d07c62b8db828707daa7b266af1db19faa415fa859.json
e822674bd1fab3a9d30df1f09ae0d6093f57cf7ae89057fe6b78e00c4b6524b0	C:\Users\James\kaggriculture\benchmark\match_cache\e822674bd1fab3a9d30df1f09ae0d6093f57cf7ae89057fe6b78e00c4b6524b0.json
7920627b0c9838b03cc85eb716dccc7e487f1ea2245759ef022af4786416cb1b	C:\Users\James\kaggriculture\benchmark\match_cache\7920627b0c9838b03cc85eb716dccc7e487f1ea2245759ef022af4786416cb1b.json
d25eadb919151f3d767e22e5a66ec95a348c897da48379266d3798e4dbe73d55	C:\Users\James\kaggriculture\benchmark\match_cache\d25eadb919151f3d767e22e5a66ec95a348c897da48379266d3798e4dbe73d55.json
903004c89bc67f8b40e5e57d19f5dc5b2434c2ad51d941e7b5480e7cf00ca78e	C:\Users\James\kaggriculture\benchmark\match_cache\903004c89bc67f8b40e5e57d19f5dc5b2434c2ad51d941e7b5480e7cf00ca78e.json
81abbf4f7b6559230c77957f1641113fec5ee7b0a59d2d28370c12c1e8bf2570	C:\Users\James\kaggriculture\benchmark\match_cache\81abbf4f7b6559230c77957f1641113fec5ee7b0a59d2d28370c12c1e8bf2570.json
29816130dc634c3e3f947d0d9b30bb44eca66957899372a25af25798bbed05b4	C:\Users\James\kaggriculture\benchmark\match_cache\29816130dc634c3e3f947d0d9b30bb44eca66957899372a25af25798bbed05b4.json
f4917dcebc8212ada2b0859c3cb28802058bf4dc72931636b9426ae1f0a785c3	C:\Users\James\kaggriculture\benchmark\match_cache\f4917dcebc8212ada2b0859c3cb28802058bf4dc72931636b9426ae1f0a785c3.json
dc70bcae18bf7ecbf5c9511e366f411bc14ba37d08bf329759cf41745d6156d1	C:\Users\James\kaggriculture\benchmark\match_cache\dc70bcae18bf7ecbf5c9511e366f411bc14ba37d08bf329759cf41745d6156d1.json
ab2a5099f4e16e279f99f647c8101df7661e682ed38859beb51873170e01efa8	C:\Users\James\kaggriculture\benchmark\match_cache\ab2a5099f4e16e279f99f647c8101df7661e682ed38859beb51873170e01efa8.json
c710db10865ccff1abf790e07c196b9cb9587250fa422ef07b2717d29b98bbbd	C:\Users\James\kaggriculture\benchmark\match_cache\c710db10865ccff1abf790e07c196b9cb9587250fa422ef07b2717d29b98bbbd.json
95b0c5e21b92c2c48411436819353c2735a2df4b53ccb0c4a251ee80164813a4	C:\Users\James\kaggriculture\benchmark\match_cache\95b0c5e21b92c2c48411436819353c2735a2df4b53ccb0c4a251ee80164813a4.json
c3980ca7b90712e26d4cca9ccbebd00f37c129bff26d97f5d6ec408886ae5173	C:\Users\James\kaggriculture\benchmark\match_cache\c3980ca7b90712e26d4cca9ccbebd00f37c129bff26d97f5d6ec408886ae5173.json
cd2ba710e285e1525b92c00e3dd8d6c8b04d8eaf3a2f34cebce5fa7fd79f0312	C:\Users\James\kaggriculture\benchmark\match_cache\cd2ba710e285e1525b92c00e3dd8d6c8b04d8eaf3a2f34cebce5fa7fd79f0312.json
98603cf3134ee13083037282c31e32cee43c08abb4c5eb293befed501b75ab41	C:\Users\James\kaggriculture\benchmark\match_cache\98603cf3134ee13083037282c31e32cee43c08abb4c5eb293befed501b75ab41.json
b4f218b537b1879ce7d65d316145b773bdedb87f4a71b458c9f00a947d2fd07f	C:\Users\James\kaggriculture\benchmark\match_cache\b4f218b537b1879ce7d65d316145b773bdedb87f4a71b458c9f00a947d2fd07f.json
dc96ddb08ce090c95742eda3bf0552685dc27223c4f15aa7042b38db74d879fd	C:\Users\James\kaggriculture\benchmark\match_cache\dc96ddb08ce090c95742eda3bf0552685dc27223c4f15aa7042b38db74d879fd.json
d9514ab512b59542a1fe15b24677b1cfbdf51f47e7a0adf1e2ed22c6a53b93be	C:\Users\James\kaggriculture\benchmark\match_cache\d9514ab512b59542a1fe15b24677b1cfbdf51f47e7a0adf1e2ed22c6a53b93be.json
9c11373181666709635dd8f4ca1357d1a63bb071a9390e06a026ca3f60e3b4c5	C:\Users\James\kaggriculture\benchmark\match_cache\9c11373181666709635dd8f4ca1357d1a63bb071a9390e06a026ca3f60e3b4c5.json
81583eb4f2b049a6df2222d51487d14b6510c61c8d5752072b79ed4888a1e8bd	C:\Users\James\kaggriculture\benchmark\match_cache\81583eb4f2b049a6df2222d51487d14b6510c61c8d5752072b79ed4888a1e8bd.json
ec2be64abf24a4296852891b9d0069595fdb9e18427f0a14cb4287e065e834dd	C:\Users\James\kaggriculture\benchmark\match_cache\ec2be64abf24a4296852891b9d0069595fdb9e18427f0a14cb4287e065e834dd.json
f0c9c431ea4d80a39546d7db4130072ed55438810b0e4d5f6c442c8910c88d62	C:\Users\James\kaggriculture\benchmark\match_cache\f0c9c431ea4d80a39546d7db4130072ed55438810b0e4d5f6c442c8910c88d62.json
a301bf2f978e9ddd831c74c595fa3424d1baa94b5350b251af6a090e2424964c	C:\Users\James\kaggriculture\benchmark\match_cache\a301bf2f978e9ddd831c74c595fa3424d1baa94b5350b251af6a090e2424964c.json
5d85673f5c207ba4cd84fa8c25101f5931e0554b342d53b2a44fedb3988942b2	C:\Users\James\kaggriculture\benchmark\match_cache\5d85673f5c207ba4cd84fa8c25101f5931e0554b342d53b2a44fedb3988942b2.json
b464fe989afe4459c29d04c9a04c257469272c2fbba5ce7b25be009fa3430bee	C:\Users\James\kaggriculture\benchmark\match_cache\b464fe989afe4459c29d04c9a04c257469272c2fbba5ce7b25be009fa3430bee.json
ffc1794675eddefebb894eaa82762e330719d7552bff9abe15e66bba9abc48bf	C:\Users\James\kaggriculture\benchmark\match_cache\ffc1794675eddefebb894eaa82762e330719d7552bff9abe15e66bba9abc48bf.json
6c4f1df8d0128c6565cf019c0c07cda9b191a0286120a46ffe6c617cd00f7f37	C:\Users\James\kaggriculture\benchmark\match_cache\6c4f1df8d0128c6565cf019c0c07cda9b191a0286120a46ffe6c617cd00f7f37.json
71f57f5a9772db03f275f544859a69222d140cfe8f6fd196a21d0969d0ffa1c0	C:\Users\James\kaggriculture\benchmark\match_cache\71f57f5a9772db03f275f544859a69222d140cfe8f6fd196a21d0969d0ffa1c0.json
3b7a9bce5b17f2f7498fa89e445d2594ac17a7cf8a67fe9b6e54337b5aedc2f0	C:\Users\James\kaggriculture\benchmark\match_cache\3b7a9bce5b17f2f7498fa89e445d2594ac17a7cf8a67fe9b6e54337b5aedc2f0.json
b52d5da24fbbaccafb9dc6887464273030aa554f9e0a9164276c050745cc781b	C:\Users\James\kaggriculture\benchmark\match_cache\b52d5da24fbbaccafb9dc6887464273030aa554f9e0a9164276c050745cc781b.json
7e9a4d373c493287fe68ae47ec2df7503a93416e357ea0d6dc567d44e034b398	C:\Users\James\kaggriculture\benchmark\match_cache\7e9a4d373c493287fe68ae47ec2df7503a93416e357ea0d6dc567d44e034b398.json
152aed49b45a3d9815a2dde304c436edbf4d348dd261b150194018e7e023cf5c	C:\Users\James\kaggriculture\benchmark\match_cache\152aed49b45a3d9815a2dde304c436edbf4d348dd261b150194018e7e023cf5c.json
1d808fa4d346b3a085265c427a58954790d4c7d831ed74cc4f46dd1443193b30	C:\Users\James\kaggriculture\benchmark\match_cache\1d808fa4d346b3a085265c427a58954790d4c7d831ed74cc4f46dd1443193b30.json
862fc3bcb42d4aa5df58cb26998d2af2cdac8bffcdd16baf6abc7a7bd294c758	C:\Users\James\kaggriculture\benchmark\match_cache\862fc3bcb42d4aa5df58cb26998d2af2cdac8bffcdd16baf6abc7a7bd294c758.json
bfeaa20fe2553142b14886df29606cf9e4442c650f18437a186d54138c85ea8d	C:\Users\James\kaggriculture\benchmark\match_cache\bfeaa20fe2553142b14886df29606cf9e4442c650f18437a186d54138c85ea8d.json
232340b2f75afba5633a3522d062e149f0d7fd91f042067116ae49683e851a1c	C:\Users\James\kaggriculture\benchmark\match_cache\232340b2f75afba5633a3522d062e149f0d7fd91f042067116ae49683e851a1c.json
9e3787d41b8361606cd3475bbf706bff0e372048c0764f732da1fb941f8217df	C:\Users\James\kaggriculture\benchmark\match_cache\9e3787d41b8361606cd3475bbf706bff0e372048c0764f732da1fb941f8217df.json
c6892b80356f1fee318df0ec6bd37213250cdbd232ec9f77b939818bca882f8a	C:\Users\James\kaggriculture\benchmark\match_cache\c6892b80356f1fee318df0ec6bd37213250cdbd232ec9f77b939818bca882f8a.json
bade919fb8a56e373371e7d9c8be48894b501b1dc66212adbf3e58187e1519e3	C:\Users\James\kaggriculture\benchmark\match_cache\bade919fb8a56e373371e7d9c8be48894b501b1dc66212adbf3e58187e1519e3.json
9801ea90429846375eca07ba0314ed00769950d3474e9900d7f306cba4e9659c	C:\Users\James\kaggriculture\benchmark\match_cache\9801ea90429846375eca07ba0314ed00769950d3474e9900d7f306cba4e9659c.json
56d937f45f1c357e29150db067e30e766b38b24792801b549fe5f9dc9d78697a	C:\Users\James\kaggriculture\benchmark\match_cache\56d937f45f1c357e29150db067e30e766b38b24792801b549fe5f9dc9d78697a.json
3e95064a6bc119980cef6b31cfaaa144cea9d369f11eecda02c2d3245b983ace	C:\Users\James\kaggriculture\benchmark\match_cache\3e95064a6bc119980cef6b31cfaaa144cea9d369f11eecda02c2d3245b983ace.json
e7ec6776bbac29a9140fd9782499eb43cf5505f9f63f4231c56dc6ed0ae7b5f6	C:\Users\James\kaggriculture\benchmark\match_cache\e7ec6776bbac29a9140fd9782499eb43cf5505f9f63f4231c56dc6ed0ae7b5f6.json
06a79e61d3b0cc95d884994f002f7e525e0cb8c437ab22070c4d6a3ef1cd6304	C:\Users\James\kaggriculture\benchmark\match_cache\06a79e61d3b0cc95d884994f002f7e525e0cb8c437ab22070c4d6a3ef1cd6304.json
87c95f615438c76898eae28ac2bd9c25d683e5f28d82f7c2838eb2d452c335b4	C:\Users\James\kaggriculture\benchmark\match_cache\87c95f615438c76898eae28ac2bd9c25d683e5f28d82f7c2838eb2d452c335b4.json
42dd10f870691a36fe7a606ea9e42b4feaf35d72b43d588a0825affa6c7b5e96	C:\Users\James\kaggriculture\benchmark\match_cache\42dd10f870691a36fe7a606ea9e42b4feaf35d72b43d588a0825affa6c7b5e96.json
fec9487e0e232d5d86c2a04d6da2a46528a57516de3008637866f8d1b6796586	C:\Users\James\kaggriculture\benchmark\match_cache\fec9487e0e232d5d86c2a04d6da2a46528a57516de3008637866f8d1b6796586.json
685de6b3573fb8a66dd6ddaa523bc0b5316a7de40452fc054ba7b31ce4653140	C:\Users\James\kaggriculture\benchmark\match_cache\685de6b3573fb8a66dd6ddaa523bc0b5316a7de40452fc054ba7b31ce4653140.json
f9761fcd89626f4999b1d53faee24aa1c89884e4ce5e9f5d32eeccda5cfd22f4	C:\Users\James\kaggriculture\benchmark\match_cache\f9761fcd89626f4999b1d53faee24aa1c89884e4ce5e9f5d32eeccda5cfd22f4.json
66afd3a788163a21006535f004c0e3e8fcdb38c5d528e0f171c0f68649698c98	C:\Users\James\kaggriculture\benchmark\match_cache\66afd3a788163a21006535f004c0e3e8fcdb38c5d528e0f171c0f68649698c98.json
7c4f4d6f9274eff911f66afd018d6799037637365747ae28dafb4e034b2a8335	C:\Users\James\kaggriculture\benchmark\match_cache\7c4f4d6f9274eff911f66afd018d6799037637365747ae28dafb4e034b2a8335.json
209a420beb9ff23fade3cd7d1361dcb1867539fe3b5d48e2c26dcfe95e6bdca0	C:\Users\James\kaggriculture\benchmark\match_cache\209a420beb9ff23fade3cd7d1361dcb1867539fe3b5d48e2c26dcfe95e6bdca0.json
08c18e6bd56c87f1b259dd780f956b5250eb3bc74f78cdbd0b62b015dc1fe7ab	C:\Users\James\kaggriculture\benchmark\match_cache\08c18e6bd56c87f1b259dd780f956b5250eb3bc74f78cdbd0b62b015dc1fe7ab.json
07e9a7e9ba0f6be85de7d8154f615d7b922119c4da59ce0f6d457619776610b2	C:\Users\James\kaggriculture\benchmark\match_cache\07e9a7e9ba0f6be85de7d8154f615d7b922119c4da59ce0f6d457619776610b2.json
e3b4768685bfe2d5c6ac0818039ff799b119d72d144f720be4908854385b0581	C:\Users\James\kaggriculture\benchmark\match_cache\e3b4768685bfe2d5c6ac0818039ff799b119d72d144f720be4908854385b0581.json
c9c1f12d5cdd442fa449a496b554fe35a42e7b0944ba2afd1da5c7a0dd3bbc40	C:\Users\James\kaggriculture\benchmark\match_cache\c9c1f12d5cdd442fa449a496b554fe35a42e7b0944ba2afd1da5c7a0dd3bbc40.json
1cf0b985352056f05b79dfacdb52e5c94ed29dca79593a6f2aceec1500de7f27	C:\Users\James\kaggriculture\benchmark\match_cache\1cf0b985352056f05b79dfacdb52e5c94ed29dca79593a6f2aceec1500de7f27.json
39a68a9f14d49a2ae56598862166d54ac8d87bf8e7646d2b5508d318246718da	C:\Users\James\kaggriculture\benchmark\match_cache\39a68a9f14d49a2ae56598862166d54ac8d87bf8e7646d2b5508d318246718da.json
b4467e0d96fa35e71ad3f98a4a59bf67301dbd0bf14ae73eb02c4e63abd70d31	C:\Users\James\kaggriculture\benchmark\match_cache\b4467e0d96fa35e71ad3f98a4a59bf67301dbd0bf14ae73eb02c4e63abd70d31.json
d5159c41aebbf3ca64fe8395b575c130faae0d27ad4d6fad3b0cb54c6b170751	C:\Users\James\kaggriculture\benchmark\match_cache\d5159c41aebbf3ca64fe8395b575c130faae0d27ad4d6fad3b0cb54c6b170751.json
36dc4ea687423735b9e6c323172bdaf52949402842c9cd5f6a54699dd9274bed	C:\Users\James\kaggriculture\benchmark\match_cache\36dc4ea687423735b9e6c323172bdaf52949402842c9cd5f6a54699dd9274bed.json
83cb12e5113f1e48eaad257cf0866e5bba7bae51ddd29d0672635bb0c3cb1850	C:\Users\James\kaggriculture\benchmark\match_cache\83cb12e5113f1e48eaad257cf0866e5bba7bae51ddd29d0672635bb0c3cb1850.json
b4dbd0d639e762aef2d7f01cf4f98beaf182f0f7470a55796b88235faef28d1b	C:\Users\James\kaggriculture\benchmark\match_cache\b4dbd0d639e762aef2d7f01cf4f98beaf182f0f7470a55796b88235faef28d1b.json
bb48125403a8d3ed9a8ea029d12bc33d7c1807cc8066562c45b6bc9a79629695	C:\Users\James\kaggriculture\benchmark\match_cache\bb48125403a8d3ed9a8ea029d12bc33d7c1807cc8066562c45b6bc9a79629695.json
583436ceaa983f7e8176b50b6e119b86cc8279a1114dfe7244b4927b708f6d49	C:\Users\James\kaggriculture\benchmark\match_cache\583436ceaa983f7e8176b50b6e119b86cc8279a1114dfe7244b4927b708f6d49.json
ea7e20a367677cb4353de05d9c5c4f8218234e9e3f1ced71d49df0d95489fa28	C:\Users\James\kaggriculture\benchmark\match_cache\ea7e20a367677cb4353de05d9c5c4f8218234e9e3f1ced71d49df0d95489fa28.json
781c424544c0f88bba5f1723f16c50277af616c330ceb73db1eee37cd815a99c	C:\Users\James\kaggriculture\benchmark\match_cache\781c424544c0f88bba5f1723f16c50277af616c330ceb73db1eee37cd815a99c.json
61e2abc585dee6265e93188cec9ff07b5dc4ad5d3e95cb601d392ed9bcc91c16	C:\Users\James\kaggriculture\benchmark\match_cache\61e2abc585dee6265e93188cec9ff07b5dc4ad5d3e95cb601d392ed9bcc91c16.json
8b5742fbdf27fb51311ed42c67369318bfca480f5208bc33ae89bd51a982a051	C:\Users\James\kaggriculture\benchmark\match_cache\8b5742fbdf27fb51311ed42c67369318bfca480f5208bc33ae89bd51a982a051.json
0f3f26684ba3beb3af0d962afb6077d7f27aff7d6256e5e1f76d549c18cd52b3	C:\Users\James\kaggriculture\benchmark\match_cache\0f3f26684ba3beb3af0d962afb6077d7f27aff7d6256e5e1f76d549c18cd52b3.json
1ca602f7dc6a22e94923becca7f75de47b0a2b1d2f5ff589a8007da94fc42b00	C:\Users\James\kaggriculture\benchmark\match_cache\1ca602f7dc6a22e94923becca7f75de47b0a2b1d2f5ff589a8007da94fc42b00.json
7d1914d0d05a06609b82644a21838322b65bed0ec0a226c2904ee4b67f832f6e	C:\Users\James\kaggriculture\benchmark\match_cache\7d1914d0d05a06609b82644a21838322b65bed0ec0a226c2904ee4b67f832f6e.json
2b85b77b1bcdafcd9e95d46399248dfca69735ad235b1864347c24600887e059	C:\Users\James\kaggriculture\benchmark\match_cache\2b85b77b1bcdafcd9e95d46399248dfca69735ad235b1864347c24600887e059.json
00d1c65d210108bb1142c753e1287f9b575430a8b33ac8442805d4749be06612	C:\Users\James\kaggriculture\benchmark\match_cache\00d1c65d210108bb1142c753e1287f9b575430a8b33ac8442805d4749be06612.json
8e4f066ff7063a6ea4791d26f1ba2ed118563cc8ed89b48071b48891bd8d611c	C:\Users\James\kaggriculture\benchmark\match_cache\8e4f066ff7063a6ea4791d26f1ba2ed118563cc8ed89b48071b48891bd8d611c.json
e6949b94f57937194bc0611de1ae94bfba6060c25da7c27fa5b60f4e7bb8fa2b	C:\Users\James\kaggriculture\benchmark\match_cache\e6949b94f57937194bc0611de1ae94bfba6060c25da7c27fa5b60f4e7bb8fa2b.json
3a9fdf1d4b7fe6c0626e46d2da7f6917e829272b9473d8573af325c1d3fcc86d	C:\Users\James\kaggriculture\benchmark\match_cache\3a9fdf1d4b7fe6c0626e46d2da7f6917e829272b9473d8573af325c1d3fcc86d.json
e17da8317cc12f6ddb8ccbb436e52f89a7604465520273a081f30ec94e43c680	C:\Users\James\kaggriculture\benchmark\match_cache\e17da8317cc12f6ddb8ccbb436e52f89a7604465520273a081f30ec94e43c680.json
ff325aacc96fa0d0bcf3bb6f25c941b7fc2646122118a747fd5dcd45bbc498e0	C:\Users\James\kaggriculture\benchmark\match_cache\ff325aacc96fa0d0bcf3bb6f25c941b7fc2646122118a747fd5dcd45bbc498e0.json
9bc2dec41e9bee96382db246f3cd2aa0604e90dc5c37b9e0379305fdb0baf998	C:\Users\James\kaggriculture\benchmark\match_cache\9bc2dec41e9bee96382db246f3cd2aa0604e90dc5c37b9e0379305fdb0baf998.json
b0cd09ab3c85e9574a6d84b6ce1a3563dc998e4db60cb330c5f01037d8118620	C:\Users\James\kaggriculture\benchmark\match_cache\b0cd09ab3c85e9574a6d84b6ce1a3563dc998e4db60cb330c5f01037d8118620.json
7a66505c60a5e2776f90fdc991401bb6957709fbdd54a7d5f1b91faca99f39e9	C:\Users\James\kaggriculture\benchmark\match_cache\7a66505c60a5e2776f90fdc991401bb6957709fbdd54a7d5f1b91faca99f39e9.json
db272fd723cc3d4250a9077e03253df1a20d197016dc79235a9b3ae24da4640c	C:\Users\James\kaggriculture\benchmark\match_cache\db272fd723cc3d4250a9077e03253df1a20d197016dc79235a9b3ae24da4640c.json
061af2e8e7f3d1b1a20fbaf95599755aec6f2b875945bfa8df196be0c25f6863	C:\Users\James\kaggriculture\benchmark\match_cache\061af2e8e7f3d1b1a20fbaf95599755aec6f2b875945bfa8df196be0c25f6863.json
e670e6597b0f67c6ef34b6f9e0bc43f0875e05a0f57dc2d32947bc000a08ff99	C:\Users\James\kaggriculture\benchmark\match_cache\e670e6597b0f67c6ef34b6f9e0bc43f0875e05a0f57dc2d32947bc000a08ff99.json
5fa4c8ce89805f723aeca39a4313c3f7483e81e666a55ca5cce5e6e0980479df	C:\Users\James\kaggriculture\benchmark\match_cache\5fa4c8ce89805f723aeca39a4313c3f7483e81e666a55ca5cce5e6e0980479df.json
6545bae484e5736635e11e21d9c12a4b147a2ec6811294fbf9ce3a482b956a7f	C:\Users\James\kaggriculture\benchmark\match_cache\6545bae484e5736635e11e21d9c12a4b147a2ec6811294fbf9ce3a482b956a7f.json
3d7e306ea5045a78b47642eeb25f59cac6ede63c857fc4ae0ef456c602286b1b	C:\Users\James\kaggriculture\benchmark\match_cache\3d7e306ea5045a78b47642eeb25f59cac6ede63c857fc4ae0ef456c602286b1b.json
e67553f1ac2c6e3985aecd1247c48556261b7c0ef9d5e644781fec16f37d2c42	C:\Users\James\kaggriculture\benchmark\match_cache\e67553f1ac2c6e3985aecd1247c48556261b7c0ef9d5e644781fec16f37d2c42.json
ce8f478f38d6991700afd3362cf9edf3c3413bfa10be390068ce063aabfd3fa6	C:\Users\James\kaggriculture\benchmark\match_cache\ce8f478f38d6991700afd3362cf9edf3c3413bfa10be390068ce063aabfd3fa6.json
c440e4790a61159d0e7bf64b6d3b7b983aa345aa22bd8ca25ce8763b106ec063	C:\Users\James\kaggriculture\benchmark\match_cache\c440e4790a61159d0e7bf64b6d3b7b983aa345aa22bd8ca25ce8763b106ec063.json
f9f3aab3d7075054dd05b8381403c72690ef9b2204a452ff9881a270de31efab	C:\Users\James\kaggriculture\benchmark\match_cache\f9f3aab3d7075054dd05b8381403c72690ef9b2204a452ff9881a270de31efab.json
4b786546393ca3f68763e63027147a6a41c84e333d477d3df9faa783d96f6261	C:\Users\James\kaggriculture\benchmark\match_cache\4b786546393ca3f68763e63027147a6a41c84e333d477d3df9faa783d96f6261.json
c58ac92ca5cfaa4052002a80d377009325274e9e95c6876fc602f10132f8ddb5	C:\Users\James\kaggriculture\benchmark\match_cache\c58ac92ca5cfaa4052002a80d377009325274e9e95c6876fc602f10132f8ddb5.json
bfcb0f31938b80e1f961f09ad1ca36e455898ee8ccb02e28be10e7c23c394721	C:\Users\James\kaggriculture\benchmark\match_cache\bfcb0f31938b80e1f961f09ad1ca36e455898ee8ccb02e28be10e7c23c394721.json
b68f9723ed725e48ba571a84cb578cf5266f3ca107b698746cb108bbafb7d8ec	C:\Users\James\kaggriculture\benchmark\match_cache\b68f9723ed725e48ba571a84cb578cf5266f3ca107b698746cb108bbafb7d8ec.json
8a4bbe0d9a363f03342fefdc459533b98342df595bbffadb37f0fabe9d2718ba	C:\Users\James\kaggriculture\benchmark\match_cache\8a4bbe0d9a363f03342fefdc459533b98342df595bbffadb37f0fabe9d2718ba.json
20f4eaa087d57d124081ea5673aed2e8321422bce818c23313fff161744d49b9	C:\Users\James\kaggriculture\benchmark\match_cache\20f4eaa087d57d124081ea5673aed2e8321422bce818c23313fff161744d49b9.json
0015f75c62c2cf1a90f97ef4844a42c668d42ba8ac8503f58c09c69d657f1534	C:\Users\James\kaggriculture\benchmark\match_cache\0015f75c62c2cf1a90f97ef4844a42c668d42ba8ac8503f58c09c69d657f1534.json
00197bc0d69d9ceff1189057109859b60f0e5d5f0985459fe44d6dac2623ec27	C:\Users\James\kaggriculture\benchmark\match_cache\00197bc0d69d9ceff1189057109859b60f0e5d5f0985459fe44d6dac2623ec27.json
58fe6b5c8068297c0941be25ee0cefae528c94cc3003a27cd2c57d5d6a7a6440	C:\Users\James\kaggriculture\benchmark\match_cache\58fe6b5c8068297c0941be25ee0cefae528c94cc3003a27cd2c57d5d6a7a6440.json
d57226c519d8e5c83288c59a93233337a4b4c496bd9de5a461e70c6ddf8b2b0c	C:\Users\James\kaggriculture\benchmark\match_cache\d57226c519d8e5c83288c59a93233337a4b4c496bd9de5a461e70c6ddf8b2b0c.json
2234042de6d97e0f52de1a58d4084e79193f162b3896ff4d56073d003de38fc7	C:\Users\James\kaggriculture\benchmark\match_cache\2234042de6d97e0f52de1a58d4084e79193f162b3896ff4d56073d003de38fc7.json
10fbec715a436feb7972c5364b10f5f7de4ca2e7f32616e44f60470a636775ff	C:\Users\James\kaggriculture\benchmark\match_cache\10fbec715a436feb7972c5364b10f5f7de4ca2e7f32616e44f60470a636775ff.json
0133f2742aa14bfe6303ab0d0788b1148858cfa48d1595d33f298014d1e92576	C:\Users\James\kaggriculture\benchmark\match_cache\0133f2742aa14bfe6303ab0d0788b1148858cfa48d1595d33f298014d1e92576.json
d99fa0d94d8841a158e1938220c899b98ddc102a00a40f99870b2ec2fe6b81f7	C:\Users\James\kaggriculture\benchmark\match_cache\d99fa0d94d8841a158e1938220c899b98ddc102a00a40f99870b2ec2fe6b81f7.json
fb459bef355fdbf846e755ece16d63cc647d25cbd0f0d093bd7cac2d8b0b7504	C:\Users\James\kaggriculture\benchmark\match_cache\fb459bef355fdbf846e755ece16d63cc647d25cbd0f0d093bd7cac2d8b0b7504.json
90fc4872652986ff137ca3e0976a8344295504a0afd09e227cfa019b0e62c33b	C:\Users\James\kaggriculture\benchmark\match_cache\90fc4872652986ff137ca3e0976a8344295504a0afd09e227cfa019b0e62c33b.json
0ba117a5f824d5fae0bad5fe2a7b5be297c640182df2e05de6593dd36fd806e1	C:\Users\James\kaggriculture\benchmark\match_cache\0ba117a5f824d5fae0bad5fe2a7b5be297c640182df2e05de6593dd36fd806e1.json
37e0d5d226b073cb6d698a710ec80635a8b04e39de38007fc6b2f849f706f8f2	C:\Users\James\kaggriculture\benchmark\match_cache\37e0d5d226b073cb6d698a710ec80635a8b04e39de38007fc6b2f849f706f8f2.json
848fefb14620daa6b3bf45407a0754767cdef4e709bd6d9dc4c948cc47c46cc2	C:\Users\James\kaggriculture\benchmark\match_cache\848fefb14620daa6b3bf45407a0754767cdef4e709bd6d9dc4c948cc47c46cc2.json
c7d4ba1350916fe8e5198c9f039d9c0257b655d88143d2b969ae5d8d319a923a	C:\Users\James\kaggriculture\benchmark\match_cache\c7d4ba1350916fe8e5198c9f039d9c0257b655d88143d2b969ae5d8d319a923a.json
ab130ada57528415787102378ab12f2caaae47c2da631d279ae6114177ba36bf	C:\Users\James\kaggriculture\benchmark\match_cache\ab130ada57528415787102378ab12f2caaae47c2da631d279ae6114177ba36bf.json
a896e28c55b2c7c09b4dccd79bebaea647bcf027070c6f9887f6a6edebeba4de	C:\Users\James\kaggriculture\benchmark\match_cache\a896e28c55b2c7c09b4dccd79bebaea647bcf027070c6f9887f6a6edebeba4de.json
7f4c04ee87d6201dd3c0364f10b6cd3a8dc1c920ee81fd0eb6f6dbad32fbb7e2	C:\Users\James\kaggriculture\benchmark\match_cache\7f4c04ee87d6201dd3c0364f10b6cd3a8dc1c920ee81fd0eb6f6dbad32fbb7e2.json
5e980be7f2cce84136f58699a02621eb3a1dc8a2bc32ddd15be7621d0b1e2a95	C:\Users\James\kaggriculture\benchmark\match_cache\5e980be7f2cce84136f58699a02621eb3a1dc8a2bc32ddd15be7621d0b1e2a95.json
4ec1fe4dfa066268beefb8dd6ab2c41fe1c6de0bc5912499c16dccb95850bb5a	C:\Users\James\kaggriculture\benchmark\match_cache\4ec1fe4dfa066268beefb8dd6ab2c41fe1c6de0bc5912499c16dccb95850bb5a.json
b8c9609b61202f84c120798f3511f69760316df97378e5de6c33a08ad8b2c052	C:\Users\James\kaggriculture\benchmark\match_cache\b8c9609b61202f84c120798f3511f69760316df97378e5de6c33a08ad8b2c052.json
319651ba858dc354884be354d57b7f64ed94b671fd4d4d54616bdd64a3243ff7	C:\Users\James\kaggriculture\benchmark\match_cache\319651ba858dc354884be354d57b7f64ed94b671fd4d4d54616bdd64a3243ff7.json
3f336a5fc6f9c71eb8ace64e8ab2a9b47faf3d101013e208a04daa4077b24a0b	C:\Users\James\kaggriculture\benchmark\match_cache\3f336a5fc6f9c71eb8ace64e8ab2a9b47faf3d101013e208a04daa4077b24a0b.json
256e910d0c5dd14bd5b7bf6138687698dde56b61918fea7cc8caac76dd47a469	C:\Users\James\kaggriculture\benchmark\match_cache\256e910d0c5dd14bd5b7bf6138687698dde56b61918fea7cc8caac76dd47a469.json
ba23b49e61774a3f2b40f07c33c1ea86b65ea45de7fa1c0bbd874fd6f41f0688	C:\Users\James\kaggriculture\benchmark\match_cache\ba23b49e61774a3f2b40f07c33c1ea86b65ea45de7fa1c0bbd874fd6f41f0688.json
0887c83190d69a7ea36173a3acca5c0cb5bc8017dc68f604a7ec8fc742acd922	C:\Users\James\kaggriculture\benchmark\match_cache\0887c83190d69a7ea36173a3acca5c0cb5bc8017dc68f604a7ec8fc742acd922.json
efa8405d85ee544c0098e515822aea5f90f9a769d9ce764d9b26c6491e63827b	C:\Users\James\kaggriculture\benchmark\match_cache\efa8405d85ee544c0098e515822aea5f90f9a769d9ce764d9b26c6491e63827b.json
6c262adcfb2a2e7de0e9ded10481f1ed90f82801ea2b6fe09825475188b33abc	C:\Users\James\kaggriculture\benchmark\match_cache\6c262adcfb2a2e7de0e9ded10481f1ed90f82801ea2b6fe09825475188b33abc.json
42055742272bfd0ef7d82a760e6f6ac2c256ef88f9b40819d864df0d9b7fc129	C:\Users\James\kaggriculture\benchmark\match_cache\42055742272bfd0ef7d82a760e6f6ac2c256ef88f9b40819d864df0d9b7fc129.json
87aaaa12aa128e406fe8fa6ecc9ab4129842f48dae497448171da9fca021fa4b	C:\Users\James\kaggriculture\benchmark\match_cache\87aaaa12aa128e406fe8fa6ecc9ab4129842f48dae497448171da9fca021fa4b.json
5de42b5a77757056bf18548bd0a946b8c8dedddbce1dfbe311d9ec65d3418349	C:\Users\James\kaggriculture\benchmark\match_cache\5de42b5a77757056bf18548bd0a946b8c8dedddbce1dfbe311d9ec65d3418349.json
726ebffacc9d3d322af56c250f045e5b0e32948ddfd8d9c8844b968bf3b2fee5	C:\Users\James\kaggriculture\benchmark\match_cache\726ebffacc9d3d322af56c250f045e5b0e32948ddfd8d9c8844b968bf3b2fee5.json
65ba7d67b6c330f0e6c29af493bb4b13fa3b815f3706530e05de692cd11b8265	C:\Users\James\kaggriculture\benchmark\match_cache\65ba7d67b6c330f0e6c29af493bb4b13fa3b815f3706530e05de692cd11b8265.json
689304fe3f87d2a37ff8cc9ac6397cfc8874dd248e54d7f293ceffe08fd53d5e	C:\Users\James\kaggriculture\benchmark\match_cache\689304fe3f87d2a37ff8cc9ac6397cfc8874dd248e54d7f293ceffe08fd53d5e.json
3cd0cb5af420e9fef1efbb2ec10b58a07bb7365a0c9a9eb715376e831da87550	C:\Users\James\kaggriculture\benchmark\match_cache\3cd0cb5af420e9fef1efbb2ec10b58a07bb7365a0c9a9eb715376e831da87550.json
eb36dfb6533ef8892e9f2b2f7ff9c13ba7a4768fa241a9b719ffc8ac1fffd9d0	C:\Users\James\kaggriculture\benchmark\match_cache\eb36dfb6533ef8892e9f2b2f7ff9c13ba7a4768fa241a9b719ffc8ac1fffd9d0.json
54a8e84a23c86bb155abd7b90f23641daa24c986dbe2165f2b11f4a0e3ba4043	C:\Users\James\kaggriculture\benchmark\match_cache\54a8e84a23c86bb155abd7b90f23641daa24c986dbe2165f2b11f4a0e3ba4043.json
c3e6dadba6dfe333100af0424f49cebf7216f3be572a8e04443941fc9c2d5153	C:\Users\James\kaggriculture\benchmark\match_cache\c3e6dadba6dfe333100af0424f49cebf7216f3be572a8e04443941fc9c2d5153.json
c10db7ed0dad681de7bb7ae562d1ed1678c76de3a94aa57bce8d7d1cd4a2bf31	C:\Users\James\kaggriculture\benchmark\match_cache\c10db7ed0dad681de7bb7ae562d1ed1678c76de3a94aa57bce8d7d1cd4a2bf31.json
0baf2163da560ea14be40a4bd87bb6e8321adb8dc21a7f68d80985d60418693d	C:\Users\James\kaggriculture\benchmark\match_cache\0baf2163da560ea14be40a4bd87bb6e8321adb8dc21a7f68d80985d60418693d.json
d4c55b956e53da1456b6914e8d17d9f0feaad234a5efe7d4062d19d12977f0d8	C:\Users\James\kaggriculture\benchmark\match_cache\d4c55b956e53da1456b6914e8d17d9f0feaad234a5efe7d4062d19d12977f0d8.json
72e97b8195c65aca408595c225e4c2cba6c9f0a3fdbf4cdb57e138bb68e3be13	C:\Users\James\kaggriculture\benchmark\match_cache\72e97b8195c65aca408595c225e4c2cba6c9f0a3fdbf4cdb57e138bb68e3be13.json
f4b46c13cbc8aee75bbb05e581adecd2b1049208cca624c1464896851cff77b5	C:\Users\James\kaggriculture\benchmark\match_cache\f4b46c13cbc8aee75bbb05e581adecd2b1049208cca624c1464896851cff77b5.json
828db441df590ff5ba1f8fe17eb6c3e45c87ba84516e3584b8a362c396173e90	C:\Users\James\kaggriculture\benchmark\match_cache\828db441df590ff5ba1f8fe17eb6c3e45c87ba84516e3584b8a362c396173e90.json
e897d9d5e586a5cdb5bf562edd4bdf4131aeb668b447a50b5fd2aa89ae3a4121	C:\Users\James\kaggriculture\benchmark\match_cache\e897d9d5e586a5cdb5bf562edd4bdf4131aeb668b447a50b5fd2aa89ae3a4121.json
0b4eb98aee9b4571ca443deecdf42de13e055bda1a7f98899b0dcae18ac3112b	C:\Users\James\kaggriculture\benchmark\match_cache\0b4eb98aee9b4571ca443deecdf42de13e055bda1a7f98899b0dcae18ac3112b.json
1c2dfacec7c4bac947dc119463c2c691fbec5d297d537cc0948f01a95dfb7c7f	C:\Users\James\kaggriculture\benchmark\match_cache\1c2dfacec7c4bac947dc119463c2c691fbec5d297d537cc0948f01a95dfb7c7f.json
ce136bb727fa97648c2fac33b9a52d6a63e4008d6be424961a9b944a537a6282	C:\Users\James\kaggriculture\benchmark\match_cache\ce136bb727fa97648c2fac33b9a52d6a63e4008d6be424961a9b944a537a6282.json
1248fe238bc12c3c1934712d67a7ba6d7d653e0fc5f693cd3a0a0e3144207ed4	C:\Users\James\kaggriculture\benchmark\match_cache\1248fe238bc12c3c1934712d67a7ba6d7d653e0fc5f693cd3a0a0e3144207ed4.json
7483dd698c7d3d294edc56dfaf930a9ff9bf4abc23e348e226b5a6313a5bf040	C:\Users\James\kaggriculture\benchmark\match_cache\7483dd698c7d3d294edc56dfaf930a9ff9bf4abc23e348e226b5a6313a5bf040.json
412eae1b5067b5761f3321410c319f7a5b7e7f06dd0126da8de0c0209aca4bc8	C:\Users\James\kaggriculture\benchmark\match_cache\412eae1b5067b5761f3321410c319f7a5b7e7f06dd0126da8de0c0209aca4bc8.json
e3b48057bca55660271ef0cb7a8c9e5f690d8d0736e97aae36424505c2c442ce	C:\Users\James\kaggriculture\benchmark\match_cache\e3b48057bca55660271ef0cb7a8c9e5f690d8d0736e97aae36424505c2c442ce.json
b342f90b6b701969527d71cbd14d15a07e6103bda7bc2739bfcf5d8915ab4f7b	C:\Users\James\kaggriculture\benchmark\match_cache\b342f90b6b701969527d71cbd14d15a07e6103bda7bc2739bfcf5d8915ab4f7b.json
8e5337e99c415247774e7bf140df03759b74820d2271d25182bbc4693b574d6e	C:\Users\James\kaggriculture\benchmark\match_cache\8e5337e99c415247774e7bf140df03759b74820d2271d25182bbc4693b574d6e.json
0655c634915450d6db628d1506fc316b708281f5eddfdc508f1915fc6dbc18c4	C:\Users\James\kaggriculture\benchmark\match_cache\0655c634915450d6db628d1506fc316b708281f5eddfdc508f1915fc6dbc18c4.json
7c60b3459bc1dc78edc9ddc2c1166e59080da25887dc006adc1ef6b1939edfb5	C:\Users\James\kaggriculture\benchmark\match_cache\7c60b3459bc1dc78edc9ddc2c1166e59080da25887dc006adc1ef6b1939edfb5.json
06d7b1080d24b47142878721116ceb8a508ddf43a539d1364f6a9caa0082577a	C:\Users\James\kaggriculture\benchmark\match_cache\06d7b1080d24b47142878721116ceb8a508ddf43a539d1364f6a9caa0082577a.json
17374aaaf9ee48e4a379f347f3f2a0914390027a1a4f5153afb9d801beee7da4	C:\Users\James\kaggriculture\benchmark\match_cache\17374aaaf9ee48e4a379f347f3f2a0914390027a1a4f5153afb9d801beee7da4.json
158c7fdaff29ee3890e813bdd786690cf96a749082436aec81419abfd8c30737	C:\Users\James\kaggriculture\benchmark\match_cache\158c7fdaff29ee3890e813bdd786690cf96a749082436aec81419abfd8c30737.json
84040270b5087209bea494a92c64e4fa47dad57fe9728d44f6dc56a003a0470d	C:\Users\James\kaggriculture\benchmark\match_cache\84040270b5087209bea494a92c64e4fa47dad57fe9728d44f6dc56a003a0470d.json
508a26e2af7a1388262d378447f3b4eee84e461211c682c932c1b9443534d974	C:\Users\James\kaggriculture\benchmark\match_cache\508a26e2af7a1388262d378447f3b4eee84e461211c682c932c1b9443534d974.json
cb09fd34ee9eff983bd1ad28789c4a84aea5867cc8f2a3a0cfd1671ba6bbe266	C:\Users\James\kaggriculture\benchmark\match_cache\cb09fd34ee9eff983bd1ad28789c4a84aea5867cc8f2a3a0cfd1671ba6bbe266.json
4fa1dfa889272ef4882f8b905aa3a52c2f085a9ac6c9a0544c393fa3fd7c3cdd	C:\Users\James\kaggriculture\benchmark\match_cache\4fa1dfa889272ef4882f8b905aa3a52c2f085a9ac6c9a0544c393fa3fd7c3cdd.json
e62b8e90369d1c202f1dcd99b562e3aa2c548af71a985f95d33c824e4ce03a8d	C:\Users\James\kaggriculture\benchmark\match_cache\e62b8e90369d1c202f1dcd99b562e3aa2c548af71a985f95d33c824e4ce03a8d.json
1735e93b7d1cc143613f736b2175569b0af0db3f321dbf5a8d29171f6f03089c	C:\Users\James\kaggriculture\benchmark\match_cache\1735e93b7d1cc143613f736b2175569b0af0db3f321dbf5a8d29171f6f03089c.json
6e2418189f59b756fbd8edfae25221bbb8291ef4e9af36c602c661d774d5e36d	C:\Users\James\kaggriculture\benchmark\match_cache\6e2418189f59b756fbd8edfae25221bbb8291ef4e9af36c602c661d774d5e36d.json
729733d73828f0e35cf7b058b1a2397c0c2f92bf3341d3ba65859e3cbc51c972	C:\Users\James\kaggriculture\benchmark\match_cache\729733d73828f0e35cf7b058b1a2397c0c2f92bf3341d3ba65859e3cbc51c972.json
81c08d028b55617ad137ba118dd210a12804d96e6e63bee95a920acbedd6a7a7	C:\Users\James\kaggriculture\benchmark\match_cache\81c08d028b55617ad137ba118dd210a12804d96e6e63bee95a920acbedd6a7a7.json
e4422d9b45e665eb6973309f5ea26a151fc5357c5de7002580e315d4ae269af6	C:\Users\James\kaggriculture\benchmark\match_cache\e4422d9b45e665eb6973309f5ea26a151fc5357c5de7002580e315d4ae269af6.json
ded986fc989eedf4aac008d38b14a72c5c4bb1ae1de11ba8d798ef439c1a538e	C:\Users\James\kaggriculture\benchmark\match_cache\ded986fc989eedf4aac008d38b14a72c5c4bb1ae1de11ba8d798ef439c1a538e.json
73ab11433360a8df74f378297d39ebf05ebb8c26859ebed154dd70778fa8b88d	C:\Users\James\kaggriculture\benchmark\match_cache\73ab11433360a8df74f378297d39ebf05ebb8c26859ebed154dd70778fa8b88d.json
a514f95a8a21ddfcb68133c08086969b169da08902789dc5aa4258e21a166e9a	C:\Users\James\kaggriculture\benchmark\match_cache\a514f95a8a21ddfcb68133c08086969b169da08902789dc5aa4258e21a166e9a.json
ca195174fc8daf7d0ed4c384404a0dd459c26c50650bda67b31592bc5b6c259f	C:\Users\James\kaggriculture\benchmark\match_cache\ca195174fc8daf7d0ed4c384404a0dd459c26c50650bda67b31592bc5b6c259f.json
c82f7fb2ee033e3c8423792c8af16f8bac6464ded70f1c324cb1b864baae6aef	C:\Users\James\kaggriculture\benchmark\match_cache\c82f7fb2ee033e3c8423792c8af16f8bac6464ded70f1c324cb1b864baae6aef.json
caadf1e443dcff07e31e5d96762de36829cc14402edc17d5d48a00def67a23e9	C:\Users\James\kaggriculture\benchmark\match_cache\caadf1e443dcff07e31e5d96762de36829cc14402edc17d5d48a00def67a23e9.json
274893c08313e86682e7cc8ab2774f036d30178308180a16dd41609a9b835b3f	C:\Users\James\kaggriculture\benchmark\match_cache\274893c08313e86682e7cc8ab2774f036d30178308180a16dd41609a9b835b3f.json
38272b2176bf9558d3c77a30563dc932b4e8cc81701a3d741ed6a58e8c636100	C:\Users\James\kaggriculture\benchmark\match_cache\38272b2176bf9558d3c77a30563dc932b4e8cc81701a3d741ed6a58e8c636100.json
dfc6746ac63f5781538eb071e092352f9144b307f762a907e8d2875ad05f5655	C:\Users\James\kaggriculture\benchmark\match_cache\dfc6746ac63f5781538eb071e092352f9144b307f762a907e8d2875ad05f5655.json
ab808158ef5022713185b213a2c2799137e89e2e37728471a318e8e3e5141da8	C:\Users\James\kaggriculture\benchmark\match_cache\ab808158ef5022713185b213a2c2799137e89e2e37728471a318e8e3e5141da8.json
ebb73e2b94726e4c11837d54cbe06811b592b66e5c53c601dec60e99007fa487	C:\Users\James\kaggriculture\benchmark\match_cache\ebb73e2b94726e4c11837d54cbe06811b592b66e5c53c601dec60e99007fa487.json
47389d8377e55358c8131822ea352d00aefb365bc78daf8c102e7a3a7b914944	C:\Users\James\kaggriculture\benchmark\match_cache\47389d8377e55358c8131822ea352d00aefb365bc78daf8c102e7a3a7b914944.json
93edd79385870b4e18951ee45e7a6430f9eea6c439444cb2788d4dcb80a46889	C:\Users\James\kaggriculture\benchmark\match_cache\93edd79385870b4e18951ee45e7a6430f9eea6c439444cb2788d4dcb80a46889.json
b47c6a9e37498938fc4cc6275638df2072e3245ccefe97a1e583a7959f19a67a	C:\Users\James\kaggriculture\benchmark\match_cache\b47c6a9e37498938fc4cc6275638df2072e3245ccefe97a1e583a7959f19a67a.json
54c24a4fb6a086a420ba890154e107e983472bdd9623173c2f21eec45473edff	C:\Users\James\kaggriculture\benchmark\match_cache\54c24a4fb6a086a420ba890154e107e983472bdd9623173c2f21eec45473edff.json
5a965a4dba0d5e714b77c52a8117bc6ad33b68b64b27e1a21a5a5e149cd0ce06	C:\Users\James\kaggriculture\benchmark\match_cache\5a965a4dba0d5e714b77c52a8117bc6ad33b68b64b27e1a21a5a5e149cd0ce06.json
8fe9734ae1d27d1e940911a3d65e1524b0b835ce3927c4a4f657852c1e852e4a	C:\Users\James\kaggriculture\benchmark\match_cache\8fe9734ae1d27d1e940911a3d65e1524b0b835ce3927c4a4f657852c1e852e4a.json
7bc3f8ae997e0fc362f133b3f6658b4913dd54e31634693fa29efcbf36bc1b66	C:\Users\James\kaggriculture\benchmark\match_cache\7bc3f8ae997e0fc362f133b3f6658b4913dd54e31634693fa29efcbf36bc1b66.json
2a6ef9e7231b2a813b9c65970953a3f41300e35db9318e56b3d1dbf7666e2897	C:\Users\James\kaggriculture\benchmark\match_cache\2a6ef9e7231b2a813b9c65970953a3f41300e35db9318e56b3d1dbf7666e2897.json
13c7a905e6748c74b325aa6688ac8f24f04d95c66821c99a18f42bf331df61ea	C:\Users\James\kaggriculture\benchmark\match_cache\13c7a905e6748c74b325aa6688ac8f24f04d95c66821c99a18f42bf331df61ea.json
e5bfdfce6ea33577ea479f359c52f31a1f4a8bf62e86ce9328071b73614f1148	C:\Users\James\kaggriculture\benchmark\match_cache\e5bfdfce6ea33577ea479f359c52f31a1f4a8bf62e86ce9328071b73614f1148.json
d93a35df4710b611154bf471573af3b8d88671df53ec7632a30d7cb4406eb737	C:\Users\James\kaggriculture\benchmark\match_cache\d93a35df4710b611154bf471573af3b8d88671df53ec7632a30d7cb4406eb737.json
03bcb8e26d242285a69ceee9d8cf7d31889ebb021adde485a5ef17b2b5e51300	C:\Users\James\kaggriculture\benchmark\match_cache\03bcb8e26d242285a69ceee9d8cf7d31889ebb021adde485a5ef17b2b5e51300.json
64156c7041dc211b8e525e4ebdd2ce3797917b46b84a0917d7e1675ee6c22c6b	C:\Users\James\kaggriculture\benchmark\match_cache\64156c7041dc211b8e525e4ebdd2ce3797917b46b84a0917d7e1675ee6c22c6b.json
6129572d6eb47faa0bfacf086ee63634b8dd1fb8bc2a29eef01f627fe105c5a3	C:\Users\James\kaggriculture\benchmark\match_cache\6129572d6eb47faa0bfacf086ee63634b8dd1fb8bc2a29eef01f627fe105c5a3.json
479c60b1830b38143f9a1e75693aa32ff514c92fabe9af2c109a1e96a1fa67e1	C:\Users\James\kaggriculture\benchmark\match_cache\479c60b1830b38143f9a1e75693aa32ff514c92fabe9af2c109a1e96a1fa67e1.json
eeeefeefdf3c86da3b68d291d722e6875af81c6e3f4555cf675330807eda47ec	C:\Users\James\kaggriculture\benchmark\match_cache\eeeefeefdf3c86da3b68d291d722e6875af81c6e3f4555cf675330807eda47ec.json
572671b11ba0b2c0e9623a8880a554908aedf5af73705fb00f7bb6ddba9d35ea	C:\Users\James\kaggriculture\benchmark\match_cache\572671b11ba0b2c0e9623a8880a554908aedf5af73705fb00f7bb6ddba9d35ea.json
328bb2ecfccb851b71f215c20468eb01fbf2678cf0e7df6d83d4e78e33086ee4	C:\Users\James\kaggriculture\benchmark\match_cache\328bb2ecfccb851b71f215c20468eb01fbf2678cf0e7df6d83d4e78e33086ee4.json
14fef135603a1909a843c786ee1071d7335a5f543ba2a4b2fa8f37ba68ccab7c	C:\Users\James\kaggriculture\benchmark\match_cache\14fef135603a1909a843c786ee1071d7335a5f543ba2a4b2fa8f37ba68ccab7c.json
57e6ce14901d5ad7925c17108c049c7fd9a9da3025e8e38712acaa0aa803a55b	C:\Users\James\kaggriculture\benchmark\match_cache\57e6ce14901d5ad7925c17108c049c7fd9a9da3025e8e38712acaa0aa803a55b.json
5ff6f830db3e15a422262cbc0a3c6d1398cf28f1bf2247fed5fdc7903852e514	C:\Users\James\kaggriculture\benchmark\match_cache\5ff6f830db3e15a422262cbc0a3c6d1398cf28f1bf2247fed5fdc7903852e514.json
51573344680e16c3239c4cca9533feab1dd76056dc65960cb0b1e6f13eba9c70	C:\Users\James\kaggriculture\benchmark\match_cache\51573344680e16c3239c4cca9533feab1dd76056dc65960cb0b1e6f13eba9c70.json
572413ff34f2defb1c6a3ff3ff0cb1323aee30c825520a98441a5c6ac145bb65	C:\Users\James\kaggriculture\benchmark\match_cache\572413ff34f2defb1c6a3ff3ff0cb1323aee30c825520a98441a5c6ac145bb65.json
6686287fe05da41162810f7653654e6d87cf132184bcbe51cc5ccec21175e2cc	C:\Users\James\kaggriculture\benchmark\match_cache\6686287fe05da41162810f7653654e6d87cf132184bcbe51cc5ccec21175e2cc.json
0e502b3faed32f065933e088453cefc522a4bb26842a8b3649f1e0a360c54cae	C:\Users\James\kaggriculture\benchmark\match_cache\0e502b3faed32f065933e088453cefc522a4bb26842a8b3649f1e0a360c54cae.json
34d9a7ed5d8f98d5a81cf33519483a8936b664ecb402b077ecea8bfbfb06c97c	C:\Users\James\kaggriculture\benchmark\match_cache\34d9a7ed5d8f98d5a81cf33519483a8936b664ecb402b077ecea8bfbfb06c97c.json
1b8072f0b01b1ccc913cbd68e7b11c3622779a5d41d4f1aebb55eb49b501b81f	C:\Users\James\kaggriculture\benchmark\match_cache\1b8072f0b01b1ccc913cbd68e7b11c3622779a5d41d4f1aebb55eb49b501b81f.json
92cbf3b3a75742bc1318df070a61954716d334e84325e5679722c1c0e7aaf55f	C:\Users\James\kaggriculture\benchmark\match_cache\92cbf3b3a75742bc1318df070a61954716d334e84325e5679722c1c0e7aaf55f.json
e6fd6883ea36f491610644e83ee14f4fab2497f82244638a9bc73532bf738418	C:\Users\James\kaggriculture\benchmark\match_cache\e6fd6883ea36f491610644e83ee14f4fab2497f82244638a9bc73532bf738418.json
aa3b99469dc3e90b00586a7c916febbf1925af550f81e02123a33abeaf5979a5	C:\Users\James\kaggriculture\benchmark\match_cache\aa3b99469dc3e90b00586a7c916febbf1925af550f81e02123a33abeaf5979a5.json
29afcd3599a34173ad1c2dd392e9f96dd94973d62e2e046ca9a0509dd294a9b0	C:\Users\James\kaggriculture\benchmark\match_cache\29afcd3599a34173ad1c2dd392e9f96dd94973d62e2e046ca9a0509dd294a9b0.json
8cf8a7eb921289f080343f4d0eaf70de81a9b640e75b53887bfb98410f3a6a2e	C:\Users\James\kaggriculture\benchmark\match_cache\8cf8a7eb921289f080343f4d0eaf70de81a9b640e75b53887bfb98410f3a6a2e.json
b36f79a523948692740e3aa9fc78c4fdbcd4280acc529435adf0634245ef4bf2	C:\Users\James\kaggriculture\benchmark\match_cache\b36f79a523948692740e3aa9fc78c4fdbcd4280acc529435adf0634245ef4bf2.json
9146ec4bd4c1dcbc7c179364ae0af3f9dadcfebd4c560b6cf16c6fb324e27be7	C:\Users\James\kaggriculture\benchmark\match_cache\9146ec4bd4c1dcbc7c179364ae0af3f9dadcfebd4c560b6cf16c6fb324e27be7.json
cf6804505a265045f529e04d4e612917a280c3d687f23a1cce26ec4f53732dd9	C:\Users\James\kaggriculture\benchmark\match_cache\cf6804505a265045f529e04d4e612917a280c3d687f23a1cce26ec4f53732dd9.json
11dcd264236ec5be7a29817f046d3d535f47713cc502f9d4eab028caae754960	C:\Users\James\kaggriculture\benchmark\match_cache\11dcd264236ec5be7a29817f046d3d535f47713cc502f9d4eab028caae754960.json
8c213b0e631e2d99b1d780bd72c0dcd24daa9a40e497ee6d845233a7afedd44c	C:\Users\James\kaggriculture\benchmark\match_cache\8c213b0e631e2d99b1d780bd72c0dcd24daa9a40e497ee6d845233a7afedd44c.json
350f0db0c9f221a2fbe890c9080b7cc863061ed8652a9db48b62e8fbdaecebf8	C:\Users\James\kaggriculture\benchmark\match_cache\350f0db0c9f221a2fbe890c9080b7cc863061ed8652a9db48b62e8fbdaecebf8.json
c9e7d7717382529c1af66ea3a7e63ae473bad7a928ae611c98b118420b24e62b	C:\Users\James\kaggriculture\benchmark\match_cache\c9e7d7717382529c1af66ea3a7e63ae473bad7a928ae611c98b118420b24e62b.json
4956a3e1a9d21a582aee4de89255ebe86d41894799b6a520ea58842d5b9380ad	C:\Users\James\kaggriculture\benchmark\match_cache\4956a3e1a9d21a582aee4de89255ebe86d41894799b6a520ea58842d5b9380ad.json
3d25e2ba12f87bd1cd29b093a3cfd67df0e6819dc99ed2dcc005422208934fee	C:\Users\James\kaggriculture\benchmark\match_cache\3d25e2ba12f87bd1cd29b093a3cfd67df0e6819dc99ed2dcc005422208934fee.json
928c3db81b5fbaf205ae30d73cdc61ffd32f49ddd3b175260bd00bd9f29a5b80	C:\Users\James\kaggriculture\benchmark\match_cache\928c3db81b5fbaf205ae30d73cdc61ffd32f49ddd3b175260bd00bd9f29a5b80.json
dcdc808eea9962c4cf9e8468a3ebca338d402a95f0ccb045d2fd496e0be75fba	C:\Users\James\kaggriculture\benchmark\match_cache\dcdc808eea9962c4cf9e8468a3ebca338d402a95f0ccb045d2fd496e0be75fba.json
11a84ce2cb2ec72b028bbfc60e5b917864721a2c214b338e653a08f2bca9a184	C:\Users\James\kaggriculture\benchmark\match_cache\11a84ce2cb2ec72b028bbfc60e5b917864721a2c214b338e653a08f2bca9a184.json
8ec86327b6aa700aa3ed8433b2443f28adb68aa11673959d38196a831638032d	C:\Users\James\kaggriculture\benchmark\match_cache\8ec86327b6aa700aa3ed8433b2443f28adb68aa11673959d38196a831638032d.json
915dfb83bd89c95eeec8f633e1513222dba201ed9b55165b6e742b98051baa5b	C:\Users\James\kaggriculture\benchmark\match_cache\915dfb83bd89c95eeec8f633e1513222dba201ed9b55165b6e742b98051baa5b.json
b54075f8f0c37583c552a5c02766ac9b7f87b5e6d6e12030f9db3c340ec741bf	C:\Users\James\kaggriculture\benchmark\match_cache\b54075f8f0c37583c552a5c02766ac9b7f87b5e6d6e12030f9db3c340ec741bf.json
8037b88bbe0f2e7de229759cd60b0bf9ce11b7549cde012a6ab96c59967d94e2	C:\Users\James\kaggriculture\benchmark\match_cache\8037b88bbe0f2e7de229759cd60b0bf9ce11b7549cde012a6ab96c59967d94e2.json
8c5a384d02b048ecd188530a2a55e10ecebb4201442df994748344c97a51693e	C:\Users\James\kaggriculture\benchmark\match_cache\8c5a384d02b048ecd188530a2a55e10ecebb4201442df994748344c97a51693e.json
ea5fc2771b9e6d0ee524c088587c42e50400e545ddb355b4fbeb2d6caffc5a94	C:\Users\James\kaggriculture\benchmark\match_cache\ea5fc2771b9e6d0ee524c088587c42e50400e545ddb355b4fbeb2d6caffc5a94.json
bbecc51084daa844eea66706f626575f47844b8f0005cbad875dff165e3a7103	C:\Users\James\kaggriculture\benchmark\match_cache\bbecc51084daa844eea66706f626575f47844b8f0005cbad875dff165e3a7103.json
34b849e79994d84b63ccb387a7ea17326e06fdf68499e723ec6be96b72901b90	C:\Users\James\kaggriculture\benchmark\match_cache\34b849e79994d84b63ccb387a7ea17326e06fdf68499e723ec6be96b72901b90.json
92e5814df74d6254e5b21c8fc2fd984a39296f37293e9ed14b0a7518ed854106	C:\Users\James\kaggriculture\benchmark\match_cache\92e5814df74d6254e5b21c8fc2fd984a39296f37293e9ed14b0a7518ed854106.json
a98d994878465f85e69da4808ddf8bb86215bb50ed95b8bae5543f7cc0ae0efb	C:\Users\James\kaggriculture\benchmark\match_cache\a98d994878465f85e69da4808ddf8bb86215bb50ed95b8bae5543f7cc0ae0efb.json
997347ea59f3f88684bfd914bd49088483389e9855fa3d8de9a410de35189a16	C:\Users\James\kaggriculture\benchmark\match_cache\997347ea59f3f88684bfd914bd49088483389e9855fa3d8de9a410de35189a16.json
a94d9bba940abc842b150f5eceb14003bffd5e1d17c718d31cc4640873b5fad6	C:\Users\James\kaggriculture\benchmark\match_cache\a94d9bba940abc842b150f5eceb14003bffd5e1d17c718d31cc4640873b5fad6.json
f0abea4412dacfda6c9a7c770641c9f8666af5175635de3440f355e4f0fbf301	C:\Users\James\kaggriculture\benchmark\match_cache\f0abea4412dacfda6c9a7c770641c9f8666af5175635de3440f355e4f0fbf301.json
f6f23608f316091d8dfeb5b9573fba3a15ea911aa22123e4220368e98a5378a4	C:\Users\James\kaggriculture\benchmark\match_cache\f6f23608f316091d8dfeb5b9573fba3a15ea911aa22123e4220368e98a5378a4.json
7bd06bac79dcbe0aa5959ca62ed556d26996cf5107be6462d61c42a84180de5e	C:\Users\James\kaggriculture\benchmark\match_cache\7bd06bac79dcbe0aa5959ca62ed556d26996cf5107be6462d61c42a84180de5e.json
e531bdda534dfa2f34a86ef871843f7e94428916c050de52b22347df2f01ca62	C:\Users\James\kaggriculture\benchmark\match_cache\e531bdda534dfa2f34a86ef871843f7e94428916c050de52b22347df2f01ca62.json
c03c74b437bfa8a0f2aeb90634a202c98981982ac29a361283b45e2b0ee203ca	C:\Users\James\kaggriculture\benchmark\match_cache\c03c74b437bfa8a0f2aeb90634a202c98981982ac29a361283b45e2b0ee203ca.json
40bf80a5d6d41313d0bea84da0c25ccce21a55d63b4cc3e641e97f53b949d3ce	C:\Users\James\kaggriculture\benchmark\match_cache\40bf80a5d6d41313d0bea84da0c25ccce21a55d63b4cc3e641e97f53b949d3ce.json
1427a082aa89f1a92b519a5457127cad977f7ccc583236f7addcd3e203d6da95	C:\Users\James\kaggriculture\benchmark\match_cache\1427a082aa89f1a92b519a5457127cad977f7ccc583236f7addcd3e203d6da95.json
63c032161a399649ba87e11f54e3c0f257a60261952a4144f139fe8f4e5ffc7a	C:\Users\James\kaggriculture\benchmark\match_cache\63c032161a399649ba87e11f54e3c0f257a60261952a4144f139fe8f4e5ffc7a.json
97f5f738a8d9f0aea29a21ec746fe3fecbb91457a4d258deb33fa6d9d2d34cd0	C:\Users\James\kaggriculture\benchmark\match_cache\97f5f738a8d9f0aea29a21ec746fe3fecbb91457a4d258deb33fa6d9d2d34cd0.json
4156cbad3d92460bc7e586680397da4e6e11caa009dbe09df09c2d494cb81954	C:\Users\James\kaggriculture\benchmark\match_cache\4156cbad3d92460bc7e586680397da4e6e11caa009dbe09df09c2d494cb81954.json
5b065358426560c7093c4ffb98e507f09105f55835f53d8e7544c3e3f5a09377	C:\Users\James\kaggriculture\benchmark\match_cache\5b065358426560c7093c4ffb98e507f09105f55835f53d8e7544c3e3f5a09377.json
b609e1dedd04f492a21ada205a166114ea2cbd48df8712c0c3403ee085b7bc47	C:\Users\James\kaggriculture\benchmark\match_cache\b609e1dedd04f492a21ada205a166114ea2cbd48df8712c0c3403ee085b7bc47.json
c76d10dac3b31d71a05807be53b53b5eb9919c5ac7db6d1fa8a973a786b26b9f	C:\Users\James\kaggriculture\benchmark\match_cache\c76d10dac3b31d71a05807be53b53b5eb9919c5ac7db6d1fa8a973a786b26b9f.json
44da7399cfb6b34cef92e935b7f4c96ba2daafaeab6287f83627ee3284873668	C:\Users\James\kaggriculture\benchmark\match_cache\44da7399cfb6b34cef92e935b7f4c96ba2daafaeab6287f83627ee3284873668.json
1960268123daad0986c02de0c175bbfb0ccda65750ee6ddef70996f609cb3f4f	C:\Users\James\kaggriculture\benchmark\match_cache\1960268123daad0986c02de0c175bbfb0ccda65750ee6ddef70996f609cb3f4f.json
4c5f9583a85a2ae659d1e85d5f36f344b2328b801a1a3d8638028746fbddf6e9	C:\Users\James\kaggriculture\benchmark\match_cache\4c5f9583a85a2ae659d1e85d5f36f344b2328b801a1a3d8638028746fbddf6e9.json
b6783492b57236b8f12c82bc1022d29b68a5be796076208e293aa18fa5cc49fb	C:\Users\James\kaggriculture\benchmark\match_cache\b6783492b57236b8f12c82bc1022d29b68a5be796076208e293aa18fa5cc49fb.json
9b890ce8025095d4faf59f7d3a6f311d9657424f189faf28d77f4c7606e6a1e8	C:\Users\James\kaggriculture\benchmark\match_cache\9b890ce8025095d4faf59f7d3a6f311d9657424f189faf28d77f4c7606e6a1e8.json
74374f190bfb55bec30b618a94903924a034db2017bacfb1d38f7ef34c93b456	C:\Users\James\kaggriculture\benchmark\match_cache\74374f190bfb55bec30b618a94903924a034db2017bacfb1d38f7ef34c93b456.json
364fc5085d2c906d5eb91a389aa53f672faa897daf73c35dda0781494cd9f099	C:\Users\James\kaggriculture\benchmark\match_cache\364fc5085d2c906d5eb91a389aa53f672faa897daf73c35dda0781494cd9f099.json
7df15d69694dd2f03aa32566b5f98e23b002ad6be2f0ab5c8dd0aea1d834c0ec	C:\Users\James\kaggriculture\benchmark\match_cache\7df15d69694dd2f03aa32566b5f98e23b002ad6be2f0ab5c8dd0aea1d834c0ec.json
5cadb4ba476d7a0990284025fcc10b2af1f2e6b76ee6a6dcd16d2d4f69efc67c	C:\Users\James\kaggriculture\benchmark\match_cache\5cadb4ba476d7a0990284025fcc10b2af1f2e6b76ee6a6dcd16d2d4f69efc67c.json
0896b2bd59acf35ae7117d2d222edc7cc4eca2f298f4e4e062a3be37dbba2838	C:\Users\James\kaggriculture\benchmark\match_cache\0896b2bd59acf35ae7117d2d222edc7cc4eca2f298f4e4e062a3be37dbba2838.json
f07c4dc651dcf2bfc15ca94ecbbf03e56b743bf70caa58f28445331afd04d8fb	C:\Users\James\kaggriculture\benchmark\match_cache\f07c4dc651dcf2bfc15ca94ecbbf03e56b743bf70caa58f28445331afd04d8fb.json
7e6bf4e350483eeacd34f9ecc9af59db47509b600bbf5a448f109b38d2aa857e	C:\Users\James\kaggriculture\benchmark\match_cache\7e6bf4e350483eeacd34f9ecc9af59db47509b600bbf5a448f109b38d2aa857e.json
0a4cb8885ff750f5bcbe8e4b61e2daa4a34ce69defb793cbdbcc32c723abfafc	C:\Users\James\kaggriculture\benchmark\match_cache\0a4cb8885ff750f5bcbe8e4b61e2daa4a34ce69defb793cbdbcc32c723abfafc.json
75994e6afba589c6fb2178bcc65b14580a2b4cbbd4ad87c2c3732fc3ecc4a86f	C:\Users\James\kaggriculture\benchmark\match_cache\75994e6afba589c6fb2178bcc65b14580a2b4cbbd4ad87c2c3732fc3ecc4a86f.json
2e91a3667680487667742aa0fed20558a9c26c9fee16a2ed1e71d5acdd8af57f	C:\Users\James\kaggriculture\benchmark\match_cache\2e91a3667680487667742aa0fed20558a9c26c9fee16a2ed1e71d5acdd8af57f.json
b4a47da0f10bd9cf981505cb04c228a9ac63b1029c3d8174df47e373a278a97b	C:\Users\James\kaggriculture\benchmark\match_cache\b4a47da0f10bd9cf981505cb04c228a9ac63b1029c3d8174df47e373a278a97b.json
b9306a90a86110c79668c1f5c10fffd05e5a75c093257557e257a5fa998be312	C:\Users\James\kaggriculture\benchmark\match_cache\b9306a90a86110c79668c1f5c10fffd05e5a75c093257557e257a5fa998be312.json
b73098482d773e141f53890c81ca3caf0f62ce84149eb6e614b4be517fcecb5e	C:\Users\James\kaggriculture\benchmark\match_cache\b73098482d773e141f53890c81ca3caf0f62ce84149eb6e614b4be517fcecb5e.json
1fdf900c2ab440be95fa97b28055706b9394d94118b30211ace3449e946eb300	C:\Users\James\kaggriculture\benchmark\match_cache\1fdf900c2ab440be95fa97b28055706b9394d94118b30211ace3449e946eb300.json
2e3d5ad97b0b04ff0f8e271a333d6a127cac53d1fe1504a3dac83463d4022521	C:\Users\James\kaggriculture\benchmark\match_cache\2e3d5ad97b0b04ff0f8e271a333d6a127cac53d1fe1504a3dac83463d4022521.json
e7fb7cf90e119445713ab428fed6c56b467697dba8e1b81114817e66ce2f9bea	C:\Users\James\kaggriculture\benchmark\match_cache\e7fb7cf90e119445713ab428fed6c56b467697dba8e1b81114817e66ce2f9bea.json
e14ca920ad844e7bdb8985c376750fabe76d5ab458f73ced8db5f04b3db5b9f5	C:\Users\James\kaggriculture\benchmark\match_cache\e14ca920ad844e7bdb8985c376750fabe76d5ab458f73ced8db5f04b3db5b9f5.json
7d762f93cfebe9fbfc3a7ac1f814509cbc725c706bcdcdf7bdadf03f4177a571	C:\Users\James\kaggriculture\benchmark\match_cache\7d762f93cfebe9fbfc3a7ac1f814509cbc725c706bcdcdf7bdadf03f4177a571.json
c27d273e2b680c582d473082b7b4a3c969d23b874df485c3906523ee8e147a84	C:\Users\James\kaggriculture\benchmark\match_cache\c27d273e2b680c582d473082b7b4a3c969d23b874df485c3906523ee8e147a84.json
97dec3453db9f7eea3e321295f6b178b8fb8a7e672ab60b8fa3df7aab5c36591	C:\Users\James\kaggriculture\benchmark\match_cache\97dec3453db9f7eea3e321295f6b178b8fb8a7e672ab60b8fa3df7aab5c36591.json
8bc93f1095f608c14ccf1448985e70fd362f277d0de1fb232185654e3473d4b0	C:\Users\James\kaggriculture\benchmark\match_cache\8bc93f1095f608c14ccf1448985e70fd362f277d0de1fb232185654e3473d4b0.json
7056f0c1c9462b57e62ef0a9eed2fd60389e88fe66e02377d949882a3939e920	C:\Users\James\kaggriculture\benchmark\match_cache\7056f0c1c9462b57e62ef0a9eed2fd60389e88fe66e02377d949882a3939e920.json
17fa47711e13d2baee3ac6c56bfde449abc745f7f55b9d358f45e576a2dfb662	C:\Users\James\kaggriculture\benchmark\match_cache\17fa47711e13d2baee3ac6c56bfde449abc745f7f55b9d358f45e576a2dfb662.json
cf8f16fcaff67c6527d4e0e268aef270c30c21a0c6a3a5a5fef84413058a3ee5	C:\Users\James\kaggriculture\benchmark\match_cache\cf8f16fcaff67c6527d4e0e268aef270c30c21a0c6a3a5a5fef84413058a3ee5.json
0995841a1b13a1b4d1c8f1e0f2af671806b37c6223c137297ad07815ebd4b0cb	C:\Users\James\kaggriculture\benchmark\match_cache\0995841a1b13a1b4d1c8f1e0f2af671806b37c6223c137297ad07815ebd4b0cb.json
53d8a1a38705e3072992170a0d69ff6f84e46e682c75615d3f518721c6f846d0	C:\Users\James\kaggriculture\benchmark\match_cache\53d8a1a38705e3072992170a0d69ff6f84e46e682c75615d3f518721c6f846d0.json
f8b9e6ab33107089857e1fd988ed16fc64ba6d1cf38b8266d2b1daef59d8a003	C:\Users\James\kaggriculture\benchmark\match_cache\f8b9e6ab33107089857e1fd988ed16fc64ba6d1cf38b8266d2b1daef59d8a003.json
401410328b55852ccda008873917e48abcbbe0ed50115cdbb560357285a901ce	C:\Users\James\kaggriculture\benchmark\match_cache\401410328b55852ccda008873917e48abcbbe0ed50115cdbb560357285a901ce.json
3da10b8804104d5b8c0f1419ade9e63b818c98004f7ae2345c7967b7cc9773a8	C:\Users\James\kaggriculture\benchmark\match_cache\3da10b8804104d5b8c0f1419ade9e63b818c98004f7ae2345c7967b7cc9773a8.json
63522e75da82dc0d89d1c03f6561e89916ecc2a860b23b07f9f3d2dcf83589ee	C:\Users\James\kaggriculture\benchmark\match_cache\63522e75da82dc0d89d1c03f6561e89916ecc2a860b23b07f9f3d2dcf83589ee.json
78b5efadf995d11c47c8e05bc66bcbacd599c493b9a0d6cfd740168cfc4bb375	C:\Users\James\kaggriculture\benchmark\match_cache\78b5efadf995d11c47c8e05bc66bcbacd599c493b9a0d6cfd740168cfc4bb375.json
36ff34526a52c250cf2ee41b2e2d587fcbfe9e55baec440cc2614d023d5b3e93	C:\Users\James\kaggriculture\benchmark\match_cache\36ff34526a52c250cf2ee41b2e2d587fcbfe9e55baec440cc2614d023d5b3e93.json
0bad816859d77fcdcca7319ceb0e098d2c9808efffd2707cb16ee5c8683135af	C:\Users\James\kaggriculture\benchmark\match_cache\0bad816859d77fcdcca7319ceb0e098d2c9808efffd2707cb16ee5c8683135af.json
bd39b82c844c2ed3e4c209b347799d6b4f363b18436acf896fba0c804c1ac7cf	C:\Users\James\kaggriculture\benchmark\match_cache\bd39b82c844c2ed3e4c209b347799d6b4f363b18436acf896fba0c804c1ac7cf.json
0948f3dc31ec8d97e28ba1e4923c05cab9c4a4368833d3bc91e58900928b9b85	C:\Users\James\kaggriculture\benchmark\match_cache\0948f3dc31ec8d97e28ba1e4923c05cab9c4a4368833d3bc91e58900928b9b85.json
326ea2093037b52f1d514ac0ddd5683b1e80ecb9260b2860bf6c106d60f83e72	C:\Users\James\kaggriculture\benchmark\match_cache\326ea2093037b52f1d514ac0ddd5683b1e80ecb9260b2860bf6c106d60f83e72.json
32683cf5e6c412585dbc9421553f79ec37e3ce71ab25820e494995033add7535	C:\Users\James\kaggriculture\benchmark\match_cache\32683cf5e6c412585dbc9421553f79ec37e3ce71ab25820e494995033add7535.json
3cc13ae06885185c88a9b2d85743177c1a6890d653f3f9760d12e34817fc0229	C:\Users\James\kaggriculture\benchmark\match_cache\3cc13ae06885185c88a9b2d85743177c1a6890d653f3f9760d12e34817fc0229.json
09f2e33405364287d637b8879bd0bd23558e8fc369c5286b5af0ad68bd1f896a	C:\Users\James\kaggriculture\benchmark\match_cache\09f2e33405364287d637b8879bd0bd23558e8fc369c5286b5af0ad68bd1f896a.json
a2d88e72e9004cdffd2ca9f9cf9a64766f70a00bf0f772cd5c575019ae4d910a	C:\Users\James\kaggriculture\benchmark\match_cache\a2d88e72e9004cdffd2ca9f9cf9a64766f70a00bf0f772cd5c575019ae4d910a.json
4349ce09dfc01702b8312bf0354b262a1b359826555044b735d9f0bae6383d0b	C:\Users\James\kaggriculture\benchmark\match_cache\4349ce09dfc01702b8312bf0354b262a1b359826555044b735d9f0bae6383d0b.json
59ad184cd6541a1fd2d7628dc01ba28981ab744bc93965e99bc84167d5df2b3e	C:\Users\James\kaggriculture\benchmark\match_cache\59ad184cd6541a1fd2d7628dc01ba28981ab744bc93965e99bc84167d5df2b3e.json
fcbe0761048f5218ee4a0fe0238a70ef9912a1701413cba205ae945d64ba7680	C:\Users\James\kaggriculture\benchmark\match_cache\fcbe0761048f5218ee4a0fe0238a70ef9912a1701413cba205ae945d64ba7680.json
8581fb577d22c85116eea50eb5ad5be50071415735197653b83d741299868ade	C:\Users\James\kaggriculture\benchmark\match_cache\8581fb577d22c85116eea50eb5ad5be50071415735197653b83d741299868ade.json
beefb1a2008e00c717c006d991c21fb5feb1eff78fcacd8e80fc7c8648500525	C:\Users\James\kaggriculture\benchmark\match_cache\beefb1a2008e00c717c006d991c21fb5feb1eff78fcacd8e80fc7c8648500525.json
5400852890a4911e3bbff9109da78cb2a1b058b29bee7f8ef4c1fe44b3f08953	C:\Users\James\kaggriculture\benchmark\match_cache\5400852890a4911e3bbff9109da78cb2a1b058b29bee7f8ef4c1fe44b3f08953.json
9c1f38d76525a07d2601cf766344af41d31587c6ba42bf25bc2823119b390e59	C:\Users\James\kaggriculture\benchmark\match_cache\9c1f38d76525a07d2601cf766344af41d31587c6ba42bf25bc2823119b390e59.json
d978c9cc477166797a1d02d3567832ae852ba0ea2f0e3fafd9f5e3db91fa2061	C:\Users\James\kaggriculture\benchmark\match_cache\d978c9cc477166797a1d02d3567832ae852ba0ea2f0e3fafd9f5e3db91fa2061.json
f223bf1a8ea21d10f5c724dc4c530eb90b375ac3673aa2b938a83592a6a135f5	C:\Users\James\kaggriculture\benchmark\match_cache\f223bf1a8ea21d10f5c724dc4c530eb90b375ac3673aa2b938a83592a6a135f5.json
64f2fe35e9376cd4dbaa2e674031bcc189004733532aee12f737d9dbc30949d7	C:\Users\James\kaggriculture\benchmark\match_cache\64f2fe35e9376cd4dbaa2e674031bcc189004733532aee12f737d9dbc30949d7.json
83bfc944c11a95d54f344b99b73b3d278fc2a76d2b48be2e10230f0b5f4eb7dc	C:\Users\James\kaggriculture\benchmark\match_cache\83bfc944c11a95d54f344b99b73b3d278fc2a76d2b48be2e10230f0b5f4eb7dc.json
6f359925471cd19e89f6aa01614e7f71e71e65d49069606407c780a385140b0c	C:\Users\James\kaggriculture\benchmark\match_cache\6f359925471cd19e89f6aa01614e7f71e71e65d49069606407c780a385140b0c.json
569a1a585d78738d82a5834fdb9dff46cdd9406e663bf11ad5a2698d1366477b	C:\Users\James\kaggriculture\benchmark\match_cache\569a1a585d78738d82a5834fdb9dff46cdd9406e663bf11ad5a2698d1366477b.json
e8816e26bbb919edef89fc454f6cec97b6adbae23c0348dbd374e91b97ff8836	C:\Users\James\kaggriculture\benchmark\match_cache\e8816e26bbb919edef89fc454f6cec97b6adbae23c0348dbd374e91b97ff8836.json
c230928cbb0796c9e079ce21135165bc88e9ce3c267fe72cb50c55f47d9c717c	C:\Users\James\kaggriculture\benchmark\match_cache\c230928cbb0796c9e079ce21135165bc88e9ce3c267fe72cb50c55f47d9c717c.json
56c63b5ee24c99b9ec21553debca2bf9185ec1fbe8357629a65148b04969489f	C:\Users\James\kaggriculture\benchmark\match_cache\56c63b5ee24c99b9ec21553debca2bf9185ec1fbe8357629a65148b04969489f.json
df2d2b69d0cd158cc9e693452e9faf314f707682c5030120562a23c33dcc407b	C:\Users\James\kaggriculture\benchmark\match_cache\df2d2b69d0cd158cc9e693452e9faf314f707682c5030120562a23c33dcc407b.json
0ca3215ea661b2b93103d07280e49a3d8e5a2358f333773efb9ed2626f34b574	C:\Users\James\kaggriculture\benchmark\match_cache\0ca3215ea661b2b93103d07280e49a3d8e5a2358f333773efb9ed2626f34b574.json
53ebae3825a8d4345b0a0808106d7137a7c818189c9355fa36a926085fb805aa	C:\Users\James\kaggriculture\benchmark\match_cache\53ebae3825a8d4345b0a0808106d7137a7c818189c9355fa36a926085fb805aa.json
051a826c8d582a31050411e220eec2233bf1ff9195b3b5b676c796d1df0417ef	C:\Users\James\kaggriculture\benchmark\match_cache\051a826c8d582a31050411e220eec2233bf1ff9195b3b5b676c796d1df0417ef.json
0142a3bdf3d6740b9ca8580293ea7e566c1a28d67777904749e890d2abedcfb6	C:\Users\James\kaggriculture\benchmark\match_cache\0142a3bdf3d6740b9ca8580293ea7e566c1a28d67777904749e890d2abedcfb6.json
635f3ef6e928db2e0456be8fecbab09cbf5773fc37e21d35334db967ac689c47	C:\Users\James\kaggriculture\benchmark\match_cache\635f3ef6e928db2e0456be8fecbab09cbf5773fc37e21d35334db967ac689c47.json
feb928c06699f808018739640eeb6d86d343c87a1d003bb9fcaa64c536bc0744	C:\Users\James\kaggriculture\benchmark\match_cache\feb928c06699f808018739640eeb6d86d343c87a1d003bb9fcaa64c536bc0744.json
1d5b48b4f52e0b297efe635123ee26f5b7cc7c552cbea34f3b64a696e9a724f9	C:\Users\James\kaggriculture\benchmark\match_cache\1d5b48b4f52e0b297efe635123ee26f5b7cc7c552cbea34f3b64a696e9a724f9.json
1d8244893b2a132766d2256dbe32eefaec965c620d597c398891e33fd6528a39	C:\Users\James\kaggriculture\benchmark\match_cache\1d8244893b2a132766d2256dbe32eefaec965c620d597c398891e33fd6528a39.json
ed902d828bea08fcea469a9cb740bd56da0312e5ef1736819b839fd14d55f52e	C:\Users\James\kaggriculture\benchmark\match_cache\ed902d828bea08fcea469a9cb740bd56da0312e5ef1736819b839fd14d55f52e.json
134b738fbdb66815546a022f3d93466935011954c01d527424ed8ff9ec95f34d	C:\Users\James\kaggriculture\benchmark\match_cache\134b738fbdb66815546a022f3d93466935011954c01d527424ed8ff9ec95f34d.json
8aa320ac2fe75159b789921a28efc03cb988987a961779fb2f242300e96f5972	C:\Users\James\kaggriculture\benchmark\match_cache\8aa320ac2fe75159b789921a28efc03cb988987a961779fb2f242300e96f5972.json
4f124c5e99c733faae73d196d4efbe2674c3733b4c7428cc2f73671eb4c284fd	C:\Users\James\kaggriculture\benchmark\match_cache\4f124c5e99c733faae73d196d4efbe2674c3733b4c7428cc2f73671eb4c284fd.json
ae40ae52b6a336aca205055506a28838663ba1e91a46ee21a3bcca8e5a3ec58c	C:\Users\James\kaggriculture\benchmark\match_cache\ae40ae52b6a336aca205055506a28838663ba1e91a46ee21a3bcca8e5a3ec58c.json
63aec11a5f309758a8cbdd14961e0bfb4a445e9452891694dedbe7e8f622049b	C:\Users\James\kaggriculture\benchmark\match_cache\63aec11a5f309758a8cbdd14961e0bfb4a445e9452891694dedbe7e8f622049b.json
79052aed6f0ba6c0f50554107d626224a81f7516b83510bda6071361cd537533	C:\Users\James\kaggriculture\benchmark\match_cache\79052aed6f0ba6c0f50554107d626224a81f7516b83510bda6071361cd537533.json
d98eee6101aa88701d641f8a196000cc49026f32b4f3367420d2c56d0be941b1	C:\Users\James\kaggriculture\benchmark\match_cache\d98eee6101aa88701d641f8a196000cc49026f32b4f3367420d2c56d0be941b1.json
085b2ea6a8b9dba428aa4c89ae6ddc17a292ff87af3c1338311541e06d862385	C:\Users\James\kaggriculture\benchmark\match_cache\085b2ea6a8b9dba428aa4c89ae6ddc17a292ff87af3c1338311541e06d862385.json
32569c5dbcfade4a71684f77bdc2c5465e3d421762871e7e481a4174aee6f6e5	C:\Users\James\kaggriculture\benchmark\match_cache\32569c5dbcfade4a71684f77bdc2c5465e3d421762871e7e481a4174aee6f6e5.json
56f65adc6fee9c434f92cbaa1d8c7d7ed999bdfaa704af8d6b6424dc0136aee6	C:\Users\James\kaggriculture\benchmark\match_cache\56f65adc6fee9c434f92cbaa1d8c7d7ed999bdfaa704af8d6b6424dc0136aee6.json
95f2348c1eec96836759b47db32f063d7be1cc841b59779ebed25afde8cc5bc3	C:\Users\James\kaggriculture\benchmark\match_cache\95f2348c1eec96836759b47db32f063d7be1cc841b59779ebed25afde8cc5bc3.json
58895669637447cf07e3334400fbc9f220867db0c89abdf8788c8c0356917652	C:\Users\James\kaggriculture\benchmark\match_cache\58895669637447cf07e3334400fbc9f220867db0c89abdf8788c8c0356917652.json
30b2308ee04343a5d6c6856ffdf380be0e8ac14527262fb59c999f62cb2574e1	C:\Users\James\kaggriculture\benchmark\match_cache\30b2308ee04343a5d6c6856ffdf380be0e8ac14527262fb59c999f62cb2574e1.json
c9741d1b9a9525bccdbfaed8f060d88c7b9b4f8a10ad337fc9247c85d12d7371	C:\Users\James\kaggriculture\benchmark\match_cache\c9741d1b9a9525bccdbfaed8f060d88c7b9b4f8a10ad337fc9247c85d12d7371.json
8e7a59680962a0b0b495142ad8b636dce4c398ee7a41969159c0ed1bdfc643c6	C:\Users\James\kaggriculture\benchmark\match_cache\8e7a59680962a0b0b495142ad8b636dce4c398ee7a41969159c0ed1bdfc643c6.json
347f2eb66d8ff3f5e0778baa3104e2e2b255fc3485738369b72099e3ed0bfbc2	C:\Users\James\kaggriculture\benchmark\match_cache\347f2eb66d8ff3f5e0778baa3104e2e2b255fc3485738369b72099e3ed0bfbc2.json
a317af3b737e8375902b18c743edc34c87287dd38b4976ae910b55a0436bdb75	C:\Users\James\kaggriculture\benchmark\match_cache\a317af3b737e8375902b18c743edc34c87287dd38b4976ae910b55a0436bdb75.json
608de7f4a1536423d478bdb70354a387a7620e491f07d9ef4824dd54dfb4d018	C:\Users\James\kaggriculture\benchmark\match_cache\608de7f4a1536423d478bdb70354a387a7620e491f07d9ef4824dd54dfb4d018.json
e3f298b763f23ef1be0e9fd0e6a777c91ef96999bce66b0e8cd2edc31337da0e	C:\Users\James\kaggriculture\benchmark\match_cache\e3f298b763f23ef1be0e9fd0e6a777c91ef96999bce66b0e8cd2edc31337da0e.json
67ca2c706aa13d83bdd7bca574e90c6913510721c7190dc77bb5d7645650bd0d	C:\Users\James\kaggriculture\benchmark\match_cache\67ca2c706aa13d83bdd7bca574e90c6913510721c7190dc77bb5d7645650bd0d.json
dfde3ab7708f64f0596b64b045d1db6ebc7a7bd8b441c91d7bd225ac84957499	C:\Users\James\kaggriculture\benchmark\match_cache\dfde3ab7708f64f0596b64b045d1db6ebc7a7bd8b441c91d7bd225ac84957499.json
d16832d5d6924db2036d7686b6b53c05cb1a4131bd92912580eb0232e9d1c914	C:\Users\James\kaggriculture\benchmark\match_cache\d16832d5d6924db2036d7686b6b53c05cb1a4131bd92912580eb0232e9d1c914.json
d2b0316fabb49f84cdda52891afa36a312e67ff0a6f1a939ce1d45558006cb59	C:\Users\James\kaggriculture\benchmark\match_cache\d2b0316fabb49f84cdda52891afa36a312e67ff0a6f1a939ce1d45558006cb59.json
022f5bbdc5f0a7c3aeeeffddf4809d651aceeecdd24cc6736a78fe27693e8dce	C:\Users\James\kaggriculture\benchmark\match_cache\022f5bbdc5f0a7c3aeeeffddf4809d651aceeecdd24cc6736a78fe27693e8dce.json
a6eab696036f27d5e426b8321a95192735a615208ac9101a428ce14e91a3a2ad	C:\Users\James\kaggriculture\benchmark\match_cache\a6eab696036f27d5e426b8321a95192735a615208ac9101a428ce14e91a3a2ad.json
d0598a87f2c314e19fc293fa06e35efb6522a714602925c33314a97c0952cf5f	C:\Users\James\kaggriculture\benchmark\match_cache\d0598a87f2c314e19fc293fa06e35efb6522a714602925c33314a97c0952cf5f.json
5e8fd1f80e0f56e19e6f33b4312c6abaf57d063f428270bceefac484e80da582	C:\Users\James\kaggriculture\benchmark\match_cache\5e8fd1f80e0f56e19e6f33b4312c6abaf57d063f428270bceefac484e80da582.json
f6c770cbefde426048a56faf5e49ff2b9c6f7795a496cc1e979c72e3f71f08bf	C:\Users\James\kaggriculture\benchmark\match_cache\f6c770cbefde426048a56faf5e49ff2b9c6f7795a496cc1e979c72e3f71f08bf.json
12eea44ad8cae61c74c64a53a1cbc1e1e1dec1e512a951cfe00f7b7b6b739c8a	C:\Users\James\kaggriculture\benchmark\match_cache\12eea44ad8cae61c74c64a53a1cbc1e1e1dec1e512a951cfe00f7b7b6b739c8a.json
7a665a0709c6c4ae76e96cac2e6ffe873a31343f0d6674f438bb84326165e0a4	C:\Users\James\kaggriculture\benchmark\match_cache\7a665a0709c6c4ae76e96cac2e6ffe873a31343f0d6674f438bb84326165e0a4.json
2b92f7c985cacf6e8668d249c107b12783c9464b79cd48cde9d315954119e648	C:\Users\James\kaggriculture\benchmark\match_cache\2b92f7c985cacf6e8668d249c107b12783c9464b79cd48cde9d315954119e648.json
e7baa877e65eab2d2f03b6943f39244dfb23c9c48082929e60713e0ea071c865	C:\Users\James\kaggriculture\benchmark\match_cache\e7baa877e65eab2d2f03b6943f39244dfb23c9c48082929e60713e0ea071c865.json
4ad3e5778cd1a10c4c13712081219ab0b1cbb35bc1ee1eb993c08976fd718140	C:\Users\James\kaggriculture\benchmark\match_cache\4ad3e5778cd1a10c4c13712081219ab0b1cbb35bc1ee1eb993c08976fd718140.json
8ee321a2e357d386213e25eefcc600c2cd98df64489a06b203a7d2bb02a2ffbe	C:\Users\James\kaggriculture\benchmark\match_cache\8ee321a2e357d386213e25eefcc600c2cd98df64489a06b203a7d2bb02a2ffbe.json
41758058b2411def1d01f89e494c51314c0dabab814f51ac86d3153176ff0f2e	C:\Users\James\kaggriculture\benchmark\match_cache\41758058b2411def1d01f89e494c51314c0dabab814f51ac86d3153176ff0f2e.json
68f9237721beaded70746b72f38268967d531502ae03fe55c6d949cf78ed96ff	C:\Users\James\kaggriculture\benchmark\match_cache\68f9237721beaded70746b72f38268967d531502ae03fe55c6d949cf78ed96ff.json
5b52867e02ced0da558a7444232a0849b3e300c78f99f581a324b9ad3a555024	C:\Users\James\kaggriculture\benchmark\match_cache\5b52867e02ced0da558a7444232a0849b3e300c78f99f581a324b9ad3a555024.json
651adc2e58627bec8c9c31b4db5b6ade2f3649668f4f1ffc60307cc539a789d7	C:\Users\James\kaggriculture\benchmark\match_cache\651adc2e58627bec8c9c31b4db5b6ade2f3649668f4f1ffc60307cc539a789d7.json
f0ffa424bf9496879ba13d25396b0794b5528c667ff7d3d8675310bd68cb4473	C:\Users\James\kaggriculture\benchmark\match_cache\f0ffa424bf9496879ba13d25396b0794b5528c667ff7d3d8675310bd68cb4473.json
282b4c4c1c761c30128636fe440ef79c02aec07c869e5bcef930a47e0a2c0933	C:\Users\James\kaggriculture\benchmark\match_cache\282b4c4c1c761c30128636fe440ef79c02aec07c869e5bcef930a47e0a2c0933.json
784b287a2a7e611400c13bf71469ef4fa6ae29330d4da5f97ed04dfb1c99d756	C:\Users\James\kaggriculture\benchmark\match_cache\784b287a2a7e611400c13bf71469ef4fa6ae29330d4da5f97ed04dfb1c99d756.json
cdde4aa1c60d22b2b91128a468b25089e1ce92e2da3e091dcaf68da5391a1a4c	C:\Users\James\kaggriculture\benchmark\match_cache\cdde4aa1c60d22b2b91128a468b25089e1ce92e2da3e091dcaf68da5391a1a4c.json
5f3a1c32868771bb4fc0993368a7dcc7507c5ab9b824a11b3ed550a8b8b9b298	C:\Users\James\kaggriculture\benchmark\match_cache\5f3a1c32868771bb4fc0993368a7dcc7507c5ab9b824a11b3ed550a8b8b9b298.json
d9f124b059148ecc5fa2834dcd5ec0911c1892895ec82714bd30441f930e6fbb	C:\Users\James\kaggriculture\benchmark\match_cache\d9f124b059148ecc5fa2834dcd5ec0911c1892895ec82714bd30441f930e6fbb.json
f45353fb321769797f5282cafb9d9e26b67841ac8e443ac478e95b29ba5963a5	C:\Users\James\kaggriculture\benchmark\match_cache\f45353fb321769797f5282cafb9d9e26b67841ac8e443ac478e95b29ba5963a5.json
5684dbb95bc66e3732d0daecfc6978ff0f9c6b5d0be8f65a19240ee93912334b	C:\Users\James\kaggriculture\benchmark\match_cache\5684dbb95bc66e3732d0daecfc6978ff0f9c6b5d0be8f65a19240ee93912334b.json
b1fcf04fc2cdb3cc9ab8a3aef7c0c6e85931730e2dfaac552a2f418847990599	C:\Users\James\kaggriculture\benchmark\match_cache\b1fcf04fc2cdb3cc9ab8a3aef7c0c6e85931730e2dfaac552a2f418847990599.json
f63a5d1c536e8550bda80347239d3b0cf6539c0c2829fb1a9d106bc6930db6e4	C:\Users\James\kaggriculture\benchmark\match_cache\f63a5d1c536e8550bda80347239d3b0cf6539c0c2829fb1a9d106bc6930db6e4.json
6f743734280a00e4d3a606f8f41758e7e1b22d992131c07d55e961370315aa50	C:\Users\James\kaggriculture\benchmark\match_cache\6f743734280a00e4d3a606f8f41758e7e1b22d992131c07d55e961370315aa50.json
4f84d2c48cea8c8ae8c4b19121d7dfdcc51d870e710a5ba449093a46df530b58	C:\Users\James\kaggriculture\benchmark\match_cache\4f84d2c48cea8c8ae8c4b19121d7dfdcc51d870e710a5ba449093a46df530b58.json
cd284bb749961c0980a598cc7323212ff4a4a68e284ab0f54e877054b136e81c	C:\Users\James\kaggriculture\benchmark\match_cache\cd284bb749961c0980a598cc7323212ff4a4a68e284ab0f54e877054b136e81c.json
6fae48183e68fc7b3da29bf6fc382f79aaff36799e70eed20432bb385ec8986e	C:\Users\James\kaggriculture\benchmark\match_cache\6fae48183e68fc7b3da29bf6fc382f79aaff36799e70eed20432bb385ec8986e.json
44f67b8c6a6a73ca8fe7e370c6321f0676c52fbd7cd14e3bcd2e8413916e1ee8	C:\Users\James\kaggriculture\benchmark\match_cache\44f67b8c6a6a73ca8fe7e370c6321f0676c52fbd7cd14e3bcd2e8413916e1ee8.json
58d0448a62dd620bc60f5a836566eb86f4dfe4cdc7d88b91b6aca208dece9a03	C:\Users\James\kaggriculture\benchmark\match_cache\58d0448a62dd620bc60f5a836566eb86f4dfe4cdc7d88b91b6aca208dece9a03.json
28718dcee549e9bc1d4aaca411dd6e860c6f4c18bf8f3cc6b0848f28719b6c4c	C:\Users\James\kaggriculture\benchmark\match_cache\28718dcee549e9bc1d4aaca411dd6e860c6f4c18bf8f3cc6b0848f28719b6c4c.json
223c6a76b92c5b020d8fb72ca0c878b7fbadc5ead00a3219e83e646c612ead18	C:\Users\James\kaggriculture\benchmark\match_cache\223c6a76b92c5b020d8fb72ca0c878b7fbadc5ead00a3219e83e646c612ead18.json
2b6fe1496fb2465ccbd54b7651d3c0dd82e4c03cb9eaf18173ceed54d05a8e83	C:\Users\James\kaggriculture\benchmark\match_cache\2b6fe1496fb2465ccbd54b7651d3c0dd82e4c03cb9eaf18173ceed54d05a8e83.json
fdc61aa0802a4db253d33c7d1f8054ca71d5629083f0de25c39aab76844e4b5f	C:\Users\James\kaggriculture\benchmark\match_cache\fdc61aa0802a4db253d33c7d1f8054ca71d5629083f0de25c39aab76844e4b5f.json
7c82c6a4758d557dc4ef44fada9d219fb24de942338883b33acc193ad01c7942	C:\Users\James\kaggriculture\benchmark\match_cache\7c82c6a4758d557dc4ef44fada9d219fb24de942338883b33acc193ad01c7942.json
23b0b0a103ff6b142da6744f475cef158be1276d06d63fed5bc231e4b6407022	C:\Users\James\kaggriculture\benchmark\match_cache\23b0b0a103ff6b142da6744f475cef158be1276d06d63fed5bc231e4b6407022.json
1070b4ca699b467accc0a8d162c73ef0843b1494f0197e65aee6a20abde383d5	C:\Users\James\kaggriculture\benchmark\match_cache\1070b4ca699b467accc0a8d162c73ef0843b1494f0197e65aee6a20abde383d5.json
af08747e43458376bf4c83b7db3f4800987eff71e9768615dab6ee960e25b512	C:\Users\James\kaggriculture\benchmark\match_cache\af08747e43458376bf4c83b7db3f4800987eff71e9768615dab6ee960e25b512.json
d139c4b09f9510df1f0c208df211d6674b952f6e81958a2c9c0ae983550d2286	C:\Users\James\kaggriculture\benchmark\match_cache\d139c4b09f9510df1f0c208df211d6674b952f6e81958a2c9c0ae983550d2286.json
c7ba5fb332f977684dcc80d16f223830bd4f1982bacbc7fd2f409b5e03ea7eb0	C:\Users\James\kaggriculture\benchmark\match_cache\c7ba5fb332f977684dcc80d16f223830bd4f1982bacbc7fd2f409b5e03ea7eb0.json
1608300b442d52108774be5c6c61e63571d1247344c2149767dd88ecd296625c	C:\Users\James\kaggriculture\benchmark\match_cache\1608300b442d52108774be5c6c61e63571d1247344c2149767dd88ecd296625c.json
2d7f6d16877f8b53ebdfd131cf6fdb70180cb70abe73471df8a5ee465ea21750	C:\Users\James\kaggriculture\benchmark\match_cache\2d7f6d16877f8b53ebdfd131cf6fdb70180cb70abe73471df8a5ee465ea21750.json
72f42dfe4775f64fb328107328614a75c2ba70d89b4b42303de957d7b05e1781	C:\Users\James\kaggriculture\benchmark\match_cache\72f42dfe4775f64fb328107328614a75c2ba70d89b4b42303de957d7b05e1781.json
5d4c654e71f2d1707edf44a6ef26f6e03a66707f96adec15e9887fb1af99f0ac	C:\Users\James\kaggriculture\benchmark\match_cache\5d4c654e71f2d1707edf44a6ef26f6e03a66707f96adec15e9887fb1af99f0ac.json
8483b1be03504e54b7ffb8cdabe790aa8b30dee1c9938b0da96bba6ce0179ead	C:\Users\James\kaggriculture\benchmark\match_cache\8483b1be03504e54b7ffb8cdabe790aa8b30dee1c9938b0da96bba6ce0179ead.json
ec96a7d097e0b62333e6ac74f129c59c18614ee68c5427c1309bdad3d7985daf	C:\Users\James\kaggriculture\benchmark\match_cache\ec96a7d097e0b62333e6ac74f129c59c18614ee68c5427c1309bdad3d7985daf.json
bcdfc496a889ec511d5f470a88576cf0a47adc73dcfca335d00ae6856c7976a1	C:\Users\James\kaggriculture\benchmark\match_cache\bcdfc496a889ec511d5f470a88576cf0a47adc73dcfca335d00ae6856c7976a1.json
93ae40ec5d45a336266034ec482e8278cb04c609f497dc3ad139fd0582ce8ce9	C:\Users\James\kaggriculture\benchmark\match_cache\93ae40ec5d45a336266034ec482e8278cb04c609f497dc3ad139fd0582ce8ce9.json
a12f4d7e79e363001fb887c6e79fcbf69fee5af1b271708d0c86208dd1f145de	C:\Users\James\kaggriculture\benchmark\match_cache\a12f4d7e79e363001fb887c6e79fcbf69fee5af1b271708d0c86208dd1f145de.json
c1609d51718fa0b9cf44326f079b300149628452fbf55a2e56f8d7aa10dae71b	C:\Users\James\kaggriculture\benchmark\match_cache\c1609d51718fa0b9cf44326f079b300149628452fbf55a2e56f8d7aa10dae71b.json
d55d4cae7a8c100a73a91a184e1bdf3aa1f91db63920dc120f20fd3f96e2cf1e	C:\Users\James\kaggriculture\benchmark\match_cache\d55d4cae7a8c100a73a91a184e1bdf3aa1f91db63920dc120f20fd3f96e2cf1e.json
d17786c5fbe292965f3fc60088b43231e71c0d4240d4d31953e48a2de3224a69	C:\Users\James\kaggriculture\benchmark\match_cache\d17786c5fbe292965f3fc60088b43231e71c0d4240d4d31953e48a2de3224a69.json
e1601491d9936d579a157f6f28630405b5099529de11db9ae96670c57f079289	C:\Users\James\kaggriculture\benchmark\match_cache\e1601491d9936d579a157f6f28630405b5099529de11db9ae96670c57f079289.json
f34b2c00950b5cd3431f7cdd8798f340b3adc112347a0ef77fbc023049f1a4d9	C:\Users\James\kaggriculture\benchmark\match_cache\f34b2c00950b5cd3431f7cdd8798f340b3adc112347a0ef77fbc023049f1a4d9.json
af221e491cbeb9314115465eccf908cc18cf7513605261fdae35a5aec60dd6a1	C:\Users\James\kaggriculture\benchmark\match_cache\af221e491cbeb9314115465eccf908cc18cf7513605261fdae35a5aec60dd6a1.json
cc16f9d929309d063f9a2ba24ea3e781679f3ecc34103fbcaf068b88af7a6e9e	C:\Users\James\kaggriculture\benchmark\match_cache\cc16f9d929309d063f9a2ba24ea3e781679f3ecc34103fbcaf068b88af7a6e9e.json
ffe87ee544ee7d9380dea2fc148292bfb3b3fcd726843872c14a53508674f6bf	C:\Users\James\kaggriculture\benchmark\match_cache\ffe87ee544ee7d9380dea2fc148292bfb3b3fcd726843872c14a53508674f6bf.json
c36d7656cb890a06af0a1bcfa04b1f09eb1366ad65f4357432d26dcd738078c7	C:\Users\James\kaggriculture\benchmark\match_cache\c36d7656cb890a06af0a1bcfa04b1f09eb1366ad65f4357432d26dcd738078c7.json
10a58323bccee1dec9b6b8a60b8fe7918a891b75968640e17a6b878df04d616a	C:\Users\James\kaggriculture\benchmark\match_cache\10a58323bccee1dec9b6b8a60b8fe7918a891b75968640e17a6b878df04d616a.json
a181782e69e75eac81284d6f6a05d4930f9b8b8f442d7d2a7d8b2124c2037f53	C:\Users\James\kaggriculture\benchmark\match_cache\a181782e69e75eac81284d6f6a05d4930f9b8b8f442d7d2a7d8b2124c2037f53.json
3ec1af78d6e084e13374f09467055fe6e5a402148b0e59ffb817d53b09055d93	C:\Users\James\kaggriculture\benchmark\match_cache\3ec1af78d6e084e13374f09467055fe6e5a402148b0e59ffb817d53b09055d93.json
25a7998ec74b74e8b5866a5c5dd11f9d9122afcf7f1aa4c85f207f24c3c55c41	C:\Users\James\kaggriculture\benchmark\match_cache\25a7998ec74b74e8b5866a5c5dd11f9d9122afcf7f1aa4c85f207f24c3c55c41.json
522c1d7a76f607455eec20549226909f9430487ac86a85d14b43561a8f6d5dd0	C:\Users\James\kaggriculture\benchmark\match_cache\522c1d7a76f607455eec20549226909f9430487ac86a85d14b43561a8f6d5dd0.json
a066a1e3d449223f4df78338ca05353dc4acb62bbecdb5a0c5cee5d67fb3f649	C:\Users\James\kaggriculture\benchmark\match_cache\a066a1e3d449223f4df78338ca05353dc4acb62bbecdb5a0c5cee5d67fb3f649.json
42d52897f1a87b4ee170c80828aa4d75a14614ca50402a44cab22e57e6206664	C:\Users\James\kaggriculture\benchmark\match_cache\42d52897f1a87b4ee170c80828aa4d75a14614ca50402a44cab22e57e6206664.json
d3472b8273036d7275d03fe8a11bcedcb84fc5cf66764f8eb236d9dd536077fe	C:\Users\James\kaggriculture\benchmark\match_cache\d3472b8273036d7275d03fe8a11bcedcb84fc5cf66764f8eb236d9dd536077fe.json
5e188deef32054be1d66d5f9a374c79cf138dd73cc63f52d516af34d3e6dcebc	C:\Users\James\kaggriculture\benchmark\match_cache\5e188deef32054be1d66d5f9a374c79cf138dd73cc63f52d516af34d3e6dcebc.json
d7f9a1d5f9fc51b28ddb81786bffeb3e3697ae40f218d6547307795d56858dc6	C:\Users\James\kaggriculture\benchmark\match_cache\d7f9a1d5f9fc51b28ddb81786bffeb3e3697ae40f218d6547307795d56858dc6.json
f2cc2d8b55dcb3e9d4ca8c193bc6b65421bae134cd3f52361e14107c2489f311	C:\Users\James\kaggriculture\benchmark\match_cache\f2cc2d8b55dcb3e9d4ca8c193bc6b65421bae134cd3f52361e14107c2489f311.json
b8c4ceb8d1d262594bba10a692575e04c6e1fbf5e283239aa6d5f948132368df	C:\Users\James\kaggriculture\benchmark\match_cache\b8c4ceb8d1d262594bba10a692575e04c6e1fbf5e283239aa6d5f948132368df.json
d549361ed963a674ae456a695c34c836ebb2bab53a0127d0c214a9afa9b610a7	C:\Users\James\kaggriculture\benchmark\match_cache\d549361ed963a674ae456a695c34c836ebb2bab53a0127d0c214a9afa9b610a7.json
77e0f18016b2ca6aec651bac45a7b2e708582e2f1ac4906cb1dc974492a6aff9	C:\Users\James\kaggriculture\benchmark\match_cache\77e0f18016b2ca6aec651bac45a7b2e708582e2f1ac4906cb1dc974492a6aff9.json
1e0e729291d56754976acca16857cb9db859469d8cabe4f651e7769a073b5d01	C:\Users\James\kaggriculture\benchmark\match_cache\1e0e729291d56754976acca16857cb9db859469d8cabe4f651e7769a073b5d01.json
29c2ec62e05f4e9eb29617f79f39e7c01d5e4b663304e514cf30329548ee0f25	C:\Users\James\kaggriculture\benchmark\match_cache\29c2ec62e05f4e9eb29617f79f39e7c01d5e4b663304e514cf30329548ee0f25.json
fa2cf20c1f7d45175c82fa66ab2ca69e6e6d1c311606414c2566ed85c6e0c7cd	C:\Users\James\kaggriculture\benchmark\match_cache\fa2cf20c1f7d45175c82fa66ab2ca69e6e6d1c311606414c2566ed85c6e0c7cd.json
d8c6fbac1a0925ed5fcd8f19ee3dd45c904de130848093f1b6e28a6dd0348767	C:\Users\James\kaggriculture\benchmark\match_cache\d8c6fbac1a0925ed5fcd8f19ee3dd45c904de130848093f1b6e28a6dd0348767.json
2a92796ecdbdb52726e568ab49c26ffbe1ce9d6b549abf677db38f2b3e5faa4f	C:\Users\James\kaggriculture\benchmark\match_cache\2a92796ecdbdb52726e568ab49c26ffbe1ce9d6b549abf677db38f2b3e5faa4f.json
8677c92e108ceedfd2a773910d67cf885debe0ac97673efaa69d12e90330d19c	C:\Users\James\kaggriculture\benchmark\match_cache\8677c92e108ceedfd2a773910d67cf885debe0ac97673efaa69d12e90330d19c.json
6d089743250644ca5d2f3e1d36c47d897fce20b4da679237624bf396723d129c	C:\Users\James\kaggriculture\benchmark\match_cache\6d089743250644ca5d2f3e1d36c47d897fce20b4da679237624bf396723d129c.json
dc2ad3433c2bbe197bac76911636d055cbb1b16af3b4e3529bb423f9a63c6cbc	C:\Users\James\kaggriculture\benchmark\match_cache\dc2ad3433c2bbe197bac76911636d055cbb1b16af3b4e3529bb423f9a63c6cbc.json
18a6f40b78febb30353325aa39911020ce993dad2299e7e8759f87cb11b7c844	C:\Users\James\kaggriculture\benchmark\match_cache\18a6f40b78febb30353325aa39911020ce993dad2299e7e8759f87cb11b7c844.json
df8aeffeaa719bca0bcec6f0de57733b34eda4c91ee1183c21a1f135746c8a9b	C:\Users\James\kaggriculture\benchmark\match_cache\df8aeffeaa719bca0bcec6f0de57733b34eda4c91ee1183c21a1f135746c8a9b.json
764a994ea56dbbaba01a5c907b9e200c023655dacb874bbac6bddbc2d4a6efd6	C:\Users\James\kaggriculture\benchmark\match_cache\764a994ea56dbbaba01a5c907b9e200c023655dacb874bbac6bddbc2d4a6efd6.json
53c3073f0bee3288905ffe459471d13df02569331eb2ba7ca5c1586bf0511d45	C:\Users\James\kaggriculture\benchmark\match_cache\53c3073f0bee3288905ffe459471d13df02569331eb2ba7ca5c1586bf0511d45.json
4634491033c76c941bde4ff8f567d5a6d63a1e11c48efbd99484a31595e12f7c	C:\Users\James\kaggriculture\benchmark\match_cache\4634491033c76c941bde4ff8f567d5a6d63a1e11c48efbd99484a31595e12f7c.json
2795ef46caaaf6c41e27c9ecf126782d83752d3db84b1fdff6680fc5adb06e14	C:\Users\James\kaggriculture\benchmark\match_cache\2795ef46caaaf6c41e27c9ecf126782d83752d3db84b1fdff6680fc5adb06e14.json
d0512ac4345606ec8415a2afe3c5db0bc4732a020a021a65e178f47854c5589b	C:\Users\James\kaggriculture\benchmark\match_cache\d0512ac4345606ec8415a2afe3c5db0bc4732a020a021a65e178f47854c5589b.json
0688618996003e149b6398cce69144f88cf7e8f0b2b709732ab2329b136b14b2	C:\Users\James\kaggriculture\benchmark\match_cache\0688618996003e149b6398cce69144f88cf7e8f0b2b709732ab2329b136b14b2.json
5cf70f55a0745765298f6aeaa999e49ce3c1ac90c93fb72eb56a97a0280227a6	C:\Users\James\kaggriculture\benchmark\match_cache\5cf70f55a0745765298f6aeaa999e49ce3c1ac90c93fb72eb56a97a0280227a6.json
5214e9de96ea9a85c9836686c7cb94e6d559331eaace5e9464a4d3f8d8e610fa	C:\Users\James\kaggriculture\benchmark\match_cache\5214e9de96ea9a85c9836686c7cb94e6d559331eaace5e9464a4d3f8d8e610fa.json
cfe7f45b91e964ef16f944c3967d1993586ebcddcbca0288e1a45352e98887d6	C:\Users\James\kaggriculture\benchmark\match_cache\cfe7f45b91e964ef16f944c3967d1993586ebcddcbca0288e1a45352e98887d6.json
add393767cd31e5672e7ecfdbebb47f9d2392c19604775aab832c1faa21f5333	C:\Users\James\kaggriculture\benchmark\match_cache\add393767cd31e5672e7ecfdbebb47f9d2392c19604775aab832c1faa21f5333.json
24a643f27b139fd21fa6958c0f85dcf0bbfbbf90b6ea8fb1ebc33fc2c4de8a06	C:\Users\James\kaggriculture\benchmark\match_cache\24a643f27b139fd21fa6958c0f85dcf0bbfbbf90b6ea8fb1ebc33fc2c4de8a06.json
200449eb50917b485c173447aafd7500ee038498f0d408e5031d5790bec87280	C:\Users\James\kaggriculture\benchmark\match_cache\200449eb50917b485c173447aafd7500ee038498f0d408e5031d5790bec87280.json
da75e9da1f4dd5b3671c8bcee471b5c6c5b0dfe69c350268c06f2ed720851f9a	C:\Users\James\kaggriculture\benchmark\match_cache\da75e9da1f4dd5b3671c8bcee471b5c6c5b0dfe69c350268c06f2ed720851f9a.json
ea1f54c321841d9d92dd1a859c10ef73e0b9a071209026df3f948dbf4f1c5ca0	C:\Users\James\kaggriculture\benchmark\match_cache\ea1f54c321841d9d92dd1a859c10ef73e0b9a071209026df3f948dbf4f1c5ca0.json
619b4a73f9a1f030352bc69f12f46c4ba48ab45b23ea2488e4e6a67b593a0613	C:\Users\James\kaggriculture\benchmark\match_cache\619b4a73f9a1f030352bc69f12f46c4ba48ab45b23ea2488e4e6a67b593a0613.json
55c25abe58e79dc7a469d778a65292862a9f57988b4b6911862528493f7d7a74	C:\Users\James\kaggriculture\benchmark\match_cache\55c25abe58e79dc7a469d778a65292862a9f57988b4b6911862528493f7d7a74.json
faa65b32379aab59652c49927042f8d4505e555e462dc36c0885b30c395f9844	C:\Users\James\kaggriculture\benchmark\match_cache\faa65b32379aab59652c49927042f8d4505e555e462dc36c0885b30c395f9844.json
a73dd357b98a262b33750213fe0d53ae67c03d45157f09fbbdcbabe2cd22b904	C:\Users\James\kaggriculture\benchmark\match_cache\a73dd357b98a262b33750213fe0d53ae67c03d45157f09fbbdcbabe2cd22b904.json
3267a48d08b6f45243cf4a6f42157439d686a51aaffe92872ee3023be28e038e	C:\Users\James\kaggriculture\benchmark\match_cache\3267a48d08b6f45243cf4a6f42157439d686a51aaffe92872ee3023be28e038e.json
9a0b4fcea31247cd8c32944851bbcbb8ed5cffe19cc02ef957915084a8eecdc0	C:\Users\James\kaggriculture\benchmark\match_cache\9a0b4fcea31247cd8c32944851bbcbb8ed5cffe19cc02ef957915084a8eecdc0.json
16b512901d9406275e0e826e4822e6f7b8d3444af29b7a5341bfd4abc73e080e	C:\Users\James\kaggriculture\benchmark\match_cache\16b512901d9406275e0e826e4822e6f7b8d3444af29b7a5341bfd4abc73e080e.json
9686cba3f301a1712f4a1ccd2409553a8f3f6f490ce1098705c1a4d275ce25a1	C:\Users\James\kaggriculture\benchmark\match_cache\9686cba3f301a1712f4a1ccd2409553a8f3f6f490ce1098705c1a4d275ce25a1.json
d7b0b32df190ab8d2b666085407e8390842a32e09ccb7730e36627f2b069386e	C:\Users\James\kaggriculture\benchmark\match_cache\d7b0b32df190ab8d2b666085407e8390842a32e09ccb7730e36627f2b069386e.json
68d643ac8867020642af07634019c624febe7f33059b220f32504fafd1fb6e6d	C:\Users\James\kaggriculture\benchmark\match_cache\68d643ac8867020642af07634019c624febe7f33059b220f32504fafd1fb6e6d.json
a4cf1f3f1fc63113159896c8fba665073aa7b60534de997c00de2f035692897e	C:\Users\James\kaggriculture\benchmark\match_cache\a4cf1f3f1fc63113159896c8fba665073aa7b60534de997c00de2f035692897e.json
844e3817749da8b0e9157596cadfaffaf5815a0ef05c65e5c607321aca5d551d	C:\Users\James\kaggriculture\benchmark\match_cache\844e3817749da8b0e9157596cadfaffaf5815a0ef05c65e5c607321aca5d551d.json
c80e0cc3fa49a13df82c666640e053b36ec2dcaa9520fadc1d18eda35b504dc0	C:\Users\James\kaggriculture\benchmark\match_cache\c80e0cc3fa49a13df82c666640e053b36ec2dcaa9520fadc1d18eda35b504dc0.json
e57e0f8763176e12561df7f5a98d9b00a595fb7142b7c950b8b46aaa4ecc46e1	C:\Users\James\kaggriculture\benchmark\match_cache\e57e0f8763176e12561df7f5a98d9b00a595fb7142b7c950b8b46aaa4ecc46e1.json
c1420286ba7f29d02c4818820e855d959d57b06166848eccb1409e33d904b173	C:\Users\James\kaggriculture\benchmark\match_cache\c1420286ba7f29d02c4818820e855d959d57b06166848eccb1409e33d904b173.json
8af9b79a763e0a7fa8ebfed80d27a08cd67e63b6e8a08627d20eff766bad688a	C:\Users\James\kaggriculture\benchmark\match_cache\8af9b79a763e0a7fa8ebfed80d27a08cd67e63b6e8a08627d20eff766bad688a.json
0a125af004386c021f4b38f8a2b64bb697ea0355126a93d1988a53f5ddd31f5a	C:\Users\James\kaggriculture\benchmark\match_cache\0a125af004386c021f4b38f8a2b64bb697ea0355126a93d1988a53f5ddd31f5a.json
6554d77bc415008bdd882a769f8576c4922b741414163e235091c7dce2ada747	C:\Users\James\kaggriculture\benchmark\match_cache\6554d77bc415008bdd882a769f8576c4922b741414163e235091c7dce2ada747.json
f1d036f6a905d05a293cfb54fe69a21331887c4c832ec10af916025db8e59c08	C:\Users\James\kaggriculture\benchmark\match_cache\f1d036f6a905d05a293cfb54fe69a21331887c4c832ec10af916025db8e59c08.json
f8c5a61f92aa484924db67a4151a42ec9d60753ab73f8b7a79268160b34f29c1	C:\Users\James\kaggriculture\benchmark\match_cache\f8c5a61f92aa484924db67a4151a42ec9d60753ab73f8b7a79268160b34f29c1.json
7125a973eba2c1c17f30ce1d132b2eb48c3d76a208dd6eac08c5fe31799ebffa	C:\Users\James\kaggriculture\benchmark\match_cache\7125a973eba2c1c17f30ce1d132b2eb48c3d76a208dd6eac08c5fe31799ebffa.json
37f4fe6dbb6c6539dfa01e4416b8310307a951e1f4939a4ed6258086672d3a71	C:\Users\James\kaggriculture\benchmark\match_cache\37f4fe6dbb6c6539dfa01e4416b8310307a951e1f4939a4ed6258086672d3a71.json
4af1f4bfa5dd5ffc34a0652f72e46ccb6578749a13bde4a343d94ecd1a320b0c	C:\Users\James\kaggriculture\benchmark\match_cache\4af1f4bfa5dd5ffc34a0652f72e46ccb6578749a13bde4a343d94ecd1a320b0c.json
111270dc9d8ad00c78e855b66c9781fa7797c58d5434b137fe6f633b4d346a82	C:\Users\James\kaggriculture\benchmark\match_cache\111270dc9d8ad00c78e855b66c9781fa7797c58d5434b137fe6f633b4d346a82.json
0608d7b132a8e87accec85554b1fde24ec3fdd386894b22a21bc60c90f86a5d5	C:\Users\James\kaggriculture\benchmark\match_cache\0608d7b132a8e87accec85554b1fde24ec3fdd386894b22a21bc60c90f86a5d5.json
f7f96c4c9fdf15dc925c858ed712f0af83ee2610645cb899bef32999a0b7693f	C:\Users\James\kaggriculture\benchmark\match_cache\f7f96c4c9fdf15dc925c858ed712f0af83ee2610645cb899bef32999a0b7693f.json
917aad81821c920648081ef84252623a49d7c3025c7dacb4377c580aa965b293	C:\Users\James\kaggriculture\benchmark\match_cache\917aad81821c920648081ef84252623a49d7c3025c7dacb4377c580aa965b293.json
c6bcc86fdb44ca72e6fb892f11fc2bf7e2392ecfdf8b89dc7a4ac2bab4bfae6a	C:\Users\James\kaggriculture\benchmark\match_cache\c6bcc86fdb44ca72e6fb892f11fc2bf7e2392ecfdf8b89dc7a4ac2bab4bfae6a.json
99381eab9b217038c0727a4c00056d60723e46de6c4def025363c492e29d1b1d	C:\Users\James\kaggriculture\benchmark\match_cache\99381eab9b217038c0727a4c00056d60723e46de6c4def025363c492e29d1b1d.json
cca2e21b7ec1287a9538e7b38c084ae807bd79a58a1c28dbb689b87fed1de341	C:\Users\James\kaggriculture\benchmark\match_cache\cca2e21b7ec1287a9538e7b38c084ae807bd79a58a1c28dbb689b87fed1de341.json
161bfe0f01af58e52fb90aec628bc43e85c29dc09740173db50c8adbe427de26	C:\Users\James\kaggriculture\benchmark\match_cache\161bfe0f01af58e52fb90aec628bc43e85c29dc09740173db50c8adbe427de26.json
764ae561b1f13d381d5a109a8cbc821ef1ed93dc5fd48bb03382faa427ae5e43	C:\Users\James\kaggriculture\benchmark\match_cache\764ae561b1f13d381d5a109a8cbc821ef1ed93dc5fd48bb03382faa427ae5e43.json
31ea5fba881d20d7a7ccf4227a6a575180b36d677a2752826a610ba7ccc96b83	C:\Users\James\kaggriculture\benchmark\match_cache\31ea5fba881d20d7a7ccf4227a6a575180b36d677a2752826a610ba7ccc96b83.json
2def1cfe2f0cd4f330fcd1a1ea2e02eb1fa7061a3dbd7d685b3b6172d8f6467d	C:\Users\James\kaggriculture\benchmark\match_cache\2def1cfe2f0cd4f330fcd1a1ea2e02eb1fa7061a3dbd7d685b3b6172d8f6467d.json
816d3a7445b27ffae212d392c25dd4540608f972642c9dd3ca25d16ef35337d3	C:\Users\James\kaggriculture\benchmark\match_cache\816d3a7445b27ffae212d392c25dd4540608f972642c9dd3ca25d16ef35337d3.json
3d031be9b70904386e295ca20c41afb632723ad86fb15f96326361b070be5296	C:\Users\James\kaggriculture\benchmark\match_cache\3d031be9b70904386e295ca20c41afb632723ad86fb15f96326361b070be5296.json
2aa9203725f88ac02392a509da59e33f56b4b45a0ad1b9e9916c2fd06475fc9f	C:\Users\James\kaggriculture\benchmark\match_cache\2aa9203725f88ac02392a509da59e33f56b4b45a0ad1b9e9916c2fd06475fc9f.json
e1d5d7ea785c4b365ade0a7c853241e5be08e4f5f637f5a18089895f1f9a7e52	C:\Users\James\kaggriculture\benchmark\match_cache\e1d5d7ea785c4b365ade0a7c853241e5be08e4f5f637f5a18089895f1f9a7e52.json
37c7906676c1c6e2efb16f8090b291819e30b517a8f4c89738dec6ef14261612	C:\Users\James\kaggriculture\benchmark\match_cache\37c7906676c1c6e2efb16f8090b291819e30b517a8f4c89738dec6ef14261612.json
9fdb39b87a9536da7e132a7249a64910ec788c7c4f168eb019afbbe7b595aa4f	C:\Users\James\kaggriculture\benchmark\match_cache\9fdb39b87a9536da7e132a7249a64910ec788c7c4f168eb019afbbe7b595aa4f.json
c220ba150bf093ab9d61a4513f66cbcd8b4f8a8173e00dec95ddb61327b908ea	C:\Users\James\kaggriculture\benchmark\match_cache\c220ba150bf093ab9d61a4513f66cbcd8b4f8a8173e00dec95ddb61327b908ea.json
53472355c84d760a32f61c022705ecad3ba3139b3c41e642d8b9ac10116e7344	C:\Users\James\kaggriculture\benchmark\match_cache\53472355c84d760a32f61c022705ecad3ba3139b3c41e642d8b9ac10116e7344.json
7b7789dac91ab6e70ce5f2ff45b89531449ecdbb0fca342d87affe1dd3ee986e	C:\Users\James\kaggriculture\benchmark\match_cache\7b7789dac91ab6e70ce5f2ff45b89531449ecdbb0fca342d87affe1dd3ee986e.json
c9aae357b88fc502eb6247211d2542377ea151301427337a5198552c389ec23e	C:\Users\James\kaggriculture\benchmark\match_cache\c9aae357b88fc502eb6247211d2542377ea151301427337a5198552c389ec23e.json
9bba46e057772b0653e2e7c1a8e7c3f52f29e0c30034f595f5da612b9e69ea9a	C:\Users\James\kaggriculture\benchmark\match_cache\9bba46e057772b0653e2e7c1a8e7c3f52f29e0c30034f595f5da612b9e69ea9a.json
2703a43616268a370478578eaf704371ed3d206c85b7488ca3bca258be4ec855	C:\Users\James\kaggriculture\benchmark\match_cache\2703a43616268a370478578eaf704371ed3d206c85b7488ca3bca258be4ec855.json
03f74669c51cabdea39b6a835770b7fc385b36a5098a518753583f313ba36a44	C:\Users\James\kaggriculture\benchmark\match_cache\03f74669c51cabdea39b6a835770b7fc385b36a5098a518753583f313ba36a44.json
2bf7caac76493e01a6617388bf92916ba232a8bba392b2c259f84e4a5e437816	C:\Users\James\kaggriculture\benchmark\match_cache\2bf7caac76493e01a6617388bf92916ba232a8bba392b2c259f84e4a5e437816.json
cd7bd5a71fc2ec968e81b589b41be00b6f7ffec540dccc16257dae6d699a8e79	C:\Users\James\kaggriculture\benchmark\match_cache\cd7bd5a71fc2ec968e81b589b41be00b6f7ffec540dccc16257dae6d699a8e79.json
f96d22d83e3348d7ff29024ba5f129dd1afe6ab0f1302cfe94cd2af4579c7c14	C:\Users\James\kaggriculture\benchmark\match_cache\f96d22d83e3348d7ff29024ba5f129dd1afe6ab0f1302cfe94cd2af4579c7c14.json
e7ecc1672abc67bee05311854eb3b23997627b101ae8fc2a7b47e9d3c59341e6	C:\Users\James\kaggriculture\benchmark\match_cache\e7ecc1672abc67bee05311854eb3b23997627b101ae8fc2a7b47e9d3c59341e6.json
35f2bbd0e1cedab2d2a5ad9161eb69f0588fee7dba6732392d8466489bb917d6	C:\Users\James\kaggriculture\benchmark\match_cache\35f2bbd0e1cedab2d2a5ad9161eb69f0588fee7dba6732392d8466489bb917d6.json
be17f649aff29ba971ed599adf5c08d34d367c67c2fc67c9094ced13b46b6dba	C:\Users\James\kaggriculture\benchmark\match_cache\be17f649aff29ba971ed599adf5c08d34d367c67c2fc67c9094ced13b46b6dba.json
947497f575144f613246aecddd5dd0d07ba980525a5383b5f4af38004e22b596	C:\Users\James\kaggriculture\benchmark\match_cache\947497f575144f613246aecddd5dd0d07ba980525a5383b5f4af38004e22b596.json
dbcdc10c320a96e2bb202b70065b2f1a79090b65e228bfc0421c45242fd01c54	C:\Users\James\kaggriculture\benchmark\match_cache\dbcdc10c320a96e2bb202b70065b2f1a79090b65e228bfc0421c45242fd01c54.json
2fa9024aa06968d2773eb334658691a5cbd5920dcf69cb90298769635e0295e9	C:\Users\James\kaggriculture\benchmark\match_cache\2fa9024aa06968d2773eb334658691a5cbd5920dcf69cb90298769635e0295e9.json
b0002787337124a148347626be76bb0ae1917e4312fa3b970fe9a44133a24782	C:\Users\James\kaggriculture\benchmark\match_cache\b0002787337124a148347626be76bb0ae1917e4312fa3b970fe9a44133a24782.json
aafdcab8b5ed0a423f6edd45ffcacf61d60ffc9065b47d9180004789a9751991	C:\Users\James\kaggriculture\benchmark\match_cache\aafdcab8b5ed0a423f6edd45ffcacf61d60ffc9065b47d9180004789a9751991.json
25472261cd73b55be3060122b024141480b7c8fd3cba05e9ad42f2ce994d1c23	C:\Users\James\kaggriculture\benchmark\match_cache\25472261cd73b55be3060122b024141480b7c8fd3cba05e9ad42f2ce994d1c23.json
5d0fe025ab34d445207b534b1afff1822805eb7a8aaeb94a70ae5e69e8b2e2e7	C:\Users\James\kaggriculture\benchmark\match_cache\5d0fe025ab34d445207b534b1afff1822805eb7a8aaeb94a70ae5e69e8b2e2e7.json
4811ab228f3e68a1dd7f63bf84f18cace82859a68251de7cd0518a513d016454	C:\Users\James\kaggriculture\benchmark\match_cache\4811ab228f3e68a1dd7f63bf84f18cace82859a68251de7cd0518a513d016454.json
a7b224d2dab5f9495bdcf51973131f83d773aeae500b67dfabfae23c75ba3411	C:\Users\James\kaggriculture\benchmark\match_cache\a7b224d2dab5f9495bdcf51973131f83d773aeae500b67dfabfae23c75ba3411.json
ee640018056a59f75f08e25a700c8b654fb5771eb42957aaaa28d42bcbcf7641	C:\Users\James\kaggriculture\benchmark\match_cache\ee640018056a59f75f08e25a700c8b654fb5771eb42957aaaa28d42bcbcf7641.json
cceb9f7b278ec7f459362ed2c4ba39e7fede4692095423741013022a21f06181	C:\Users\James\kaggriculture\benchmark\match_cache\cceb9f7b278ec7f459362ed2c4ba39e7fede4692095423741013022a21f06181.json
f9329d20f589569e304bc82951cf1efe00dc3327bb44f217c9e438078b09108f	C:\Users\James\kaggriculture\benchmark\match_cache\f9329d20f589569e304bc82951cf1efe00dc3327bb44f217c9e438078b09108f.json
4cde126e55a40d5e449bdc1fd240723c13c1b7af8aa1ad80ffb0de415fe1cdc0	C:\Users\James\kaggriculture\benchmark\match_cache\4cde126e55a40d5e449bdc1fd240723c13c1b7af8aa1ad80ffb0de415fe1cdc0.json
dca9cf2be2976665dedfd59856bb7e3597d4142fcdca8da4206b05fde579183f	C:\Users\James\kaggriculture\benchmark\match_cache\dca9cf2be2976665dedfd59856bb7e3597d4142fcdca8da4206b05fde579183f.json
85a59fe6b1bd04f1258e1dff461a7923ef00844baa69dbdcd83d48a9aefd54d6	C:\Users\James\kaggriculture\benchmark\match_cache\85a59fe6b1bd04f1258e1dff461a7923ef00844baa69dbdcd83d48a9aefd54d6.json
19caff1504e692582543e1e5efdbd45af622ee46f6e6d06e482bbc3daa259e84	C:\Users\James\kaggriculture\benchmark\match_cache\19caff1504e692582543e1e5efdbd45af622ee46f6e6d06e482bbc3daa259e84.json
255bc9c7ab2658ec8f9417b5a500c058b451aa9240062539806119f9082a6368	C:\Users\James\kaggriculture\benchmark\match_cache\255bc9c7ab2658ec8f9417b5a500c058b451aa9240062539806119f9082a6368.json
93b8cf135847b071b939cc50b351c4d4f6d75bee8ba9f852d0e7fb17bfcf3fcc	C:\Users\James\kaggriculture\benchmark\match_cache\93b8cf135847b071b939cc50b351c4d4f6d75bee8ba9f852d0e7fb17bfcf3fcc.json
1c08d763bfa110e3d196107b93bbc8484920403a560db4f1deae9623cfd22255	C:\Users\James\kaggriculture\benchmark\match_cache\1c08d763bfa110e3d196107b93bbc8484920403a560db4f1deae9623cfd22255.json
10962a0ab8dc28ca82eccf34785f5e405f6fc2daef374e63bdd45bda42bebc19	C:\Users\James\kaggriculture\benchmark\match_cache\10962a0ab8dc28ca82eccf34785f5e405f6fc2daef374e63bdd45bda42bebc19.json
7eaef209a42bde909ac900d7fb0e049ec06339a287248efbd96a41b06e002ba2	C:\Users\James\kaggriculture\benchmark\match_cache\7eaef209a42bde909ac900d7fb0e049ec06339a287248efbd96a41b06e002ba2.json
037bd63fb20b06301fc3500b1117a437d86e70445ce8ee405e954856dedf1212	C:\Users\James\kaggriculture\benchmark\match_cache\037bd63fb20b06301fc3500b1117a437d86e70445ce8ee405e954856dedf1212.json
baebc67058abb8de41edc005070fbb3207ee1d69886c3842ddd6cfd4e9c143a2	C:\Users\James\kaggriculture\benchmark\match_cache\baebc67058abb8de41edc005070fbb3207ee1d69886c3842ddd6cfd4e9c143a2.json
3b22f7c3e08b9784baa1424a24ce489382148f0663fcff749250283c86884140	C:\Users\James\kaggriculture\benchmark\match_cache\3b22f7c3e08b9784baa1424a24ce489382148f0663fcff749250283c86884140.json
2c7372eacccf2399e22d07ef275eefee68ce0e570c66fed531549e2000980df8	C:\Users\James\kaggriculture\benchmark\match_cache\2c7372eacccf2399e22d07ef275eefee68ce0e570c66fed531549e2000980df8.json
e01768708cd873c87aa5d5cd2fdbbe9a49807eecb08940dcb8fc116f145bc6e7	C:\Users\James\kaggriculture\benchmark\match_cache\e01768708cd873c87aa5d5cd2fdbbe9a49807eecb08940dcb8fc116f145bc6e7.json
478bd09211c99161dc1e8f1e676332d540afd7fd3c385b426a2c73493e0bbc82	C:\Users\James\kaggriculture\benchmark\match_cache\478bd09211c99161dc1e8f1e676332d540afd7fd3c385b426a2c73493e0bbc82.json
98f46f353a6b33e99066fb74fedac2e7162f0ef156a32a8739f185683f047cf5	C:\Users\James\kaggriculture\benchmark\match_cache\98f46f353a6b33e99066fb74fedac2e7162f0ef156a32a8739f185683f047cf5.json
64289dda90c64c005e0bdc490b77c33e74ee22ada86c1154729bd2e6c3d9f516	C:\Users\James\kaggriculture\benchmark\match_cache\64289dda90c64c005e0bdc490b77c33e74ee22ada86c1154729bd2e6c3d9f516.json
fcee61a625b90a9f5cac09b21fd724460b67f2e1a1c77ee25e594b28d5ac534d	C:\Users\James\kaggriculture\benchmark\match_cache\fcee61a625b90a9f5cac09b21fd724460b67f2e1a1c77ee25e594b28d5ac534d.json
7a828ee5acf168770ebc0a1cdd1a38433d3585a0b6ca111f46f12c0ccd151529	C:\Users\James\kaggriculture\benchmark\match_cache\7a828ee5acf168770ebc0a1cdd1a38433d3585a0b6ca111f46f12c0ccd151529.json
02e0244915505140798141b028fdf645bbd3aeeb5a4dbbb91670b29b70f74bb4	C:\Users\James\kaggriculture\benchmark\match_cache\02e0244915505140798141b028fdf645bbd3aeeb5a4dbbb91670b29b70f74bb4.json
7f68c34752798402754919ab812bba01a89877b7e17d4634e828dd3746c39526	C:\Users\James\kaggriculture\benchmark\match_cache\7f68c34752798402754919ab812bba01a89877b7e17d4634e828dd3746c39526.json
dc03fa3c530e8f9565a1a9396a70567a4155b60b38e308a4452d65e2828d768a	C:\Users\James\kaggriculture\benchmark\match_cache\dc03fa3c530e8f9565a1a9396a70567a4155b60b38e308a4452d65e2828d768a.json
93a2d532f76af74ee6e961e91b2a44b6821d5a4de200bb71ec2aed63dca5830a	C:\Users\James\kaggriculture\benchmark\match_cache\93a2d532f76af74ee6e961e91b2a44b6821d5a4de200bb71ec2aed63dca5830a.json
925ab714f50f148729ad3c3e597d0dfce9115430e2dbc424a8c800db34bc6c3d	C:\Users\James\kaggriculture\benchmark\match_cache\925ab714f50f148729ad3c3e597d0dfce9115430e2dbc424a8c800db34bc6c3d.json
47a022e45d8587d5e79b835fc77c090f89699ed37057404d853bfe42c81d8256	C:\Users\James\kaggriculture\benchmark\match_cache\47a022e45d8587d5e79b835fc77c090f89699ed37057404d853bfe42c81d8256.json
bb1deb0f86ae07b03c9c3a1df95a6c664d31b771a68be86924919710a99924b9	C:\Users\James\kaggriculture\benchmark\match_cache\bb1deb0f86ae07b03c9c3a1df95a6c664d31b771a68be86924919710a99924b9.json
a05576b629a061de88cadfe60daa81ec559b630fa5fa6324a3ca9edf2d71c78b	C:\Users\James\kaggriculture\benchmark\match_cache\a05576b629a061de88cadfe60daa81ec559b630fa5fa6324a3ca9edf2d71c78b.json
dc3e598030e665ce4e27b5fb78cc316ffc4db3ac165e43adff86843d6e90602b	C:\Users\James\kaggriculture\benchmark\match_cache\dc3e598030e665ce4e27b5fb78cc316ffc4db3ac165e43adff86843d6e90602b.json
d9cdf9dac0081ff59d789582e441e554829072ecea327f725f0b51eb11b181e2	C:\Users\James\kaggriculture\benchmark\match_cache\d9cdf9dac0081ff59d789582e441e554829072ecea327f725f0b51eb11b181e2.json
d6e0b93585b8632ee69c67c08402736bdc657ee38dcb136332b886e74e4ab0b4	C:\Users\James\kaggriculture\benchmark\match_cache\d6e0b93585b8632ee69c67c08402736bdc657ee38dcb136332b886e74e4ab0b4.json
9faf419b6b613d212908031c5b9889df097569178ebde19e3af876fbaf096af2	C:\Users\James\kaggriculture\benchmark\match_cache\9faf419b6b613d212908031c5b9889df097569178ebde19e3af876fbaf096af2.json
70a82ad904dfbc226dfec2bf98c05885707f7ebd8a47e921bb7440c00db842e6	C:\Users\James\kaggriculture\benchmark\match_cache\70a82ad904dfbc226dfec2bf98c05885707f7ebd8a47e921bb7440c00db842e6.json
e9d12c185e215a538da00b684a24173be50406a24ccee2968c0ed3b21bd8ce71	C:\Users\James\kaggriculture\benchmark\match_cache\e9d12c185e215a538da00b684a24173be50406a24ccee2968c0ed3b21bd8ce71.json
c3cafbb67ca5c39a91a27b7c555dacf2139fa62047c2b4ea270bd777bdfc6ac2	C:\Users\James\kaggriculture\benchmark\match_cache\c3cafbb67ca5c39a91a27b7c555dacf2139fa62047c2b4ea270bd777bdfc6ac2.json
e32613ab4a6bb9b9608ccf73f2f919e0927336de319deda1a39d4cdb28ced754	C:\Users\James\kaggriculture\benchmark\match_cache\e32613ab4a6bb9b9608ccf73f2f919e0927336de319deda1a39d4cdb28ced754.json
7899e32532e0f2a4c88418a3a79f0a8120503ec4992db20a618b15f35383435a	C:\Users\James\kaggriculture\benchmark\match_cache\7899e32532e0f2a4c88418a3a79f0a8120503ec4992db20a618b15f35383435a.json
ca32580a4e70b27fdcb1747534b345109dad2c625915c63a62d0d4ab81b81350	C:\Users\James\kaggriculture\benchmark\match_cache\ca32580a4e70b27fdcb1747534b345109dad2c625915c63a62d0d4ab81b81350.json
398c97a1e5d770065bb8232ec6022f9adac96abd9fe0e80a68954846a50cf819	C:\Users\James\kaggriculture\benchmark\match_cache\398c97a1e5d770065bb8232ec6022f9adac96abd9fe0e80a68954846a50cf819.json
40aa5be82ae3fe1ccc91bebd05ea27b7221295d55616595d7b3169676e099af2	C:\Users\James\kaggriculture\benchmark\match_cache\40aa5be82ae3fe1ccc91bebd05ea27b7221295d55616595d7b3169676e099af2.json
d9181eb8170dd94143524227c62a73461cce5b8ca4e4621cdfe39737c4bbb916	C:\Users\James\kaggriculture\benchmark\match_cache\d9181eb8170dd94143524227c62a73461cce5b8ca4e4621cdfe39737c4bbb916.json
b0c3ad37ac1ce8cd0993cfb47af8197329459b448dca3886cf423ae8d588ef3f	C:\Users\James\kaggriculture\benchmark\match_cache\b0c3ad37ac1ce8cd0993cfb47af8197329459b448dca3886cf423ae8d588ef3f.json
4a32cd0e8b0bab7cae8f340bc93959d3ed9c96d091a1b0625a9bbbb96048c728	C:\Users\James\kaggriculture\benchmark\match_cache\4a32cd0e8b0bab7cae8f340bc93959d3ed9c96d091a1b0625a9bbbb96048c728.json
ad57459fc933c7042146cd9ef179e8678d9ee68e42585f708316926c2c325169	C:\Users\James\kaggriculture\benchmark\match_cache\ad57459fc933c7042146cd9ef179e8678d9ee68e42585f708316926c2c325169.json
49ffca150e6df18ef645c989801610c30565618e08ca7d05ca5a73484797223d	C:\Users\James\kaggriculture\benchmark\match_cache\49ffca150e6df18ef645c989801610c30565618e08ca7d05ca5a73484797223d.json
fb0cb7f0925d022eb11837719cb0c398924ebc511a093847bdd049882f20ee59	C:\Users\James\kaggriculture\benchmark\match_cache\fb0cb7f0925d022eb11837719cb0c398924ebc511a093847bdd049882f20ee59.json
09a4034ef75bb2e7b11a1f567c5d27ee9c843fadb77e0b8a785510211fe1fa08	C:\Users\James\kaggriculture\benchmark\match_cache\09a4034ef75bb2e7b11a1f567c5d27ee9c843fadb77e0b8a785510211fe1fa08.json
178a28737b3f6fd86e9e3530641511c57163ef3916c79f81fac4c278217cc9d6	C:\Users\James\kaggriculture\benchmark\match_cache\178a28737b3f6fd86e9e3530641511c57163ef3916c79f81fac4c278217cc9d6.json
dda93cddd0c4a2342acdeb11cad529eb9f9b2196b594ef28d1637857ab7da8c7	C:\Users\James\kaggriculture\benchmark\match_cache\dda93cddd0c4a2342acdeb11cad529eb9f9b2196b594ef28d1637857ab7da8c7.json
036fd7ab99abf80bb7a61d1051edef900ad1a304a62d8844afed7511def8c77c	C:\Users\James\kaggriculture\benchmark\match_cache\036fd7ab99abf80bb7a61d1051edef900ad1a304a62d8844afed7511def8c77c.json
a2eb0061c5620b8d7764585c845512164982229bd53446f6707fc42c5233af74	C:\Users\James\kaggriculture\benchmark\match_cache\a2eb0061c5620b8d7764585c845512164982229bd53446f6707fc42c5233af74.json
0c3a93cb9fc124bdfa669b72db7b91cd4c6ad6ea358208ffb1c61b7c1e9e48c8	C:\Users\James\kaggriculture\benchmark\match_cache\0c3a93cb9fc124bdfa669b72db7b91cd4c6ad6ea358208ffb1c61b7c1e9e48c8.json
7ee3cd27f84544684ddc83b1972de67da8a248e7aea6b3a5cb7b477e0ea1abd2	C:\Users\James\kaggriculture\benchmark\match_cache\7ee3cd27f84544684ddc83b1972de67da8a248e7aea6b3a5cb7b477e0ea1abd2.json
bb6ae2bff8010af379f2b70f247f6bc37767bafd6bffe9a5b4f8de0bf57feb62	C:\Users\James\kaggriculture\benchmark\match_cache\bb6ae2bff8010af379f2b70f247f6bc37767bafd6bffe9a5b4f8de0bf57feb62.json
c13c15ee84735372e1e14849155ab35fadc44befb7cf7881fac505a53899bc65	C:\Users\James\kaggriculture\benchmark\match_cache\c13c15ee84735372e1e14849155ab35fadc44befb7cf7881fac505a53899bc65.json
a47ae820132a082bd2520464b2c23e7d391bc1ee55c9d97497a2f8c6dcb292db	C:\Users\James\kaggriculture\benchmark\match_cache\a47ae820132a082bd2520464b2c23e7d391bc1ee55c9d97497a2f8c6dcb292db.json
a909ff499effe84e633c5e78154a84ccaad9f2c28e3ab58c09ce9a764f4f594b	C:\Users\James\kaggriculture\benchmark\match_cache\a909ff499effe84e633c5e78154a84ccaad9f2c28e3ab58c09ce9a764f4f594b.json
b6ba6d07aaf2358549cc961aeef5634d949fcecb721d3080ae697b039151b11b	C:\Users\James\kaggriculture\benchmark\match_cache\b6ba6d07aaf2358549cc961aeef5634d949fcecb721d3080ae697b039151b11b.json
b46d5ce0d27d2a4e5611bd1e2a6d5ebcbfbad38b03f2d10cb0e115c0dd3c14a9	C:\Users\James\kaggriculture\benchmark\match_cache\b46d5ce0d27d2a4e5611bd1e2a6d5ebcbfbad38b03f2d10cb0e115c0dd3c14a9.json
b8ef3589aa29b33a97172cee4f8739b6147c697266d82a163d744448ab41524d	C:\Users\James\kaggriculture\benchmark\match_cache\b8ef3589aa29b33a97172cee4f8739b6147c697266d82a163d744448ab41524d.json
e3b0691eb1c1915268789d266094dc623e3a75f994f29be66ea71fa5e4361831	C:\Users\James\kaggriculture\benchmark\match_cache\e3b0691eb1c1915268789d266094dc623e3a75f994f29be66ea71fa5e4361831.json
3d48628edd39dbcde2608a408ce4041f3659e60ef499b1f18257199b808efed2	C:\Users\James\kaggriculture\benchmark\match_cache\3d48628edd39dbcde2608a408ce4041f3659e60ef499b1f18257199b808efed2.json
441c7cea204dcd989fbe6a5d6a5b3a752ae9f1cb25102e19922ed500f102f246	C:\Users\James\kaggriculture\benchmark\match_cache\441c7cea204dcd989fbe6a5d6a5b3a752ae9f1cb25102e19922ed500f102f246.json
a63f7afd92870221d06fd5300466e926cd8ba1c6b5713c645693df4accfe82af	C:\Users\James\kaggriculture\benchmark\match_cache\a63f7afd92870221d06fd5300466e926cd8ba1c6b5713c645693df4accfe82af.json
960533f9ad6edbae2c43942e3ba2f8791605d36b54f39e073a67c1005d926020	C:\Users\James\kaggriculture\benchmark\match_cache\960533f9ad6edbae2c43942e3ba2f8791605d36b54f39e073a67c1005d926020.json
d2ef76dbcda8d3d809b388d25b4efcfa883369099e4bc8e49de3317456b3daf3	C:\Users\James\kaggriculture\benchmark\match_cache\d2ef76dbcda8d3d809b388d25b4efcfa883369099e4bc8e49de3317456b3daf3.json
605e49e4524730f1f8ca7aa9b6dbf7f2860bfbf3436c2547978c1e47c2b681af	C:\Users\James\kaggriculture\benchmark\match_cache\605e49e4524730f1f8ca7aa9b6dbf7f2860bfbf3436c2547978c1e47c2b681af.json
d3df55f70c7c9ca96a45072acbbe0d299fec1cfa3eca6554936f582f9dd6f69a	C:\Users\James\kaggriculture\benchmark\match_cache\d3df55f70c7c9ca96a45072acbbe0d299fec1cfa3eca6554936f582f9dd6f69a.json
ea2eb1ba03db06536c43c5e5c62ffbfd2454a2d53d516a64e805a0b24846048d	C:\Users\James\kaggriculture\benchmark\match_cache\ea2eb1ba03db06536c43c5e5c62ffbfd2454a2d53d516a64e805a0b24846048d.json
6f483b14052ab14c66b7064290ecbf9f578767491b38c76b13469102859d5ddb	C:\Users\James\kaggriculture\benchmark\match_cache\6f483b14052ab14c66b7064290ecbf9f578767491b38c76b13469102859d5ddb.json
3163b066d83a3a57d7b04a675d0bbd3d86821543016b76d2c35c958d7426e59e	C:\Users\James\kaggriculture\benchmark\match_cache\3163b066d83a3a57d7b04a675d0bbd3d86821543016b76d2c35c958d7426e59e.json
267c34bab7de2a5770b5fb5c82b2044b20d0eb70b1b8106051a469ba6b18db96	C:\Users\James\kaggriculture\benchmark\match_cache\267c34bab7de2a5770b5fb5c82b2044b20d0eb70b1b8106051a469ba6b18db96.json
33d8fbc8a158f7ef65e932428b6e8c82eaf73c452b1cf576cd5f7842f67a886f	C:\Users\James\kaggriculture\benchmark\match_cache\33d8fbc8a158f7ef65e932428b6e8c82eaf73c452b1cf576cd5f7842f67a886f.json
5b5c61902da3f1b3a84eb5e4e0fb17bc1999b7c4c66230b15c6cffdc0c98289f	C:\Users\James\kaggriculture\benchmark\match_cache\5b5c61902da3f1b3a84eb5e4e0fb17bc1999b7c4c66230b15c6cffdc0c98289f.json
6bbe923270f0676be9e422a456e8facc4b6a547736deb8658b2c2497830b8d47	C:\Users\James\kaggriculture\benchmark\match_cache\6bbe923270f0676be9e422a456e8facc4b6a547736deb8658b2c2497830b8d47.json
67b6d2eaecece74e249a33c8b78011c86e4afff71f7623dc83a4b15ad9f3002f	C:\Users\James\kaggriculture\benchmark\match_cache\67b6d2eaecece74e249a33c8b78011c86e4afff71f7623dc83a4b15ad9f3002f.json
fdeb38c5ef6e8a9c9553c0b42d0303868216e95f2fc3c7e7f5a503761589155e	C:\Users\James\kaggriculture\benchmark\match_cache\fdeb38c5ef6e8a9c9553c0b42d0303868216e95f2fc3c7e7f5a503761589155e.json
6b2c7f9ceb110010ea55f07e6b20df5b86dd2f90bae4ec76ffc029671b6a1bee	C:\Users\James\kaggriculture\benchmark\match_cache\6b2c7f9ceb110010ea55f07e6b20df5b86dd2f90bae4ec76ffc029671b6a1bee.json
0342082d3f5d1e52d94277799abd980adb55a862bccba8de868164ecfd392157	C:\Users\James\kaggriculture\benchmark\match_cache\0342082d3f5d1e52d94277799abd980adb55a862bccba8de868164ecfd392157.json
9a1a6fd9d8878772298b9e54d2879144e35c333b08e0f1fb4a7d6e436f9377a6	C:\Users\James\kaggriculture\benchmark\match_cache\9a1a6fd9d8878772298b9e54d2879144e35c333b08e0f1fb4a7d6e436f9377a6.json
039ee0d810877c3113da1a70c1580a5837d519cf193dfbde066a097f98003aa9	C:\Users\James\kaggriculture\benchmark\match_cache\039ee0d810877c3113da1a70c1580a5837d519cf193dfbde066a097f98003aa9.json
d0aa03073502e96acd84249718f431e8f002a91d9db29965c7ea91659426ae31	C:\Users\James\kaggriculture\benchmark\match_cache\d0aa03073502e96acd84249718f431e8f002a91d9db29965c7ea91659426ae31.json
1508aab1e092aec4d947197be5c972003a7c8f5806c66aae19b3c8828effc2b7	C:\Users\James\kaggriculture\benchmark\match_cache\1508aab1e092aec4d947197be5c972003a7c8f5806c66aae19b3c8828effc2b7.json
d2f252a0f214253e439892154ea6a78a16fc04562c093a5fa288f8068271aa11	C:\Users\James\kaggriculture\benchmark\match_cache\d2f252a0f214253e439892154ea6a78a16fc04562c093a5fa288f8068271aa11.json
050af1f68fe48b87730b704f0294d82041aae97bc9c1c1274da69675a3f88246	C:\Users\James\kaggriculture\benchmark\match_cache\050af1f68fe48b87730b704f0294d82041aae97bc9c1c1274da69675a3f88246.json
b2479319fb63aa35f5cc35be48eea59d782aecf7b68ac1ae2ee078d605bec95b	C:\Users\James\kaggriculture\benchmark\match_cache\b2479319fb63aa35f5cc35be48eea59d782aecf7b68ac1ae2ee078d605bec95b.json
2a0048f727e34c4ad9d12aade5e9f8e53ec11c212e9d62b85b37d149539cfa48	C:\Users\James\kaggriculture\benchmark\match_cache\2a0048f727e34c4ad9d12aade5e9f8e53ec11c212e9d62b85b37d149539cfa48.json
2a492e86a9e15fa4c96cdc04e75d46cbfcb0ae062bf553d89bc836c253ef17f7	C:\Users\James\kaggriculture\benchmark\match_cache\2a492e86a9e15fa4c96cdc04e75d46cbfcb0ae062bf553d89bc836c253ef17f7.json
abf12da72a27d623b9014b68db7f36f36280ad2b9c00e25c3d3929b463bd009d	C:\Users\James\kaggriculture\benchmark\match_cache\abf12da72a27d623b9014b68db7f36f36280ad2b9c00e25c3d3929b463bd009d.json
8d34bb4184220cf03d9692c718adc2c1faad41a8ac9190c4e982af66de74ccfb	C:\Users\James\kaggriculture\benchmark\match_cache\8d34bb4184220cf03d9692c718adc2c1faad41a8ac9190c4e982af66de74ccfb.json
a94a665a44757295d4b1bb3cc4b9740b494e1eed2365b49aab7419f36e3fd23b	C:\Users\James\kaggriculture\benchmark\match_cache\a94a665a44757295d4b1bb3cc4b9740b494e1eed2365b49aab7419f36e3fd23b.json
c08fc42e7bd42cdbdaab505252490029682ec0ab34d00a8e40a21d3827a8f522	C:\Users\James\kaggriculture\benchmark\match_cache\c08fc42e7bd42cdbdaab505252490029682ec0ab34d00a8e40a21d3827a8f522.json
f25164a21803dc9ed32beb4053333999bd8f103709da921c1065fd1dbcc88795	C:\Users\James\kaggriculture\benchmark\match_cache\f25164a21803dc9ed32beb4053333999bd8f103709da921c1065fd1dbcc88795.json
61ef651accdd6b60d6855164a6475073074bed1793055bfd7e0920d57c910da4	C:\Users\James\kaggriculture\benchmark\match_cache\61ef651accdd6b60d6855164a6475073074bed1793055bfd7e0920d57c910da4.json
be2f4637fead6cdd52745a80ff81700f45f1c9edfb39f53cb53aacaa94b4fe6c	C:\Users\James\kaggriculture\benchmark\match_cache\be2f4637fead6cdd52745a80ff81700f45f1c9edfb39f53cb53aacaa94b4fe6c.json
5f02c5a1ace77620c73b33373f017e0a2a1be61436422cb6f780bbb0a93d3f63	C:\Users\James\kaggriculture\benchmark\match_cache\5f02c5a1ace77620c73b33373f017e0a2a1be61436422cb6f780bbb0a93d3f63.json
58e2c35fe68334ae090d458005cb8aebe6ebe82e34f45c67d5aa3a280cf404de	C:\Users\James\kaggriculture\benchmark\match_cache\58e2c35fe68334ae090d458005cb8aebe6ebe82e34f45c67d5aa3a280cf404de.json
8819f455d23482efb01024ad1c0a530fbf98f5962964a5c0dd81170384a6d2ee	C:\Users\James\kaggriculture\benchmark\match_cache\8819f455d23482efb01024ad1c0a530fbf98f5962964a5c0dd81170384a6d2ee.json
db81564f5b42a4b037a562268e5a3ba78e1bda5f66b4fe0ecd698ec84583cdfb	C:\Users\James\kaggriculture\benchmark\match_cache\db81564f5b42a4b037a562268e5a3ba78e1bda5f66b4fe0ecd698ec84583cdfb.json
febbf313589a17e3958ebe3baaff836663d4176a9295eb5aca3b51477573cc97	C:\Users\James\kaggriculture\benchmark\match_cache\febbf313589a17e3958ebe3baaff836663d4176a9295eb5aca3b51477573cc97.json
77aa9086f996f26980a1ff34ca5ab5e5652a82294749d2d08bf1ca5c87f09316	C:\Users\James\kaggriculture\benchmark\match_cache\77aa9086f996f26980a1ff34ca5ab5e5652a82294749d2d08bf1ca5c87f09316.json
55399095d8d96f5b75605e6ef5819c60f10aaa87317810c1a23d6d0f6f61ad90	C:\Users\James\kaggriculture\benchmark\match_cache\55399095d8d96f5b75605e6ef5819c60f10aaa87317810c1a23d6d0f6f61ad90.json
9d490718d4f45cd68fff49fadf3a48285994f1d9941b767408c2891def1bdd21	C:\Users\James\kaggriculture\benchmark\match_cache\9d490718d4f45cd68fff49fadf3a48285994f1d9941b767408c2891def1bdd21.json
3e19159dfe622ad93fa3b25749c58cb47a273e1362428c6db6b296fc65be6ea4	C:\Users\James\kaggriculture\benchmark\match_cache\3e19159dfe622ad93fa3b25749c58cb47a273e1362428c6db6b296fc65be6ea4.json
f065c83aff6b30d467c87d3d28e064f09ca34b6188ac1bbc2308cf637c77bb50	C:\Users\James\kaggriculture\benchmark\match_cache\f065c83aff6b30d467c87d3d28e064f09ca34b6188ac1bbc2308cf637c77bb50.json
23657cd5dc75dae72a53371e687a87ac030ddab9185cf42906b3fc37714e8863	C:\Users\James\kaggriculture\benchmark\match_cache\23657cd5dc75dae72a53371e687a87ac030ddab9185cf42906b3fc37714e8863.json
8844198858cf9090891a94eaa7a55c9c15376cfd426f17d529e7a1bf56a6047d	C:\Users\James\kaggriculture\benchmark\match_cache\8844198858cf9090891a94eaa7a55c9c15376cfd426f17d529e7a1bf56a6047d.json
5342960c16c0d57052e779bd83ae0f9cd308e784db150a435b6cd089adb51816	C:\Users\James\kaggriculture\benchmark\match_cache\5342960c16c0d57052e779bd83ae0f9cd308e784db150a435b6cd089adb51816.json
cf489259d14b07a9370c064b36e6c5c4fee25fb8ffe11ec1fc2a406d3c64d61c	C:\Users\James\kaggriculture\benchmark\match_cache\cf489259d14b07a9370c064b36e6c5c4fee25fb8ffe11ec1fc2a406d3c64d61c.json
f997b042aa8d78265cea382b8c461526378af03f7c82b8d16c6b3d7d846a3d8f	C:\Users\James\kaggriculture\benchmark\match_cache\f997b042aa8d78265cea382b8c461526378af03f7c82b8d16c6b3d7d846a3d8f.json
b72ffd7b89f8c968be9d5ea7afda234c1da4ec411ea97c15fcfaf42e7a4e19fb	C:\Users\James\kaggriculture\benchmark\match_cache\b72ffd7b89f8c968be9d5ea7afda234c1da4ec411ea97c15fcfaf42e7a4e19fb.json
84d1c148bfd7465c9a97073aa020b3d280e376e7749bab0ec7253e430cd56bc9	C:\Users\James\kaggriculture\benchmark\match_cache\84d1c148bfd7465c9a97073aa020b3d280e376e7749bab0ec7253e430cd56bc9.json
10aaf744b9388641cd55e4eaf070d6fe6553f9040e0f4b6165c2d68ad23a2aa4	C:\Users\James\kaggriculture\benchmark\match_cache\10aaf744b9388641cd55e4eaf070d6fe6553f9040e0f4b6165c2d68ad23a2aa4.json
3f188a7d158f9eba6b77bac2bfc7f783ad97886b2218ecc8ca11af4557f19554	C:\Users\James\kaggriculture\benchmark\match_cache\3f188a7d158f9eba6b77bac2bfc7f783ad97886b2218ecc8ca11af4557f19554.json
ea72ddc1ab4d5e09c1c12c39b9d4f68d57cf00e060958c72fc82b68de1f5b8c9	C:\Users\James\kaggriculture\benchmark\match_cache\ea72ddc1ab4d5e09c1c12c39b9d4f68d57cf00e060958c72fc82b68de1f5b8c9.json
fbf0b5e9d2ddaf14d9805db208f7be2bbdb38cb36271b5b9b934bde6e99bd193	C:\Users\James\kaggriculture\benchmark\match_cache\fbf0b5e9d2ddaf14d9805db208f7be2bbdb38cb36271b5b9b934bde6e99bd193.json
eaea1593ec0b82b4b625d09e6d52627c062a00b543ab398e31aad723fe24baf4	C:\Users\James\kaggriculture\benchmark\match_cache\eaea1593ec0b82b4b625d09e6d52627c062a00b543ab398e31aad723fe24baf4.json
064fb06507f0354eaa67d3926a10d29990089cde11b393b1ab94a6017a2e22b0	C:\Users\James\kaggriculture\benchmark\match_cache\064fb06507f0354eaa67d3926a10d29990089cde11b393b1ab94a6017a2e22b0.json
711249994a76e9e5d1975b25656b03b976363c2de33c8274c9f0d32675ca1252	C:\Users\James\kaggriculture\benchmark\match_cache\711249994a76e9e5d1975b25656b03b976363c2de33c8274c9f0d32675ca1252.json
b0f3d4011035ba6eba5a3affbe5f753a80ae3c2588310f067ce96a7fba5feaa3	C:\Users\James\kaggriculture\benchmark\match_cache\b0f3d4011035ba6eba5a3affbe5f753a80ae3c2588310f067ce96a7fba5feaa3.json
9f226b08f290040533ed2d3f3bf29d46ebd0694e421293062fb3d81bf713c354	C:\Users\James\kaggriculture\benchmark\match_cache\9f226b08f290040533ed2d3f3bf29d46ebd0694e421293062fb3d81bf713c354.json
91af43d1eae1b23e2f1b56acba4e3d8c7ccc2bf2d8465b5219c55d4ad6713bb0	C:\Users\James\kaggriculture\benchmark\match_cache\91af43d1eae1b23e2f1b56acba4e3d8c7ccc2bf2d8465b5219c55d4ad6713bb0.json
e6644c9690e2a329b14e96cb6d4d5632fbd90ad5391420289dab99f407379410	C:\Users\James\kaggriculture\benchmark\match_cache\e6644c9690e2a329b14e96cb6d4d5632fbd90ad5391420289dab99f407379410.json
3a6f48b7b63e2c841a1ef7832ac67d2ca53011a6a7828c975f6f41a66b9cb60f	C:\Users\James\kaggriculture\benchmark\match_cache\3a6f48b7b63e2c841a1ef7832ac67d2ca53011a6a7828c975f6f41a66b9cb60f.json
8f2d375c0294b31f8494f797781c4f2a1e94e5e86e4594b478bd704b5035fac9	C:\Users\James\kaggriculture\benchmark\match_cache\8f2d375c0294b31f8494f797781c4f2a1e94e5e86e4594b478bd704b5035fac9.json
050611770ef64413be39b1413b8c94ead235eb070b8a4508c793db083e28f940	C:\Users\James\kaggriculture\benchmark\match_cache\050611770ef64413be39b1413b8c94ead235eb070b8a4508c793db083e28f940.json
c6180274f3c3a5cd46d6913c85543a2cf92c32ff40fdd7948958c293df380a92	C:\Users\James\kaggriculture\benchmark\match_cache\c6180274f3c3a5cd46d6913c85543a2cf92c32ff40fdd7948958c293df380a92.json
5841836624c181e60697062b5bc0614c4adc35321c3f432ac3ae81cb9d04e5b9	C:\Users\James\kaggriculture\benchmark\match_cache\5841836624c181e60697062b5bc0614c4adc35321c3f432ac3ae81cb9d04e5b9.json
788279b5ee5a3fc0c37e140e98187a732aa3c826df0699143a9ae783b405575a	C:\Users\James\kaggriculture\benchmark\match_cache\788279b5ee5a3fc0c37e140e98187a732aa3c826df0699143a9ae783b405575a.json
67fbb84f6e48610bc2ce33ab803232d5dee5f18736fd600f366bb8ea784fb95e	C:\Users\James\kaggriculture\benchmark\match_cache\67fbb84f6e48610bc2ce33ab803232d5dee5f18736fd600f366bb8ea784fb95e.json
f406a1ef4448e9c1c08e5918337baca34dc6b2b16477f443aaa377d53666899b	C:\Users\James\kaggriculture\benchmark\match_cache\f406a1ef4448e9c1c08e5918337baca34dc6b2b16477f443aaa377d53666899b.json
610cee980e2d81a33f949d0faf8de13d0f76d89734173102b93eb04fb36e1c23	C:\Users\James\kaggriculture\benchmark\match_cache\610cee980e2d81a33f949d0faf8de13d0f76d89734173102b93eb04fb36e1c23.json
5c23a216d984d3a0168b492194e9b341778fd24b90cb664582b21a946a0575d1	C:\Users\James\kaggriculture\benchmark\match_cache\5c23a216d984d3a0168b492194e9b341778fd24b90cb664582b21a946a0575d1.json
53ac2f378465302fbe87306bca63c4ad3946f0e5ecf3c1f08dc628594df359aa	C:\Users\James\kaggriculture\benchmark\match_cache\53ac2f378465302fbe87306bca63c4ad3946f0e5ecf3c1f08dc628594df359aa.json
f949bc73897913ddeebe4efaf1b0d63748abfcda44aa941258bd0acd6c7d5034	C:\Users\James\kaggriculture\benchmark\match_cache\f949bc73897913ddeebe4efaf1b0d63748abfcda44aa941258bd0acd6c7d5034.json
9f4ad63fc43a50a5d733bd14060d4ca742742e1392098a81fb794c614e1ddffb	C:\Users\James\kaggriculture\benchmark\match_cache\9f4ad63fc43a50a5d733bd14060d4ca742742e1392098a81fb794c614e1ddffb.json
7d2603361d71fd4b8637288ab2e0ec4df3f92701dfe2e74162a27c4c8b9c15f0	C:\Users\James\kaggriculture\benchmark\match_cache\7d2603361d71fd4b8637288ab2e0ec4df3f92701dfe2e74162a27c4c8b9c15f0.json
626d4b77fac3b12ead8dfb43c9a7d99c182a424de5a4c200511275053c13a86c	C:\Users\James\kaggriculture\benchmark\match_cache\626d4b77fac3b12ead8dfb43c9a7d99c182a424de5a4c200511275053c13a86c.json
c031fae258d756b3eb46a3b59f6a01dbe6cfe8f3de7a7641fee52637b1dc08f8	C:\Users\James\kaggriculture\benchmark\match_cache\c031fae258d756b3eb46a3b59f6a01dbe6cfe8f3de7a7641fee52637b1dc08f8.json
afc2341dd17522dbb46ce1804af2ec9614018a0e7440d1928bc063eb8d1a5c78	C:\Users\James\kaggriculture\benchmark\match_cache\afc2341dd17522dbb46ce1804af2ec9614018a0e7440d1928bc063eb8d1a5c78.json
167af7bd5c0ea8cbdd889feca54fc14c647ecf4270574e61b902ce41be2b0e49	C:\Users\James\kaggriculture\benchmark\match_cache\167af7bd5c0ea8cbdd889feca54fc14c647ecf4270574e61b902ce41be2b0e49.json
ca0701b5c09cae22efe184d52b7856d866d677f9b6f57513336d486e6d3b9e1f	C:\Users\James\kaggriculture\benchmark\match_cache\ca0701b5c09cae22efe184d52b7856d866d677f9b6f57513336d486e6d3b9e1f.json
fd08deadeb39baff232742e7b45aa62c10873c091591ae2ba46901c5edc4c42f	C:\Users\James\kaggriculture\benchmark\match_cache\fd08deadeb39baff232742e7b45aa62c10873c091591ae2ba46901c5edc4c42f.json
711550d3456c8442c13287880fef61213231f85278d8a28aed64a7502243e1ad	C:\Users\James\kaggriculture\benchmark\match_cache\711550d3456c8442c13287880fef61213231f85278d8a28aed64a7502243e1ad.json
90be73c24db01d9409bb43c0780df00f069cfdf61b9caad91787b7b121a3860e	C:\Users\James\kaggriculture\benchmark\match_cache\90be73c24db01d9409bb43c0780df00f069cfdf61b9caad91787b7b121a3860e.json
d37d9cc73baac2f799f8ad49df8dafd1d869817aea84f744c5e398cabd7551d8	C:\Users\James\kaggriculture\benchmark\match_cache\d37d9cc73baac2f799f8ad49df8dafd1d869817aea84f744c5e398cabd7551d8.json
9db0ef3ca724116e897aedb004e506b0e5a2609bf716e2fb29bd3717897c48a9	C:\Users\James\kaggriculture\benchmark\match_cache\9db0ef3ca724116e897aedb004e506b0e5a2609bf716e2fb29bd3717897c48a9.json
1163fcc4c214f715845fbf7d798bc21816c9b06d336371eb076f3fa25177c631	C:\Users\James\kaggriculture\benchmark\match_cache\1163fcc4c214f715845fbf7d798bc21816c9b06d336371eb076f3fa25177c631.json
21c958ffcc9bb4226a3d10eeb476c4b1b90cccab7591ffac8c665645b1e972c0	C:\Users\James\kaggriculture\benchmark\match_cache\21c958ffcc9bb4226a3d10eeb476c4b1b90cccab7591ffac8c665645b1e972c0.json
5637ad68928ce51279123401450db65a5315c0dbefdd4d1e0444f50b4167bf4f	C:\Users\James\kaggriculture\benchmark\match_cache\5637ad68928ce51279123401450db65a5315c0dbefdd4d1e0444f50b4167bf4f.json
7cef928bc8f7f6518c9916a50e7ecfedd0d6ab1f633f49e5d5202b8ff025c0d2	C:\Users\James\kaggriculture\benchmark\match_cache\7cef928bc8f7f6518c9916a50e7ecfedd0d6ab1f633f49e5d5202b8ff025c0d2.json
7bd001e595d3c0043c98943c8f438811783748c3a5d764817119d97b47fe1b6f	C:\Users\James\kaggriculture\benchmark\match_cache\7bd001e595d3c0043c98943c8f438811783748c3a5d764817119d97b47fe1b6f.json
f9bad6f6c201dca01a4886ed7373d03ad69a782a3e5d24a594f6ac3c3f065d17	C:\Users\James\kaggriculture\benchmark\match_cache\f9bad6f6c201dca01a4886ed7373d03ad69a782a3e5d24a594f6ac3c3f065d17.json
7cae221ec685feaa6ae5d2aa605600087039ba8b7953b0094f3071bf7a5e9da6	C:\Users\James\kaggriculture\benchmark\match_cache\7cae221ec685feaa6ae5d2aa605600087039ba8b7953b0094f3071bf7a5e9da6.json
56e9b856ae7c79df3bf78caaab4c179fcd93078d576ca49b7a2f071f11184242	C:\Users\James\kaggriculture\benchmark\match_cache\56e9b856ae7c79df3bf78caaab4c179fcd93078d576ca49b7a2f071f11184242.json
171b1940f3d7eabecc16d232731f5f5bd5631aba750a0058b00718402ba75add	C:\Users\James\kaggriculture\benchmark\match_cache\171b1940f3d7eabecc16d232731f5f5bd5631aba750a0058b00718402ba75add.json
ce9b3e0315a1ae1eec974aaa457c2c01485c42b516298899c046aa498513b293	C:\Users\James\kaggriculture\benchmark\match_cache\ce9b3e0315a1ae1eec974aaa457c2c01485c42b516298899c046aa498513b293.json
2bb9d5eb7eb24566ccb6ef730b7210fe6e9fa445d80dd47cc9cb145580efa41f	C:\Users\James\kaggriculture\benchmark\match_cache\2bb9d5eb7eb24566ccb6ef730b7210fe6e9fa445d80dd47cc9cb145580efa41f.json
611a02914d1543811ceffd5f54124b49eb58bc93c7ce00423703a262690503cd	C:\Users\James\kaggriculture\benchmark\match_cache\611a02914d1543811ceffd5f54124b49eb58bc93c7ce00423703a262690503cd.json
a5c171fc9bced949534ee55381d1cdb4b6c041f6ff1566868e867dce2f1b8e2f	C:\Users\James\kaggriculture\benchmark\match_cache\a5c171fc9bced949534ee55381d1cdb4b6c041f6ff1566868e867dce2f1b8e2f.json
c704871c67d35b1dda23c60881475ff0bcf83b6915bb98f1de63f74cd9575f06	C:\Users\James\kaggriculture\benchmark\match_cache\c704871c67d35b1dda23c60881475ff0bcf83b6915bb98f1de63f74cd9575f06.json
992eaac720ea21f657916f8211f261e3aefcaaa51f9e6aee4251c3ab33cdeeb8	C:\Users\James\kaggriculture\benchmark\match_cache\992eaac720ea21f657916f8211f261e3aefcaaa51f9e6aee4251c3ab33cdeeb8.json
f024aaadc3b1d759eb7218762b5584930ef8249f2754ccaecf31feee898cdfc4	C:\Users\James\kaggriculture\benchmark\match_cache\f024aaadc3b1d759eb7218762b5584930ef8249f2754ccaecf31feee898cdfc4.json
e4fe34f250fb118eb7324c7fe6510c3d58dffadef5995c248ccd2110711a50fd	C:\Users\James\kaggriculture\benchmark\match_cache\e4fe34f250fb118eb7324c7fe6510c3d58dffadef5995c248ccd2110711a50fd.json
09523cf987574fd42c1a381ed11d21ff9fa31ff97a48792feaa5db1d4c8e290d	C:\Users\James\kaggriculture\benchmark\match_cache\09523cf987574fd42c1a381ed11d21ff9fa31ff97a48792feaa5db1d4c8e290d.json
2d5c28275f561db63874b86132335873f16470dae6c5d55d23a24fe01ba93188	C:\Users\James\kaggriculture\benchmark\match_cache\2d5c28275f561db63874b86132335873f16470dae6c5d55d23a24fe01ba93188.json
9467c951f5718c397a563ddf8c7571ce0d3f051ce9bb214d32648f3c9453e118	C:\Users\James\kaggriculture\benchmark\match_cache\9467c951f5718c397a563ddf8c7571ce0d3f051ce9bb214d32648f3c9453e118.json
e0dd5ab9894a21aac708bc9aa606f2f1254f2c0ecb5f995ec2854243e1442379	C:\Users\James\kaggriculture\benchmark\match_cache\e0dd5ab9894a21aac708bc9aa606f2f1254f2c0ecb5f995ec2854243e1442379.json
6c2c5474f3018d71d666c06cc01e1a455ff54673169c0915a9659b7713eeb19e	C:\Users\James\kaggriculture\benchmark\match_cache\6c2c5474f3018d71d666c06cc01e1a455ff54673169c0915a9659b7713eeb19e.json
b03e9b3c8870fa192c77dd677a7f0c77b28a43438b000c65b83f7f69e16f31ad	C:\Users\James\kaggriculture\benchmark\match_cache\b03e9b3c8870fa192c77dd677a7f0c77b28a43438b000c65b83f7f69e16f31ad.json
32cecb4d2767f5b6bc5315ecf058361cacc281a14b3b487f087c7c1916a0424b	C:\Users\James\kaggriculture\benchmark\match_cache\32cecb4d2767f5b6bc5315ecf058361cacc281a14b3b487f087c7c1916a0424b.json
3a57df64dbc457090c02dbcea032f87ada50a9eca58431451016a4e090951cad	C:\Users\James\kaggriculture\benchmark\match_cache\3a57df64dbc457090c02dbcea032f87ada50a9eca58431451016a4e090951cad.json
5b43195153ac40dfb0a6034da156957c6bab6380b5f59c3824471707bc2ee12c	C:\Users\James\kaggriculture\benchmark\match_cache\5b43195153ac40dfb0a6034da156957c6bab6380b5f59c3824471707bc2ee12c.json
3a8a12974364295329b30f28c6a89e9806af1d80033ef70ac68e8cdedc54f317	C:\Users\James\kaggriculture\benchmark\match_cache\3a8a12974364295329b30f28c6a89e9806af1d80033ef70ac68e8cdedc54f317.json
624c2077c867a2bbea7216df45998e2975e826a9878d0058a922680505f3d0f5	C:\Users\James\kaggriculture\benchmark\match_cache\624c2077c867a2bbea7216df45998e2975e826a9878d0058a922680505f3d0f5.json
154f76f85a0ea74772a0274b38409fb694b8fbe1748bc8e9b8e7d73c49eb5d50	C:\Users\James\kaggriculture\benchmark\match_cache\154f76f85a0ea74772a0274b38409fb694b8fbe1748bc8e9b8e7d73c49eb5d50.json
853507a692dc2357ffedb87b58385faefed4926489eedb832d329e519548fc0c	C:\Users\James\kaggriculture\benchmark\match_cache\853507a692dc2357ffedb87b58385faefed4926489eedb832d329e519548fc0c.json
c072aa28798ff3ed586f0038c579290d7a7d5863c25ee2ec40cbd8169410968d	C:\Users\James\kaggriculture\benchmark\match_cache\c072aa28798ff3ed586f0038c579290d7a7d5863c25ee2ec40cbd8169410968d.json
6695002634cb062f8f6682cdc5c750d59e5c014089e627a563418b5526cf8571	C:\Users\James\kaggriculture\benchmark\match_cache\6695002634cb062f8f6682cdc5c750d59e5c014089e627a563418b5526cf8571.json
ca242ca570d0f60c7fbc5c9d76507deee10b784d5474ace91e48b339b5775721	C:\Users\James\kaggriculture\benchmark\match_cache\ca242ca570d0f60c7fbc5c9d76507deee10b784d5474ace91e48b339b5775721.json
fa3c09e8c431343b08bd8e68e74391db11565ecd71204e615b3263e94c96a52d	C:\Users\James\kaggriculture\benchmark\match_cache\fa3c09e8c431343b08bd8e68e74391db11565ecd71204e615b3263e94c96a52d.json
ed2a1b0814e8b1dbcc1dd06d9997b4b039b7a308bd05f0ce7ad99a96bb8896e8	C:\Users\James\kaggriculture\benchmark\match_cache\ed2a1b0814e8b1dbcc1dd06d9997b4b039b7a308bd05f0ce7ad99a96bb8896e8.json
6a91564b58785e715890cda02bf07fc9ab1e9b985e982b3817562466a652b0be	C:\Users\James\kaggriculture\benchmark\match_cache\6a91564b58785e715890cda02bf07fc9ab1e9b985e982b3817562466a652b0be.json
1ccb1b90af6b62c7912f6d8b40c2d92f8b3dc572fb60a818efaf065b0b258cb0	C:\Users\James\kaggriculture\benchmark\match_cache\1ccb1b90af6b62c7912f6d8b40c2d92f8b3dc572fb60a818efaf065b0b258cb0.json
a815091c57e57500f76391a5bde7c8cf52cd9c464a3db1543ebec7887fa6214b	C:\Users\James\kaggriculture\benchmark\match_cache\a815091c57e57500f76391a5bde7c8cf52cd9c464a3db1543ebec7887fa6214b.json
d5c6ec73ce74721431d1cb6f13d14c7d94b8c2156155ac3bfa342085667eb906	C:\Users\James\kaggriculture\benchmark\match_cache\d5c6ec73ce74721431d1cb6f13d14c7d94b8c2156155ac3bfa342085667eb906.json
0e63089bf0a8528913f19078a03ea0df481e7fddfe3638ddf1baa6187cfd54f0	C:\Users\James\kaggriculture\benchmark\match_cache\0e63089bf0a8528913f19078a03ea0df481e7fddfe3638ddf1baa6187cfd54f0.json
d17693e915a0335fc21a3572a53c665145d3899c7af1100836f5912e6d4b852f	C:\Users\James\kaggriculture\benchmark\match_cache\d17693e915a0335fc21a3572a53c665145d3899c7af1100836f5912e6d4b852f.json
2f4667b0e6e9c2bf69d83a23e4425468e3bae33225b063ee90f49e91174fa9a7	C:\Users\James\kaggriculture\benchmark\match_cache\2f4667b0e6e9c2bf69d83a23e4425468e3bae33225b063ee90f49e91174fa9a7.json
6d30d8c79ac4e2f77e34d14af4d5a4ea7f74edc4befe7e2eb9c9776d5c5f735e	C:\Users\James\kaggriculture\benchmark\match_cache\6d30d8c79ac4e2f77e34d14af4d5a4ea7f74edc4befe7e2eb9c9776d5c5f735e.json
aa5bb1f3ae68c8130afbb4355b11a8e74ed294ebe56bad2141d1a800ee726324	C:\Users\James\kaggriculture\benchmark\match_cache\aa5bb1f3ae68c8130afbb4355b11a8e74ed294ebe56bad2141d1a800ee726324.json
fa24a695496cae519246e7d2aa66cfb6809321f76d44368fb673e6a258f82193	C:\Users\James\kaggriculture\benchmark\match_cache\fa24a695496cae519246e7d2aa66cfb6809321f76d44368fb673e6a258f82193.json
1567b6b250219d2d4802dd48e6bbd336c1a3421b5405848800fd00ddeebd05f3	C:\Users\James\kaggriculture\benchmark\match_cache\1567b6b250219d2d4802dd48e6bbd336c1a3421b5405848800fd00ddeebd05f3.json
ef6488e42409bb897422b0526f64bfe6e69b324508d76fb82c38033af0312ee3	C:\Users\James\kaggriculture\benchmark\match_cache\ef6488e42409bb897422b0526f64bfe6e69b324508d76fb82c38033af0312ee3.json
a4c49bbf85ad9fdc2e2ec585c234a686a2cec4622152aa4b8855d3fb4c238b0f	C:\Users\James\kaggriculture\benchmark\match_cache\a4c49bbf85ad9fdc2e2ec585c234a686a2cec4622152aa4b8855d3fb4c238b0f.json
daab43109c89712126d289ed0304160fcc33f7f9a13e921be3d05d12f5717406	C:\Users\James\kaggriculture\benchmark\match_cache\daab43109c89712126d289ed0304160fcc33f7f9a13e921be3d05d12f5717406.json
7f7b774470a5e61eea45e129cec24405d1e0aebaee8658ef447d2c3938df321f	C:\Users\James\kaggriculture\benchmark\match_cache\7f7b774470a5e61eea45e129cec24405d1e0aebaee8658ef447d2c3938df321f.json
69db42046717b7f9500f988b1b1c209e2dba2667b214382c98d90550f678f25a	C:\Users\James\kaggriculture\benchmark\match_cache\69db42046717b7f9500f988b1b1c209e2dba2667b214382c98d90550f678f25a.json
01c63b44366c519e925a4fee343cfff51c21ef25268a36034a91b5a8d0a2b461	C:\Users\James\kaggriculture\benchmark\match_cache\01c63b44366c519e925a4fee343cfff51c21ef25268a36034a91b5a8d0a2b461.json
f25ae6d92fe7cdfd78207890e34db33f28a10d4258279e3a87e843fa848483fd	C:\Users\James\kaggriculture\benchmark\match_cache\f25ae6d92fe7cdfd78207890e34db33f28a10d4258279e3a87e843fa848483fd.json
d775df5b38d3bc4d970d4e4d63ea9f07c89d045f50b8a62c07bb908f0d25fe59	C:\Users\James\kaggriculture\benchmark\match_cache\d775df5b38d3bc4d970d4e4d63ea9f07c89d045f50b8a62c07bb908f0d25fe59.json
ad8a06bd41187d709036c7cdac2891421e0a0a83392574039bef317e7188f422	C:\Users\James\kaggriculture\benchmark\match_cache\ad8a06bd41187d709036c7cdac2891421e0a0a83392574039bef317e7188f422.json
e5867cd5086eb127017b470066483e1b6c79c5b6638dd3aa5a8816cf6d70a84d	C:\Users\James\kaggriculture\benchmark\match_cache\e5867cd5086eb127017b470066483e1b6c79c5b6638dd3aa5a8816cf6d70a84d.json
e75a3cff038ce3021cd985e2450742687e76f195700825c569c032ff16880c17	C:\Users\James\kaggriculture\benchmark\match_cache\e75a3cff038ce3021cd985e2450742687e76f195700825c569c032ff16880c17.json
157cecc536c74916585a18dc68585e4f50aa8a5ee6fe39c981bf1ec557827db1	C:\Users\James\kaggriculture\benchmark\match_cache\157cecc536c74916585a18dc68585e4f50aa8a5ee6fe39c981bf1ec557827db1.json
13e5712f8fa7f7823d6aeb111df98dd8af75ed81d5f66d845c8ce367fbaff045	C:\Users\James\kaggriculture\benchmark\match_cache\13e5712f8fa7f7823d6aeb111df98dd8af75ed81d5f66d845c8ce367fbaff045.json
ddc67f3e757da07fcae04db6978bea3b326d4914058347e34a23c2f640c65842	C:\Users\James\kaggriculture\benchmark\match_cache\ddc67f3e757da07fcae04db6978bea3b326d4914058347e34a23c2f640c65842.json
2413c1cbe67a101588ccb7feb3b95ac2fc1b602a1af8480a9e9ef4343a8bcbca	C:\Users\James\kaggriculture\benchmark\match_cache\2413c1cbe67a101588ccb7feb3b95ac2fc1b602a1af8480a9e9ef4343a8bcbca.json
f48227c2df9f25c8ea2c5dafa1f984144c396c005a2dfd7c517ed19eb8954ecd	C:\Users\James\kaggriculture\benchmark\match_cache\f48227c2df9f25c8ea2c5dafa1f984144c396c005a2dfd7c517ed19eb8954ecd.json
633d4adfcd658aea0eafefcaebf0575a94a03cb344c2e63fb0f02b9efd2db0f1	C:\Users\James\kaggriculture\benchmark\match_cache\633d4adfcd658aea0eafefcaebf0575a94a03cb344c2e63fb0f02b9efd2db0f1.json
284ea5591cd05498f21c9add83dbeefc9067c2b8ad196b8ef64618d4f77b1149	C:\Users\James\kaggriculture\benchmark\match_cache\284ea5591cd05498f21c9add83dbeefc9067c2b8ad196b8ef64618d4f77b1149.json
238fbf78d910ae7c237455b0ce21f89b2087bfea3866b1ab52d06bc61806da21	C:\Users\James\kaggriculture\benchmark\match_cache\238fbf78d910ae7c237455b0ce21f89b2087bfea3866b1ab52d06bc61806da21.json
c8e8b77a327dee532a40fb4aa5845bbf5dd8aab1d47a42f6cf68a84158f1ea6a	C:\Users\James\kaggriculture\benchmark\match_cache\c8e8b77a327dee532a40fb4aa5845bbf5dd8aab1d47a42f6cf68a84158f1ea6a.json
b02ae2c1f7a96e3bf18761b1610517f5f8d90d665c364dfc993cf7df665712af	C:\Users\James\kaggriculture\benchmark\match_cache\b02ae2c1f7a96e3bf18761b1610517f5f8d90d665c364dfc993cf7df665712af.json
41c849248e37f39776ba16be923b4344a9aa9015408b717340eab00fa2b15397	C:\Users\James\kaggriculture\benchmark\match_cache\41c849248e37f39776ba16be923b4344a9aa9015408b717340eab00fa2b15397.json
360233270f7fd8fd0c075e4b2f4fa8e680c1d5cc1135b68b71caaa92de69bd4c	C:\Users\James\kaggriculture\benchmark\match_cache\360233270f7fd8fd0c075e4b2f4fa8e680c1d5cc1135b68b71caaa92de69bd4c.json
08bded9a0e585ed19cd6adb06a2d59d9be05f7a0c918da9a134c81884bc9da58	C:\Users\James\kaggriculture\benchmark\match_cache\08bded9a0e585ed19cd6adb06a2d59d9be05f7a0c918da9a134c81884bc9da58.json
78e5a7705601293cfb52b58be3f5fd961b665bee5cfbe51953ef3fb76b66ac67	C:\Users\James\kaggriculture\benchmark\match_cache\78e5a7705601293cfb52b58be3f5fd961b665bee5cfbe51953ef3fb76b66ac67.json
05aea70378242f36195bc77792bff28b9fe5f82b7e00f6e65c58182514507131	C:\Users\James\kaggriculture\benchmark\match_cache\05aea70378242f36195bc77792bff28b9fe5f82b7e00f6e65c58182514507131.json
498a143d58b40478e69e782b4783f60bde0004955babcfdb95679651676bb023	C:\Users\James\kaggriculture\benchmark\match_cache\498a143d58b40478e69e782b4783f60bde0004955babcfdb95679651676bb023.json
8e5e5cdb96291ba744ee74dd4bbfb0894188c27da5a0f6d4a155094253c0a933	C:\Users\James\kaggriculture\benchmark\match_cache\8e5e5cdb96291ba744ee74dd4bbfb0894188c27da5a0f6d4a155094253c0a933.json
dfca739cdfba22fb42a2545d79de85686e571e2b4e23b7232b251f199ce3c8ec	C:\Users\James\kaggriculture\benchmark\match_cache\dfca739cdfba22fb42a2545d79de85686e571e2b4e23b7232b251f199ce3c8ec.json
20a0487afbe151f96ccd2774c99fbc6816949f3c2db3840940908a2996dca885	C:\Users\James\kaggriculture\benchmark\match_cache\20a0487afbe151f96ccd2774c99fbc6816949f3c2db3840940908a2996dca885.json
0c84475f194abc431a026e4cc2d0b7cac900deeee445abfc400225c295a415b8	C:\Users\James\kaggriculture\benchmark\match_cache\0c84475f194abc431a026e4cc2d0b7cac900deeee445abfc400225c295a415b8.json
b4ab5c19fe5883a80252dcf6f198fcd6bf05c7019e15b3bce1a54ec2bd57f1b4	C:\Users\James\kaggriculture\benchmark\match_cache\b4ab5c19fe5883a80252dcf6f198fcd6bf05c7019e15b3bce1a54ec2bd57f1b4.json
97354f11dde0657cc1cb0465a105743f4d67b45e97d983e21feb7c4c3f9f5ab9	C:\Users\James\kaggriculture\benchmark\match_cache\97354f11dde0657cc1cb0465a105743f4d67b45e97d983e21feb7c4c3f9f5ab9.json
348b2fca7ea1fa2418122b7b3344e7b7e2bb5f9ee401822e79606040f6a1c346	C:\Users\James\kaggriculture\benchmark\match_cache\348b2fca7ea1fa2418122b7b3344e7b7e2bb5f9ee401822e79606040f6a1c346.json
9224daea55dc3ee4098e4b4bdf7711dcbead64266e4118cd1e19da294704a7ef	C:\Users\James\kaggriculture\benchmark\match_cache\9224daea55dc3ee4098e4b4bdf7711dcbead64266e4118cd1e19da294704a7ef.json
73d8f2591c332280c072e725a411cf2eb7f18edc7c2af793fd82538ba88e3278	C:\Users\James\kaggriculture\benchmark\match_cache\73d8f2591c332280c072e725a411cf2eb7f18edc7c2af793fd82538ba88e3278.json
79803870ace5d984b0f20b18b5c3a28512372053871d8d1aabb5a22a15f8a621	C:\Users\James\kaggriculture\benchmark\match_cache\79803870ace5d984b0f20b18b5c3a28512372053871d8d1aabb5a22a15f8a621.json
ee04c0cfd39528d381742a8a5fd3ab7c19350fc0815f52fbf5a3b4c3146a272a	C:\Users\James\kaggriculture\benchmark\match_cache\ee04c0cfd39528d381742a8a5fd3ab7c19350fc0815f52fbf5a3b4c3146a272a.json
cc6ee7aca99a1ba1a7d8ef011748765d3104ed87ec263f7fe0ea944506c3b649	C:\Users\James\kaggriculture\benchmark\match_cache\cc6ee7aca99a1ba1a7d8ef011748765d3104ed87ec263f7fe0ea944506c3b649.json
a958d9dedc312fe40d71f0c889841198e4d00333919ce06b6b00aaf80942b677	C:\Users\James\kaggriculture\benchmark\match_cache\a958d9dedc312fe40d71f0c889841198e4d00333919ce06b6b00aaf80942b677.json
f1fafefc6e031f8306852b0e6b2ab7a9584a9898a33407553e10becee0bfab99	C:\Users\James\kaggriculture\benchmark\match_cache\f1fafefc6e031f8306852b0e6b2ab7a9584a9898a33407553e10becee0bfab99.json
bc80b679291d1f9e21c99015b0503153dd48da6f9911d724adc378f9a100950e	C:\Users\James\kaggriculture\benchmark\match_cache\bc80b679291d1f9e21c99015b0503153dd48da6f9911d724adc378f9a100950e.json
66f711ff6a132bc23c0e947a7d4fb7f01ce735e8bacbbe16f7a0a21d8df9263f	C:\Users\James\kaggriculture\benchmark\match_cache\66f711ff6a132bc23c0e947a7d4fb7f01ce735e8bacbbe16f7a0a21d8df9263f.json
941b4ea8c3ceeabfdf6f33ad9a60f641d4760164ba18f341f8fadf13b5d8a5f9	C:\Users\James\kaggriculture\benchmark\match_cache\941b4ea8c3ceeabfdf6f33ad9a60f641d4760164ba18f341f8fadf13b5d8a5f9.json
fde505680ce62876e988ed6700e49e242819bd6753a2a3b84f970faa2e0f9fdf	C:\Users\James\kaggriculture\benchmark\match_cache\fde505680ce62876e988ed6700e49e242819bd6753a2a3b84f970faa2e0f9fdf.json
b02534e8a157df0a1003783b8a2cf0b749ea4652a7f5c749bf5df4e40d5d9c61	C:\Users\James\kaggriculture\benchmark\match_cache\b02534e8a157df0a1003783b8a2cf0b749ea4652a7f5c749bf5df4e40d5d9c61.json
f62ba9956bb8309e31bea084d0dfdba8badad24bed0750953d13f8bdbcc28694	C:\Users\James\kaggriculture\benchmark\match_cache\f62ba9956bb8309e31bea084d0dfdba8badad24bed0750953d13f8bdbcc28694.json
018d928099a1813ade88a74a8af04a43d4db996fffd96192a967382056feaf7d	C:\Users\James\kaggriculture\benchmark\match_cache\018d928099a1813ade88a74a8af04a43d4db996fffd96192a967382056feaf7d.json
593a461244c9e24c4f279684062c946fe3fb59169fb59833968ee312c0933199	C:\Users\James\kaggriculture\benchmark\match_cache\593a461244c9e24c4f279684062c946fe3fb59169fb59833968ee312c0933199.json
d6b6dbda0f0739fc1ec0fe74c30ef01818f26e9663c8afa22b4683e6a6520a53	C:\Users\James\kaggriculture\benchmark\match_cache\d6b6dbda0f0739fc1ec0fe74c30ef01818f26e9663c8afa22b4683e6a6520a53.json
d147af66b53c0e432636cf8212ec65e68346ff7dc37552b575cde8b5f795e8cc	C:\Users\James\kaggriculture\benchmark\match_cache\d147af66b53c0e432636cf8212ec65e68346ff7dc37552b575cde8b5f795e8cc.json
8207c72eb224548ef37898cedec0039206183ab69b019b2c677e4b1816a07ac0	C:\Users\James\kaggriculture\benchmark\match_cache\8207c72eb224548ef37898cedec0039206183ab69b019b2c677e4b1816a07ac0.json
09351c0020405dbdfa0b3d3d86f48e02bd89dccf9965544468fe49ed235b6880	C:\Users\James\kaggriculture\benchmark\match_cache\09351c0020405dbdfa0b3d3d86f48e02bd89dccf9965544468fe49ed235b6880.json
83938241516738386a39a2ddfa17e5e66e1e70f8656fa84b17fe16540c46024d	C:\Users\James\kaggriculture\benchmark\match_cache\83938241516738386a39a2ddfa17e5e66e1e70f8656fa84b17fe16540c46024d.json
5f3089fe00ee2d845dda23f30e72f157ba7aef2d165d0d405dbb116e43b34fa8	C:\Users\James\kaggriculture\benchmark\match_cache\5f3089fe00ee2d845dda23f30e72f157ba7aef2d165d0d405dbb116e43b34fa8.json
858b994b98f09168e4d005acf7173d3ea69df9f2b617daad7d5367f72fa9f809	C:\Users\James\kaggriculture\benchmark\match_cache\858b994b98f09168e4d005acf7173d3ea69df9f2b617daad7d5367f72fa9f809.json
543e27ae5e13542941204faf21da6b05730235ee645ad973f3aa94557aa4b22a	C:\Users\James\kaggriculture\benchmark\match_cache\543e27ae5e13542941204faf21da6b05730235ee645ad973f3aa94557aa4b22a.json
673b352b132c4396c0d911237e31ce85b43ecd93fa8782964e8ae4703e000bf6	C:\Users\James\kaggriculture\benchmark\match_cache\673b352b132c4396c0d911237e31ce85b43ecd93fa8782964e8ae4703e000bf6.json
d3cad264960f1ac1689128c506e088416f4174c1c9a2802d367916aa3b7b8748	C:\Users\James\kaggriculture\benchmark\match_cache\d3cad264960f1ac1689128c506e088416f4174c1c9a2802d367916aa3b7b8748.json
dd50ef97945946ce84868bb017fde26a83cb2021c724a02f73afa4339897d51c	C:\Users\James\kaggriculture\benchmark\match_cache\dd50ef97945946ce84868bb017fde26a83cb2021c724a02f73afa4339897d51c.json
e36698ac6adbb07529a9ea71d09dc531c1b546fd8fa905b721390d491cd83ae2	C:\Users\James\kaggriculture\benchmark\match_cache\e36698ac6adbb07529a9ea71d09dc531c1b546fd8fa905b721390d491cd83ae2.json
7e70a04b30746a632c4a5b9f60162543d7109a63cbe509e47dafdebd1c43f610	C:\Users\James\kaggriculture\benchmark\match_cache\7e70a04b30746a632c4a5b9f60162543d7109a63cbe509e47dafdebd1c43f610.json
da903751c68bbdec531bcc7e6642e2e57aefd4f90b4df6d0bd23f7328e3be193	C:\Users\James\kaggriculture\benchmark\match_cache\da903751c68bbdec531bcc7e6642e2e57aefd4f90b4df6d0bd23f7328e3be193.json
62efae3f5aa9911b6b2412fc3197ef8a5ca04dcd49a44e6dd43bf87d8420752e	C:\Users\James\kaggriculture\benchmark\match_cache\62efae3f5aa9911b6b2412fc3197ef8a5ca04dcd49a44e6dd43bf87d8420752e.json
c34d781061f310700e99c19825f2ae9ba96a529ade5886dadacd72742ded5a05	C:\Users\James\kaggriculture\benchmark\match_cache\c34d781061f310700e99c19825f2ae9ba96a529ade5886dadacd72742ded5a05.json
5dbae88a6440a09212ae07fe39e9678566ae33905081f5297d0c2fe05f47294e	C:\Users\James\kaggriculture\benchmark\match_cache\5dbae88a6440a09212ae07fe39e9678566ae33905081f5297d0c2fe05f47294e.json
30fe999d1f16f7521fec5549023f642e3359880e4660dc5f0aed172b0aa490e7	C:\Users\James\kaggriculture\benchmark\match_cache\30fe999d1f16f7521fec5549023f642e3359880e4660dc5f0aed172b0aa490e7.json
98e6d64e0040c18319ee932e6ddc836c9b79b1919e2fe3ab7551ba64f470eca8	C:\Users\James\kaggriculture\benchmark\match_cache\98e6d64e0040c18319ee932e6ddc836c9b79b1919e2fe3ab7551ba64f470eca8.json
fc93f1473737a0ffb50d6b58b4211f82d7f5e4cfe733eac0ef57dbee6db1aa48	C:\Users\James\kaggriculture\benchmark\match_cache\fc93f1473737a0ffb50d6b58b4211f82d7f5e4cfe733eac0ef57dbee6db1aa48.json
7e9831d2c2861d03c56a336627fe6e51bb8960fbc6412bb7bac3403db55ab80b	C:\Users\James\kaggriculture\benchmark\match_cache\7e9831d2c2861d03c56a336627fe6e51bb8960fbc6412bb7bac3403db55ab80b.json
3f46b9f4c1d8ca873c02cfd6d15ebbb735d1d0ee6c7a9bbb69119d880f542da8	C:\Users\James\kaggriculture\benchmark\match_cache\3f46b9f4c1d8ca873c02cfd6d15ebbb735d1d0ee6c7a9bbb69119d880f542da8.json
6db0da839577b0cd6f15ee6ace951477e91116d7da14a28b916eab03c695de93	C:\Users\James\kaggriculture\benchmark\match_cache\6db0da839577b0cd6f15ee6ace951477e91116d7da14a28b916eab03c695de93.json
80db810c88dc16bfedcf9284fb09bd4387f8822a86adebbe32712bb9603fad19	C:\Users\James\kaggriculture\benchmark\match_cache\80db810c88dc16bfedcf9284fb09bd4387f8822a86adebbe32712bb9603fad19.json
d04a71c72eb1063533260e17159d05eacff685a9fe0264d067118e54940c5b84	C:\Users\James\kaggriculture\benchmark\match_cache\d04a71c72eb1063533260e17159d05eacff685a9fe0264d067118e54940c5b84.json
08e1b942a39c8c911df84c4b6ad14bb8c6fe72d3edbc114389853f482353080d	C:\Users\James\kaggriculture\benchmark\match_cache\08e1b942a39c8c911df84c4b6ad14bb8c6fe72d3edbc114389853f482353080d.json
e45fa065690e8cb68d65f94e5a944e1072d3f6c83fe890f7c5eded6e2e539fb9	C:\Users\James\kaggriculture\benchmark\match_cache\e45fa065690e8cb68d65f94e5a944e1072d3f6c83fe890f7c5eded6e2e539fb9.json
a619b4250f4ca959578305d9f266e400a7c7181c654ab4d2bf5d45ab3e30b463	C:\Users\James\kaggriculture\benchmark\match_cache\a619b4250f4ca959578305d9f266e400a7c7181c654ab4d2bf5d45ab3e30b463.json
6e08eeb1336ea942c2b8cf4edc70762e2a4f6035bbf200c52f0f2e90d719774b	C:\Users\James\kaggriculture\benchmark\match_cache\6e08eeb1336ea942c2b8cf4edc70762e2a4f6035bbf200c52f0f2e90d719774b.json
3d45c1b0fbf5a2dd5d1a9d73b56761757c2616b58cb7d7b7c987ef50a31dba81	C:\Users\James\kaggriculture\benchmark\match_cache\3d45c1b0fbf5a2dd5d1a9d73b56761757c2616b58cb7d7b7c987ef50a31dba81.json
f222fe77418bcbe7403122ccc745372564c693639528c4ffb00cdd23a6c42ae1	C:\Users\James\kaggriculture\benchmark\match_cache\f222fe77418bcbe7403122ccc745372564c693639528c4ffb00cdd23a6c42ae1.json
9a027b4731f5178b3dcedf2e761611af2eef87c1668937be88c8ec5343d4f47d	C:\Users\James\kaggriculture\benchmark\match_cache\9a027b4731f5178b3dcedf2e761611af2eef87c1668937be88c8ec5343d4f47d.json
82475aff56cb72b4c2db6dafa09042f1ec57dda16d2215c7a563b85583e6c069	C:\Users\James\kaggriculture\benchmark\match_cache\82475aff56cb72b4c2db6dafa09042f1ec57dda16d2215c7a563b85583e6c069.json
afa82e30bec12a69a9a34d5e8c4d54cb1c7ef8443fcf6f4032b0a16bdb147d6d	C:\Users\James\kaggriculture\benchmark\match_cache\afa82e30bec12a69a9a34d5e8c4d54cb1c7ef8443fcf6f4032b0a16bdb147d6d.json
fd39cf2e6e7989382b4cb8f23ff749711764f5f6a4f63e1c0107554475c3f51a	C:\Users\James\kaggriculture\benchmark\match_cache\fd39cf2e6e7989382b4cb8f23ff749711764f5f6a4f63e1c0107554475c3f51a.json
8105a21bdd211a6c54f949224ac0aac869eee535c03294e59c16e5dbb45a23c1	C:\Users\James\kaggriculture\benchmark\match_cache\8105a21bdd211a6c54f949224ac0aac869eee535c03294e59c16e5dbb45a23c1.json
878301892d65ff2efb365bc1556984b6abad8c3ce524ac1adf9df42bfe8e026d	C:\Users\James\kaggriculture\benchmark\match_cache\878301892d65ff2efb365bc1556984b6abad8c3ce524ac1adf9df42bfe8e026d.json
c76ddd9322133260cb2558fcc6af390b244d24b2de7bc8d44f43a24da3b5d9b4	C:\Users\James\kaggriculture\benchmark\match_cache\c76ddd9322133260cb2558fcc6af390b244d24b2de7bc8d44f43a24da3b5d9b4.json
75931013e97c0c5f5dab025d042d62171db7259702c9793452d54935df79f64d	C:\Users\James\kaggriculture\benchmark\match_cache\75931013e97c0c5f5dab025d042d62171db7259702c9793452d54935df79f64d.json
88748a3beffd38faa2ee7a9bcdb8e197fc80218752013550f9f19cbddb52d3e0	C:\Users\James\kaggriculture\benchmark\match_cache\88748a3beffd38faa2ee7a9bcdb8e197fc80218752013550f9f19cbddb52d3e0.json
0d399fa4af6598f0565fb084cb798ec3bc5ce02a136d454e0c7980c505558fd1	C:\Users\James\kaggriculture\benchmark\match_cache\0d399fa4af6598f0565fb084cb798ec3bc5ce02a136d454e0c7980c505558fd1.json
2b660a487bda0d12352dc594ea80ef92aa19efba0b4327aa71e9eeeffb52ab82	C:\Users\James\kaggriculture\benchmark\match_cache\2b660a487bda0d12352dc594ea80ef92aa19efba0b4327aa71e9eeeffb52ab82.json
9fa281f5fc8c1fd62b64d5aef481cb76a880c3931a2a301ff11d99216c58a1b9	C:\Users\James\kaggriculture\benchmark\match_cache\9fa281f5fc8c1fd62b64d5aef481cb76a880c3931a2a301ff11d99216c58a1b9.json
cec2e17daef90a7d6f4b22d7d844d480ae1c7786d74417b1b6add021ae016a96	C:\Users\James\kaggriculture\benchmark\match_cache\cec2e17daef90a7d6f4b22d7d844d480ae1c7786d74417b1b6add021ae016a96.json
d22226ee594df8b2eca064f58dc5f3c32116124f72f905fc4a60f7ded5f8df55	C:\Users\James\kaggriculture\benchmark\match_cache\d22226ee594df8b2eca064f58dc5f3c32116124f72f905fc4a60f7ded5f8df55.json
097395fc60409fb40e06c238d444709e30f96d2d1954867f66b9dfb0fe4c6f8c	C:\Users\James\kaggriculture\benchmark\match_cache\097395fc60409fb40e06c238d444709e30f96d2d1954867f66b9dfb0fe4c6f8c.json
827eebd7407745769ba004991578c19a159b1f1ec01ac39b38fe9d0ba23d40cc	C:\Users\James\kaggriculture\benchmark\match_cache\827eebd7407745769ba004991578c19a159b1f1ec01ac39b38fe9d0ba23d40cc.json
4ee0cdf505b94d78a1bc1589119d704bcf08deeb086f9c0d598039d5a1588748	C:\Users\James\kaggriculture\benchmark\match_cache\4ee0cdf505b94d78a1bc1589119d704bcf08deeb086f9c0d598039d5a1588748.json
033be0b908f02b648de59e47f74f594ea858d24ed40fd28caffe9b2ed4a8d723	C:\Users\James\kaggriculture\benchmark\match_cache\033be0b908f02b648de59e47f74f594ea858d24ed40fd28caffe9b2ed4a8d723.json
5e0cff8c7048fcb6cdd0307a8a9bf1d5af03d8d9336ed04a136366d6f3fb7313	C:\Users\James\kaggriculture\benchmark\match_cache\5e0cff8c7048fcb6cdd0307a8a9bf1d5af03d8d9336ed04a136366d6f3fb7313.json
27ab8af0094175846f584840908b6e1cf2aa6362f5240846551ea3c21fae2a0a	C:\Users\James\kaggriculture\benchmark\match_cache\27ab8af0094175846f584840908b6e1cf2aa6362f5240846551ea3c21fae2a0a.json
2df0ce15d2051795464eb192ad4edabdc0be6b6f5d7cf1116ea8b3f419b0780c	C:\Users\James\kaggriculture\benchmark\match_cache\2df0ce15d2051795464eb192ad4edabdc0be6b6f5d7cf1116ea8b3f419b0780c.json
f98130411c0c19c51ddf8ee583a991fcd57f8836f6fed5c0e994c3e53fe21749	C:\Users\James\kaggriculture\benchmark\match_cache\f98130411c0c19c51ddf8ee583a991fcd57f8836f6fed5c0e994c3e53fe21749.json
125d5fb9809af4c50321d26c3a00c63fadbe350caf7b992efba62666486635f7	C:\Users\James\kaggriculture\benchmark\match_cache\125d5fb9809af4c50321d26c3a00c63fadbe350caf7b992efba62666486635f7.json
d1a420d1e67271003335dda9d738b750fe4ba602fb5d2bf05e2446a99da7a5e4	C:\Users\James\kaggriculture\benchmark\match_cache\d1a420d1e67271003335dda9d738b750fe4ba602fb5d2bf05e2446a99da7a5e4.json
92a187c20a2808a2a02f784f3afea43c7bd3ea0b02f4c4ee104fb104114efcba	C:\Users\James\kaggriculture\benchmark\match_cache\92a187c20a2808a2a02f784f3afea43c7bd3ea0b02f4c4ee104fb104114efcba.json
0428cbcd5c179215cf1a161d2a82e17e98f509e64dee149e0e2e27f40d006a1d	C:\Users\James\kaggriculture\benchmark\match_cache\0428cbcd5c179215cf1a161d2a82e17e98f509e64dee149e0e2e27f40d006a1d.json
be389ddfae3212f7712ff239fe04a53e8986779908dcd29c56112e4679e0a517	C:\Users\James\kaggriculture\benchmark\match_cache\be389ddfae3212f7712ff239fe04a53e8986779908dcd29c56112e4679e0a517.json
005709385f373ff7628ef5d2fbed8dc86390f2175389a246578abed3dc096e32	C:\Users\James\kaggriculture\benchmark\match_cache\005709385f373ff7628ef5d2fbed8dc86390f2175389a246578abed3dc096e32.json
da3029c4ed9c90641ce91d5437826d49085566c23a0d0c126d7d3a94b4bac7ff	C:\Users\James\kaggriculture\benchmark\match_cache\da3029c4ed9c90641ce91d5437826d49085566c23a0d0c126d7d3a94b4bac7ff.json
6a53dcfbd151f74ec3ad46b098f775a60e0eb780f5c49f6b85d25cc8922b1f8b	C:\Users\James\kaggriculture\benchmark\match_cache\6a53dcfbd151f74ec3ad46b098f775a60e0eb780f5c49f6b85d25cc8922b1f8b.json
e40ac429ffd20e78c32025b07b08f8fef38dc3c29759456e4921c012d06181fc	C:\Users\James\kaggriculture\benchmark\match_cache\e40ac429ffd20e78c32025b07b08f8fef38dc3c29759456e4921c012d06181fc.json
e6339fc4ebac953d1131703fc1cbe89c7650a20cb8a77f6f836a309f3222d3e6	C:\Users\James\kaggriculture\benchmark\match_cache\e6339fc4ebac953d1131703fc1cbe89c7650a20cb8a77f6f836a309f3222d3e6.json
88cdd9305bcb21ce450d7013c21d197585cda5219c881ec0d4f27afbed7b6638	C:\Users\James\kaggriculture\benchmark\match_cache\88cdd9305bcb21ce450d7013c21d197585cda5219c881ec0d4f27afbed7b6638.json
8b77f16f730d888bc88859bcb0bbbb06e1c0f5ec0b21d5a5bd99e31289fbf8c7	C:\Users\James\kaggriculture\benchmark\match_cache\8b77f16f730d888bc88859bcb0bbbb06e1c0f5ec0b21d5a5bd99e31289fbf8c7.json
b2f0a78075f2ec0c40a2dfc774c79df532308e246a61fa1829d55f6bbc33228d	C:\Users\James\kaggriculture\benchmark\match_cache\b2f0a78075f2ec0c40a2dfc774c79df532308e246a61fa1829d55f6bbc33228d.json
0d3fbe4d10e422deddc5dc4134494da16a023b57c113581ca5ec376ffb551100	C:\Users\James\kaggriculture\benchmark\match_cache\0d3fbe4d10e422deddc5dc4134494da16a023b57c113581ca5ec376ffb551100.json
5d1a3f6caec237c5302199c28bb1cb1a7ed35cdacd6e230e6d7dee5ed75abe8e	C:\Users\James\kaggriculture\benchmark\match_cache\5d1a3f6caec237c5302199c28bb1cb1a7ed35cdacd6e230e6d7dee5ed75abe8e.json
918d6937a9b4ad9e1fcaa95b0ad614ee31c7ee5dd1cd33ad85143bdf9faabcd3	C:\Users\James\kaggriculture\benchmark\match_cache\918d6937a9b4ad9e1fcaa95b0ad614ee31c7ee5dd1cd33ad85143bdf9faabcd3.json
9fc5c20f2ae75dbe805eeb9915fa73bcc689256e8ae88f864ad4d1535508e6e1	C:\Users\James\kaggriculture\benchmark\match_cache\9fc5c20f2ae75dbe805eeb9915fa73bcc689256e8ae88f864ad4d1535508e6e1.json
bf04b205daead1574d12a2797f79907bd72a27da023ad2b2fc8d999cf897a1f8	C:\Users\James\kaggriculture\benchmark\match_cache\bf04b205daead1574d12a2797f79907bd72a27da023ad2b2fc8d999cf897a1f8.json
31b38c026883a5d8575b316f9d723fcf9b6239b9ef0c45ec554fe70b1efc5cb0	C:\Users\James\kaggriculture\benchmark\match_cache\31b38c026883a5d8575b316f9d723fcf9b6239b9ef0c45ec554fe70b1efc5cb0.json
30ad42c8b797688b62076d0ee94a82969067caa9f100b1f23847e88255e43f50	C:\Users\James\kaggriculture\benchmark\match_cache\30ad42c8b797688b62076d0ee94a82969067caa9f100b1f23847e88255e43f50.json
9c6786623fa03862ebb8122e522a666b762111eac8ca2418ecdc2016661d3c35	C:\Users\James\kaggriculture\benchmark\match_cache\9c6786623fa03862ebb8122e522a666b762111eac8ca2418ecdc2016661d3c35.json
06a0a086bae931cb37c7471000f8acd9c8b7b5debd6e9379d553bf43211e67ce	C:\Users\James\kaggriculture\benchmark\match_cache\06a0a086bae931cb37c7471000f8acd9c8b7b5debd6e9379d553bf43211e67ce.json
d4cce4e11401d40077a5a82ffabcab70c2b1ed478f94a96360275f009adfec16	C:\Users\James\kaggriculture\benchmark\match_cache\d4cce4e11401d40077a5a82ffabcab70c2b1ed478f94a96360275f009adfec16.json
7faac22ef1c12138c5e18b9702be193051d7203eeb8039664a836c5072c4dd42	C:\Users\James\kaggriculture\benchmark\match_cache\7faac22ef1c12138c5e18b9702be193051d7203eeb8039664a836c5072c4dd42.json
3d786f823bba1d91621c18e098b10fd0d07ff4aa21873a012c3820e98a18a133	C:\Users\James\kaggriculture\benchmark\match_cache\3d786f823bba1d91621c18e098b10fd0d07ff4aa21873a012c3820e98a18a133.json
f54507b9112d1dc2abd5c4179362f58a12df253235d255bfa0eabad8bb2b5374	C:\Users\James\kaggriculture\benchmark\match_cache\f54507b9112d1dc2abd5c4179362f58a12df253235d255bfa0eabad8bb2b5374.json
84b176937a35ef060e700e4b19f81910920b22ee08b0cadb8ae04d2744c7e482	C:\Users\James\kaggriculture\benchmark\match_cache\84b176937a35ef060e700e4b19f81910920b22ee08b0cadb8ae04d2744c7e482.json
4bdac3b6a6045ee727ae5982f13fe46c40cb6bc8639d3d43644ed25d7765bac8	C:\Users\James\kaggriculture\benchmark\match_cache\4bdac3b6a6045ee727ae5982f13fe46c40cb6bc8639d3d43644ed25d7765bac8.json
7244fa2511d3a86e006bb1af019e6065bc22a810fa43fc033e8b3a2c7718f576	C:\Users\James\kaggriculture\benchmark\match_cache\7244fa2511d3a86e006bb1af019e6065bc22a810fa43fc033e8b3a2c7718f576.json
503565cdb01f418629dad4382fa4f75caa595dd7fdc3fef2298cd7d352fb9fcb	C:\Users\James\kaggriculture\benchmark\match_cache\503565cdb01f418629dad4382fa4f75caa595dd7fdc3fef2298cd7d352fb9fcb.json
722d7880260f1946b4295eef6f6db6039e10eb7ed2ce5200423aabc78bfc4575	C:\Users\James\kaggriculture\benchmark\match_cache\722d7880260f1946b4295eef6f6db6039e10eb7ed2ce5200423aabc78bfc4575.json
b134626b5b37c441318e866773350d50b27e549661f374f6993e214d5601a62d	C:\Users\James\kaggriculture\benchmark\match_cache\b134626b5b37c441318e866773350d50b27e549661f374f6993e214d5601a62d.json
c49fab92c057b621035de2a5ebf256b3eee7db36df4ee29c2321cf9063f285ff	C:\Users\James\kaggriculture\benchmark\match_cache\c49fab92c057b621035de2a5ebf256b3eee7db36df4ee29c2321cf9063f285ff.json
b26a5abf76bdc4eaf22386dddfb3480c2a38d096e2f14e101c69bf178e47b7a7	C:\Users\James\kaggriculture\benchmark\match_cache\b26a5abf76bdc4eaf22386dddfb3480c2a38d096e2f14e101c69bf178e47b7a7.json
6a19a701350b376b5f8aae3627ff9015708957b8561c1193463e89e745f3f1cb	C:\Users\James\kaggriculture\benchmark\match_cache\6a19a701350b376b5f8aae3627ff9015708957b8561c1193463e89e745f3f1cb.json
6bd358ebe91f885622e17153fd9f78306021d0c6a1f72962d8c43955da4e0c6e	C:\Users\James\kaggriculture\benchmark\match_cache\6bd358ebe91f885622e17153fd9f78306021d0c6a1f72962d8c43955da4e0c6e.json
ef8cc1ba95d1ff393f53d57b1c268c92b66959e17a2d34f02092bc9aeb43ae35	C:\Users\James\kaggriculture\benchmark\match_cache\ef8cc1ba95d1ff393f53d57b1c268c92b66959e17a2d34f02092bc9aeb43ae35.json
cb7bb270489b34fd8ace35fcfe7df9f33ba466fa2048ed61bd2d91555ceb0b45	C:\Users\James\kaggriculture\benchmark\match_cache\cb7bb270489b34fd8ace35fcfe7df9f33ba466fa2048ed61bd2d91555ceb0b45.json
d7f1e4c365bd2b49edd9356052a065782311010c9636e1800c3fb0f3dc71735b	C:\Users\James\kaggriculture\benchmark\match_cache\d7f1e4c365bd2b49edd9356052a065782311010c9636e1800c3fb0f3dc71735b.json
43bb2e8317e16399e450567cdbe90342efae85e7f5cd288ea8d7f6ab2a9aba3c	C:\Users\James\kaggriculture\benchmark\match_cache\43bb2e8317e16399e450567cdbe90342efae85e7f5cd288ea8d7f6ab2a9aba3c.json
03804665d638ca7b137aac4cc2ad13b5ee2e2f81936a32ab25b487825fb1052c	C:\Users\James\kaggriculture\benchmark\match_cache\03804665d638ca7b137aac4cc2ad13b5ee2e2f81936a32ab25b487825fb1052c.json
b91371d014928a77adac6e7d0ebea4d085726057ad7dec6508e1844bd9d27bfe	C:\Users\James\kaggriculture\benchmark\match_cache\b91371d014928a77adac6e7d0ebea4d085726057ad7dec6508e1844bd9d27bfe.json
ee31848af52a826037cc9f363ee8cb0063548ad1f7cdfe79fb14d9eb65bd9d01	C:\Users\James\kaggriculture\benchmark\match_cache\ee31848af52a826037cc9f363ee8cb0063548ad1f7cdfe79fb14d9eb65bd9d01.json
fa1b9e4ded54b5f8f199b2c734938873ab12010bdacaf1d66bf333a4576facc7	C:\Users\James\kaggriculture\benchmark\match_cache\fa1b9e4ded54b5f8f199b2c734938873ab12010bdacaf1d66bf333a4576facc7.json
90279108a03379da3e50ef104896c92fb3caaff48dc78f18ccd86aab41c6e0e6	C:\Users\James\kaggriculture\benchmark\match_cache\90279108a03379da3e50ef104896c92fb3caaff48dc78f18ccd86aab41c6e0e6.json
1be5bf151ccad3eba3b91a59cb16d5c9899f6a1df3e292f3548392d44e07a39d	C:\Users\James\kaggriculture\benchmark\match_cache\1be5bf151ccad3eba3b91a59cb16d5c9899f6a1df3e292f3548392d44e07a39d.json
8e71fb097409f6196196f47c6d5c1960e0a5c32f5cf46abd7595cf12bd04577c	C:\Users\James\kaggriculture\benchmark\match_cache\8e71fb097409f6196196f47c6d5c1960e0a5c32f5cf46abd7595cf12bd04577c.json
e0706c8cf3a25fe914e591b26ce35d409d05a6ff5f3fe328b9c8dc1bc831d3b6	C:\Users\James\kaggriculture\benchmark\match_cache\e0706c8cf3a25fe914e591b26ce35d409d05a6ff5f3fe328b9c8dc1bc831d3b6.json
9fe547bd8d8ca581695cf53bdb00c813d44d6109daa857445497c5cb74e687a0	C:\Users\James\kaggriculture\benchmark\match_cache\9fe547bd8d8ca581695cf53bdb00c813d44d6109daa857445497c5cb74e687a0.json
51519f711ddaba7a4510c4d7f2526149ea0ef5358aeefbc9b0e97fd1c7eb2b75	C:\Users\James\kaggriculture\benchmark\match_cache\51519f711ddaba7a4510c4d7f2526149ea0ef5358aeefbc9b0e97fd1c7eb2b75.json
bd67b0ff49b76bd938fdc7f71065ce7b202234d0e788dc02455e6b6cc0c3b175	C:\Users\James\kaggriculture\benchmark\match_cache\bd67b0ff49b76bd938fdc7f71065ce7b202234d0e788dc02455e6b6cc0c3b175.json
d290ab3986d561ab4ae4806d9734caf4ea6dbc4ac9453d2fbed1872645d75ca7	C:\Users\James\kaggriculture\benchmark\match_cache\d290ab3986d561ab4ae4806d9734caf4ea6dbc4ac9453d2fbed1872645d75ca7.json
98a1d27b5d829f9a08f886486b6ba1f8f3a547b903c9a805061275b4c6c66057	C:\Users\James\kaggriculture\benchmark\match_cache\98a1d27b5d829f9a08f886486b6ba1f8f3a547b903c9a805061275b4c6c66057.json
1b1a0e7f6bd1610f8535427acb68a3b36a62c3c22b401e108ddf8bfca563af48	C:\Users\James\kaggriculture\benchmark\match_cache\1b1a0e7f6bd1610f8535427acb68a3b36a62c3c22b401e108ddf8bfca563af48.json
670ea35699501e50154c3d7a6a9bb25747fce5b138a483ec7c82c0b781f3aae9	C:\Users\James\kaggriculture\benchmark\match_cache\670ea35699501e50154c3d7a6a9bb25747fce5b138a483ec7c82c0b781f3aae9.json
9b57c5f2852a31553505fc3ae3621fd56ab0f1170924091f1af19708a6d1f8bf	C:\Users\James\kaggriculture\benchmark\match_cache\9b57c5f2852a31553505fc3ae3621fd56ab0f1170924091f1af19708a6d1f8bf.json
cec44c1a1338ce3b4a29306efe3f8f361418d208ebcf50a41472800b30b1d2bc	C:\Users\James\kaggriculture\benchmark\match_cache\cec44c1a1338ce3b4a29306efe3f8f361418d208ebcf50a41472800b30b1d2bc.json
60ca89971270ceeb2764866650ddfbd569832d1a4236c075892daee92f8f6546	C:\Users\James\kaggriculture\benchmark\match_cache\60ca89971270ceeb2764866650ddfbd569832d1a4236c075892daee92f8f6546.json
22c4075925cfd19b917f7a91c44c74052649601373a8351480eb761a453ab4c0	C:\Users\James\kaggriculture\benchmark\match_cache\22c4075925cfd19b917f7a91c44c74052649601373a8351480eb761a453ab4c0.json
0340c4dcdced733621d97c84e998f59a0d0e1b2d22b228f22ef9d1eed08f315b	C:\Users\James\kaggriculture\benchmark\match_cache\0340c4dcdced733621d97c84e998f59a0d0e1b2d22b228f22ef9d1eed08f315b.json
5acdefd52f073f20d6ffff6ea63bf487b3895104bea65c70fb49d70d3b6abf41	C:\Users\James\kaggriculture\benchmark\match_cache\5acdefd52f073f20d6ffff6ea63bf487b3895104bea65c70fb49d70d3b6abf41.json
dec432e579f6a090d59ed93bf418e28185066075ee7f3d883483b475f390cb81	C:\Users\James\kaggriculture\benchmark\match_cache\dec432e579f6a090d59ed93bf418e28185066075ee7f3d883483b475f390cb81.json
9905a4199606b47006af65da4878049fd3ef067c67fe866141c84cfafa2cb32f	C:\Users\James\kaggriculture\benchmark\match_cache\9905a4199606b47006af65da4878049fd3ef067c67fe866141c84cfafa2cb32f.json
4b9719d568c231b30735a7846277080c03a1e47e728e27fbbbd8c94108a6d7eb	C:\Users\James\kaggriculture\benchmark\match_cache\4b9719d568c231b30735a7846277080c03a1e47e728e27fbbbd8c94108a6d7eb.json
3e67796c8c1e91b8e9a98d31ad973844b73a440561f2f0df204bdd2b65ffdbcc	C:\Users\James\kaggriculture\benchmark\match_cache\3e67796c8c1e91b8e9a98d31ad973844b73a440561f2f0df204bdd2b65ffdbcc.json
78a93efdff50eca7f1bda6589b80b6b6a22947447db8d2a424fd6636d0600744	C:\Users\James\kaggriculture\benchmark\match_cache\78a93efdff50eca7f1bda6589b80b6b6a22947447db8d2a424fd6636d0600744.json
fe0b974efe174dd57b15af881cd36101fa512db6618405bd898309de2a222ac6	C:\Users\James\kaggriculture\benchmark\match_cache\fe0b974efe174dd57b15af881cd36101fa512db6618405bd898309de2a222ac6.json
fdeea1c923abf799521cff73d10a42ff6548f3e690974d5881e3da8906542436	C:\Users\James\kaggriculture\benchmark\match_cache\fdeea1c923abf799521cff73d10a42ff6548f3e690974d5881e3da8906542436.json
0060a4e1b73560f6362008edda665cbeb1a619d741bb48f43b3f6ba8ee0e1bb4	C:\Users\James\kaggriculture\benchmark\match_cache\0060a4e1b73560f6362008edda665cbeb1a619d741bb48f43b3f6ba8ee0e1bb4.json
6cf79fe397fd9e53004173c209615057e4633df5028788979b7d71e6d9e68453	C:\Users\James\kaggriculture\benchmark\match_cache\6cf79fe397fd9e53004173c209615057e4633df5028788979b7d71e6d9e68453.json
d8082f4ea39fbc57c5ddd8baa573e38ea9b22c8a23e353d78c6b8581b6a6cb54	C:\Users\James\kaggriculture\benchmark\match_cache\d8082f4ea39fbc57c5ddd8baa573e38ea9b22c8a23e353d78c6b8581b6a6cb54.json
4cbda854f060c9b0bd32cd92cc8c9913be4c066f5c83aafb0d89173d501227bd	C:\Users\James\kaggriculture\benchmark\match_cache\4cbda854f060c9b0bd32cd92cc8c9913be4c066f5c83aafb0d89173d501227bd.json
ff34a67f65b8416ab646a9184146307aaa4e6fe808cbf13a139cbee905f3a4eb	C:\Users\James\kaggriculture\benchmark\match_cache\ff34a67f65b8416ab646a9184146307aaa4e6fe808cbf13a139cbee905f3a4eb.json
fb39b0747622405e22a67a0ddc3c933256cf5222b11172f5c33dc7fd208beaf7	C:\Users\James\kaggriculture\benchmark\match_cache\fb39b0747622405e22a67a0ddc3c933256cf5222b11172f5c33dc7fd208beaf7.json
a1027f2a13062021f419ee8c6089d5ac34a28b357712bfe79bb1ed50e478b054	C:\Users\James\kaggriculture\benchmark\match_cache\a1027f2a13062021f419ee8c6089d5ac34a28b357712bfe79bb1ed50e478b054.json
028cfa0a87618574044e801da7f07a48594a45830a9458a2097cbd2f9f505407	C:\Users\James\kaggriculture\benchmark\match_cache\028cfa0a87618574044e801da7f07a48594a45830a9458a2097cbd2f9f505407.json
1c0954cb1730b66e91c7c4ef151ca1a1e4af2fa59e9154ea9d1144476c85b6c8	C:\Users\James\kaggriculture\benchmark\match_cache\1c0954cb1730b66e91c7c4ef151ca1a1e4af2fa59e9154ea9d1144476c85b6c8.json
d986514f65bf67963b318d4af65b5a0460ea32bd95bdf82ea90e31eb90788f7d	C:\Users\James\kaggriculture\benchmark\match_cache\d986514f65bf67963b318d4af65b5a0460ea32bd95bdf82ea90e31eb90788f7d.json
74c56f6cef163860312ea56be484929693c26cd3cfa55b4ee32e6101e458bd31	C:\Users\James\kaggriculture\benchmark\match_cache\74c56f6cef163860312ea56be484929693c26cd3cfa55b4ee32e6101e458bd31.json
e5dff3a3a525364ffd35fb4736b72d679a8669b51e21750a09ec4da6389d4bdf	C:\Users\James\kaggriculture\benchmark\match_cache\e5dff3a3a525364ffd35fb4736b72d679a8669b51e21750a09ec4da6389d4bdf.json
b38e3d78d43db8e7474689ec15622e7f29a10a328a5a2f86615fdc2195dd558c	C:\Users\James\kaggriculture\benchmark\match_cache\b38e3d78d43db8e7474689ec15622e7f29a10a328a5a2f86615fdc2195dd558c.json
586b61ed3cb3b5285a623cfe6a5eb239888953b03fdce4a33a878afeb5cf4de4	C:\Users\James\kaggriculture\benchmark\match_cache\586b61ed3cb3b5285a623cfe6a5eb239888953b03fdce4a33a878afeb5cf4de4.json
df41520aa8162eb73cdaf4fc47a72437a8f74ec7086f290d4daa3205ff9a099a	C:\Users\James\kaggriculture\benchmark\match_cache\df41520aa8162eb73cdaf4fc47a72437a8f74ec7086f290d4daa3205ff9a099a.json
9e431c0e611191d17a2eed6eacb881704fb32d5a6913316aa1876ca89713251d	C:\Users\James\kaggriculture\benchmark\match_cache\9e431c0e611191d17a2eed6eacb881704fb32d5a6913316aa1876ca89713251d.json
4d5d90dcf2c92032e2f298165708ffd85a5ffcac1cfeb2c7ead828d0e47e2bb1	C:\Users\James\kaggriculture\benchmark\match_cache\4d5d90dcf2c92032e2f298165708ffd85a5ffcac1cfeb2c7ead828d0e47e2bb1.json
c4e79915f157a586276992ddba3a095ff4c305c969ad454fb2e986b49be388e4	C:\Users\James\kaggriculture\benchmark\match_cache\c4e79915f157a586276992ddba3a095ff4c305c969ad454fb2e986b49be388e4.json
01d6d71d7146e3a94471362614467a333c78def63de1dc06b60602fd7cc7f10f	C:\Users\James\kaggriculture\benchmark\match_cache\01d6d71d7146e3a94471362614467a333c78def63de1dc06b60602fd7cc7f10f.json
1470f772d67100707e1f6efef000bd49c21a682801db82db242a8d261adcd788	C:\Users\James\kaggriculture\benchmark\match_cache\1470f772d67100707e1f6efef000bd49c21a682801db82db242a8d261adcd788.json
37e77da02a12db85d9ce4a62b0fdd1d9644bd1ca9dc638fb2684087745ffe4a4	C:\Users\James\kaggriculture\benchmark\match_cache\37e77da02a12db85d9ce4a62b0fdd1d9644bd1ca9dc638fb2684087745ffe4a4.json
ccf7b85752e6c02dbe35ef175c1ca949b66bc88515aeb83acbd17d1f35ab3a19	C:\Users\James\kaggriculture\benchmark\match_cache\ccf7b85752e6c02dbe35ef175c1ca949b66bc88515aeb83acbd17d1f35ab3a19.json
7f6921de3fcf6d799375e8006faf3f92f27155d6000a1bf5e36638affb67d21e	C:\Users\James\kaggriculture\benchmark\match_cache\7f6921de3fcf6d799375e8006faf3f92f27155d6000a1bf5e36638affb67d21e.json
9f3ecd151bb7692396cc0b3782a524641078afb0434e938068cb97ebed99002a	C:\Users\James\kaggriculture\benchmark\match_cache\9f3ecd151bb7692396cc0b3782a524641078afb0434e938068cb97ebed99002a.json
79cc234f9da90a0a57283acd4acc67df3690eefb520fc4692635551826940196	C:\Users\James\kaggriculture\benchmark\match_cache\79cc234f9da90a0a57283acd4acc67df3690eefb520fc4692635551826940196.json
cf57a7f999b3b693bc5d6239e8aeaf97c6e5570d543501949f3870d8218ec484	C:\Users\James\kaggriculture\benchmark\match_cache\cf57a7f999b3b693bc5d6239e8aeaf97c6e5570d543501949f3870d8218ec484.json
fbb6be5fecab96c42fe26ae0beba5c32dc6bd18ca00c6670cc7225662130699a	C:\Users\James\kaggriculture\benchmark\match_cache\fbb6be5fecab96c42fe26ae0beba5c32dc6bd18ca00c6670cc7225662130699a.json
5666aa4f0d06668608040d7c32b6e2338822d7ba1938edb52bb8f0de7b3e2fc5	C:\Users\James\kaggriculture\benchmark\match_cache\5666aa4f0d06668608040d7c32b6e2338822d7ba1938edb52bb8f0de7b3e2fc5.json
82c6bc6df57dd12bcd3801c96ab2abde732e14c4360b26a112dcfc9b8b99f551	C:\Users\James\kaggriculture\benchmark\match_cache\82c6bc6df57dd12bcd3801c96ab2abde732e14c4360b26a112dcfc9b8b99f551.json
52455bd47f7a359e8ee914ec0c0c34c9824085db21004e25e9240138dd40deb4	C:\Users\James\kaggriculture\benchmark\match_cache\52455bd47f7a359e8ee914ec0c0c34c9824085db21004e25e9240138dd40deb4.json
02bad2183f8a8dc69929d8ac33ff08af3c99565399df316e9be5de52b71da778	C:\Users\James\kaggriculture\benchmark\match_cache\02bad2183f8a8dc69929d8ac33ff08af3c99565399df316e9be5de52b71da778.json
4da370af0572cb0c3bd94ccd5f5165a646b8c3ca0af179f7eded0e3c0a179825	C:\Users\James\kaggriculture\benchmark\match_cache\4da370af0572cb0c3bd94ccd5f5165a646b8c3ca0af179f7eded0e3c0a179825.json
ceaf998021f6171c688e5e92bd7293f0af5d7560efc27023ad92bad4d3abe009	C:\Users\James\kaggriculture\benchmark\match_cache\ceaf998021f6171c688e5e92bd7293f0af5d7560efc27023ad92bad4d3abe009.json
c9ea1be24044b01fe3ca2e4e6791377bc18a743e4f75969addba694c7233bfc3	C:\Users\James\kaggriculture\benchmark\match_cache\c9ea1be24044b01fe3ca2e4e6791377bc18a743e4f75969addba694c7233bfc3.json
f3948c14f6646a0451d80810b1ab1ac44d5c7f5535cb4b458387064bb48947a2	C:\Users\James\kaggriculture\benchmark\match_cache\f3948c14f6646a0451d80810b1ab1ac44d5c7f5535cb4b458387064bb48947a2.json
10a2858ba7ebec4427ab4e384b14633ecfb607f7db3356545aec331ba05cfa14	C:\Users\James\kaggriculture\benchmark\match_cache\10a2858ba7ebec4427ab4e384b14633ecfb607f7db3356545aec331ba05cfa14.json
816c6f55785ed7cb7c197b589065b65fff69a18d956f9413d474903b8b17abe2	C:\Users\James\kaggriculture\benchmark\match_cache\816c6f55785ed7cb7c197b589065b65fff69a18d956f9413d474903b8b17abe2.json
d8d9dd0fd0fb7b28dd18870964891841603001c220fe72d24b9afc94917be225	C:\Users\James\kaggriculture\benchmark\match_cache\d8d9dd0fd0fb7b28dd18870964891841603001c220fe72d24b9afc94917be225.json
128806ef020708d6132f0ed7a3476cb9d83aae18fe841839b49e44025f3d25a7	C:\Users\James\kaggriculture\benchmark\match_cache\128806ef020708d6132f0ed7a3476cb9d83aae18fe841839b49e44025f3d25a7.json
4b219230484c079f188d7e999cc864d1142b349dbb90fac451c88245e47ce1b6	C:\Users\James\kaggriculture\benchmark\match_cache\4b219230484c079f188d7e999cc864d1142b349dbb90fac451c88245e47ce1b6.json
a4dbf52abb19c13a8665a9a5d0c551b37b57127c34ccf6fa612554d465e5d9a9	C:\Users\James\kaggriculture\benchmark\match_cache\a4dbf52abb19c13a8665a9a5d0c551b37b57127c34ccf6fa612554d465e5d9a9.json
50e2284cad385ca26366d684ed3de6f2be8f24d02793a037e5e2b7ff2b2f2eb9	C:\Users\James\kaggriculture\benchmark\match_cache\50e2284cad385ca26366d684ed3de6f2be8f24d02793a037e5e2b7ff2b2f2eb9.json
c5590d5433e29bf5065bdd8be87d6c8b62ec5e7db28db2ed9346f97f7221a693	C:\Users\James\kaggriculture\benchmark\match_cache\c5590d5433e29bf5065bdd8be87d6c8b62ec5e7db28db2ed9346f97f7221a693.json
aef38383b883015804de4c30f84101105bc40bc4a02f789d48eed4cf209bcf82	C:\Users\James\kaggriculture\benchmark\match_cache\aef38383b883015804de4c30f84101105bc40bc4a02f789d48eed4cf209bcf82.json
46bc0838f1c86a35147d9b28cd457ffa86f9db8fdfeb2f33298b35543c8547c8	C:\Users\James\kaggriculture\benchmark\match_cache\46bc0838f1c86a35147d9b28cd457ffa86f9db8fdfeb2f33298b35543c8547c8.json
561e4449770f35cb99aca0040ca114e2c94fe4e7c4557115091b2fec049ebe23	C:\Users\James\kaggriculture\benchmark\match_cache\561e4449770f35cb99aca0040ca114e2c94fe4e7c4557115091b2fec049ebe23.json
195de192b8dad7a26d6ab6f9a30bc6afaf5667abcfbee340849781ebb92f967f	C:\Users\James\kaggriculture\benchmark\match_cache\195de192b8dad7a26d6ab6f9a30bc6afaf5667abcfbee340849781ebb92f967f.json
d4843169684b089bdc55c9585602d8952eb26a9878b149b9d4d472284454e1c2	C:\Users\James\kaggriculture\benchmark\match_cache\d4843169684b089bdc55c9585602d8952eb26a9878b149b9d4d472284454e1c2.json
04c931923722630e461ede1dfdc406e43826f3e8c19a6f794da67a43b4ebcf57	C:\Users\James\kaggriculture\benchmark\match_cache\04c931923722630e461ede1dfdc406e43826f3e8c19a6f794da67a43b4ebcf57.json
a9811485d797a09941b05a3fd113e754064a025b6b4c7c77df2e3cd146d4487f	C:\Users\James\kaggriculture\benchmark\match_cache\a9811485d797a09941b05a3fd113e754064a025b6b4c7c77df2e3cd146d4487f.json
ee3e6a2cb3b06d8f4e6444df906878a581b1259b5303cd3b463f8d08357427cd	C:\Users\James\kaggriculture\benchmark\match_cache\ee3e6a2cb3b06d8f4e6444df906878a581b1259b5303cd3b463f8d08357427cd.json
c811a84ac69e6d9f962c1c90891adea121b736ed284822b9a919610b60258b69	C:\Users\James\kaggriculture\benchmark\match_cache\c811a84ac69e6d9f962c1c90891adea121b736ed284822b9a919610b60258b69.json
621cc97df161da0b1be53c8486ac313790f1217e24a636ec0c9c75631a733e34	C:\Users\James\kaggriculture\benchmark\match_cache\621cc97df161da0b1be53c8486ac313790f1217e24a636ec0c9c75631a733e34.json
d9597e7c8953b6371ea9a274d4c5809a869b6ef8f408caad937bafed0fd62bbc	C:\Users\James\kaggriculture\benchmark\match_cache\d9597e7c8953b6371ea9a274d4c5809a869b6ef8f408caad937bafed0fd62bbc.json
bad3d012fc6fabe0f4b423ad62387538683fe5abe087f9a9686853e498726e0c	C:\Users\James\kaggriculture\benchmark\match_cache\bad3d012fc6fabe0f4b423ad62387538683fe5abe087f9a9686853e498726e0c.json
db518e9dd7243d49a3932485c4941bed97f29a535ab0f8b3d0f940a5c9ee2fda	C:\Users\James\kaggriculture\benchmark\match_cache\db518e9dd7243d49a3932485c4941bed97f29a535ab0f8b3d0f940a5c9ee2fda.json
5acda81dcf0ae22b2bef907bbd2428be1d6c983cbddb1b63680ea83bcb55f13f	C:\Users\James\kaggriculture\benchmark\match_cache\5acda81dcf0ae22b2bef907bbd2428be1d6c983cbddb1b63680ea83bcb55f13f.json
9bbee00e51146afa3367e861ab0cb5e93eb085faeb723c9df5a94bb1d7bfb853	C:\Users\James\kaggriculture\benchmark\match_cache\9bbee00e51146afa3367e861ab0cb5e93eb085faeb723c9df5a94bb1d7bfb853.json
adb475f513057ee9842a35ce1372b7a24ea92b281989402af3b7c8dd0cb4bb15	C:\Users\James\kaggriculture\benchmark\match_cache\adb475f513057ee9842a35ce1372b7a24ea92b281989402af3b7c8dd0cb4bb15.json
8df0cef0f3e21fcf6a1dba79629e3f1342f6c445ed1bcc7a5d057185a35a1fa9	C:\Users\James\kaggriculture\benchmark\match_cache\8df0cef0f3e21fcf6a1dba79629e3f1342f6c445ed1bcc7a5d057185a35a1fa9.json
aaf09c594d0f59e6ad8eec57988bdd30808b0f3b7e4223f5e454d5cba252a45a	C:\Users\James\kaggriculture\benchmark\match_cache\aaf09c594d0f59e6ad8eec57988bdd30808b0f3b7e4223f5e454d5cba252a45a.json
a3230398d9ae919c16fb0d77e2475d171456e478b25591a4e8f4bfdd9a4d30b9	C:\Users\James\kaggriculture\benchmark\match_cache\a3230398d9ae919c16fb0d77e2475d171456e478b25591a4e8f4bfdd9a4d30b9.json
d85ed0d39345b421d0ba7a5e8f84581ab140cbcf6164af0b96a40b834a1c3df0	C:\Users\James\kaggriculture\benchmark\match_cache\d85ed0d39345b421d0ba7a5e8f84581ab140cbcf6164af0b96a40b834a1c3df0.json
bcceaa0cb882ea0e6477cdeb614f293100e6ee847bfc32533481629ac385bd30	C:\Users\James\kaggriculture\benchmark\match_cache\bcceaa0cb882ea0e6477cdeb614f293100e6ee847bfc32533481629ac385bd30.json
03473a5d4d6b00aea0705acd3714976e8c412415a8e9c56523796609807c8143	C:\Users\James\kaggriculture\benchmark\match_cache\03473a5d4d6b00aea0705acd3714976e8c412415a8e9c56523796609807c8143.json
45b914bb51ebee2fa665cb63399a38d7577fed218b83c5630d5f5bbacf8e5ab1	C:\Users\James\kaggriculture\benchmark\match_cache\45b914bb51ebee2fa665cb63399a38d7577fed218b83c5630d5f5bbacf8e5ab1.json
f79665d5fd2d5031d7283614426e3ea0be3a523db37571c298c733e06febcf1c	C:\Users\James\kaggriculture\benchmark\match_cache\f79665d5fd2d5031d7283614426e3ea0be3a523db37571c298c733e06febcf1c.json
bf1da98f76a7a4d6e02716f7c96189a7ee147b33356b4b78d253e7e1f5ecc1cb	C:\Users\James\kaggriculture\benchmark\match_cache\bf1da98f76a7a4d6e02716f7c96189a7ee147b33356b4b78d253e7e1f5ecc1cb.json
df28aaacaf3d8bf7bf4f2f9986d384aad2d3e7f2a72cf49989018608aed087b0	C:\Users\James\kaggriculture\benchmark\match_cache\df28aaacaf3d8bf7bf4f2f9986d384aad2d3e7f2a72cf49989018608aed087b0.json
22c30a86fd32d597ffad2ec864cdad93a377e6b71f4858014770121bd121c31b	C:\Users\James\kaggriculture\benchmark\match_cache\22c30a86fd32d597ffad2ec864cdad93a377e6b71f4858014770121bd121c31b.json
7b7403261099c992e481d224f7d79648a0e0a3feb360b9f4ba2ed2469c7ed845	C:\Users\James\kaggriculture\benchmark\match_cache\7b7403261099c992e481d224f7d79648a0e0a3feb360b9f4ba2ed2469c7ed845.json
383d1a04b7d5bf151981b81c21ffadb9a589837f097e1fc1aeff8bb042819426	C:\Users\James\kaggriculture\benchmark\match_cache\383d1a04b7d5bf151981b81c21ffadb9a589837f097e1fc1aeff8bb042819426.json
a32456cb0bb485d11bce6602684ec124861f6d5e13046abd0970c67035f88303	C:\Users\James\kaggriculture\benchmark\match_cache\a32456cb0bb485d11bce6602684ec124861f6d5e13046abd0970c67035f88303.json
22380755373a03c9855a0d04f74b1fe07778eed9588e7bd4daed2be5e2b29e4b	C:\Users\James\kaggriculture\benchmark\match_cache\22380755373a03c9855a0d04f74b1fe07778eed9588e7bd4daed2be5e2b29e4b.json
a0a8f957c196ff8c4b6a69b58b73700eda0a579b60f88145b6bea6626b433621	C:\Users\James\kaggriculture\benchmark\match_cache\a0a8f957c196ff8c4b6a69b58b73700eda0a579b60f88145b6bea6626b433621.json
165fb42095c749b28f2397f3f58e9f34c277b7f52296f5254df7d06c28d0d40f	C:\Users\James\kaggriculture\benchmark\match_cache\165fb42095c749b28f2397f3f58e9f34c277b7f52296f5254df7d06c28d0d40f.json
b8783c0b6955b0d6e3b03d1af845fdfc7f287fdfe10b14980b284d3151d99bfc	C:\Users\James\kaggriculture\benchmark\match_cache\b8783c0b6955b0d6e3b03d1af845fdfc7f287fdfe10b14980b284d3151d99bfc.json
d5f9820e7216868d8211134d329184df15bb488d263f30f9d29db3ab018f4a04	C:\Users\James\kaggriculture\benchmark\match_cache\d5f9820e7216868d8211134d329184df15bb488d263f30f9d29db3ab018f4a04.json
f31e41c5c124f559ca3742f5cbfbf662b1d33b7f3b51cf20d690c3394ccc8c52	C:\Users\James\kaggriculture\benchmark\match_cache\f31e41c5c124f559ca3742f5cbfbf662b1d33b7f3b51cf20d690c3394ccc8c52.json
d7b7b0d87eb8dcda157ca20cbd6e1dfff60e25dec69f140d967226548dd6d033	C:\Users\James\kaggriculture\benchmark\match_cache\d7b7b0d87eb8dcda157ca20cbd6e1dfff60e25dec69f140d967226548dd6d033.json
19f55d3c5551c7a3758b74ef7ea3ed4e722f238eded863150609b5b2faefc802	C:\Users\James\kaggriculture\benchmark\match_cache\19f55d3c5551c7a3758b74ef7ea3ed4e722f238eded863150609b5b2faefc802.json
2668f23ea41fdb0aff23b4a516f17a5801c22f7196d5e29df37ff9cd4b789fa2	C:\Users\James\kaggriculture\benchmark\match_cache\2668f23ea41fdb0aff23b4a516f17a5801c22f7196d5e29df37ff9cd4b789fa2.json
15f1255de68f3fb145d21613fafc308b50663457143a98f39ee453373a77a7ad	C:\Users\James\kaggriculture\benchmark\match_cache\15f1255de68f3fb145d21613fafc308b50663457143a98f39ee453373a77a7ad.json
f7dc6cc585e9ed0aa992e8bb6575a289daeae6c19e4639afd8a9b1d0de8ff412	C:\Users\James\kaggriculture\benchmark\match_cache\f7dc6cc585e9ed0aa992e8bb6575a289daeae6c19e4639afd8a9b1d0de8ff412.json
79868895d0892008f7eae6ee6919094d7f41d30da74cac1493ecddd737f5f2c4	C:\Users\James\kaggriculture\benchmark\match_cache\79868895d0892008f7eae6ee6919094d7f41d30da74cac1493ecddd737f5f2c4.json
1bfad602736cc50663e8e36c87d82945c1a507d4cb3e620b324cd34133024c51	C:\Users\James\kaggriculture\benchmark\match_cache\1bfad602736cc50663e8e36c87d82945c1a507d4cb3e620b324cd34133024c51.json
fce6a0a209f82665ef5d8eb233dafe2e48e93f926710949410122bada21e3428	C:\Users\James\kaggriculture\benchmark\match_cache\fce6a0a209f82665ef5d8eb233dafe2e48e93f926710949410122bada21e3428.json
3497215926ed3b8ac3c49a746a9cb25b2698bb601f0f624657a07b851b03cd84	C:\Users\James\kaggriculture\benchmark\match_cache\3497215926ed3b8ac3c49a746a9cb25b2698bb601f0f624657a07b851b03cd84.json
d91e98c7d5c6ec2e7d2aa132a3ce9b9b409feee81b747ca3a190dcf887224ebb	C:\Users\James\kaggriculture\benchmark\match_cache\d91e98c7d5c6ec2e7d2aa132a3ce9b9b409feee81b747ca3a190dcf887224ebb.json
a427c0e484fda99f8a8352377a864f088c83850ec8b2841020394dd7190feb56	C:\Users\James\kaggriculture\benchmark\match_cache\a427c0e484fda99f8a8352377a864f088c83850ec8b2841020394dd7190feb56.json
5308c8554557b6f530eecb189053f566eb3260e317b00982d0f2dea12723fa1d	C:\Users\James\kaggriculture\benchmark\match_cache\5308c8554557b6f530eecb189053f566eb3260e317b00982d0f2dea12723fa1d.json
8d149dd7de5998309df0a374138c6cccaa00abc8c2c60a93bf29ae94dd5cc19d	C:\Users\James\kaggriculture\benchmark\match_cache\8d149dd7de5998309df0a374138c6cccaa00abc8c2c60a93bf29ae94dd5cc19d.json
e472695629f9c9702fabb2051c65c27872a488819e3a1f432770b63a5ee6c5ef	C:\Users\James\kaggriculture\benchmark\match_cache\e472695629f9c9702fabb2051c65c27872a488819e3a1f432770b63a5ee6c5ef.json
9de51782e9bad8344711ba2ba249f4ac229d3885403bf760eab7c6d2048a0a5b	C:\Users\James\kaggriculture\benchmark\match_cache\9de51782e9bad8344711ba2ba249f4ac229d3885403bf760eab7c6d2048a0a5b.json
ac3e59525ab56a2da84213dd4fd9655b287e2d89e8d00851615dd612d647ea42	C:\Users\James\kaggriculture\benchmark\match_cache\ac3e59525ab56a2da84213dd4fd9655b287e2d89e8d00851615dd612d647ea42.json
37e220b147c4222d19a96b52284e339ac87c305b37649d3ca98b2bc130278132	C:\Users\James\kaggriculture\benchmark\match_cache\37e220b147c4222d19a96b52284e339ac87c305b37649d3ca98b2bc130278132.json
74c1eaef8f8377404fdfdb8e148c1b5c9e8b06a6b394e7f7b1a7e47efa340ebc	C:\Users\James\kaggriculture\benchmark\match_cache\74c1eaef8f8377404fdfdb8e148c1b5c9e8b06a6b394e7f7b1a7e47efa340ebc.json
bad143bebbab860c3bf0a796310f14ca9910951368629defed442db7a6eb8f8d	C:\Users\James\kaggriculture\benchmark\match_cache\bad143bebbab860c3bf0a796310f14ca9910951368629defed442db7a6eb8f8d.json
60b672daf99c542098e97da2a3f6adb8eeab7b504dfa52a3002c3ef51fc6db8a	C:\Users\James\kaggriculture\benchmark\match_cache\60b672daf99c542098e97da2a3f6adb8eeab7b504dfa52a3002c3ef51fc6db8a.json
0e2442c25a42a5d8dfbb01145e39730c77654016e5565125615e86ad5165b3f4	C:\Users\James\kaggriculture\benchmark\match_cache\0e2442c25a42a5d8dfbb01145e39730c77654016e5565125615e86ad5165b3f4.json
4e3032d75a33ae8fcb0ef18d4345fe95b1055c8d36d1002aec793d55d4dd1274	C:\Users\James\kaggriculture\benchmark\match_cache\4e3032d75a33ae8fcb0ef18d4345fe95b1055c8d36d1002aec793d55d4dd1274.json
d0db9e7fdfdd029507cfb04c27331344023a7cc192caef718055aa397c18efe5	C:\Users\James\kaggriculture\benchmark\match_cache\d0db9e7fdfdd029507cfb04c27331344023a7cc192caef718055aa397c18efe5.json
965062fd9b75172ade098a18a92248c069f498fdec0ced6cbe91b2351ce047a2	C:\Users\James\kaggriculture\benchmark\match_cache\965062fd9b75172ade098a18a92248c069f498fdec0ced6cbe91b2351ce047a2.json
9cfc410749aec488b399d9ecfa5b891f08d2c6c72e00906df16d30afeeaf2c7f	C:\Users\James\kaggriculture\benchmark\match_cache\9cfc410749aec488b399d9ecfa5b891f08d2c6c72e00906df16d30afeeaf2c7f.json
a8d73c16c8733768bb572f5f8231f23916b7c6892d8e55dd574b2b645b52bcd5	C:\Users\James\kaggriculture\benchmark\match_cache\a8d73c16c8733768bb572f5f8231f23916b7c6892d8e55dd574b2b645b52bcd5.json
16e1cea388fc247f62105200d93b5022c81e924ed4fb604bc3846c21137c0bb2	C:\Users\James\kaggriculture\benchmark\match_cache\16e1cea388fc247f62105200d93b5022c81e924ed4fb604bc3846c21137c0bb2.json
f0f1bc58d50a7998361609cc574b7d0105d2298e74c02f9f405ee7fb345e3230	C:\Users\James\kaggriculture\benchmark\match_cache\f0f1bc58d50a7998361609cc574b7d0105d2298e74c02f9f405ee7fb345e3230.json
711ee8dc74b5baf3b42c4c92a9adfa4346524dd9933163ddb58fc8f5b68a0de6	C:\Users\James\kaggriculture\benchmark\match_cache\711ee8dc74b5baf3b42c4c92a9adfa4346524dd9933163ddb58fc8f5b68a0de6.json
2333aa9c8007ac55b9f941692ba8d14f89ce2e4ac1bcdb14e36fae086bd53d56	C:\Users\James\kaggriculture\benchmark\match_cache\2333aa9c8007ac55b9f941692ba8d14f89ce2e4ac1bcdb14e36fae086bd53d56.json
cb539bd220024e19c0394f08536ca45a99198b595470ab5f9f8df85b54bde4de	C:\Users\James\kaggriculture\benchmark\match_cache\cb539bd220024e19c0394f08536ca45a99198b595470ab5f9f8df85b54bde4de.json
10447311444fb8e7bf89c2d7d35b25b23a093a425b2fdcf25eceaf31a7cefaa7	C:\Users\James\kaggriculture\benchmark\match_cache\10447311444fb8e7bf89c2d7d35b25b23a093a425b2fdcf25eceaf31a7cefaa7.json
26eee1c1bb9331ecf9238391f8e999bc941b4c0645b3167739f2b703f111c273	C:\Users\James\kaggriculture\benchmark\match_cache\26eee1c1bb9331ecf9238391f8e999bc941b4c0645b3167739f2b703f111c273.json
c67bec520b0bcd412fbff57a32616fad509a0af318d0dc20475d833bf162f601	C:\Users\James\kaggriculture\benchmark\match_cache\c67bec520b0bcd412fbff57a32616fad509a0af318d0dc20475d833bf162f601.json
ddfe912b15d448423aefc8097461cbe70499745ab1ab30ad87e78f5ceb6a99de	C:\Users\James\kaggriculture\benchmark\match_cache\ddfe912b15d448423aefc8097461cbe70499745ab1ab30ad87e78f5ceb6a99de.json
3506a7ac75732a44a73cc62073cae4e38efa22a5c1ca01ee39f52099bef9a806	C:\Users\James\kaggriculture\benchmark\match_cache\3506a7ac75732a44a73cc62073cae4e38efa22a5c1ca01ee39f52099bef9a806.json
b06d2917f780ead87d7e3a0c0e74a96c41e25dc0cc4e7a5b9bb517c0b224a0f3	C:\Users\James\kaggriculture\benchmark\match_cache\b06d2917f780ead87d7e3a0c0e74a96c41e25dc0cc4e7a5b9bb517c0b224a0f3.json
546d24f74d8684e3a355617e7100f0db3704037725a48274b9052b44b77dedca	C:\Users\James\kaggriculture\benchmark\match_cache\546d24f74d8684e3a355617e7100f0db3704037725a48274b9052b44b77dedca.json
f84feb2321e4cfd68194d766b1fb2ac1d7f67fb3a97d7c2bbdfd44444d8cf6cf	C:\Users\James\kaggriculture\benchmark\match_cache\f84feb2321e4cfd68194d766b1fb2ac1d7f67fb3a97d7c2bbdfd44444d8cf6cf.json
1835324ac812fa397ddf0ebd9c0fe14fcd7723fdaad491ea428b7b814ed0cc71	C:\Users\James\kaggriculture\benchmark\match_cache\1835324ac812fa397ddf0ebd9c0fe14fcd7723fdaad491ea428b7b814ed0cc71.json
3c0b91500dd9e09a352ea5b7cadccf052beea3b95f8ed00ea37d2610d321aea1	C:\Users\James\kaggriculture\benchmark\match_cache\3c0b91500dd9e09a352ea5b7cadccf052beea3b95f8ed00ea37d2610d321aea1.json
1c4732fbdd537e52a561a7c88cfa9c774a8b96f9e3932bda90e37ed96be0bc51	C:\Users\James\kaggriculture\benchmark\match_cache\1c4732fbdd537e52a561a7c88cfa9c774a8b96f9e3932bda90e37ed96be0bc51.json
a44e4c2a661db67101fec18708227e9a56d13a420bf8ce2354c18ca8fb0c2aaf	C:\Users\James\kaggriculture\benchmark\match_cache\a44e4c2a661db67101fec18708227e9a56d13a420bf8ce2354c18ca8fb0c2aaf.json
0568042201f4de1baa6b3ab0713f80e67905aeb3e0bff72ca8ec2671e0d89f68	C:\Users\James\kaggriculture\benchmark\match_cache\0568042201f4de1baa6b3ab0713f80e67905aeb3e0bff72ca8ec2671e0d89f68.json
781bb6fb48147b3dd03c0ce022054c357097e647dc43c58222e83f7b84da973f	C:\Users\James\kaggriculture\benchmark\match_cache\781bb6fb48147b3dd03c0ce022054c357097e647dc43c58222e83f7b84da973f.json
8e0d43aae0b022241737ce8937b46e33dbe12b72229c723c5aae967f99c1afb8	C:\Users\James\kaggriculture\benchmark\match_cache\8e0d43aae0b022241737ce8937b46e33dbe12b72229c723c5aae967f99c1afb8.json
eb0b987a6bf79103ad3a218a9beb00de6993484a614b287448eeb4787f50e093	C:\Users\James\kaggriculture\benchmark\match_cache\eb0b987a6bf79103ad3a218a9beb00de6993484a614b287448eeb4787f50e093.json
1f29bb8040409f4fda7e5988eb354a1c2d1e67df6fc394c6db370e07992a8a49	C:\Users\James\kaggriculture\benchmark\match_cache\1f29bb8040409f4fda7e5988eb354a1c2d1e67df6fc394c6db370e07992a8a49.json
c40115b8d6a9ceb44d79916eff3ced3fe1f7e75f922d66a3101f0a2fd75dbc71	C:\Users\James\kaggriculture\benchmark\match_cache\c40115b8d6a9ceb44d79916eff3ced3fe1f7e75f922d66a3101f0a2fd75dbc71.json
2954a0f38fe33acddb532ef8a88ded8aa2f8f9032d58196fc616d2fafb190bb1	C:\Users\James\kaggriculture\benchmark\match_cache\2954a0f38fe33acddb532ef8a88ded8aa2f8f9032d58196fc616d2fafb190bb1.json
b1e7559b77e31108307b0af420e00d7dd65b13ccdad7a9830a640176cc0514bb	C:\Users\James\kaggriculture\benchmark\match_cache\b1e7559b77e31108307b0af420e00d7dd65b13ccdad7a9830a640176cc0514bb.json
0148bb9f2fba3c881316d664294add4ebc9b80579edbc07243bf148911562cd3	C:\Users\James\kaggriculture\benchmark\match_cache\0148bb9f2fba3c881316d664294add4ebc9b80579edbc07243bf148911562cd3.json
b0b0bf3c04127b35072f9d2ed82df162f243c763e34011a026e3ac8bab8c9eaa	C:\Users\James\kaggriculture\benchmark\match_cache\b0b0bf3c04127b35072f9d2ed82df162f243c763e34011a026e3ac8bab8c9eaa.json
b143d1056b7ccb5b8f1a6b7d7e6a61df4d3f93c36a6346845391a73d8a2ca9df	C:\Users\James\kaggriculture\benchmark\match_cache\b143d1056b7ccb5b8f1a6b7d7e6a61df4d3f93c36a6346845391a73d8a2ca9df.json
92360640b1091a0f1e4cae42d7370d0955a6f1ad15a8719bc411be3019070f5a	C:\Users\James\kaggriculture\benchmark\match_cache\92360640b1091a0f1e4cae42d7370d0955a6f1ad15a8719bc411be3019070f5a.json
80da9b794036b4805c34c9c523746d0f5bff681af30bdc0fac9c273c5c0674e3	C:\Users\James\kaggriculture\benchmark\match_cache\80da9b794036b4805c34c9c523746d0f5bff681af30bdc0fac9c273c5c0674e3.json
cfcacd00edba9c7521fa95e34bcfbf73a8c1678979761a5a8121ee8f9f79c6ab	C:\Users\James\kaggriculture\benchmark\match_cache\cfcacd00edba9c7521fa95e34bcfbf73a8c1678979761a5a8121ee8f9f79c6ab.json
2c6552cd4b171323da9590f8c3233dfcccaba2aa8919669b76aa21bbb9868c7b	C:\Users\James\kaggriculture\benchmark\match_cache\2c6552cd4b171323da9590f8c3233dfcccaba2aa8919669b76aa21bbb9868c7b.json
89e70a1ed912e9a0ebe8c01049ad1cc5e5e4d855ee1f3f77810aa78c78d6546a	C:\Users\James\kaggriculture\benchmark\match_cache\89e70a1ed912e9a0ebe8c01049ad1cc5e5e4d855ee1f3f77810aa78c78d6546a.json
766f4e43d25d881c080161af2474feb5759c0c4286166c46e2ff53fdd8417443	C:\Users\James\kaggriculture\benchmark\match_cache\766f4e43d25d881c080161af2474feb5759c0c4286166c46e2ff53fdd8417443.json
236b746fc1d141a13eb49b7c87409fbfc259b5f213f9d94659716ed84a359eb9	C:\Users\James\kaggriculture\benchmark\match_cache\236b746fc1d141a13eb49b7c87409fbfc259b5f213f9d94659716ed84a359eb9.json
de85a230ba9921b764652aa7e3ac4ac19f24bef84c58e34277509db31fcd24dd	C:\Users\James\kaggriculture\benchmark\match_cache\de85a230ba9921b764652aa7e3ac4ac19f24bef84c58e34277509db31fcd24dd.json
25fb5b368e8443dec59fa10460f2523acc6bedc168f4e582e79a059a4ad9efdb	C:\Users\James\kaggriculture\benchmark\match_cache\25fb5b368e8443dec59fa10460f2523acc6bedc168f4e582e79a059a4ad9efdb.json
acca149568558dbba52057f86b0dfd6180a56408ac4adf68b70ebe2b638daafc	C:\Users\James\kaggriculture\benchmark\match_cache\acca149568558dbba52057f86b0dfd6180a56408ac4adf68b70ebe2b638daafc.json
0c4b741a97dd8089074d21f5738e835711cddf3e32aac6d7216c69958a8b0017	C:\Users\James\kaggriculture\benchmark\match_cache\0c4b741a97dd8089074d21f5738e835711cddf3e32aac6d7216c69958a8b0017.json
7708ecfcac55c9659f7429166aef5283d5bc1544d4f64499f336f815d4faf765	C:\Users\James\kaggriculture\benchmark\match_cache\7708ecfcac55c9659f7429166aef5283d5bc1544d4f64499f336f815d4faf765.json
5ea910cc9e1dd11937b92e552b55746db10840dde64f8dcd73e590a9ca8c9466	C:\Users\James\kaggriculture\benchmark\match_cache\5ea910cc9e1dd11937b92e552b55746db10840dde64f8dcd73e590a9ca8c9466.json
f3bb4c3fe8ecee64ba0fba7838a187f6635066c882bac303f5d47645b8a019eb	C:\Users\James\kaggriculture\benchmark\match_cache\f3bb4c3fe8ecee64ba0fba7838a187f6635066c882bac303f5d47645b8a019eb.json
2126ad7284e4700ec03b435cf59b074220a1ba369127eb8908fd9dacf4c43a4c	C:\Users\James\kaggriculture\benchmark\match_cache\2126ad7284e4700ec03b435cf59b074220a1ba369127eb8908fd9dacf4c43a4c.json
20ce460068d059a1c8525507c458fa25afa3b24a09ea87f47dd20069303be881	C:\Users\James\kaggriculture\benchmark\match_cache\20ce460068d059a1c8525507c458fa25afa3b24a09ea87f47dd20069303be881.json
5f8a55ce3376c622ed85996480451761ef6868f6b70ffd991188f02fec7a407a	C:\Users\James\kaggriculture\benchmark\match_cache\5f8a55ce3376c622ed85996480451761ef6868f6b70ffd991188f02fec7a407a.json
a2cd6c071671bf7176ee44521a2955f12e03357281ca6d14e059916918289b35	C:\Users\James\kaggriculture\benchmark\match_cache\a2cd6c071671bf7176ee44521a2955f12e03357281ca6d14e059916918289b35.json
a6b305eca5e60a2645556a21779d29b66e7e8f5ef9641e1414d81a95d1b8452f	C:\Users\James\kaggriculture\benchmark\match_cache\a6b305eca5e60a2645556a21779d29b66e7e8f5ef9641e1414d81a95d1b8452f.json
582d3de046d6f6824619e21a13003b77ad6662f0963f38cafe8d207a5317cc01	C:\Users\James\kaggriculture\benchmark\match_cache\582d3de046d6f6824619e21a13003b77ad6662f0963f38cafe8d207a5317cc01.json
355dd5b29bd47b14181ebbe0916439147194935383a02060cd6b0ac0c2d82dbe	C:\Users\James\kaggriculture\benchmark\match_cache\355dd5b29bd47b14181ebbe0916439147194935383a02060cd6b0ac0c2d82dbe.json
dfaf8a26d6e43e96d4d970eb05fd84b2d19a1b4d6c716059be6beba0e508f10c	C:\Users\James\kaggriculture\benchmark\match_cache\dfaf8a26d6e43e96d4d970eb05fd84b2d19a1b4d6c716059be6beba0e508f10c.json
c9ef28ce7e4866a9303c561d8ad738c7063a8c13dc3559d4b6ce2a67a5d43895	C:\Users\James\kaggriculture\benchmark\match_cache\c9ef28ce7e4866a9303c561d8ad738c7063a8c13dc3559d4b6ce2a67a5d43895.json
d647eead5558c874e4e11f7106228bd7d531ac4d55dd503a6d5ea31d2134325a	C:\Users\James\kaggriculture\benchmark\match_cache\d647eead5558c874e4e11f7106228bd7d531ac4d55dd503a6d5ea31d2134325a.json
46aa4cc9cafcbe2499ccfa57f5b82ab83a25f099b11970ef2138e50e786463b2	C:\Users\James\kaggriculture\benchmark\match_cache\46aa4cc9cafcbe2499ccfa57f5b82ab83a25f099b11970ef2138e50e786463b2.json
d3eda8ba79eaa77efa32c2c306127b01094ff4069b460c3dbdbe1a1b663cb6ab	C:\Users\James\kaggriculture\benchmark\match_cache\d3eda8ba79eaa77efa32c2c306127b01094ff4069b460c3dbdbe1a1b663cb6ab.json
95bd912664d12691a098f0dd76784f1dd190e08fe41c1581ed8ff2cbacef7df5	C:\Users\James\kaggriculture\benchmark\match_cache\95bd912664d12691a098f0dd76784f1dd190e08fe41c1581ed8ff2cbacef7df5.json
c1417c4a2b0f85cee84fa9cb299d9048d0cb91558e87b923ff4b2167100be0d5	C:\Users\James\kaggriculture\benchmark\match_cache\c1417c4a2b0f85cee84fa9cb299d9048d0cb91558e87b923ff4b2167100be0d5.json
ca93e9197818ee490d716d33d61fcff762146a36ef81ffc175ae6c3d6acb64f8	C:\Users\James\kaggriculture\benchmark\match_cache\ca93e9197818ee490d716d33d61fcff762146a36ef81ffc175ae6c3d6acb64f8.json
564fe23c8cc678f6e7e070a0fe95a2a23aa7d71ba79d3b8073a0076cfb6c9b61	C:\Users\James\kaggriculture\benchmark\match_cache\564fe23c8cc678f6e7e070a0fe95a2a23aa7d71ba79d3b8073a0076cfb6c9b61.json
c34ced2aaaf91c36712549aedc61ffc56d14d2d2b9cd7c3d44d5108108b4427d	C:\Users\James\kaggriculture\benchmark\match_cache\c34ced2aaaf91c36712549aedc61ffc56d14d2d2b9cd7c3d44d5108108b4427d.json
8f018f89f21cc4cd771be6a1b101372d73e6ec43a5baf280d250fad8546d8d75	C:\Users\James\kaggriculture\benchmark\match_cache\8f018f89f21cc4cd771be6a1b101372d73e6ec43a5baf280d250fad8546d8d75.json
0baad8c5f7129fc751b4ea5b6e3e05ebd2cb5364e43f5f6b41654e5fe66fd52e	C:\Users\James\kaggriculture\benchmark\match_cache\0baad8c5f7129fc751b4ea5b6e3e05ebd2cb5364e43f5f6b41654e5fe66fd52e.json
29c7f8ac54f760b04d0b6c13b1b084de57f3bb4a8fccdf883b293d40fadcfd8f	C:\Users\James\kaggriculture\benchmark\match_cache\29c7f8ac54f760b04d0b6c13b1b084de57f3bb4a8fccdf883b293d40fadcfd8f.json
35c1121335d5d0f2ee714f6bb0b807fa770c99fded0aed3a06b88a76c8a2cc47	C:\Users\James\kaggriculture\benchmark\match_cache\35c1121335d5d0f2ee714f6bb0b807fa770c99fded0aed3a06b88a76c8a2cc47.json
00137166b6e6e63d27b8276beefa7508c490b951fb657441a723e8d6d2891a82	C:\Users\James\kaggriculture\benchmark\match_cache\00137166b6e6e63d27b8276beefa7508c490b951fb657441a723e8d6d2891a82.json
23827e3254dd65ce8de670770ea09008ac6211594fbfbb2b76cb9b4a60112d65	C:\Users\James\kaggriculture\benchmark\match_cache\23827e3254dd65ce8de670770ea09008ac6211594fbfbb2b76cb9b4a60112d65.json
5c9737f3a2c3542c68280b5a18df78c3c5a226951633bc730cb7b7bfd1ce9c3c	C:\Users\James\kaggriculture\benchmark\match_cache\5c9737f3a2c3542c68280b5a18df78c3c5a226951633bc730cb7b7bfd1ce9c3c.json
92f835d6415ad1d0b9cd2079d4d7aca3b541641cb9033148ca976d5729ca840c	C:\Users\James\kaggriculture\benchmark\match_cache\92f835d6415ad1d0b9cd2079d4d7aca3b541641cb9033148ca976d5729ca840c.json
0dff42176fef91b5ad3dc4df42e287dc45916e80ffc38c4ab855e1b139a24ff3	C:\Users\James\kaggriculture\benchmark\match_cache\0dff42176fef91b5ad3dc4df42e287dc45916e80ffc38c4ab855e1b139a24ff3.json
8a7d8d4c13ce881e98a0b9b0fb19e72a84d5006304950a1c257dbf0e65f4922a	C:\Users\James\kaggriculture\benchmark\match_cache\8a7d8d4c13ce881e98a0b9b0fb19e72a84d5006304950a1c257dbf0e65f4922a.json
0260dbf5554eee1e8f8d6f03a8de74a401a1924f7b9bf6cceaa690908ab0e6a9	C:\Users\James\kaggriculture\benchmark\match_cache\0260dbf5554eee1e8f8d6f03a8de74a401a1924f7b9bf6cceaa690908ab0e6a9.json
274b399866d33e5edc253373ba814a0c00dcc0a7bdf9d830b1232623ecdfa900	C:\Users\James\kaggriculture\benchmark\match_cache\274b399866d33e5edc253373ba814a0c00dcc0a7bdf9d830b1232623ecdfa900.json
bb0c58290d5b88e2dddb80372762eef9f99e68a38f8d94927cc9791be001ae8a	C:\Users\James\kaggriculture\benchmark\match_cache\bb0c58290d5b88e2dddb80372762eef9f99e68a38f8d94927cc9791be001ae8a.json
602f43ab27d65b4c50ab118ebf30355a68d4a7d995103204a3f6a86bec21ee56	C:\Users\James\kaggriculture\benchmark\match_cache\602f43ab27d65b4c50ab118ebf30355a68d4a7d995103204a3f6a86bec21ee56.json
fb292fdd7b00c6cbdc46292d42df15d0c34e80fe088b7fece5bff8a95659ac5d	C:\Users\James\kaggriculture\benchmark\match_cache\fb292fdd7b00c6cbdc46292d42df15d0c34e80fe088b7fece5bff8a95659ac5d.json
278f7b91b91e7b0f9529766f888fc2e60e433594b0111179199486d5bccda7db	C:\Users\James\kaggriculture\benchmark\match_cache\278f7b91b91e7b0f9529766f888fc2e60e433594b0111179199486d5bccda7db.json
6cfdce863da51b9c1e6625421a205914d4fb4570618106dff5bc729931408f0c	C:\Users\James\kaggriculture\benchmark\match_cache\6cfdce863da51b9c1e6625421a205914d4fb4570618106dff5bc729931408f0c.json
db5ffb4b603d7051652bb7cb58c5031cfc2b7d2628448bee36ddf45870352d4f	C:\Users\James\kaggriculture\benchmark\match_cache\db5ffb4b603d7051652bb7cb58c5031cfc2b7d2628448bee36ddf45870352d4f.json
5f745d72218f01197753e6fd1dc3b7fd29fa62e90a91dc0158e0a02037bc78e8	C:\Users\James\kaggriculture\benchmark\match_cache\5f745d72218f01197753e6fd1dc3b7fd29fa62e90a91dc0158e0a02037bc78e8.json
bd1732644b826608bafd7aad3ee6045fe353821f0514587a1ef0b6d3cde47342	C:\Users\James\kaggriculture\benchmark\match_cache\bd1732644b826608bafd7aad3ee6045fe353821f0514587a1ef0b6d3cde47342.json
aa3ab639aafe8da6121d4983bddb9130ba7adf741d5648bcfc77419bae172f8a	C:\Users\James\kaggriculture\benchmark\match_cache\aa3ab639aafe8da6121d4983bddb9130ba7adf741d5648bcfc77419bae172f8a.json
b0fbd850b7f56dd2e63a5cfa5f40ac7163b743972a3ac922f56853f76a668dbe	C:\Users\James\kaggriculture\benchmark\match_cache\b0fbd850b7f56dd2e63a5cfa5f40ac7163b743972a3ac922f56853f76a668dbe.json
2d085a0f1a7d89cb1d7a3951d80000bb697800f265e3243ac01a3ea146fbb483	C:\Users\James\kaggriculture\benchmark\match_cache\2d085a0f1a7d89cb1d7a3951d80000bb697800f265e3243ac01a3ea146fbb483.json
8bf0e82560b7087d2d9873fbe951bcaf8db556846039f4f60ecdbd98f2db75fc	C:\Users\James\kaggriculture\benchmark\match_cache\8bf0e82560b7087d2d9873fbe951bcaf8db556846039f4f60ecdbd98f2db75fc.json
6337c1bba687b2e50570238014c29481159ca6f111d08263d312477ac95add49	C:\Users\James\kaggriculture\benchmark\match_cache\6337c1bba687b2e50570238014c29481159ca6f111d08263d312477ac95add49.json
911f5a1529e80e9338aa7b3ec14068bd3970ecb5cb9430a93f11fb7f5299e510	C:\Users\James\kaggriculture\benchmark\match_cache\911f5a1529e80e9338aa7b3ec14068bd3970ecb5cb9430a93f11fb7f5299e510.json
67efba543a869576828e3933c418c2c2c8dc469dd02e302ad0acbcdeccc78dc0	C:\Users\James\kaggriculture\benchmark\match_cache\67efba543a869576828e3933c418c2c2c8dc469dd02e302ad0acbcdeccc78dc0.json
c52fa056e61029305c5c7240f9c208e2174a5ec4a5a08d82278ea1c097ed3de7	C:\Users\James\kaggriculture\benchmark\match_cache\c52fa056e61029305c5c7240f9c208e2174a5ec4a5a08d82278ea1c097ed3de7.json
ae8ec18e7d6ec34ccf03a390dc949f0da1f955c4a9657eee356a5805a2937404	C:\Users\James\kaggriculture\benchmark\match_cache\ae8ec18e7d6ec34ccf03a390dc949f0da1f955c4a9657eee356a5805a2937404.json
282b01ae792f0a4cea413d6e13dee07fbd9d5d106dae7230edcfff4aff00ae39	C:\Users\James\kaggriculture\benchmark\match_cache\282b01ae792f0a4cea413d6e13dee07fbd9d5d106dae7230edcfff4aff00ae39.json
7aa5898a06d77490701d1e0fb96e0f3142ddfc519af7d99e77caf9ff7d3ece21	C:\Users\James\kaggriculture\benchmark\match_cache\7aa5898a06d77490701d1e0fb96e0f3142ddfc519af7d99e77caf9ff7d3ece21.json
8e76809e344aa506017f2876a39679d040422316dec86020841a5b361061a058	C:\Users\James\kaggriculture\benchmark\match_cache\8e76809e344aa506017f2876a39679d040422316dec86020841a5b361061a058.json
c3b95de6a3b2f95dbed6a327095aadaf24e75fee30f36a9db0117d626b28c360	C:\Users\James\kaggriculture\benchmark\match_cache\c3b95de6a3b2f95dbed6a327095aadaf24e75fee30f36a9db0117d626b28c360.json
5b56e331e740b0b1d799b6955fa75b9105577292fa364698e063bdfc27179690	C:\Users\James\kaggriculture\benchmark\match_cache\5b56e331e740b0b1d799b6955fa75b9105577292fa364698e063bdfc27179690.json
0aeeba2d4a009b83ade9d9dcb6710c6af91b5f239ef9e59848e29157c17a6deb	C:\Users\James\kaggriculture\benchmark\match_cache\0aeeba2d4a009b83ade9d9dcb6710c6af91b5f239ef9e59848e29157c17a6deb.json
92c6bac3f76aab1575253e1a4ac8cb263f7a2481797006a420d01b261fb12157	C:\Users\James\kaggriculture\benchmark\match_cache\92c6bac3f76aab1575253e1a4ac8cb263f7a2481797006a420d01b261fb12157.json
58e0bb77e7ccf1a35d958f6c5e85202b2da695c09dcc42f2652a49dc888082da	C:\Users\James\kaggriculture\benchmark\match_cache\58e0bb77e7ccf1a35d958f6c5e85202b2da695c09dcc42f2652a49dc888082da.json
33c956767ce682e2d1010c9896c3eb9fb41d0672e2503e553661e7e4eaa4f33c	C:\Users\James\kaggriculture\benchmark\match_cache\33c956767ce682e2d1010c9896c3eb9fb41d0672e2503e553661e7e4eaa4f33c.json
6806d62b3af0830b5dcbe14071ec2e7e5881a8084677813b2137fc1d0a21c919	C:\Users\James\kaggriculture\benchmark\match_cache\6806d62b3af0830b5dcbe14071ec2e7e5881a8084677813b2137fc1d0a21c919.json
ee7348b2f72b57934f4b2c5b8298f15c545a9bca8f5718d2d4af73e23e18d99d	C:\Users\James\kaggriculture\benchmark\match_cache\ee7348b2f72b57934f4b2c5b8298f15c545a9bca8f5718d2d4af73e23e18d99d.json
eefe4761b35e34d0db9da955f557dfccbff0fffc90a1cd9e4ec5387795341181	C:\Users\James\kaggriculture\benchmark\match_cache\eefe4761b35e34d0db9da955f557dfccbff0fffc90a1cd9e4ec5387795341181.json
3a6430265e0a1f2a4a873295580c8f38a5165e2562a7e5507a18fdbc2dffc85e	C:\Users\James\kaggriculture\benchmark\match_cache\3a6430265e0a1f2a4a873295580c8f38a5165e2562a7e5507a18fdbc2dffc85e.json
03e62b4dd079f3cadad3bc2d9de50af044c8cbd87bd8d062b6949837b8d48797	C:\Users\James\kaggriculture\benchmark\match_cache\03e62b4dd079f3cadad3bc2d9de50af044c8cbd87bd8d062b6949837b8d48797.json
a14e140366d2ef41df522b574dccfa25b2abcdbc65127be97bc741f02c5cc077	C:\Users\James\kaggriculture\benchmark\match_cache\a14e140366d2ef41df522b574dccfa25b2abcdbc65127be97bc741f02c5cc077.json
793b3ebec528771ba85dd8c95c61b288295d3506bb985693510a258ebc475453	C:\Users\James\kaggriculture\benchmark\match_cache\793b3ebec528771ba85dd8c95c61b288295d3506bb985693510a258ebc475453.json
25a6ed0f53cb3b4caf1f89b148ec9ccbbe999db198d3d43d0ea3b53c0bc41d98	C:\Users\James\kaggriculture\benchmark\match_cache\25a6ed0f53cb3b4caf1f89b148ec9ccbbe999db198d3d43d0ea3b53c0bc41d98.json
276424e2e612402f3050027fdcc25c221d36373ddb1db7ac547bcb5ab81cd896	C:\Users\James\kaggriculture\benchmark\match_cache\276424e2e612402f3050027fdcc25c221d36373ddb1db7ac547bcb5ab81cd896.json
9fb0630ae9a1bc457c2dfc14f7ae9d71735b04c53d5913bd7e6d84f76a24ace2	C:\Users\James\kaggriculture\benchmark\match_cache\9fb0630ae9a1bc457c2dfc14f7ae9d71735b04c53d5913bd7e6d84f76a24ace2.json
f754e4a947e6cc4ede7c7f37f2bde971033163fd41290ddb3bb8d08a624ccede	C:\Users\James\kaggriculture\benchmark\match_cache\f754e4a947e6cc4ede7c7f37f2bde971033163fd41290ddb3bb8d08a624ccede.json
f4acf43bfef57c090c79523b9a806215e167e90885d2c22c803ebab86fcbc25d	C:\Users\James\kaggriculture\benchmark\match_cache\f4acf43bfef57c090c79523b9a806215e167e90885d2c22c803ebab86fcbc25d.json
36516fc7866534abd5a3fca4b6fec302f11fdd2c1d2740305566a0ab2df6d4a9	C:\Users\James\kaggriculture\benchmark\match_cache\36516fc7866534abd5a3fca4b6fec302f11fdd2c1d2740305566a0ab2df6d4a9.json
1d6d125f4b8d0790ebfc60d3f6429f34fa87470509997ff2c6e6cac628fc45a6	C:\Users\James\kaggriculture\benchmark\match_cache\1d6d125f4b8d0790ebfc60d3f6429f34fa87470509997ff2c6e6cac628fc45a6.json
5f281990e5037195f0560b25abe1a2e985c1cd4e8295d87c08f73a50f59ef0be	C:\Users\James\kaggriculture\benchmark\match_cache\5f281990e5037195f0560b25abe1a2e985c1cd4e8295d87c08f73a50f59ef0be.json
3643750a8c561aaf3c9d2f11347027cd44acd48c7716de566f56dc5eacb63ef1	C:\Users\James\kaggriculture\benchmark\match_cache\3643750a8c561aaf3c9d2f11347027cd44acd48c7716de566f56dc5eacb63ef1.json
cb50aca76a00b1999f5fd822108d965d56b52720db78ae0e3f94c333faade37c	C:\Users\James\kaggriculture\benchmark\match_cache\cb50aca76a00b1999f5fd822108d965d56b52720db78ae0e3f94c333faade37c.json
6608d5ac84447fcd9f9bdb566a3dd8583b3df2db4a4f49371d4ba9d5e85e854d	C:\Users\James\kaggriculture\benchmark\match_cache\6608d5ac84447fcd9f9bdb566a3dd8583b3df2db4a4f49371d4ba9d5e85e854d.json
35cb0503cc4b1a6ee66937024d224102066460d8c4647a5e72a04896b135f7f0	C:\Users\James\kaggriculture\benchmark\match_cache\35cb0503cc4b1a6ee66937024d224102066460d8c4647a5e72a04896b135f7f0.json
6897878b7e30d0652482af3bf4deb779da948219c611f5043b69d3862c48e64a	C:\Users\James\kaggriculture\benchmark\match_cache\6897878b7e30d0652482af3bf4deb779da948219c611f5043b69d3862c48e64a.json
0a2da5a6a6a055c35a533ec7b27e8eb5d94369a6352d2247444d03d5152949e0	C:\Users\James\kaggriculture\benchmark\match_cache\0a2da5a6a6a055c35a533ec7b27e8eb5d94369a6352d2247444d03d5152949e0.json
35aeeccff93490899e3efbeca1b8303186eb15e3bcea5d6b28e1a998c6ab3152	C:\Users\James\kaggriculture\benchmark\match_cache\35aeeccff93490899e3efbeca1b8303186eb15e3bcea5d6b28e1a998c6ab3152.json
5475d622d6a108bea76296ecde1755279121c2ba689096ea81982967a18bd205	C:\Users\James\kaggriculture\benchmark\match_cache\5475d622d6a108bea76296ecde1755279121c2ba689096ea81982967a18bd205.json
7c57208a64c77eb5188e9165f769a7a72f9c0120d47ea405a5f8d78bc8858c57	C:\Users\James\kaggriculture\benchmark\match_cache\7c57208a64c77eb5188e9165f769a7a72f9c0120d47ea405a5f8d78bc8858c57.json
c2b12080716b2703677b6db9ced31625695482294cd2dfd078fdaa69ea64908f	C:\Users\James\kaggriculture\benchmark\match_cache\c2b12080716b2703677b6db9ced31625695482294cd2dfd078fdaa69ea64908f.json
5307c0121bf6b1318a912e7e08075440ddd9d36c45a842cdebcc208ecf2d94c1	C:\Users\James\kaggriculture\benchmark\match_cache\5307c0121bf6b1318a912e7e08075440ddd9d36c45a842cdebcc208ecf2d94c1.json
644501409532e0420242f5dbbddd156735953c9bb16a0f3bf28c86ec98e3b73b	C:\Users\James\kaggriculture\benchmark\match_cache\644501409532e0420242f5dbbddd156735953c9bb16a0f3bf28c86ec98e3b73b.json
470a5b4aa997403a341bdd96d4ec857974caea279bb1d988bf7242f8bcbe39ad	C:\Users\James\kaggriculture\benchmark\match_cache\470a5b4aa997403a341bdd96d4ec857974caea279bb1d988bf7242f8bcbe39ad.json
863bdfd77d0349f4485eb07c1fe88de6d78a506a65efa8e6bfefb8cc829c6e80	C:\Users\James\kaggriculture\benchmark\match_cache\863bdfd77d0349f4485eb07c1fe88de6d78a506a65efa8e6bfefb8cc829c6e80.json
6be229b71f4e6c2badda1f3008ab55d8064a5a1159036e4e9e3dc9291077e9a4	C:\Users\James\kaggriculture\benchmark\match_cache\6be229b71f4e6c2badda1f3008ab55d8064a5a1159036e4e9e3dc9291077e9a4.json
a0793816b3dd0351a74f021aa258c908ebd7bd1439e8e4b6865b20958d9411e8	C:\Users\James\kaggriculture\benchmark\match_cache\a0793816b3dd0351a74f021aa258c908ebd7bd1439e8e4b6865b20958d9411e8.json
61dc89c54326cf6b604f48c5a109a782ee68451020ffc92e76bd62698bf3c05e	C:\Users\James\kaggriculture\benchmark\match_cache\61dc89c54326cf6b604f48c5a109a782ee68451020ffc92e76bd62698bf3c05e.json
4f6df6863fec4e8c04c64ed054292a6035d5bd2ce221559ba1334b42223cf108	C:\Users\James\kaggriculture\benchmark\match_cache\4f6df6863fec4e8c04c64ed054292a6035d5bd2ce221559ba1334b42223cf108.json
4208d9dced646017aef2b8fc07ca917f448e277b4c4f09eb148a9780032e86c1	C:\Users\James\kaggriculture\benchmark\match_cache\4208d9dced646017aef2b8fc07ca917f448e277b4c4f09eb148a9780032e86c1.json
406eb84a21d44685dcfa01fb5c42de4969cdd27cb7a8f01ff17f6bcae7886df9	C:\Users\James\kaggriculture\benchmark\match_cache\406eb84a21d44685dcfa01fb5c42de4969cdd27cb7a8f01ff17f6bcae7886df9.json
a0843b2ff744fa3c564b5c629d88a378cd276552cf123e4a9a6be4b1cea9073e	C:\Users\James\kaggriculture\benchmark\match_cache\a0843b2ff744fa3c564b5c629d88a378cd276552cf123e4a9a6be4b1cea9073e.json
c735daa2f22ad369056346ee93c3fe8b76ac2a05f21e9a9678680a3622ab6e99	C:\Users\James\kaggriculture\benchmark\match_cache\c735daa2f22ad369056346ee93c3fe8b76ac2a05f21e9a9678680a3622ab6e99.json
e3421089c99ffe2d959942840501dff2f49542aa208f76010a27fb8c590e6d6c	C:\Users\James\kaggriculture\benchmark\match_cache\e3421089c99ffe2d959942840501dff2f49542aa208f76010a27fb8c590e6d6c.json
40c6abf3e51b2fd4377ff7767c6c63b7754819f72c3fa68c7a518833bb8f0345	C:\Users\James\kaggriculture\benchmark\match_cache\40c6abf3e51b2fd4377ff7767c6c63b7754819f72c3fa68c7a518833bb8f0345.json
4351be231fc4f64803b72c6ca3f0d76031b4c1944856ba4e30eceb85e2cd3742	C:\Users\James\kaggriculture\benchmark\match_cache\4351be231fc4f64803b72c6ca3f0d76031b4c1944856ba4e30eceb85e2cd3742.json
07445d51a3326068de80ec1d00023a8441aeb7bb0d257c7a40b41c14bbe4a146	C:\Users\James\kaggriculture\benchmark\match_cache\07445d51a3326068de80ec1d00023a8441aeb7bb0d257c7a40b41c14bbe4a146.json
52efe9619247d8f00e44531a6e300230ca80481b4e7793789babdf034da3fff1	C:\Users\James\kaggriculture\benchmark\match_cache\52efe9619247d8f00e44531a6e300230ca80481b4e7793789babdf034da3fff1.json
22774ac8c20c9c6325c406a44497942dd52d41ad746003b9ecb9c11255d0209b	C:\Users\James\kaggriculture\benchmark\match_cache\22774ac8c20c9c6325c406a44497942dd52d41ad746003b9ecb9c11255d0209b.json
7cb8b389210adc919ac6f1f7d2fc93c269d6f031ac25014d8fde61573b0973c4	C:\Users\James\kaggriculture\benchmark\match_cache\7cb8b389210adc919ac6f1f7d2fc93c269d6f031ac25014d8fde61573b0973c4.json
48eaada8b77de37d0b4ec7614f09980fb473035fb1942abfa19e7579ce0a6d24	C:\Users\James\kaggriculture\benchmark\match_cache\48eaada8b77de37d0b4ec7614f09980fb473035fb1942abfa19e7579ce0a6d24.json
fd4e82f1bec65a80d1b4cc5dcbc51cfc6fd4caebc5bb314dbbe004b1610f220b	C:\Users\James\kaggriculture\benchmark\match_cache\fd4e82f1bec65a80d1b4cc5dcbc51cfc6fd4caebc5bb314dbbe004b1610f220b.json
63f87f4cafaca21612423a1b0f7319f7e7ced8dd2b8afe349180d266e18f0d22	C:\Users\James\kaggriculture\benchmark\match_cache\63f87f4cafaca21612423a1b0f7319f7e7ced8dd2b8afe349180d266e18f0d22.json
bd8331be02b66dbc9ef145ee99321e13d7d07f1b8958a643213da1add8f059e6	C:\Users\James\kaggriculture\benchmark\match_cache\bd8331be02b66dbc9ef145ee99321e13d7d07f1b8958a643213da1add8f059e6.json
f41c88612c181fe50636f7664b4be433022d78925eb891bb60ae694b28ceb6b6	C:\Users\James\kaggriculture\benchmark\match_cache\f41c88612c181fe50636f7664b4be433022d78925eb891bb60ae694b28ceb6b6.json
eb26f8fd07f36f18ab0bda8d17ec73d6111206bc15619906b3885f489b1f09d5	C:\Users\James\kaggriculture\benchmark\match_cache\eb26f8fd07f36f18ab0bda8d17ec73d6111206bc15619906b3885f489b1f09d5.json
d1b41c3fe0f17926d85f7cf91c537f15a4f8a764f1cc2b571d381d07de64581a	C:\Users\James\kaggriculture\benchmark\match_cache\d1b41c3fe0f17926d85f7cf91c537f15a4f8a764f1cc2b571d381d07de64581a.json
f214bf8a7e05d2718a4abc675dd70a7ff0f9808c4e0dd770c18cfea689fd0327	C:\Users\James\kaggriculture\benchmark\match_cache\f214bf8a7e05d2718a4abc675dd70a7ff0f9808c4e0dd770c18cfea689fd0327.json
a393c74c05fa8bba68c6250240451fb9c0b1f1e9522c854011dd55c26361f928	C:\Users\James\kaggriculture\benchmark\match_cache\a393c74c05fa8bba68c6250240451fb9c0b1f1e9522c854011dd55c26361f928.json
67306c47d7010e30c27805c220c1a5776a4edd2e69d943d646cd0bb0ed613f92	C:\Users\James\kaggriculture\benchmark\match_cache\67306c47d7010e30c27805c220c1a5776a4edd2e69d943d646cd0bb0ed613f92.json
3128885887d09984e76c6fbd1f941d2fa3a1f209ce96d15611c07e40c7640b13	C:\Users\James\kaggriculture\benchmark\match_cache\3128885887d09984e76c6fbd1f941d2fa3a1f209ce96d15611c07e40c7640b13.json
f8f7b2cc3ce8ca1ca9e4644e7e7a0bc45e691eb7bfc61061b353cddfa359e020	C:\Users\James\kaggriculture\benchmark\match_cache\f8f7b2cc3ce8ca1ca9e4644e7e7a0bc45e691eb7bfc61061b353cddfa359e020.json
98182006bbc987fdb31b0bd3ff68bcd34f8abd2e14bcfac0f2a2ffccb1a515d9	C:\Users\James\kaggriculture\benchmark\match_cache\98182006bbc987fdb31b0bd3ff68bcd34f8abd2e14bcfac0f2a2ffccb1a515d9.json
dbd02f1afcd5abbc4e0dfdffe719036cc8fcfa565608a1429eb9a7f0779882dc	C:\Users\James\kaggriculture\benchmark\match_cache\dbd02f1afcd5abbc4e0dfdffe719036cc8fcfa565608a1429eb9a7f0779882dc.json
8d25ad78d48d8d29750a5133861e758de426da9a45c151795e498ef341a3a21e	C:\Users\James\kaggriculture\benchmark\match_cache\8d25ad78d48d8d29750a5133861e758de426da9a45c151795e498ef341a3a21e.json
004a684fb24fc56d7deec98f71bd863b48abb99c5b05b4c08a5fe43053166722	C:\Users\James\kaggriculture\benchmark\match_cache\004a684fb24fc56d7deec98f71bd863b48abb99c5b05b4c08a5fe43053166722.json
3768b108f982a452269bc5a798fb3eccc2edadbd3ab70d76c2acaa6c300f6ab8	C:\Users\James\kaggriculture\benchmark\match_cache\3768b108f982a452269bc5a798fb3eccc2edadbd3ab70d76c2acaa6c300f6ab8.json
38d4edceb01aeb0e4354f4a9964dfb952db9eacb8f6fc3ff56bdae955784c992	C:\Users\James\kaggriculture\benchmark\match_cache\38d4edceb01aeb0e4354f4a9964dfb952db9eacb8f6fc3ff56bdae955784c992.json
6e9c35a36504d207055fc0d3812b161b6a70a9b653554eae9c7a1f89fae49c35	C:\Users\James\kaggriculture\benchmark\match_cache\6e9c35a36504d207055fc0d3812b161b6a70a9b653554eae9c7a1f89fae49c35.json
69b93c31f32b2fb347ba6aebde261997c20cbe9b6bcdceceafec9262f296647d	C:\Users\James\kaggriculture\benchmark\match_cache\69b93c31f32b2fb347ba6aebde261997c20cbe9b6bcdceceafec9262f296647d.json
4971223b159ba68d01d2174c0739335b14b65df260d730b685c57b7caec132c2	C:\Users\James\kaggriculture\benchmark\match_cache\4971223b159ba68d01d2174c0739335b14b65df260d730b685c57b7caec132c2.json
4dd0235b21f353aa6756329723ef3f4d3473ae25d9e91930fb1c316a23ae03ba	C:\Users\James\kaggriculture\benchmark\match_cache\4dd0235b21f353aa6756329723ef3f4d3473ae25d9e91930fb1c316a23ae03ba.json
afb11582c13db155934e74d7d9db2b79c814721b8f279d2a1b1cbfe376e0738f	C:\Users\James\kaggriculture\benchmark\match_cache\afb11582c13db155934e74d7d9db2b79c814721b8f279d2a1b1cbfe376e0738f.json
09ebcbe5fbec35d5a01f303e08978dd181f1108349a5aa98d256f3820bc52128	C:\Users\James\kaggriculture\benchmark\match_cache\09ebcbe5fbec35d5a01f303e08978dd181f1108349a5aa98d256f3820bc52128.json
69950fc6fc3534408a007b38426b80007ecef76824316ca326865f6fb17202ac	C:\Users\James\kaggriculture\benchmark\match_cache\69950fc6fc3534408a007b38426b80007ecef76824316ca326865f6fb17202ac.json
e4e18d5ea3ca7ec0ce5afdd5c2e4c6c010a22b6e63fb1818ad281dea6ca570c0	C:\Users\James\kaggriculture\benchmark\match_cache\e4e18d5ea3ca7ec0ce5afdd5c2e4c6c010a22b6e63fb1818ad281dea6ca570c0.json
b0e8ebbf1435e66e035673b79d464c3010fb90fb514a084fd3e631eb9eecfec0	C:\Users\James\kaggriculture\benchmark\match_cache\b0e8ebbf1435e66e035673b79d464c3010fb90fb514a084fd3e631eb9eecfec0.json
c149ffe081af3c18730a04a2c41ffca5b7fc326bd577ea0d90f6cf69a49d35e2	C:\Users\James\kaggriculture\benchmark\match_cache\c149ffe081af3c18730a04a2c41ffca5b7fc326bd577ea0d90f6cf69a49d35e2.json
9b2683325a978b18cd441147a8047416600531ff98f766763db99cdf6ad19c9a	C:\Users\James\kaggriculture\benchmark\match_cache\9b2683325a978b18cd441147a8047416600531ff98f766763db99cdf6ad19c9a.json
81f1fe0bed2900d9e68f8c84c39e08b3b5feff4e4c15287ec07da0bd22c252ac	C:\Users\James\kaggriculture\benchmark\match_cache\81f1fe0bed2900d9e68f8c84c39e08b3b5feff4e4c15287ec07da0bd22c252ac.json
9a321a3eec6aa6627ca13670215cdd02ff713ff116722fe35a11e37f78b6a941	C:\Users\James\kaggriculture\benchmark\match_cache\9a321a3eec6aa6627ca13670215cdd02ff713ff116722fe35a11e37f78b6a941.json
292d8f0d4d6f0e4658841de8f2af981cd8320169bfe521c7020e8695d7df97ca	C:\Users\James\kaggriculture\benchmark\match_cache\292d8f0d4d6f0e4658841de8f2af981cd8320169bfe521c7020e8695d7df97ca.json
ca23b788db2f32eeda35163f93a3c08e9d6b3e17f412dd44f67f86c86488edbe	C:\Users\James\kaggriculture\benchmark\match_cache\ca23b788db2f32eeda35163f93a3c08e9d6b3e17f412dd44f67f86c86488edbe.json
3d18dc3db80c9cd86cb5a7c12323ad19c8f0b81fbcab41e2812b57fe18aa0913	C:\Users\James\kaggriculture\benchmark\match_cache\3d18dc3db80c9cd86cb5a7c12323ad19c8f0b81fbcab41e2812b57fe18aa0913.json
d4d29a826243e2cad2804de430b01fb84d86e17e7006657f50e264ce5f654360	C:\Users\James\kaggriculture\benchmark\match_cache\d4d29a826243e2cad2804de430b01fb84d86e17e7006657f50e264ce5f654360.json
06839acbaa9865e237e2ff792c10c35595d06bd88d0d0a85cba4f591bfa2604a	C:\Users\James\kaggriculture\benchmark\match_cache\06839acbaa9865e237e2ff792c10c35595d06bd88d0d0a85cba4f591bfa2604a.json
29303b2ad5f5d927b6223492eb20deba7d8f77f2fb09b02f489e66b785dbacbb	C:\Users\James\kaggriculture\benchmark\match_cache\29303b2ad5f5d927b6223492eb20deba7d8f77f2fb09b02f489e66b785dbacbb.json
c4451093043fa298f29cc687cad1513b78e13d97958f83dfbf69f18fcc7ba7e7	C:\Users\James\kaggriculture\benchmark\match_cache\c4451093043fa298f29cc687cad1513b78e13d97958f83dfbf69f18fcc7ba7e7.json
883d80c48f435f1b615ff90e72197d8ce7070686b64c018b6b33e310d19912fd	C:\Users\James\kaggriculture\benchmark\match_cache\883d80c48f435f1b615ff90e72197d8ce7070686b64c018b6b33e310d19912fd.json
b9b12e53efe7f31e9679a77137b5e68b2c3cc3a48587ac959463c4b4b238e3fb	C:\Users\James\kaggriculture\benchmark\match_cache\b9b12e53efe7f31e9679a77137b5e68b2c3cc3a48587ac959463c4b4b238e3fb.json
694fe4baca0ca0a834f052f3ab9a0a785ed5c42334c24d2bcc451b9e4aca2dd5	C:\Users\James\kaggriculture\benchmark\match_cache\694fe4baca0ca0a834f052f3ab9a0a785ed5c42334c24d2bcc451b9e4aca2dd5.json
3f3002226967e3768e5052f653ff6d2653a723d5a84cb05469e390cee00e3599	C:\Users\James\kaggriculture\benchmark\match_cache\3f3002226967e3768e5052f653ff6d2653a723d5a84cb05469e390cee00e3599.json
b77f1748586d26e99a6ccbd81435d8c134429a62f83df741839d706132047164	C:\Users\James\kaggriculture\benchmark\match_cache\b77f1748586d26e99a6ccbd81435d8c134429a62f83df741839d706132047164.json
fde63037e2b7541bceeb242bd28a7e4c82c248fb91ec1d2bd60a75b630768293	C:\Users\James\kaggriculture\benchmark\match_cache\fde63037e2b7541bceeb242bd28a7e4c82c248fb91ec1d2bd60a75b630768293.json
fc066615f0d08ce24845d670839c6acb74e36b4f3dae75068c6a6bf1daaba577	C:\Users\James\kaggriculture\benchmark\match_cache\fc066615f0d08ce24845d670839c6acb74e36b4f3dae75068c6a6bf1daaba577.json
69c9c6c98c08ac49a3e510666aab41bd6087f573db198fcba409cad7ba17a20b	C:\Users\James\kaggriculture\benchmark\match_cache\69c9c6c98c08ac49a3e510666aab41bd6087f573db198fcba409cad7ba17a20b.json
1bebc957b1c7a76a4bf16a1683066204bb5f461bce500623e11672e3f11e1692	C:\Users\James\kaggriculture\benchmark\match_cache\1bebc957b1c7a76a4bf16a1683066204bb5f461bce500623e11672e3f11e1692.json
3bf1298bf17660a0a6c89a066f44c75cfc244c4f8db79c3236c7504fe7675a12	C:\Users\James\kaggriculture\benchmark\match_cache\3bf1298bf17660a0a6c89a066f44c75cfc244c4f8db79c3236c7504fe7675a12.json
f36a46a4fd8a3e774bd1ccc143320132b256b1da8cbba6a37391264730c02881	C:\Users\James\kaggriculture\benchmark\match_cache\f36a46a4fd8a3e774bd1ccc143320132b256b1da8cbba6a37391264730c02881.json
fdc6387cf7ec3eb628a8d9c0eb4685a24048fc147ff15037f9756590580177e5	C:\Users\James\kaggriculture\benchmark\match_cache\fdc6387cf7ec3eb628a8d9c0eb4685a24048fc147ff15037f9756590580177e5.json
edfe2c841a475860d36ce602f8e5de1fc723216844e6a94aed2f2a1ef27a0617	C:\Users\James\kaggriculture\benchmark\match_cache\edfe2c841a475860d36ce602f8e5de1fc723216844e6a94aed2f2a1ef27a0617.json
bd3096bd19c0f82b30e92dbcfd8a4575ae5f3905188ad271774b7453e7781aff	C:\Users\James\kaggriculture\benchmark\match_cache\bd3096bd19c0f82b30e92dbcfd8a4575ae5f3905188ad271774b7453e7781aff.json
d7a03734c61e0a117e90ddd9f967348e8f03fe8f20de0fa41f596e4de27e309c	C:\Users\James\kaggriculture\benchmark\match_cache\d7a03734c61e0a117e90ddd9f967348e8f03fe8f20de0fa41f596e4de27e309c.json
fba8129bebce8573108b2f8f1929431803e9590fdc0f24e5bbfee65b6b7e7c5a	C:\Users\James\kaggriculture\benchmark\match_cache\fba8129bebce8573108b2f8f1929431803e9590fdc0f24e5bbfee65b6b7e7c5a.json
55a49d3b3aa7da862dbc5fc54af40a9e5407ca501e4d5ffd14f577ac43b52f2b	C:\Users\James\kaggriculture\benchmark\match_cache\55a49d3b3aa7da862dbc5fc54af40a9e5407ca501e4d5ffd14f577ac43b52f2b.json
655d8ce4374b9afc59bc2b090e2b9680f9919101e5e1dcce48dfb78b040882e3	C:\Users\James\kaggriculture\benchmark\match_cache\655d8ce4374b9afc59bc2b090e2b9680f9919101e5e1dcce48dfb78b040882e3.json
8b4e94eb813a246cb7c9586ffa75b129ee84f5e42370fb85f5ab2950fde91466	C:\Users\James\kaggriculture\benchmark\match_cache\8b4e94eb813a246cb7c9586ffa75b129ee84f5e42370fb85f5ab2950fde91466.json
d35a6f6b8352afdbaee8f8d7b7c95f20d5d2f8ff32a206c2b4c58557eae01414	C:\Users\James\kaggriculture\benchmark\match_cache\d35a6f6b8352afdbaee8f8d7b7c95f20d5d2f8ff32a206c2b4c58557eae01414.json
395860ea4ff1b9c49de974be44701ba908158dd95623e870b19152c30515bbfb	C:\Users\James\kaggriculture\benchmark\match_cache\395860ea4ff1b9c49de974be44701ba908158dd95623e870b19152c30515bbfb.json
b1fc71a7ca54d2107ca7c021c8c51847128c52c4e8b61feb99c0d5d9b631d128	C:\Users\James\kaggriculture\benchmark\match_cache\b1fc71a7ca54d2107ca7c021c8c51847128c52c4e8b61feb99c0d5d9b631d128.json
4639b854232c07e334efd4b5e4d05b45880fda7f812e26c4076697a9e1712ca5	C:\Users\James\kaggriculture\benchmark\match_cache\4639b854232c07e334efd4b5e4d05b45880fda7f812e26c4076697a9e1712ca5.json
a5f5c16f5457d87975a4abc0e03f9b5c3915c66888aeecfef8043a10217e1d16	C:\Users\James\kaggriculture\benchmark\match_cache\a5f5c16f5457d87975a4abc0e03f9b5c3915c66888aeecfef8043a10217e1d16.json
911a30c17ebc0c9571f42ad1a45740f102a9bc692d832e4c10bc6c1bcd8adeb1	C:\Users\James\kaggriculture\benchmark\match_cache\911a30c17ebc0c9571f42ad1a45740f102a9bc692d832e4c10bc6c1bcd8adeb1.json
f630f778b7f99c1f0cad0a5320ac0a6c51ae8759f7035bf8b8f4f6bee5b87e7a	C:\Users\James\kaggriculture\benchmark\match_cache\f630f778b7f99c1f0cad0a5320ac0a6c51ae8759f7035bf8b8f4f6bee5b87e7a.json
509c97af95a9d07861f85bf4661cda9cf6d010f64fc35f9a93daf4a4f17645b3	C:\Users\James\kaggriculture\benchmark\match_cache\509c97af95a9d07861f85bf4661cda9cf6d010f64fc35f9a93daf4a4f17645b3.json
efb7da40ccf8299ecace0ef78ba2ea3ab2e24b983b7c29386e1e5abd93f96beb	C:\Users\James\kaggriculture\benchmark\match_cache\efb7da40ccf8299ecace0ef78ba2ea3ab2e24b983b7c29386e1e5abd93f96beb.json
742e6fc0014b01cc9d1d6cd5123457fdb01b85332984c0dba294a35acb365bb3	C:\Users\James\kaggriculture\benchmark\match_cache\742e6fc0014b01cc9d1d6cd5123457fdb01b85332984c0dba294a35acb365bb3.json
a2b118c8befed0696f9a2c15c4468d4b433f538c19235286a6e841c2a0b1a75a	C:\Users\James\kaggriculture\benchmark\match_cache\a2b118c8befed0696f9a2c15c4468d4b433f538c19235286a6e841c2a0b1a75a.json
1dfe2f8e63e18f7dd21b78bb252261a71ce4fcf00118ad1aa3f591faaeece229	C:\Users\James\kaggriculture\benchmark\match_cache\1dfe2f8e63e18f7dd21b78bb252261a71ce4fcf00118ad1aa3f591faaeece229.json
c8a2f3fc8fc8507efb211d40ba3359627c470d532676a559d23546e4bda57ed7	C:\Users\James\kaggriculture\benchmark\match_cache\c8a2f3fc8fc8507efb211d40ba3359627c470d532676a559d23546e4bda57ed7.json
6cb6e576c755f4a58aa1d4ee8851e740b5d6ad2b77d07b105b6b077d3ad33c9b	C:\Users\James\kaggriculture\benchmark\match_cache\6cb6e576c755f4a58aa1d4ee8851e740b5d6ad2b77d07b105b6b077d3ad33c9b.json
d38c84c0022b714385b7433b95b01600b2561480c50d24f404d20f7e757a8e44	C:\Users\James\kaggriculture\benchmark\match_cache\d38c84c0022b714385b7433b95b01600b2561480c50d24f404d20f7e757a8e44.json
77464f176e52fbd14bc05a88e3dd9161f12d4d9bc4576058e88b0c14fe6235b8	C:\Users\James\kaggriculture\benchmark\match_cache\77464f176e52fbd14bc05a88e3dd9161f12d4d9bc4576058e88b0c14fe6235b8.json
becd19bba227274d7fac468f6326db16fdf2594a02417e2649d2d75f410adcf6	C:\Users\James\kaggriculture\benchmark\match_cache\becd19bba227274d7fac468f6326db16fdf2594a02417e2649d2d75f410adcf6.json
34d82f0fd1030ae7688517f218bc427bd1480272b53d123b0a245e935ce927d9	C:\Users\James\kaggriculture\benchmark\match_cache\34d82f0fd1030ae7688517f218bc427bd1480272b53d123b0a245e935ce927d9.json
8243b084b97adcb4950cc99ba5af1f863c301228cf0c12282542f08014121677	C:\Users\James\kaggriculture\benchmark\match_cache\8243b084b97adcb4950cc99ba5af1f863c301228cf0c12282542f08014121677.json
5e4e93491589ec272d272749a82cc818467f6b557958a895bbd746841d9c8041	C:\Users\James\kaggriculture\benchmark\match_cache\5e4e93491589ec272d272749a82cc818467f6b557958a895bbd746841d9c8041.json
b6282913faef0cae2dcbfb191a67a5411f21d3256813bc6b30d3080d00a629da	C:\Users\James\kaggriculture\benchmark\match_cache\b6282913faef0cae2dcbfb191a67a5411f21d3256813bc6b30d3080d00a629da.json
8ccdd24327105e6e79962dfe9c12a31530998a856d593024f318b39c9ea470c5	C:\Users\James\kaggriculture\benchmark\match_cache\8ccdd24327105e6e79962dfe9c12a31530998a856d593024f318b39c9ea470c5.json
36538111723000ff74563113e17d3db598b0dbc52bb40f892fb8ab95181fa60e	C:\Users\James\kaggriculture\benchmark\match_cache\36538111723000ff74563113e17d3db598b0dbc52bb40f892fb8ab95181fa60e.json
33311967cd92b2c4062ed87f61b218e9fab7ef8c3cb10579ed93f8095ab2d962	C:\Users\James\kaggriculture\benchmark\match_cache\33311967cd92b2c4062ed87f61b218e9fab7ef8c3cb10579ed93f8095ab2d962.json
d88d845d3e28312fec8ed5c4ace24ca80eee236b97cff4f025dfb320089b53b9	C:\Users\James\kaggriculture\benchmark\match_cache\d88d845d3e28312fec8ed5c4ace24ca80eee236b97cff4f025dfb320089b53b9.json
717cfb1f01524515aad0481959ed40e72db3435a513063318825042355cee87e	C:\Users\James\kaggriculture\benchmark\match_cache\717cfb1f01524515aad0481959ed40e72db3435a513063318825042355cee87e.json
cf60c41b2209580c486dc51c131efedc17f19326fb0db18ccb24c01a5bdc7964	C:\Users\James\kaggriculture\benchmark\match_cache\cf60c41b2209580c486dc51c131efedc17f19326fb0db18ccb24c01a5bdc7964.json
7e5d62f8dbbff20a7e06390e4224dcd61c8ecfba89f78ef8e3b96110d33aa40b	C:\Users\James\kaggriculture\benchmark\match_cache\7e5d62f8dbbff20a7e06390e4224dcd61c8ecfba89f78ef8e3b96110d33aa40b.json
a0017fec0ada61dcd8f4dba1936a33a22bbda8596e1d6cb8cd0fe2db04dd228f	C:\Users\James\kaggriculture\benchmark\match_cache\a0017fec0ada61dcd8f4dba1936a33a22bbda8596e1d6cb8cd0fe2db04dd228f.json
5018b6a0f734d11596daaeb1fad61cbd28d6c686f94a720c16be4d9de78dc76c	C:\Users\James\kaggriculture\benchmark\match_cache\5018b6a0f734d11596daaeb1fad61cbd28d6c686f94a720c16be4d9de78dc76c.json
2f6464a66f51789c3e674fab2d6cd1d45abcb1e635c431abfb6d3ac5b3974a96	C:\Users\James\kaggriculture\benchmark\match_cache\2f6464a66f51789c3e674fab2d6cd1d45abcb1e635c431abfb6d3ac5b3974a96.json
0c4d8c35fa944e792c93c047ea1799fd8f1f19bea1811226b0dcf56c23cd7d2f	C:\Users\James\kaggriculture\benchmark\match_cache\0c4d8c35fa944e792c93c047ea1799fd8f1f19bea1811226b0dcf56c23cd7d2f.json
7c07a4eeea60e52215496bb272b4df08a0e3d83c15390110a02e8d56834745df	C:\Users\James\kaggriculture\benchmark\match_cache\7c07a4eeea60e52215496bb272b4df08a0e3d83c15390110a02e8d56834745df.json
98d59d8ba46d2cd205b49f0428ba5081513b0077cef8221dbcd246911689981a	C:\Users\James\kaggriculture\benchmark\match_cache\98d59d8ba46d2cd205b49f0428ba5081513b0077cef8221dbcd246911689981a.json
fbdcc144c0ecb579e0c84dd2b7d6d7b45795be7ebccf6b8d01b3ebb2dd33e81b	C:\Users\James\kaggriculture\benchmark\match_cache\fbdcc144c0ecb579e0c84dd2b7d6d7b45795be7ebccf6b8d01b3ebb2dd33e81b.json
7c27f07a5f03aa9a3689ae1a393cf3e35c1a687ec82c3631ad275148822472eb	C:\Users\James\kaggriculture\benchmark\match_cache\7c27f07a5f03aa9a3689ae1a393cf3e35c1a687ec82c3631ad275148822472eb.json
0e2e1c636eb166c3b10a39fe82ac46a23abf7daef849997b4a260bf6751a03d0	C:\Users\James\kaggriculture\benchmark\match_cache\0e2e1c636eb166c3b10a39fe82ac46a23abf7daef849997b4a260bf6751a03d0.json
f3ab90293eb4ef5be6eeb14cac2e91258c283d939dfec1b8597f952236fbb8ee	C:\Users\James\kaggriculture\benchmark\match_cache\f3ab90293eb4ef5be6eeb14cac2e91258c283d939dfec1b8597f952236fbb8ee.json
182c0b909ce6d2a5a25f2cb62845d5433aa5bbfc9138ec3f38b50c650347d2dd	C:\Users\James\kaggriculture\benchmark\match_cache\182c0b909ce6d2a5a25f2cb62845d5433aa5bbfc9138ec3f38b50c650347d2dd.json
7205f9d4c900aa5f5e5293d0f91b583beacb9ad1b92b57bbef203bb6b5abd723	C:\Users\James\kaggriculture\benchmark\match_cache\7205f9d4c900aa5f5e5293d0f91b583beacb9ad1b92b57bbef203bb6b5abd723.json
f91ff7f7f1abc3f1e8168e4bd7e801677d67498526b589d7f96a50f89cb9e967	C:\Users\James\kaggriculture\benchmark\match_cache\f91ff7f7f1abc3f1e8168e4bd7e801677d67498526b589d7f96a50f89cb9e967.json
e49d131d3447106c9eb948999b41f61f386259103b4e4d9352d864440d2f1f21	C:\Users\James\kaggriculture\benchmark\match_cache\e49d131d3447106c9eb948999b41f61f386259103b4e4d9352d864440d2f1f21.json
545d36ed9682e4cfd5a3bae3e61aba58860652239351b3bd76321212852c6fb3	C:\Users\James\kaggriculture\benchmark\match_cache\545d36ed9682e4cfd5a3bae3e61aba58860652239351b3bd76321212852c6fb3.json
f2084e176beb8cde98b3f5ce8ff8a17a832182f3fa5e721b6ac20c6986bce447	C:\Users\James\kaggriculture\benchmark\match_cache\f2084e176beb8cde98b3f5ce8ff8a17a832182f3fa5e721b6ac20c6986bce447.json
c1b3acda2aa0a751a86ffc89d1e8ccd00f11c9c3c2e338abde6cba2f611e0a97	C:\Users\James\kaggriculture\benchmark\match_cache\c1b3acda2aa0a751a86ffc89d1e8ccd00f11c9c3c2e338abde6cba2f611e0a97.json
2124855977025f8c2f3d875e42d6b4e69811bee917b886f68176619b741aacb6	C:\Users\James\kaggriculture\benchmark\match_cache\2124855977025f8c2f3d875e42d6b4e69811bee917b886f68176619b741aacb6.json
6e0d953e374047e913ca21036baff53287835a66d29f93d57ae4ab91e8a168f2	C:\Users\James\kaggriculture\benchmark\match_cache\6e0d953e374047e913ca21036baff53287835a66d29f93d57ae4ab91e8a168f2.json
acbba908b2435e50a0f9b6c9be7c0bc171985ff89c458fde86d970d3978013fb	C:\Users\James\kaggriculture\benchmark\match_cache\acbba908b2435e50a0f9b6c9be7c0bc171985ff89c458fde86d970d3978013fb.json
058514626678ae0dc204e86253ec6372f3c2f1ce090a5d67cf4d44ac0a01ab47	C:\Users\James\kaggriculture\benchmark\match_cache\058514626678ae0dc204e86253ec6372f3c2f1ce090a5d67cf4d44ac0a01ab47.json
9874f77177a8ca77bd0157a63774f35f968e82d1bac1a79a51703a8a67954f01	C:\Users\James\kaggriculture\benchmark\match_cache\9874f77177a8ca77bd0157a63774f35f968e82d1bac1a79a51703a8a67954f01.json
82d8884b58a3efdd43b9866f6dfa0b492d2f2cc2519d3cc8a3aa6f9e85461366	C:\Users\James\kaggriculture\benchmark\match_cache\82d8884b58a3efdd43b9866f6dfa0b492d2f2cc2519d3cc8a3aa6f9e85461366.json
69fe5079a51d0711b0316c517a334e2f43f9b24b866a0383a2a9fa350b10900e	C:\Users\James\kaggriculture\benchmark\match_cache\69fe5079a51d0711b0316c517a334e2f43f9b24b866a0383a2a9fa350b10900e.json
478dbfa687fdfae1c27c87ed28e4fcd4796e44dd5a08fbb1acc82b5d30872af9	C:\Users\James\kaggriculture\benchmark\match_cache\478dbfa687fdfae1c27c87ed28e4fcd4796e44dd5a08fbb1acc82b5d30872af9.json
ca8935ed69c432f9eafd1b1a118ddc96ba8a04707e84d1a874843783cacc5667	C:\Users\James\kaggriculture\benchmark\match_cache\ca8935ed69c432f9eafd1b1a118ddc96ba8a04707e84d1a874843783cacc5667.json
4633ee88c4b40bd7ae2f3ff002e7be66b8141e97a4e7854a50a0acc43ed8bba9	C:\Users\James\kaggriculture\benchmark\match_cache\4633ee88c4b40bd7ae2f3ff002e7be66b8141e97a4e7854a50a0acc43ed8bba9.json
97b83a4c942372267f60b150cda89b361c3b662dfae34c9cec579bc24baa2384	C:\Users\James\kaggriculture\benchmark\match_cache\97b83a4c942372267f60b150cda89b361c3b662dfae34c9cec579bc24baa2384.json
10d43aafb85a82cc0c6e06adb7bba250779bd1bae5d4e6cf9144748708c433f5	C:\Users\James\kaggriculture\benchmark\match_cache\10d43aafb85a82cc0c6e06adb7bba250779bd1bae5d4e6cf9144748708c433f5.json
250277c7ff3f849ad9870cb7abbb0e385268bcd4ba218db0b71290bd2bb4b36a	C:\Users\James\kaggriculture\benchmark\match_cache\250277c7ff3f849ad9870cb7abbb0e385268bcd4ba218db0b71290bd2bb4b36a.json
c18da5b14e906764c45af3a1592a3a4520f83f138f76fcb3671725cc4a01d988	C:\Users\James\kaggriculture\benchmark\match_cache\c18da5b14e906764c45af3a1592a3a4520f83f138f76fcb3671725cc4a01d988.json
ecb58e1f5eb4a1c5fb0f679a06ab23ffcce0f1d82681ed944cd5c01437c8b6d3	C:\Users\James\kaggriculture\benchmark\match_cache\ecb58e1f5eb4a1c5fb0f679a06ab23ffcce0f1d82681ed944cd5c01437c8b6d3.json
60c9ddf6ffa67db0cb70bdc68dcb3a26a503d68be0b813f40b3ae8bdd1dd0ff6	C:\Users\James\kaggriculture\benchmark\match_cache\60c9ddf6ffa67db0cb70bdc68dcb3a26a503d68be0b813f40b3ae8bdd1dd0ff6.json
2ca9d590001caedef3c4226eee51100953b1b235d37dbe72760db2c02bcb03fe	C:\Users\James\kaggriculture\benchmark\match_cache\2ca9d590001caedef3c4226eee51100953b1b235d37dbe72760db2c02bcb03fe.json
396a8a37e23284efad32f76c2d661c2250eb390dca4610eaf6cda8ef01de6fe8	C:\Users\James\kaggriculture\benchmark\match_cache\396a8a37e23284efad32f76c2d661c2250eb390dca4610eaf6cda8ef01de6fe8.json
18ec80ce415574fca4789c4fe3d6b2f2cf353bf1a50c5f2a3fb993c253459098	C:\Users\James\kaggriculture\benchmark\match_cache\18ec80ce415574fca4789c4fe3d6b2f2cf353bf1a50c5f2a3fb993c253459098.json
df74cefdfedbc8ff0111d0aac7500dfd9e413ce713f5555206f96e8e4866d29c	C:\Users\James\kaggriculture\benchmark\match_cache\df74cefdfedbc8ff0111d0aac7500dfd9e413ce713f5555206f96e8e4866d29c.json
6bb27694efb52d31b26392a5e509eb320f1da701f508ef4ca056b5ffba4b55be	C:\Users\James\kaggriculture\benchmark\match_cache\6bb27694efb52d31b26392a5e509eb320f1da701f508ef4ca056b5ffba4b55be.json
5e5578fd8c01fa98791483828a3e1a7a286a847e39e07aee8369cce9280a6747	C:\Users\James\kaggriculture\benchmark\match_cache\5e5578fd8c01fa98791483828a3e1a7a286a847e39e07aee8369cce9280a6747.json
b298fa77d28ae07b18cb2a7aa0ced5ea76709a4ba3b370e325ce57f5dec22ee6	C:\Users\James\kaggriculture\benchmark\match_cache\b298fa77d28ae07b18cb2a7aa0ced5ea76709a4ba3b370e325ce57f5dec22ee6.json
eaa56e2054393c2278ae1658e91da62547859583f87779adaf8c0b7bac7de50d	C:\Users\James\kaggriculture\benchmark\match_cache\eaa56e2054393c2278ae1658e91da62547859583f87779adaf8c0b7bac7de50d.json
ae00fab598ef437b7117f21c290ffb7edd92b27199379ce3be00f1b9243e2149	C:\Users\James\kaggriculture\benchmark\match_cache\ae00fab598ef437b7117f21c290ffb7edd92b27199379ce3be00f1b9243e2149.json
6833df655a55a577231d3b91203f1f3300356494805b180fdbb0b888c976c934	C:\Users\James\kaggriculture\benchmark\match_cache\6833df655a55a577231d3b91203f1f3300356494805b180fdbb0b888c976c934.json
fc8239c892b982c847dd7683a79b9de4101cb1d77b88e4f8477577ee25cad30e	C:\Users\James\kaggriculture\benchmark\match_cache\fc8239c892b982c847dd7683a79b9de4101cb1d77b88e4f8477577ee25cad30e.json
290e72d85906a8e4bed44890dc571201cdb7711a56d00bdd1df2a591c7a533eb	C:\Users\James\kaggriculture\benchmark\match_cache\290e72d85906a8e4bed44890dc571201cdb7711a56d00bdd1df2a591c7a533eb.json
1b41a4a7304d8f84aa77d5b3651ed73bc462e733fafaa01d42d70c8dc09bdd8c	C:\Users\James\kaggriculture\benchmark\match_cache\1b41a4a7304d8f84aa77d5b3651ed73bc462e733fafaa01d42d70c8dc09bdd8c.json
5cb6d725f4da943a183f9480a6030e02c8d9d0fa110475c321a52ea6d183bed9	C:\Users\James\kaggriculture\benchmark\match_cache\5cb6d725f4da943a183f9480a6030e02c8d9d0fa110475c321a52ea6d183bed9.json
c8dbff37f069ce19d19762edd529b25fc1d4b13aa096c63c725d4498e1e58cda	C:\Users\James\kaggriculture\benchmark\match_cache\c8dbff37f069ce19d19762edd529b25fc1d4b13aa096c63c725d4498e1e58cda.json
cadc3d95378191be02561bf8822f11d406e12ea49ae50f2782c04a22053f3776	C:\Users\James\kaggriculture\benchmark\match_cache\cadc3d95378191be02561bf8822f11d406e12ea49ae50f2782c04a22053f3776.json
bb50d37be888d1ea7c2774a0e9b2b8c0a97d5703fd6e101fd55a1132f9dbc28c	C:\Users\James\kaggriculture\benchmark\match_cache\bb50d37be888d1ea7c2774a0e9b2b8c0a97d5703fd6e101fd55a1132f9dbc28c.json
e59973ea3c647f7e6a8a5e130c21a5195aebb737efa13418609e6de3b5bd8b8f	C:\Users\James\kaggriculture\benchmark\match_cache\e59973ea3c647f7e6a8a5e130c21a5195aebb737efa13418609e6de3b5bd8b8f.json
47f9251eaf9327242dcd7f812f63390e1b2214d28c8029b52f15c5f7dbeed04a	C:\Users\James\kaggriculture\benchmark\match_cache\47f9251eaf9327242dcd7f812f63390e1b2214d28c8029b52f15c5f7dbeed04a.json
065fa8ee0ae7c42775dcbf790c7730ecb6c1ed79c4cc367978dd5661f0a53335	C:\Users\James\kaggriculture\benchmark\match_cache\065fa8ee0ae7c42775dcbf790c7730ecb6c1ed79c4cc367978dd5661f0a53335.json
bad86b4e3f50fcfe26a665c89f8c6fbef1e4f746d72d6b5fa45223a40d40b512	C:\Users\James\kaggriculture\benchmark\match_cache\bad86b4e3f50fcfe26a665c89f8c6fbef1e4f746d72d6b5fa45223a40d40b512.json
894b58555700a8470d0b9ef4be562ca673e0a834ab4c062762a9e5cd235ec40f	C:\Users\James\kaggriculture\benchmark\match_cache\894b58555700a8470d0b9ef4be562ca673e0a834ab4c062762a9e5cd235ec40f.json
e432371a46a0bb6460d3a13e40a5c57242689f2117b9d61389c4278505b1befd	C:\Users\James\kaggriculture\benchmark\match_cache\e432371a46a0bb6460d3a13e40a5c57242689f2117b9d61389c4278505b1befd.json
989655323dfc58764d27c154afcf0e09d2c0739af518b64a72b221b991dd4202	C:\Users\James\kaggriculture\benchmark\match_cache\989655323dfc58764d27c154afcf0e09d2c0739af518b64a72b221b991dd4202.json
5cee9f65d7d4dce19307fb6f139d205d06916019b0167dc9596278b6fbb23689	C:\Users\James\kaggriculture\benchmark\match_cache\5cee9f65d7d4dce19307fb6f139d205d06916019b0167dc9596278b6fbb23689.json
e24572cf50cd680b4db97b40088b08510bd27b4f719fe983f7e267233c0ad787	C:\Users\James\kaggriculture\benchmark\match_cache\e24572cf50cd680b4db97b40088b08510bd27b4f719fe983f7e267233c0ad787.json
89c7f358607aaaa32a6d0a24df080d9d11627bccf1ecbf40fb76f9e1a66e5cac	C:\Users\James\kaggriculture\benchmark\match_cache\89c7f358607aaaa32a6d0a24df080d9d11627bccf1ecbf40fb76f9e1a66e5cac.json
a7077c89a24c1042d71381d2f6291af6c76802d6db798a76cbadc7ac087e7ea0	C:\Users\James\kaggriculture\benchmark\match_cache\a7077c89a24c1042d71381d2f6291af6c76802d6db798a76cbadc7ac087e7ea0.json
5b144303c969a07e239081755eca7832ed3d5a1667a8fa839ba2d3e5bc52f93a	C:\Users\James\kaggriculture\benchmark\match_cache\5b144303c969a07e239081755eca7832ed3d5a1667a8fa839ba2d3e5bc52f93a.json
076dc39a2854f6e6a27815f783b4f7c14312af14918e3f5ea95d04cb2953bac3	C:\Users\James\kaggriculture\benchmark\match_cache\076dc39a2854f6e6a27815f783b4f7c14312af14918e3f5ea95d04cb2953bac3.json
fb6ea6d2b209ac96583e6f35c2e66a40d8bad81735f5983f67c441371fe070c3	C:\Users\James\kaggriculture\benchmark\match_cache\fb6ea6d2b209ac96583e6f35c2e66a40d8bad81735f5983f67c441371fe070c3.json
52dc32542831b145ef00d5c45f4f870dd4c1581b835670bdcf4577620154d2a1	C:\Users\James\kaggriculture\benchmark\match_cache\52dc32542831b145ef00d5c45f4f870dd4c1581b835670bdcf4577620154d2a1.json
a74d5a19e84ba727d49dc4877c6bfad1f9a578b56ce69130bb3564b38783e69f	C:\Users\James\kaggriculture\benchmark\match_cache\a74d5a19e84ba727d49dc4877c6bfad1f9a578b56ce69130bb3564b38783e69f.json
52a084aa62e9270bc41bba89a8faebb4ab3d768559fea9cbd2ebeedfce214ee8	C:\Users\James\kaggriculture\benchmark\match_cache\52a084aa62e9270bc41bba89a8faebb4ab3d768559fea9cbd2ebeedfce214ee8.json
ab7066ffe4aeb402ef311fb4701093d75f28f7de32f6f8a3a6ec6b15c034e55c	C:\Users\James\kaggriculture\benchmark\match_cache\ab7066ffe4aeb402ef311fb4701093d75f28f7de32f6f8a3a6ec6b15c034e55c.json
66b01b06ffaebbcfa134ff3fb973e7b44aa22e6a945c08c1414c27fcc967b93b	C:\Users\James\kaggriculture\benchmark\match_cache\66b01b06ffaebbcfa134ff3fb973e7b44aa22e6a945c08c1414c27fcc967b93b.json
361fc2d6f5330179a7b5259c52c09c298dd3f0a474497c2d56edb82ad71451e4	C:\Users\James\kaggriculture\benchmark\match_cache\361fc2d6f5330179a7b5259c52c09c298dd3f0a474497c2d56edb82ad71451e4.json
1da1509c456695f9f356706bb09925b352213636d371f4959741334d44eb8856	C:\Users\James\kaggriculture\benchmark\match_cache\1da1509c456695f9f356706bb09925b352213636d371f4959741334d44eb8856.json
5c9c330a3208495c9eccfc6140df43c00399cfc6de4ee05427882404819172a4	C:\Users\James\kaggriculture\benchmark\match_cache\5c9c330a3208495c9eccfc6140df43c00399cfc6de4ee05427882404819172a4.json
3d3a9bb12763d589e321e0edee8f6d18e587e60112b5381ceaad4b301ff91c34	C:\Users\James\kaggriculture\benchmark\match_cache\3d3a9bb12763d589e321e0edee8f6d18e587e60112b5381ceaad4b301ff91c34.json
e34c264c2a8769e06d112649fb8aa13bc7f040b274de343dcd8292f9300162da	C:\Users\James\kaggriculture\benchmark\match_cache\e34c264c2a8769e06d112649fb8aa13bc7f040b274de343dcd8292f9300162da.json
363e51f8dab2e24363977cb4d0cf4134f68c7e82fda24f0ddae1d7af54e20d2b	C:\Users\James\kaggriculture\benchmark\match_cache\363e51f8dab2e24363977cb4d0cf4134f68c7e82fda24f0ddae1d7af54e20d2b.json
1272f1ec6035f5772fa9bc408ad6420681e99e9212e7e8080ccaf004f644c306	C:\Users\James\kaggriculture\benchmark\match_cache\1272f1ec6035f5772fa9bc408ad6420681e99e9212e7e8080ccaf004f644c306.json
af007d822371659271c3e3863a255f05c8423bdaf4b30fc249386ce0a0e866d4	C:\Users\James\kaggriculture\benchmark\match_cache\af007d822371659271c3e3863a255f05c8423bdaf4b30fc249386ce0a0e866d4.json
cab2be616293500eafabc4f3085813e3f1120896a8fa1938033257fb3102e6a9	C:\Users\James\kaggriculture\benchmark\match_cache\cab2be616293500eafabc4f3085813e3f1120896a8fa1938033257fb3102e6a9.json
f19153ca757f27c389b5e9f8aa1c45d104c632d9f56599d183b6f76325f72029	C:\Users\James\kaggriculture\benchmark\match_cache\f19153ca757f27c389b5e9f8aa1c45d104c632d9f56599d183b6f76325f72029.json
8aeede74162de7cf0715fe6d99439b384ec8e95e8b153387ad1481d34c2ea50c	C:\Users\James\kaggriculture\benchmark\match_cache\8aeede74162de7cf0715fe6d99439b384ec8e95e8b153387ad1481d34c2ea50c.json
b7ae7368cfd5a863dcce6106a04661b366f20900d70b262dfa55b5a1caeed457	C:\Users\James\kaggriculture\benchmark\match_cache\b7ae7368cfd5a863dcce6106a04661b366f20900d70b262dfa55b5a1caeed457.json
0ba467313e6435a56e9c12bed5662acf72d50548e3e190ca89693dbe53d79024	C:\Users\James\kaggriculture\benchmark\match_cache\0ba467313e6435a56e9c12bed5662acf72d50548e3e190ca89693dbe53d79024.json
56086490d1fd1dbe7162d7a91b6435809ff210b22a19aa13c411164121a19401	C:\Users\James\kaggriculture\benchmark\match_cache\56086490d1fd1dbe7162d7a91b6435809ff210b22a19aa13c411164121a19401.json
12a82d15b02c3c5ae9c3cc3cf359599bdad7103a0e610f9a11ce8414faa8b82a	C:\Users\James\kaggriculture\benchmark\match_cache\12a82d15b02c3c5ae9c3cc3cf359599bdad7103a0e610f9a11ce8414faa8b82a.json
09e494fefda65e9bc2c79949133c82d527c443b01249bd16dcf4d9949506edf7	C:\Users\James\kaggriculture\benchmark\match_cache\09e494fefda65e9bc2c79949133c82d527c443b01249bd16dcf4d9949506edf7.json
36e1c9093a94280692203bcd9843593a908cb81e4323bde97d936f58bde18823	C:\Users\James\kaggriculture\benchmark\match_cache\36e1c9093a94280692203bcd9843593a908cb81e4323bde97d936f58bde18823.json
aa01e12123a2878375fb403063fe19dccab47fd57e5da7d92a793518cf2a85e7	C:\Users\James\kaggriculture\benchmark\match_cache\aa01e12123a2878375fb403063fe19dccab47fd57e5da7d92a793518cf2a85e7.json
f65b7c00f1845c459499a499a2f0291155996a215cb5e50e923fc3ab5b3155f5	C:\Users\James\kaggriculture\benchmark\match_cache\f65b7c00f1845c459499a499a2f0291155996a215cb5e50e923fc3ab5b3155f5.json
c49094c38ef962252a7f0ebf7f6b91401d3af862d26488f9c661828046319c1b	C:\Users\James\kaggriculture\benchmark\match_cache\c49094c38ef962252a7f0ebf7f6b91401d3af862d26488f9c661828046319c1b.json
fd63785a125d1ac1586bc75366b7461b05aa41d024c5c8c261a8a611d4b632f7	C:\Users\James\kaggriculture\benchmark\match_cache\fd63785a125d1ac1586bc75366b7461b05aa41d024c5c8c261a8a611d4b632f7.json
83af9ec5446a0507bee918354ff77993baaba5882cfebde88a9767c09738ab6b	C:\Users\James\kaggriculture\benchmark\match_cache\83af9ec5446a0507bee918354ff77993baaba5882cfebde88a9767c09738ab6b.json
b0a44f5c4a005b767803659480b111508f87a251b90376b642eae1cbfa0fdbc3	C:\Users\James\kaggriculture\benchmark\match_cache\b0a44f5c4a005b767803659480b111508f87a251b90376b642eae1cbfa0fdbc3.json
7abf74ed8b0a7aef5af83d3255e194b3603e1c85d6f3e491c3141f26e7da4efa	C:\Users\James\kaggriculture\benchmark\match_cache\7abf74ed8b0a7aef5af83d3255e194b3603e1c85d6f3e491c3141f26e7da4efa.json
9f5ad66f4cc31c71d932cfb66947185a70acb44b07c14fa1ad4417aa681c057b	C:\Users\James\kaggriculture\benchmark\match_cache\9f5ad66f4cc31c71d932cfb66947185a70acb44b07c14fa1ad4417aa681c057b.json
23364dff0c5e6c351d1a27f962802983ab0e72c5f922812255ff0fc0ced5c3d3	C:\Users\James\kaggriculture\benchmark\match_cache\23364dff0c5e6c351d1a27f962802983ab0e72c5f922812255ff0fc0ced5c3d3.json
cab79748aa643355ae01dd6ae7de95d560fdbd714d62de1d25d9dcc536421d76	C:\Users\James\kaggriculture\benchmark\match_cache\cab79748aa643355ae01dd6ae7de95d560fdbd714d62de1d25d9dcc536421d76.json
a875c36b0aed9207ffa1b1b72c35ec094012060dc31b04316a54684d33219eee	C:\Users\James\kaggriculture\benchmark\match_cache\a875c36b0aed9207ffa1b1b72c35ec094012060dc31b04316a54684d33219eee.json
1b628c40d2dbfdad2511878d3d0679335e32e0ccf773b8e5c312700c52adb8fd	C:\Users\James\kaggriculture\benchmark\match_cache\1b628c40d2dbfdad2511878d3d0679335e32e0ccf773b8e5c312700c52adb8fd.json
9d89f9ea6e3d8a79094eaa03bbc9c288276f1ac3b97f30f8ec4b78bbf2ac6b90	C:\Users\James\kaggriculture\benchmark\match_cache\9d89f9ea6e3d8a79094eaa03bbc9c288276f1ac3b97f30f8ec4b78bbf2ac6b90.json
b0cfcd5924d11279d3413b7c2282f096a4a4662c57ecf955279e11735bbbb12d	C:\Users\James\kaggriculture\benchmark\match_cache\b0cfcd5924d11279d3413b7c2282f096a4a4662c57ecf955279e11735bbbb12d.json
85488af2fbd9b278957a7f47e28913e7969c80da6b10d6465ed78569d186a2e0	C:\Users\James\kaggriculture\benchmark\match_cache\85488af2fbd9b278957a7f47e28913e7969c80da6b10d6465ed78569d186a2e0.json
64a1e10a31858c6a05787199e69c03fcd2e5b2a3650e7e4e191d2dd322278048	C:\Users\James\kaggriculture\benchmark\match_cache\64a1e10a31858c6a05787199e69c03fcd2e5b2a3650e7e4e191d2dd322278048.json
45f27494fafe00dd6a1f936742eee5e842d443f5e662e0e7a2bd0804f351928f	C:\Users\James\kaggriculture\benchmark\match_cache\45f27494fafe00dd6a1f936742eee5e842d443f5e662e0e7a2bd0804f351928f.json
093ac2fe0933503804640e959203c343e4ba2239b2f5de2388dae840d8124441	C:\Users\James\kaggriculture\benchmark\match_cache\093ac2fe0933503804640e959203c343e4ba2239b2f5de2388dae840d8124441.json
7e24682e4d0856882aeb32ea7ff3489897018c16e967cf2fd835bcc228ef285d	C:\Users\James\kaggriculture\benchmark\match_cache\7e24682e4d0856882aeb32ea7ff3489897018c16e967cf2fd835bcc228ef285d.json
805e799c1edde54c925335a947367a84b873f132769196fc7ecee6607f478b47	C:\Users\James\kaggriculture\benchmark\match_cache\805e799c1edde54c925335a947367a84b873f132769196fc7ecee6607f478b47.json
cc6b20030ff5b8dee3c985915bfe2a76d29c8a23a78dadd6a64beca55bb4acfe	C:\Users\James\kaggriculture\benchmark\match_cache\cc6b20030ff5b8dee3c985915bfe2a76d29c8a23a78dadd6a64beca55bb4acfe.json
a96f2950dc340cafc1aac9aef273082bd9fecde942393e451249159820d1bf82	C:\Users\James\kaggriculture\benchmark\match_cache\a96f2950dc340cafc1aac9aef273082bd9fecde942393e451249159820d1bf82.json
3de0117d6e77c64c8b13ba3bcbc06e8bc592c7f0fd70240ed4700e3167d82454	C:\Users\James\kaggriculture\benchmark\match_cache\3de0117d6e77c64c8b13ba3bcbc06e8bc592c7f0fd70240ed4700e3167d82454.json
a53c371d7f87f5ccbf7233e0170d9d61284be6992e47743f164fe05d44be7acc	C:\Users\James\kaggriculture\benchmark\match_cache\a53c371d7f87f5ccbf7233e0170d9d61284be6992e47743f164fe05d44be7acc.json
3176d2a19fc62d853e2eb2c6cee8868c3cd6091972474306632be4bb9907fadb	C:\Users\James\kaggriculture\benchmark\match_cache\3176d2a19fc62d853e2eb2c6cee8868c3cd6091972474306632be4bb9907fadb.json
e525f9578334358d085f81ea9e393e4f23693f3912c9f00d382c629163487dbd	C:\Users\James\kaggriculture\benchmark\match_cache\e525f9578334358d085f81ea9e393e4f23693f3912c9f00d382c629163487dbd.json
fa88ae1712aa385b04da5089b4bfaf95759085a44f1dea19a5400b425ebcbdb0	C:\Users\James\kaggriculture\benchmark\match_cache\fa88ae1712aa385b04da5089b4bfaf95759085a44f1dea19a5400b425ebcbdb0.json
f8da88418deba8d6853212df638371904358299185017c84e0f4df6d9c05bb0b	C:\Users\James\kaggriculture\benchmark\match_cache\f8da88418deba8d6853212df638371904358299185017c84e0f4df6d9c05bb0b.json
89819165334802493d8dbf36ba882c1d2c3c51e4ee6f6aa0133e013bed861163	C:\Users\James\kaggriculture\benchmark\match_cache\89819165334802493d8dbf36ba882c1d2c3c51e4ee6f6aa0133e013bed861163.json
a0f53745033d6ae4f759cd2aceed33915c84248fa68bf1093d28e74d7db557a9	C:\Users\James\kaggriculture\benchmark\match_cache\a0f53745033d6ae4f759cd2aceed33915c84248fa68bf1093d28e74d7db557a9.json
0f385ede75deb5ed64d2f192bf0ed4fcd1b01aa45af721a15bdd9afcd590304b	C:\Users\James\kaggriculture\benchmark\match_cache\0f385ede75deb5ed64d2f192bf0ed4fcd1b01aa45af721a15bdd9afcd590304b.json
23b2a3d6a500c5fed6d854db3f62cdc9f9a5a2c9718347be71291e0117a36648	C:\Users\James\kaggriculture\benchmark\match_cache\23b2a3d6a500c5fed6d854db3f62cdc9f9a5a2c9718347be71291e0117a36648.json
05a3eb7229f18acb37ce311235e6ef7ad9ae882213c91b4a93b6844280fd0321	C:\Users\James\kaggriculture\benchmark\match_cache\05a3eb7229f18acb37ce311235e6ef7ad9ae882213c91b4a93b6844280fd0321.json
719c6587f250fe79c4f607fc4d3712880c7c2231f83247507dc99d398cb7181c	C:\Users\James\kaggriculture\benchmark\match_cache\719c6587f250fe79c4f607fc4d3712880c7c2231f83247507dc99d398cb7181c.json
47d1b8fc8ce16d4f99eba0d2ad4bb435f8520eb2df9f9c74bc88f3ddf269dd12	C:\Users\James\kaggriculture\benchmark\match_cache\47d1b8fc8ce16d4f99eba0d2ad4bb435f8520eb2df9f9c74bc88f3ddf269dd12.json
79102386a2fa6ea16a6804198913c05c2ec47ef003ad525c14c5cf5e869a52dd	C:\Users\James\kaggriculture\benchmark\match_cache\79102386a2fa6ea16a6804198913c05c2ec47ef003ad525c14c5cf5e869a52dd.json
1e7c6a53612d1402be1124aa059bdf78e7427fda449eab0fbc545ce68d0eee94	C:\Users\James\kaggriculture\benchmark\match_cache\1e7c6a53612d1402be1124aa059bdf78e7427fda449eab0fbc545ce68d0eee94.json
cd3fc746db4c0e0dc7539874f50244a427d06a9df284c23b8c54872535f63070	C:\Users\James\kaggriculture\benchmark\match_cache\cd3fc746db4c0e0dc7539874f50244a427d06a9df284c23b8c54872535f63070.json
b191a1ebbfd7c5c8744a41340de6eee069af1ca5ffcf3b7dcd22faf8d33b5c7d	C:\Users\James\kaggriculture\benchmark\match_cache\b191a1ebbfd7c5c8744a41340de6eee069af1ca5ffcf3b7dcd22faf8d33b5c7d.json
0387ca9bd2384b2176ffb3ffb0d13fad21342e6adb78fea505dd295e6057f76a	C:\Users\James\kaggriculture\benchmark\match_cache\0387ca9bd2384b2176ffb3ffb0d13fad21342e6adb78fea505dd295e6057f76a.json
4162e60ed7fdfa523eaf970e4cc80017260cc08890df1b6b9aadbf0bffb509cf	C:\Users\James\kaggriculture\benchmark\match_cache\4162e60ed7fdfa523eaf970e4cc80017260cc08890df1b6b9aadbf0bffb509cf.json
5341e367b85ff91f4de23f71e67f57bfa782f8b0557ca0b1942fe189187a9f41	C:\Users\James\kaggriculture\benchmark\match_cache\5341e367b85ff91f4de23f71e67f57bfa782f8b0557ca0b1942fe189187a9f41.json
f13ff81b3e72c84b1473140566283afc34809b985c37f48522a73a838c25663a	C:\Users\James\kaggriculture\benchmark\match_cache\f13ff81b3e72c84b1473140566283afc34809b985c37f48522a73a838c25663a.json
ee6ba5622bb6906a5812acfe72c03d37a7ec7cc31e3aba2f2a3659dba255487c	C:\Users\James\kaggriculture\benchmark\match_cache\ee6ba5622bb6906a5812acfe72c03d37a7ec7cc31e3aba2f2a3659dba255487c.json
130f41da37e60cd95b5c4c91ecd6358a924592b5f28d09902b93cee54e2dafb9	C:\Users\James\kaggriculture\benchmark\match_cache\130f41da37e60cd95b5c4c91ecd6358a924592b5f28d09902b93cee54e2dafb9.json
7a51b4656202a893220d62f6ffe9fe933571cb93df3072624905a0404e9e3fd9	C:\Users\James\kaggriculture\benchmark\match_cache\7a51b4656202a893220d62f6ffe9fe933571cb93df3072624905a0404e9e3fd9.json
cea71703f5d6128e2a3d581a5093979049ad2b8998df389a65c0b803311e313a	C:\Users\James\kaggriculture\benchmark\match_cache\cea71703f5d6128e2a3d581a5093979049ad2b8998df389a65c0b803311e313a.json
f467c8e4d4143d4a9e513f3b04b4661328c50aa594de010c205816019b2078a7	C:\Users\James\kaggriculture\benchmark\match_cache\f467c8e4d4143d4a9e513f3b04b4661328c50aa594de010c205816019b2078a7.json
82024400b1b3b9ee81d2ea4d961004c9216b8e9914b5a8fe0a7c190d7b1d0de0	C:\Users\James\kaggriculture\benchmark\match_cache\82024400b1b3b9ee81d2ea4d961004c9216b8e9914b5a8fe0a7c190d7b1d0de0.json
652b3948879ff68527beffa1daaaa5631509edce6759fd1ef7ea86976545986b	C:\Users\James\kaggriculture\benchmark\match_cache\652b3948879ff68527beffa1daaaa5631509edce6759fd1ef7ea86976545986b.json
2189fc22a755c47a20b744942769858ee8f93a9a41c3e01980f8b5f064aadd47	C:\Users\James\kaggriculture\benchmark\match_cache\2189fc22a755c47a20b744942769858ee8f93a9a41c3e01980f8b5f064aadd47.json
1d1daa47e8df2b40ae342b673f3188d6598814a961f58288fab086c82d37668d	C:\Users\James\kaggriculture\benchmark\match_cache\1d1daa47e8df2b40ae342b673f3188d6598814a961f58288fab086c82d37668d.json
6088c1897680661264f5ba23600ee5a3a29554493b82821a2fd6d5fc4366a5eb	C:\Users\James\kaggriculture\benchmark\match_cache\6088c1897680661264f5ba23600ee5a3a29554493b82821a2fd6d5fc4366a5eb.json
e76e3bf81701b10fdefb7f555af60e93c4a9ea35db71fadc13f03ac22463f424	C:\Users\James\kaggriculture\benchmark\match_cache\e76e3bf81701b10fdefb7f555af60e93c4a9ea35db71fadc13f03ac22463f424.json
0a544982cae6aac4510cfe69a92fb2029248b715a1550166aa8cfd4ad5caa64c	C:\Users\James\kaggriculture\benchmark\match_cache\0a544982cae6aac4510cfe69a92fb2029248b715a1550166aa8cfd4ad5caa64c.json
15fa405cbf8c7d0c12c286eef8c4faf99894776652f5ce93be5cea3b4525d860	C:\Users\James\kaggriculture\benchmark\match_cache\15fa405cbf8c7d0c12c286eef8c4faf99894776652f5ce93be5cea3b4525d860.json
5149b383b49bcc6417cbfbca7802632600e216d15a520709c07053bc617ee8c0	C:\Users\James\kaggriculture\benchmark\match_cache\5149b383b49bcc6417cbfbca7802632600e216d15a520709c07053bc617ee8c0.json
6beefedc365cf7a8a61c24ea24c303c02d52c6fc5726b4148a1125a5b06200e9	C:\Users\James\kaggriculture\benchmark\match_cache\6beefedc365cf7a8a61c24ea24c303c02d52c6fc5726b4148a1125a5b06200e9.json
e7c9d5fcf8aa39c1d8c34a1241f5b130ae6b9cd98f76ed5516074dacf7092185	C:\Users\James\kaggriculture\benchmark\match_cache\e7c9d5fcf8aa39c1d8c34a1241f5b130ae6b9cd98f76ed5516074dacf7092185.json
cc4d243402cfe5c8a731326845aea09a8bcae714793c342d2aea58a704f9991d	C:\Users\James\kaggriculture\benchmark\match_cache\cc4d243402cfe5c8a731326845aea09a8bcae714793c342d2aea58a704f9991d.json
52a9be964a53478f440c5aafbd2c4e5007b8690062b71942fb1dcfad149b42fa	C:\Users\James\kaggriculture\benchmark\match_cache\52a9be964a53478f440c5aafbd2c4e5007b8690062b71942fb1dcfad149b42fa.json
49b8f67a8acc487910db966447002d3981d58a62952aa59df1e9381b4b076a9f	C:\Users\James\kaggriculture\benchmark\match_cache\49b8f67a8acc487910db966447002d3981d58a62952aa59df1e9381b4b076a9f.json
5b96a1b1038e1d44c3af946d59b9ad6e7e726bb32722d24862ce1c43990367cb	C:\Users\James\kaggriculture\benchmark\match_cache\5b96a1b1038e1d44c3af946d59b9ad6e7e726bb32722d24862ce1c43990367cb.json
5af104d53bdc56a810a325c4882cf45031ca6f331bfaeb284458342d36dcfc80	C:\Users\James\kaggriculture\benchmark\match_cache\5af104d53bdc56a810a325c4882cf45031ca6f331bfaeb284458342d36dcfc80.json
7bcfc82f8e72294ed7841383b1bfc168db2948af1fbac68c65ccf2021bf19289	C:\Users\James\kaggriculture\benchmark\match_cache\7bcfc82f8e72294ed7841383b1bfc168db2948af1fbac68c65ccf2021bf19289.json
b517edb6d747db1f31567791fe6f3c4e08b8609950b2154c3f1fd06a03149c26	C:\Users\James\kaggriculture\benchmark\match_cache\b517edb6d747db1f31567791fe6f3c4e08b8609950b2154c3f1fd06a03149c26.json
08cc17709d0fb501a9f85b1cd5ca5440aff972a9b2f4200bdf765993efd55286	C:\Users\James\kaggriculture\benchmark\match_cache\08cc17709d0fb501a9f85b1cd5ca5440aff972a9b2f4200bdf765993efd55286.json
21a37ae5704d9e8ffa5d37e1ce982740c7154197660a7cdb02a4f8557435f103	C:\Users\James\kaggriculture\benchmark\match_cache\21a37ae5704d9e8ffa5d37e1ce982740c7154197660a7cdb02a4f8557435f103.json
744bd3953df0a6d890b9346532a9f59da37b0504be910f3ccccf9c5d446cf1c5	C:\Users\James\kaggriculture\benchmark\match_cache\744bd3953df0a6d890b9346532a9f59da37b0504be910f3ccccf9c5d446cf1c5.json
b46178f0e2171f42678f7ec8d9d69ee294fad9447606aa8c4a13bf89df62de79	C:\Users\James\kaggriculture\benchmark\match_cache\b46178f0e2171f42678f7ec8d9d69ee294fad9447606aa8c4a13bf89df62de79.json
ffab3c4832664990b603995fe51394cea0e10289c6fb11adb6cead9b086ee97a	C:\Users\James\kaggriculture\benchmark\match_cache\ffab3c4832664990b603995fe51394cea0e10289c6fb11adb6cead9b086ee97a.json
55093a97d928d12bad38806cc0104dcc89e5b2bb92c1e9e9d0efe2e62ed8aacf	C:\Users\James\kaggriculture\benchmark\match_cache\55093a97d928d12bad38806cc0104dcc89e5b2bb92c1e9e9d0efe2e62ed8aacf.json
9379ee43fe01b64f03e987dd25c5ba96cea1f5df840ceb8b642b5b9ab09f193c	C:\Users\James\kaggriculture\benchmark\match_cache\9379ee43fe01b64f03e987dd25c5ba96cea1f5df840ceb8b642b5b9ab09f193c.json
941575fb49031fca6b5ea52cface3454f604393fbcc23773cc6f6da19a28a86c	C:\Users\James\kaggriculture\benchmark\match_cache\941575fb49031fca6b5ea52cface3454f604393fbcc23773cc6f6da19a28a86c.json
4b2dff0dc83f47af240dc43cf4f5858a0f78d4d2851567a753df8d1bfb8150ee	C:\Users\James\kaggriculture\benchmark\match_cache\4b2dff0dc83f47af240dc43cf4f5858a0f78d4d2851567a753df8d1bfb8150ee.json
a059180aa0d82f291200cc38cde8faff10650673532f89efc3b1e865c30b04ba	C:\Users\James\kaggriculture\benchmark\match_cache\a059180aa0d82f291200cc38cde8faff10650673532f89efc3b1e865c30b04ba.json
d0c1e913ed75fa49d3229890d982d3b8cbc561e3708a70cc49c51131af5b18b5	C:\Users\James\kaggriculture\benchmark\match_cache\d0c1e913ed75fa49d3229890d982d3b8cbc561e3708a70cc49c51131af5b18b5.json
57d5ddc2b6ef39d8501c651807abb74a2e8637ce075f22e56b869296ce26d354	C:\Users\James\kaggriculture\benchmark\match_cache\57d5ddc2b6ef39d8501c651807abb74a2e8637ce075f22e56b869296ce26d354.json
67839c1913a53f125d3920598c4abc34a33c5692343dedbee0d70cfed8f45fbf	C:\Users\James\kaggriculture\benchmark\match_cache\67839c1913a53f125d3920598c4abc34a33c5692343dedbee0d70cfed8f45fbf.json
1b7532450c189ea47d344a6304fe5b19523115566ded189910779e23129a9e50	C:\Users\James\kaggriculture\benchmark\match_cache\1b7532450c189ea47d344a6304fe5b19523115566ded189910779e23129a9e50.json
cd9d1a409865362cec7b5462a95318d01231c7e6d1fbdf6f616a83a08083563e	C:\Users\James\kaggriculture\benchmark\match_cache\cd9d1a409865362cec7b5462a95318d01231c7e6d1fbdf6f616a83a08083563e.json
c6478a198d278366e31779dd725b03a4ee8b543c8c1fdd8b0c0aa9031d9775c4	C:\Users\James\kaggriculture\benchmark\match_cache\c6478a198d278366e31779dd725b03a4ee8b543c8c1fdd8b0c0aa9031d9775c4.json
792e2f8688bf43084d845ea836255029862f9f01e9f69a531486afd21d2dba70	C:\Users\James\kaggriculture\benchmark\match_cache\792e2f8688bf43084d845ea836255029862f9f01e9f69a531486afd21d2dba70.json
999313641b2062d6c55e8e47a6d856443f7440fe7ba9ff0fbba252af0f7d8923	C:\Users\James\kaggriculture\benchmark\match_cache\999313641b2062d6c55e8e47a6d856443f7440fe7ba9ff0fbba252af0f7d8923.json
6e0103ee0fd1d287632f59f187c712eba710bb540b11a4847eade26d19796a6a	C:\Users\James\kaggriculture\benchmark\match_cache\6e0103ee0fd1d287632f59f187c712eba710bb540b11a4847eade26d19796a6a.json
7f8ff2c8b73609c7e16b03319df97690553036b5fa24356cbbf488daee588094	C:\Users\James\kaggriculture\benchmark\match_cache\7f8ff2c8b73609c7e16b03319df97690553036b5fa24356cbbf488daee588094.json
84be5e9a3ebce5fbb77b2f058d9fdfb1d52bcb167b3401038a5036f6cdca7354	C:\Users\James\kaggriculture\benchmark\match_cache\84be5e9a3ebce5fbb77b2f058d9fdfb1d52bcb167b3401038a5036f6cdca7354.json
8d52e396597f5e49190a36e32b5d47dcc093d9cdae5b1c8aa7847c1b4c573607	C:\Users\James\kaggriculture\benchmark\match_cache\8d52e396597f5e49190a36e32b5d47dcc093d9cdae5b1c8aa7847c1b4c573607.json
a882dfe6b5fc4208daa104d9d7fe90243d87f9572fa9c7ef73c269257a074a5c	C:\Users\James\kaggriculture\benchmark\match_cache\a882dfe6b5fc4208daa104d9d7fe90243d87f9572fa9c7ef73c269257a074a5c.json
b47faa48cc4d0017688d310033192ec28dc3f3f9b52e28e6c9c34503481a08d9	C:\Users\James\kaggriculture\benchmark\match_cache\b47faa48cc4d0017688d310033192ec28dc3f3f9b52e28e6c9c34503481a08d9.json
3c0ea72c753fb48fba1b79cd163229d6f27f68867b24550c470c316032525337	C:\Users\James\kaggriculture\benchmark\match_cache\3c0ea72c753fb48fba1b79cd163229d6f27f68867b24550c470c316032525337.json
7992b56c2da0e78e745a4586be54a88f440fead5e712b09b1b756da16478d9f6	C:\Users\James\kaggriculture\benchmark\match_cache\7992b56c2da0e78e745a4586be54a88f440fead5e712b09b1b756da16478d9f6.json
990f1dcb5c9e777134c93346c355d72cfa93bd842c67dfcdb9425c3f20dcefdd	C:\Users\James\kaggriculture\benchmark\match_cache\990f1dcb5c9e777134c93346c355d72cfa93bd842c67dfcdb9425c3f20dcefdd.json
e67b0e1a29d3d9bcd5396d36a45735294d3bc870035234b4bcee06cba9d8ffe4	C:\Users\James\kaggriculture\benchmark\match_cache\e67b0e1a29d3d9bcd5396d36a45735294d3bc870035234b4bcee06cba9d8ffe4.json
1f808c61d92371e9015673b2d249c1686d671f18b0814c6014bb19c6025ed39a	C:\Users\James\kaggriculture\benchmark\match_cache\1f808c61d92371e9015673b2d249c1686d671f18b0814c6014bb19c6025ed39a.json
a60ef66d78ab8822e2b42ca1afed6ed289d355b302b739a9abfe9c6f4979af1f	C:\Users\James\kaggriculture\benchmark\match_cache\a60ef66d78ab8822e2b42ca1afed6ed289d355b302b739a9abfe9c6f4979af1f.json
d14f3aff8604611c14159dc325ad2e10846d50c293c23eb5588451fbd83f30b1	C:\Users\James\kaggriculture\benchmark\match_cache\d14f3aff8604611c14159dc325ad2e10846d50c293c23eb5588451fbd83f30b1.json
a7d6e5f3cef29167a14e521676dbaf7bd72cc319bc632be8055bac0a7358e049	C:\Users\James\kaggriculture\benchmark\match_cache\a7d6e5f3cef29167a14e521676dbaf7bd72cc319bc632be8055bac0a7358e049.json
