experiment_id,run_id,environment_version,candidate_sha,candidate_name,opponent_sha,opponent_name,seed,seat,candidate_cash,opponent_cash,win,loss,tie,candidate_status,opponent_status,candidate_calls,opponent_calls,valid,invalid_reason,wall_s
p3066_c001_v51,784b5c11540d3349,kaggle-environments 1.32.7,a52ba1bfe9df9dc1d504550af46744ef8d474797cdba7af2412dc40a3ebdf3b8,main,c1e3590d02e42d16091c5377e87a3db16496e5a462d558dc2925887f835f9891,main,1589371,0,86488,86481,1,0,0,DONE,DONE,719,719,1,,4.68
p3066_c001_v51,784b5c11540d3349,kaggle-environments 1.32.7,a52ba1bfe9df9dc1d504550af46744ef8d474797cdba7af2412dc40a3ebdf3b8,main,c1e3590d02e42d16091c5377e87a3db16496e5a462d558dc2925887f835f9891,main,1589371,1,86488,86481,1,0,0,DONE,DONE,719,719,1,,4.96
p3066_c001_v51,784b5c11540d3349,kaggle-environments 1.32.7,a52ba1bfe9df9dc1d504550af46744ef8d474797cdba7af2412dc40a3ebdf3b8,main,c1e3590d02e42d16091c5377e87a3db16496e5a462d558dc2925887f835f9891,main,2527947,0,97971,97929,1,0,0,DONE,DONE,719,719,1,,4.99
p3066_c001_v51,784b5c11540d3349,kaggle-environments 1.32.7,a52ba1bfe9df9dc1d504550af46744ef8d474797cdba7af2412dc40a3ebdf3b8,main,c1e3590d02e42d16091c5377e87a3db16496e5a462d558dc2925887f835f9891,main,2527947,1,97930,97970,0,1,0,DONE,DONE,719,719,1,,5.3
p3066_c001_v51,784b5c11540d3349,kaggle-environments 1.32.7,a52ba1bfe9df9dc1d504550af46744ef8d474797cdba7af2412dc40a3ebdf3b8,main,c1e3590d02e42d16091c5377e87a3db16496e5a462d558dc2925887f835f9891,main,2530515,0,92717,92696,1,0,0,DONE,DONE,719,719,1,,4.78
p3066_c001_v51,784b5c11540d3349,kaggle-environments 1.32.7,a52ba1bfe9df9dc1d504550af46744ef8d474797cdba7af2412dc40a3ebdf3b8,main,c1e3590d02e42d16091c5377e87a3db16496e5a462d558dc2925887f835f9891,main,2530515,1,92717,92696,1,0,0,DONE,DONE,719,719,1,,5.03
p3066_c001_v51,784b5c11540d3349,kaggle-environments 1.32.7,a52ba1bfe9df9dc1d504550af46744ef8d474797cdba7af2412dc40a3ebdf3b8,main,c1e3590d02e42d16091c5377e87a3db16496e5a462d558dc2925887f835f9891,main,2684125,0,119008,118966,1,0,0,DONE,DONE,719,719,1,,4.98
p3066_c001_v51,784b5c11540d3349,kaggle-environments 1.32.7,a52ba1bfe9df9dc1d504550af46744ef8d474797cdba7af2412dc40a3ebdf3b8,main,c1e3590d02e42d16091c5377e87a3db16496e5a462d558dc2925887f835f9891,main,2684125,1,119008,118966,1,0,0,DONE,DONE,719,719,1,,5.05
p3066_c001_v51,784b5c11540d3349,kaggle-environments 1.32.7,a52ba1bfe9df9dc1d504550af46744ef8d474797cdba7af2412dc40a3ebdf3b8,main,c1e3590d02e42d16091c5377e87a3db16496e5a462d558dc2925887f835f9891,main,2704029,0,94312,94311,1,0,0,DONE,DONE,719,719,1,,4.09
p3066_c001_v51,784b5c11540d3349,kaggle-environments 1.32.7,a52ba1bfe9df9dc1d504550af46744ef8d474797cdba7af2412dc40a3ebdf3b8,main,c1e3590d02e42d16091c5377e87a3db16496e5a462d558dc2925887f835f9891,main,2704029,1,94312,94311,1,0,0,DONE,DONE,719,719,1,,4.16
p3066_c001_v51,784b5c11540d3349,kaggle-environments 1.32.7,a52ba1bfe9df9dc1d504550af46744ef8d474797cdba7af2412dc40a3ebdf3b8,main,c1e3590d02e42d16091c5377e87a3db16496e5a462d558dc2925887f835f9891,main,3468142,0,97251,97170,1,0,0,DONE,DONE,719,719,1,,4.35
p3066_c001_v51,784b5c11540d3349,kaggle-environments 1.32.7,a52ba1bfe9df9dc1d504550af46744ef8d474797cdba7af2412dc40a3ebdf3b8,main,c1e3590d02e42d16091c5377e87a3db16496e5a462d558dc2925887f835f9891,main,3468142,1,97251,97170,1,0,0,DONE,DONE,719,719,1,,4.59
p3066_c001_v51,784b5c11540d3349,kaggle-environments 1.32.7,a52ba1bfe9df9dc1d504550af46744ef8d474797cdba7af2412dc40a3ebdf3b8,main,c1e3590d02e42d16091c5377e87a3db16496e5a462d558dc2925887f835f9891,main,5521358,0,77791,77072,1,0,0,DONE,DONE,719,719,1,,4.44
p3066_c001_v51,784b5c11540d3349,kaggle-environments 1.32.7,a52ba1bfe9df9dc1d504550af46744ef8d474797cdba7af2412dc40a3ebdf3b8,main,c1e3590d02e42d16091c5377e87a3db16496e5a462d558dc2925887f835f9891,main,5521358,1,77791,77072,1,0,0,DONE,DONE,719,719,1,,4.16
p3066_c001_v51,784b5c11540d3349,kaggle-environments 1.32.7,a52ba1bfe9df9dc1d504550af46744ef8d474797cdba7af2412dc40a3ebdf3b8,main,c1e3590d02e42d16091c5377e87a3db16496e5a462d558dc2925887f835f9891,main,7923960,0,114468,114418,1,0,0,DONE,DONE,719,719,1,,4.38
p3066_c001_v51,784b5c11540d3349,kaggle-environments 1.32.7,a52ba1bfe9df9dc1d504550af46744ef8d474797cdba7af2412dc40a3ebdf3b8,main,c1e3590d02e42d16091c5377e87a3db16496e5a462d558dc2925887f835f9891,main,7923960,1,114468,114418,1,0,0,DONE,DONE,719,719,1,,4.39
p3066_c001_v51,784b5c11540d3349,kaggle-environments 1.32.7,a52ba1bfe9df9dc1d504550af46744ef8d474797cdba7af2412dc40a3ebdf3b8,main,c1e3590d02e42d16091c5377e87a3db16496e5a462d558dc2925887f835f9891,main,9421863,0,115498,115297,1,0,0,DONE,DONE,719,719,1,,4.19
p3066_c001_v51,784b5c11540d3349,kaggle-environments 1.32.7,a52ba1bfe9df9dc1d504550af46744ef8d474797cdba7af2412dc40a3ebdf3b8,main,c1e3590d02e42d16091c5377e87a3db16496e5a462d558dc2925887f835f9891,main,9421863,1,115498,115297,1,0,0,DONE,DONE,719,719,1,,4.14
p3066_c001_v51,784b5c11540d3349,kaggle-environments 1.32.7,a52ba1bfe9df9dc1d504550af46744ef8d474797cdba7af2412dc40a3ebdf3b8,main,c1e3590d02e42d16091c5377e87a3db16496e5a462d558dc2925887f835f9891,main,11791344,0,88401,89719,0,1,0,DONE,DONE,719,719,1,,4.42
p3066_c001_v51,784b5c11540d3349,kaggle-environments 1.32.7,a52ba1bfe9df9dc1d504550af46744ef8d474797cdba7af2412dc40a3ebdf3b8,main,c1e3590d02e42d16091c5377e87a3db16496e5a462d558dc2925887f835f9891,main,11791344,1,88401,89719,0,1,0,DONE,DONE,719,719,1,,4.74
p3066_c001_v51,784b5c11540d3349,kaggle-environments 1.32.7,a52ba1bfe9df9dc1d504550af46744ef8d474797cdba7af2412dc40a3ebdf3b8,main,c1e3590d02e42d16091c5377e87a3db16496e5a462d558dc2925887f835f9891,main,11837966,0,75705,75704,1,0,0,DONE,DONE,719,719,1,,4.26
p3066_c001_v51,784b5c11540d3349,kaggle-environments 1.32.7,a52ba1bfe9df9dc1d504550af46744ef8d474797cdba7af2412dc40a3ebdf3b8,main,c1e3590d02e42d16091c5377e87a3db16496e5a462d558dc2925887f835f9891,main,11837966,1,75705,75704,1,0,0,DONE,DONE,719,719,1,,4.46
p3066_c001_v51,784b5c11540d3349,kaggle-environments 1.32.7,a52ba1bfe9df9dc1d504550af46744ef8d474797cdba7af2412dc40a3ebdf3b8,main,c1e3590d02e42d16091c5377e87a3db16496e5a462d558dc2925887f835f9891,main,11961457,0,125208,126264,0,1,0,DONE,DONE,719,719,1,,4.71
p3066_c001_v51,784b5c11540d3349,kaggle-environments 1.32.7,a52ba1bfe9df9dc1d504550af46744ef8d474797cdba7af2412dc40a3ebdf3b8,main,c1e3590d02e42d16091c5377e87a3db16496e5a462d558dc2925887f835f9891,main,11961457,1,126264,125208,1,0,0,DONE,DONE,719,719,1,,4.46
p3066_c001_v51,784b5c11540d3349,kaggle-environments 1.32.7,a52ba1bfe9df9dc1d504550af46744ef8d474797cdba7af2412dc40a3ebdf3b8,main,c1e3590d02e42d16091c5377e87a3db16496e5a462d558dc2925887f835f9891,main,15332070,0,88135,88117,1,0,0,DONE,DONE,719,719,1,,4.17
p3066_c001_v51,784b5c11540d3349,kaggle-environments 1.32.7,a52ba1bfe9df9dc1d504550af46744ef8d474797cdba7af2412dc40a3ebdf3b8,main,c1e3590d02e42d16091c5377e87a3db16496e5a462d558dc2925887f835f9891,main,15332070,1,88135,88117,1,0,0,DONE,DONE,719,719,1,,4.39
p3066_c001_v51,784b5c11540d3349,kaggle-environments 1.32.7,a52ba1bfe9df9dc1d504550af46744ef8d474797cdba7af2412dc40a3ebdf3b8,main,c1e3590d02e42d16091c5377e87a3db16496e5a462d558dc2925887f835f9891,main,20365933,0,62949,62949,0,0,1,DONE,DONE,719,719,1,,4.18
p3066_c001_v51,784b5c11540d3349,kaggle-environments 1.32.7,a52ba1bfe9df9dc1d504550af46744ef8d474797cdba7af2412dc40a3ebdf3b8,main,c1e3590d02e42d16091c5377e87a3db16496e5a462d558dc2925887f835f9891,main,20365933,1,62949,62949,0,0,1,DONE,DONE,719,719,1,,4.26
p3066_c001_v51,784b5c11540d3349,kaggle-environments 1.32.7,a52ba1bfe9df9dc1d504550af46744ef8d474797cdba7af2412dc40a3ebdf3b8,main,c1e3590d02e42d16091c5377e87a3db16496e5a462d558dc2925887f835f9891,main,20666293,0,73247,73247,0,0,1,DONE,DONE,719,719,1,,4.21
p3066_c001_v51,784b5c11540d3349,kaggle-environments 1.32.7,a52ba1bfe9df9dc1d504550af46744ef8d474797cdba7af2412dc40a3ebdf3b8,main,c1e3590d02e42d16091c5377e87a3db16496e5a462d558dc2925887f835f9891,main,20666293,1,73247,73247,0,0,1,DONE,DONE,719,719,1,,4.38
p3066_c001_v51,784b5c11540d3349,kaggle-environments 1.32.7,a52ba1bfe9df9dc1d504550af46744ef8d474797cdba7af2412dc40a3ebdf3b8,main,c1e3590d02e42d16091c5377e87a3db16496e5a462d558dc2925887f835f9891,main,20772491,0,140230,139946,1,0,0,DONE,DONE,719,719,1,,4.63
p3066_c001_v51,784b5c11540d3349,kaggle-environments 1.32.7,a52ba1bfe9df9dc1d504550af46744ef8d474797cdba7af2412dc40a3ebdf3b8,main,c1e3590d02e42d16091c5377e87a3db16496e5a462d558dc2925887f835f9891,main,20772491,1,140230,139946,1,0,0,DONE,DONE,719,719,1,,4.5
p3066_c001_v51,784b5c11540d3349,kaggle-environments 1.32.7,a52ba1bfe9df9dc1d504550af46744ef8d474797cdba7af2412dc40a3ebdf3b8,main,c1e3590d02e42d16091c5377e87a3db16496e5a462d558dc2925887f835f9891,main,22791941,0,98682,99267,0,1,0,DONE,DONE,719,719,1,,4.47
p3066_c001_v51,784b5c11540d3349,kaggle-environments 1.32.7,a52ba1bfe9df9dc1d504550af46744ef8d474797cdba7af2412dc40a3ebdf3b8,main,c1e3590d02e42d16091c5377e87a3db16496e5a462d558dc2925887f835f9891,main,22791941,1,98682,99267,0,1,0,DONE,DONE,719,719,1,,4.43
p3066_c001_v51,784b5c11540d3349,kaggle-environments 1.32.7,a52ba1bfe9df9dc1d504550af46744ef8d474797cdba7af2412dc40a3ebdf3b8,main,c1e3590d02e42d16091c5377e87a3db16496e5a462d558dc2925887f835f9891,main,24577019,0,97446,97446,0,0,1,DONE,DONE,719,719,1,,4.16
p3066_c001_v51,784b5c11540d3349,kaggle-environments 1.32.7,a52ba1bfe9df9dc1d504550af46744ef8d474797cdba7af2412dc40a3ebdf3b8,main,c1e3590d02e42d16091c5377e87a3db16496e5a462d558dc2925887f835f9891,main,24577019,1,97446,97446,0,0,1,DONE,DONE,719,719,1,,4.2
p3066_c001_v51,784b5c11540d3349,kaggle-environments 1.32.7,a52ba1bfe9df9dc1d504550af46744ef8d474797cdba7af2412dc40a3ebdf3b8,main,c1e3590d02e42d16091c5377e87a3db16496e5a462d558dc2925887f835f9891,main,25490548,0,62667,62667,0,0,1,DONE,DONE,719,719,1,,4.51
p3066_c001_v51,784b5c11540d3349,kaggle-environments 1.32.7,a52ba1bfe9df9dc1d504550af46744ef8d474797cdba7af2412dc40a3ebdf3b8,main,c1e3590d02e42d16091c5377e87a3db16496e5a462d558dc2925887f835f9891,main,25490548,1,62667,62667,0,0,1,DONE,DONE,719,719,1,,4.42
p3066_c001_v51,784b5c11540d3349,kaggle-environments 1.32.7,a52ba1bfe9df9dc1d504550af46744ef8d474797cdba7af2412dc40a3ebdf3b8,main,c1e3590d02e42d16091c5377e87a3db16496e5a462d558dc2925887f835f9891,main,26407067,0,116040,114430,1,0,0,DONE,DONE,719,719,1,,4.93
p3066_c001_v51,784b5c11540d3349,kaggle-environments 1.32.7,a52ba1bfe9df9dc1d504550af46744ef8d474797cdba7af2412dc40a3ebdf3b8,main,c1e3590d02e42d16091c5377e87a3db16496e5a462d558dc2925887f835f9891,main,26407067,1,116040,114430,1,0,0,DONE,DONE,719,719,1,,4.71
p3066_c001_v51,784b5c11540d3349,kaggle-environments 1.32.7,a52ba1bfe9df9dc1d504550af46744ef8d474797cdba7af2412dc40a3ebdf3b8,main,c1e3590d02e42d16091c5377e87a3db16496e5a462d558dc2925887f835f9891,main,28510988,0,105591,106640,0,1,0,DONE,DONE,719,719,1,,4.16
p3066_c001_v51,784b5c11540d3349,kaggle-environments 1.32.7,a52ba1bfe9df9dc1d504550af46744ef8d474797cdba7af2412dc40a3ebdf3b8,main,c1e3590d02e42d16091c5377e87a3db16496e5a462d558dc2925887f835f9891,main,28510988,1,106647,105583,1,0,0,DONE,DONE,719,719,1,,4.08
p3066_c001_v51,784b5c11540d3349,kaggle-environments 1.32.7,a52ba1bfe9df9dc1d504550af46744ef8d474797cdba7af2412dc40a3ebdf3b8,main,c1e3590d02e42d16091c5377e87a3db16496e5a462d558dc2925887f835f9891,main,29394016,0,93105,93105,0,0,1,DONE,DONE,719,719,1,,4.46
p3066_c001_v51,784b5c11540d3349,kaggle-environments 1.32.7,a52ba1bfe9df9dc1d504550af46744ef8d474797cdba7af2412dc40a3ebdf3b8,main,c1e3590d02e42d16091c5377e87a3db16496e5a462d558dc2925887f835f9891,main,29394016,1,93105,93105,0,0,1,DONE,DONE,719,719,1,,4.57
p3066_c001_v51,784b5c11540d3349,kaggle-environments 1.32.7,a52ba1bfe9df9dc1d504550af46744ef8d474797cdba7af2412dc40a3ebdf3b8,main,c1e3590d02e42d16091c5377e87a3db16496e5a462d558dc2925887f835f9891,main,30998681,0,95095,94559,1,0,0,DONE,DONE,719,719,1,,4.56
p3066_c001_v51,784b5c11540d3349,kaggle-environments 1.32.7,a52ba1bfe9df9dc1d504550af46744ef8d474797cdba7af2412dc40a3ebdf3b8,main,c1e3590d02e42d16091c5377e87a3db16496e5a462d558dc2925887f835f9891,main,30998681,1,95095,94559,1,0,0,DONE,DONE,719,719,1,,4.38
p3066_c001_v51,784b5c11540d3349,kaggle-environments 1.32.7,a52ba1bfe9df9dc1d504550af46744ef8d474797cdba7af2412dc40a3ebdf3b8,main,c1e3590d02e42d16091c5377e87a3db16496e5a462d558dc2925887f835f9891,main,31863189,0,76357,76357,0,0,1,DONE,DONE,719,719,1,,4.59
p3066_c001_v51,784b5c11540d3349,kaggle-environments 1.32.7,a52ba1bfe9df9dc1d504550af46744ef8d474797cdba7af2412dc40a3ebdf3b8,main,c1e3590d02e42d16091c5377e87a3db16496e5a462d558dc2925887f835f9891,main,31863189,1,76357,76357,0,0,1,DONE,DONE,719,719,1,,4.38
p3066_c001_v51,784b5c11540d3349,kaggle-environments 1.32.7,a52ba1bfe9df9dc1d504550af46744ef8d474797cdba7af2412dc40a3ebdf3b8,main,c1e3590d02e42d16091c5377e87a3db16496e5a462d558dc2925887f835f9891,main,33394953,0,79224,79215,1,0,0,DONE,DONE,719,719,1,,4.33
p3066_c001_v51,784b5c11540d3349,kaggle-environments 1.32.7,a52ba1bfe9df9dc1d504550af46744ef8d474797cdba7af2412dc40a3ebdf3b8,main,c1e3590d02e42d16091c5377e87a3db16496e5a462d558dc2925887f835f9891,main,33394953,1,79224,79215,1,0,0,DONE,DONE,719,719,1,,4.2
p3066_c001_v51,784b5c11540d3349,kaggle-environments 1.32.7,a52ba1bfe9df9dc1d504550af46744ef8d474797cdba7af2412dc40a3ebdf3b8,main,c1e3590d02e42d16091c5377e87a3db16496e5a462d558dc2925887f835f9891,main,36001919,0,97051,96991,1,0,0,DONE,DONE,719,719,1,,4.42
p3066_c001_v51,784b5c11540d3349,kaggle-environments 1.32.7,a52ba1bfe9df9dc1d504550af46744ef8d474797cdba7af2412dc40a3ebdf3b8,main,c1e3590d02e42d16091c5377e87a3db16496e5a462d558dc2925887f835f9891,main,36001919,1,97051,96991,1,0,0,DONE,DONE,719,719,1,,4.47
p3066_c001_v51,784b5c11540d3349,kaggle-environments 1.32.7,a52ba1bfe9df9dc1d504550af46744ef8d474797cdba7af2412dc40a3ebdf3b8,main,c1e3590d02e42d16091c5377e87a3db16496e5a462d558dc2925887f835f9891,main,39134138,0,102811,102820,0,1,0,DONE,DONE,719,719,1,,4.49
p3066_c001_v51,784b5c11540d3349,kaggle-environments 1.32.7,a52ba1bfe9df9dc1d504550af46744ef8d474797cdba7af2412dc40a3ebdf3b8,main,c1e3590d02e42d16091c5377e87a3db16496e5a462d558dc2925887f835f9891,main,39134138,1,102811,102820,0,1,0,DONE,DONE,719,719,1,,4.45
p3066_c001_v51,784b5c11540d3349,kaggle-environments 1.32.7,a52ba1bfe9df9dc1d504550af46744ef8d474797cdba7af2412dc40a3ebdf3b8,main,c1e3590d02e42d16091c5377e87a3db16496e5a462d558dc2925887f835f9891,main,43999691,0,76289,76286,1,0,0,DONE,DONE,719,719,1,,4.95
p3066_c001_v51,784b5c11540d3349,kaggle-environments 1.32.7,a52ba1bfe9df9dc1d504550af46744ef8d474797cdba7af2412dc40a3ebdf3b8,main,c1e3590d02e42d16091c5377e87a3db16496e5a462d558dc2925887f835f9891,main,43999691,1,76289,76286,1,0,0,DONE,DONE,719,719,1,,4.75
p3066_c001_v51,784b5c11540d3349,kaggle-environments 1.32.7,a52ba1bfe9df9dc1d504550af46744ef8d474797cdba7af2412dc40a3ebdf3b8,main,c1e3590d02e42d16091c5377e87a3db16496e5a462d558dc2925887f835f9891,main,44085303,0,104190,104115,1,0,0,DONE,DONE,719,719,1,,4.56
p3066_c001_v51,784b5c11540d3349,kaggle-environments 1.32.7,a52ba1bfe9df9dc1d504550af46744ef8d474797cdba7af2412dc40a3ebdf3b8,main,c1e3590d02e42d16091c5377e87a3db16496e5a462d558dc2925887f835f9891,main,44085303,1,104190,104115,1,0,0,DONE,DONE,719,719,1,,4.53
p3066_c001_v51,784b5c11540d3349,kaggle-environments 1.32.7,a52ba1bfe9df9dc1d504550af46744ef8d474797cdba7af2412dc40a3ebdf3b8,main,c1e3590d02e42d16091c5377e87a3db16496e5a462d558dc2925887f835f9891,main,46152523,0,90760,90270,1,0,0,DONE,DONE,719,719,1,,4.27
p3066_c001_v51,784b5c11540d3349,kaggle-environments 1.32.7,a52ba1bfe9df9dc1d504550af46744ef8d474797cdba7af2412dc40a3ebdf3b8,main,c1e3590d02e42d16091c5377e87a3db16496e5a462d558dc2925887f835f9891,main,46152523,1,90760,90270,1,0,0,DONE,DONE,719,719,1,,4.59
p3066_c001_v51,784b5c11540d3349,kaggle-environments 1.32.7,a52ba1bfe9df9dc1d504550af46744ef8d474797cdba7af2412dc40a3ebdf3b8,main,c1e3590d02e42d16091c5377e87a3db16496e5a462d558dc2925887f835f9891,main,47794640,0,61066,61055,1,0,0,DONE,DONE,719,719,1,,4.3
p3066_c001_v51,784b5c11540d3349,kaggle-environments 1.32.7,a52ba1bfe9df9dc1d504550af46744ef8d474797cdba7af2412dc40a3ebdf3b8,main,c1e3590d02e42d16091c5377e87a3db16496e5a462d558dc2925887f835f9891,main,47794640,1,61066,61055,1,0,0,DONE,DONE,719,719,1,,4.16
p3066_c001_v51,784b5c11540d3349,kaggle-environments 1.32.7,a52ba1bfe9df9dc1d504550af46744ef8d474797cdba7af2412dc40a3ebdf3b8,main,c1e3590d02e42d16091c5377e87a3db16496e5a462d558dc2925887f835f9891,main,48301656,0,65768,65754,1,0,0,DONE,DONE,719,719,1,,4.59
p3066_c001_v51,784b5c11540d3349,kaggle-environments 1.32.7,a52ba1bfe9df9dc1d504550af46744ef8d474797cdba7af2412dc40a3ebdf3b8,main,c1e3590d02e42d16091c5377e87a3db16496e5a462d558dc2925887f835f9891,main,48301656,1,65768,65754,1,0,0,DONE,DONE,719,719,1,,4.37
p3066_c001_v51,784b5c11540d3349,kaggle-environments 1.32.7,a52ba1bfe9df9dc1d504550af46744ef8d474797cdba7af2412dc40a3ebdf3b8,main,c1e3590d02e42d16091c5377e87a3db16496e5a462d558dc2925887f835f9891,main,51213129,0,131351,131300,1,0,0,DONE,DONE,719,719,1,,4.12
p3066_c001_v51,784b5c11540d3349,kaggle-environments 1.32.7,a52ba1bfe9df9dc1d504550af46744ef8d474797cdba7af2412dc40a3ebdf3b8,main,c1e3590d02e42d16091c5377e87a3db16496e5a462d558dc2925887f835f9891,main,51213129,1,131351,131300,1,0,0,DONE,DONE,719,719,1,,4.16
p3066_c001_v51,784b5c11540d3349,kaggle-environments 1.32.7,a52ba1bfe9df9dc1d504550af46744ef8d474797cdba7af2412dc40a3ebdf3b8,main,c1e3590d02e42d16091c5377e87a3db16496e5a462d558dc2925887f835f9891,main,51822627,0,137696,137563,1,0,0,DONE,DONE,719,719,1,,4.38
p3066_c001_v51,784b5c11540d3349,kaggle-environments 1.32.7,a52ba1bfe9df9dc1d504550af46744ef8d474797cdba7af2412dc40a3ebdf3b8,main,c1e3590d02e42d16091c5377e87a3db16496e5a462d558dc2925887f835f9891,main,51822627,1,137696,137563,1,0,0,DONE,DONE,719,719,1,,4.29
p3066_c001_v51,784b5c11540d3349,kaggle-environments 1.32.7,a52ba1bfe9df9dc1d504550af46744ef8d474797cdba7af2412dc40a3ebdf3b8,main,c1e3590d02e42d16091c5377e87a3db16496e5a462d558dc2925887f835f9891,main,55431633,0,95530,95639,0,1,0,DONE,DONE,719,719,1,,4.36
p3066_c001_v51,784b5c11540d3349,kaggle-environments 1.32.7,a52ba1bfe9df9dc1d504550af46744ef8d474797cdba7af2412dc40a3ebdf3b8,main,c1e3590d02e42d16091c5377e87a3db16496e5a462d558dc2925887f835f9891,main,55431633,1,95653,95516,1,0,0,DONE,DONE,719,719,1,,4.55
p3066_c001_v51,784b5c11540d3349,kaggle-environments 1.32.7,a52ba1bfe9df9dc1d504550af46744ef8d474797cdba7af2412dc40a3ebdf3b8,main,c1e3590d02e42d16091c5377e87a3db16496e5a462d558dc2925887f835f9891,main,56558750,0,111422,111488,0,1,0,DONE,DONE,719,719,1,,4.65
p3066_c001_v51,784b5c11540d3349,kaggle-environments 1.32.7,a52ba1bfe9df9dc1d504550af46744ef8d474797cdba7af2412dc40a3ebdf3b8,main,c1e3590d02e42d16091c5377e87a3db16496e5a462d558dc2925887f835f9891,main,56558750,1,111422,111488,0,1,0,DONE,DONE,719,719,1,,4.58
p3066_c001_v51,784b5c11540d3349,kaggle-environments 1.32.7,a52ba1bfe9df9dc1d504550af46744ef8d474797cdba7af2412dc40a3ebdf3b8,main,c1e3590d02e42d16091c5377e87a3db16496e5a462d558dc2925887f835f9891,main,58108362,0,85924,85924,0,0,1,DONE,DONE,719,719,1,,4.24
p3066_c001_v51,784b5c11540d3349,kaggle-environments 1.32.7,a52ba1bfe9df9dc1d504550af46744ef8d474797cdba7af2412dc40a3ebdf3b8,main,c1e3590d02e42d16091c5377e87a3db16496e5a462d558dc2925887f835f9891,main,58108362,1,85924,85924,0,0,1,DONE,DONE,719,719,1,,4.27
p3066_c001_v51,784b5c11540d3349,kaggle-environments 1.32.7,a52ba1bfe9df9dc1d504550af46744ef8d474797cdba7af2412dc40a3ebdf3b8,main,c1e3590d02e42d16091c5377e87a3db16496e5a462d558dc2925887f835f9891,main,63541042,0,120688,120676,1,0,0,DONE,DONE,719,719,1,,4.25
p3066_c001_v51,784b5c11540d3349,kaggle-environments 1.32.7,a52ba1bfe9df9dc1d504550af46744ef8d474797cdba7af2412dc40a3ebdf3b8,main,c1e3590d02e42d16091c5377e87a3db16496e5a462d558dc2925887f835f9891,main,63541042,1,120688,120676,1,0,0,DONE,DONE,719,719,1,,4.25
p3066_c001_v51,784b5c11540d3349,kaggle-environments 1.32.7,a52ba1bfe9df9dc1d504550af46744ef8d474797cdba7af2412dc40a3ebdf3b8,main,c1e3590d02e42d16091c5377e87a3db16496e5a462d558dc2925887f835f9891,main,65259409,0,112241,112292,0,1,0,DONE,DONE,719,719,1,,4.65
p3066_c001_v51,784b5c11540d3349,kaggle-environments 1.32.7,a52ba1bfe9df9dc1d504550af46744ef8d474797cdba7af2412dc40a3ebdf3b8,main,c1e3590d02e42d16091c5377e87a3db16496e5a462d558dc2925887f835f9891,main,65259409,1,112241,112292,0,1,0,DONE,DONE,719,719,1,,4.46
p3066_c001_v51,784b5c11540d3349,kaggle-environments 1.32.7,a52ba1bfe9df9dc1d504550af46744ef8d474797cdba7af2412dc40a3ebdf3b8,main,c1e3590d02e42d16091c5377e87a3db16496e5a462d558dc2925887f835f9891,main,66449875,0,103434,103430,1,0,0,DONE,DONE,719,719,1,,4.2
p3066_c001_v51,784b5c11540d3349,kaggle-environments 1.32.7,a52ba1bfe9df9dc1d504550af46744ef8d474797cdba7af2412dc40a3ebdf3b8,main,c1e3590d02e42d16091c5377e87a3db16496e5a462d558dc2925887f835f9891,main,66449875,1,103434,103430,1,0,0,DONE,DONE,719,719,1,,4.42
p3066_c001_v51,784b5c11540d3349,kaggle-environments 1.32.7,a52ba1bfe9df9dc1d504550af46744ef8d474797cdba7af2412dc40a3ebdf3b8,main,c1e3590d02e42d16091c5377e87a3db16496e5a462d558dc2925887f835f9891,main,71346262,0,110622,111394,0,1,0,DONE,DONE,719,719,1,,4.36
p3066_c001_v51,784b5c11540d3349,kaggle-environments 1.32.7,a52ba1bfe9df9dc1d504550af46744ef8d474797cdba7af2412dc40a3ebdf3b8,main,c1e3590d02e42d16091c5377e87a3db16496e5a462d558dc2925887f835f9891,main,71346262,1,111394,110622,1,0,0,DONE,DONE,719,719,1,,4.37
p3066_c001_v51,784b5c11540d3349,kaggle-environments 1.32.7,a52ba1bfe9df9dc1d504550af46744ef8d474797cdba7af2412dc40a3ebdf3b8,main,c1e3590d02e42d16091c5377e87a3db16496e5a462d558dc2925887f835f9891,main,74493709,0,75818,75837,0,1,0,DONE,DONE,719,719,1,,4.38
p3066_c001_v51,784b5c11540d3349,kaggle-environments 1.32.7,a52ba1bfe9df9dc1d504550af46744ef8d474797cdba7af2412dc40a3ebdf3b8,main,c1e3590d02e42d16091c5377e87a3db16496e5a462d558dc2925887f835f9891,main,74493709,1,75818,75837,0,1,0,DONE,DONE,719,719,1,,4.58
p3066_c001_v51,784b5c11540d3349,kaggle-environments 1.32.7,a52ba1bfe9df9dc1d504550af46744ef8d474797cdba7af2412dc40a3ebdf3b8,main,c1e3590d02e42d16091c5377e87a3db16496e5a462d558dc2925887f835f9891,main,77307889,0,97631,97616,1,0,0,DONE,DONE,719,719,1,,4.44
p3066_c001_v51,784b5c11540d3349,kaggle-environments 1.32.7,a52ba1bfe9df9dc1d504550af46744ef8d474797cdba7af2412dc40a3ebdf3b8,main,c1e3590d02e42d16091c5377e87a3db16496e5a462d558dc2925887f835f9891,main,77307889,1,97631,97616,1,0,0,DONE,DONE,719,719,1,,4.62
p3066_c001_v51,784b5c11540d3349,kaggle-environments 1.32.7,a52ba1bfe9df9dc1d504550af46744ef8d474797cdba7af2412dc40a3ebdf3b8,main,c1e3590d02e42d16091c5377e87a3db16496e5a462d558dc2925887f835f9891,main,78039233,0,130196,130109,1,0,0,DONE,DONE,719,719,1,,4.21
p3066_c001_v51,784b5c11540d3349,kaggle-environments 1.32.7,a52ba1bfe9df9dc1d504550af46744ef8d474797cdba7af2412dc40a3ebdf3b8,main,c1e3590d02e42d16091c5377e87a3db16496e5a462d558dc2925887f835f9891,main,78039233,1,130196,130109,1,0,0,DONE,DONE,719,719,1,,4.21
p3066_c001_v51,784b5c11540d3349,kaggle-environments 1.32.7,a52ba1bfe9df9dc1d504550af46744ef8d474797cdba7af2412dc40a3ebdf3b8,main,c1e3590d02e42d16091c5377e87a3db16496e5a462d558dc2925887f835f9891,main,80843786,0,95160,95157,1,0,0,DONE,DONE,719,719,1,,4.18
p3066_c001_v51,784b5c11540d3349,kaggle-environments 1.32.7,a52ba1bfe9df9dc1d504550af46744ef8d474797cdba7af2412dc40a3ebdf3b8,main,c1e3590d02e42d16091c5377e87a3db16496e5a462d558dc2925887f835f9891,main,80843786,1,95160,95157,1,0,0,DONE,DONE,719,719,1,,4.51
p3066_c001_v51,784b5c11540d3349,kaggle-environments 1.32.7,a52ba1bfe9df9dc1d504550af46744ef8d474797cdba7af2412dc40a3ebdf3b8,main,c1e3590d02e42d16091c5377e87a3db16496e5a462d558dc2925887f835f9891,main,82578275,0,112400,112390,1,0,0,DONE,DONE,719,719,1,,4.54
p3066_c001_v51,784b5c11540d3349,kaggle-environments 1.32.7,a52ba1bfe9df9dc1d504550af46744ef8d474797cdba7af2412dc40a3ebdf3b8,main,c1e3590d02e42d16091c5377e87a3db16496e5a462d558dc2925887f835f9891,main,82578275,1,112400,112390,1,0,0,DONE,DONE,719,719,1,,4.34
p3066_c001_v51,784b5c11540d3349,kaggle-environments 1.32.7,a52ba1bfe9df9dc1d504550af46744ef8d474797cdba7af2412dc40a3ebdf3b8,main,c1e3590d02e42d16091c5377e87a3db16496e5a462d558dc2925887f835f9891,main,84320987,0,128027,128026,1,0,0,DONE,DONE,719,719,1,,4.66
p3066_c001_v51,784b5c11540d3349,kaggle-environments 1.32.7,a52ba1bfe9df9dc1d504550af46744ef8d474797cdba7af2412dc40a3ebdf3b8,main,c1e3590d02e42d16091c5377e87a3db16496e5a462d558dc2925887f835f9891,main,84320987,1,128027,128026,1,0,0,DONE,DONE,719,719,1,,4.36
p3066_c001_v51,784b5c11540d3349,kaggle-environments 1.32.7,a52ba1bfe9df9dc1d504550af46744ef8d474797cdba7af2412dc40a3ebdf3b8,main,c1e3590d02e42d16091c5377e87a3db16496e5a462d558dc2925887f835f9891,main,94043888,0,88510,88510,0,0,1,DONE,DONE,719,719,1,,4.48
p3066_c001_v51,784b5c11540d3349,kaggle-environments 1.32.7,a52ba1bfe9df9dc1d504550af46744ef8d474797cdba7af2412dc40a3ebdf3b8,main,c1e3590d02e42d16091c5377e87a3db16496e5a462d558dc2925887f835f9891,main,94043888,1,88510,88510,0,0,1,DONE,DONE,719,719,1,,4.56
p3066_c001_v51,784b5c11540d3349,kaggle-environments 1.32.7,a52ba1bfe9df9dc1d504550af46744ef8d474797cdba7af2412dc40a3ebdf3b8,main,c1e3590d02e42d16091c5377e87a3db16496e5a462d558dc2925887f835f9891,main,96364528,0,158179,157924,1,0,0,DONE,DONE,719,719,1,,4.22
p3066_c001_v51,784b5c11540d3349,kaggle-environments 1.32.7,a52ba1bfe9df9dc1d504550af46744ef8d474797cdba7af2412dc40a3ebdf3b8,main,c1e3590d02e42d16091c5377e87a3db16496e5a462d558dc2925887f835f9891,main,96364528,1,158179,157924,1,0,0,DONE,DONE,719,719,1,,4.54
p3066_c001_v51,784b5c11540d3349,kaggle-environments 1.32.7,a52ba1bfe9df9dc1d504550af46744ef8d474797cdba7af2412dc40a3ebdf3b8,main,c1e3590d02e42d16091c5377e87a3db16496e5a462d558dc2925887f835f9891,main,102279838,0,79549,79527,1,0,0,DONE,DONE,719,719,1,,4.41
p3066_c001_v51,784b5c11540d3349,kaggle-environments 1.32.7,a52ba1bfe9df9dc1d504550af46744ef8d474797cdba7af2412dc40a3ebdf3b8,main,c1e3590d02e42d16091c5377e87a3db16496e5a462d558dc2925887f835f9891,main,102279838,1,79549,79527,1,0,0,DONE,DONE,719,719,1,,4.87
p3066_c001_v51,784b5c11540d3349,kaggle-environments 1.32.7,a52ba1bfe9df9dc1d504550af46744ef8d474797cdba7af2412dc40a3ebdf3b8,main,c1e3590d02e42d16091c5377e87a3db16496e5a462d558dc2925887f835f9891,main,104574611,0,70068,70068,0,0,1,DONE,DONE,719,719,1,,4.5
p3066_c001_v51,784b5c11540d3349,kaggle-environments 1.32.7,a52ba1bfe9df9dc1d504550af46744ef8d474797cdba7af2412dc40a3ebdf3b8,main,c1e3590d02e42d16091c5377e87a3db16496e5a462d558dc2925887f835f9891,main,104574611,1,70068,70068,0,0,1,DONE,DONE,719,719,1,,4.45
p3066_c001_v51,784b5c11540d3349,kaggle-environments 1.32.7,a52ba1bfe9df9dc1d504550af46744ef8d474797cdba7af2412dc40a3ebdf3b8,main,c1e3590d02e42d16091c5377e87a3db16496e5a462d558dc2925887f835f9891,main,105234131,0,133274,133267,1,0,0,DONE,DONE,719,719,1,,4.44
p3066_c001_v51,784b5c11540d3349,kaggle-environments 1.32.7,a52ba1bfe9df9dc1d504550af46744ef8d474797cdba7af2412dc40a3ebdf3b8,main,c1e3590d02e42d16091c5377e87a3db16496e5a462d558dc2925887f835f9891,main,105234131,1,133274,133267,1,0,0,DONE,DONE,719,719,1,,4.93
p3066_c001_v51,784b5c11540d3349,kaggle-environments 1.32.7,a52ba1bfe9df9dc1d504550af46744ef8d474797cdba7af2412dc40a3ebdf3b8,main,c1e3590d02e42d16091c5377e87a3db16496e5a462d558dc2925887f835f9891,main,105290679,0,69667,69667,0,0,1,DONE,DONE,719,719,1,,4.97
p3066_c001_v51,784b5c11540d3349,kaggle-environments 1.32.7,a52ba1bfe9df9dc1d504550af46744ef8d474797cdba7af2412dc40a3ebdf3b8,main,c1e3590d02e42d16091c5377e87a3db16496e5a462d558dc2925887f835f9891,main,105290679,1,69667,69667,0,0,1,DONE,DONE,719,719,1,,5.16
p3066_c001_v51,784b5c11540d3349,kaggle-environments 1.32.7,a52ba1bfe9df9dc1d504550af46744ef8d474797cdba7af2412dc40a3ebdf3b8,main,c1e3590d02e42d16091c5377e87a3db16496e5a462d558dc2925887f835f9891,main,106081126,0,112242,112239,1,0,0,DONE,DONE,719,719,1,,4.95
p3066_c001_v51,784b5c11540d3349,kaggle-environments 1.32.7,a52ba1bfe9df9dc1d504550af46744ef8d474797cdba7af2412dc40a3ebdf3b8,main,c1e3590d02e42d16091c5377e87a3db16496e5a462d558dc2925887f835f9891,main,106081126,1,112242,112239,1,0,0,DONE,DONE,719,719,1,,4.75
p3066_c001_v51,784b5c11540d3349,kaggle-environments 1.32.7,a52ba1bfe9df9dc1d504550af46744ef8d474797cdba7af2412dc40a3ebdf3b8,main,c1e3590d02e42d16091c5377e87a3db16496e5a462d558dc2925887f835f9891,main,106245702,0,130880,130879,1,0,0,DONE,DONE,719,719,1,,4.83
p3066_c001_v51,784b5c11540d3349,kaggle-environments 1.32.7,a52ba1bfe9df9dc1d504550af46744ef8d474797cdba7af2412dc40a3ebdf3b8,main,c1e3590d02e42d16091c5377e87a3db16496e5a462d558dc2925887f835f9891,main,106245702,1,130880,130879,1,0,0,DONE,DONE,719,719,1,,4.53
p3066_c001_v51,784b5c11540d3349,kaggle-environments 1.32.7,a52ba1bfe9df9dc1d504550af46744ef8d474797cdba7af2412dc40a3ebdf3b8,main,c1e3590d02e42d16091c5377e87a3db16496e5a462d558dc2925887f835f9891,main,107640478,0,70336,70324,1,0,0,DONE,DONE,719,719,1,,5.86
p3066_c001_v51,784b5c11540d3349,kaggle-environments 1.32.7,a52ba1bfe9df9dc1d504550af46744ef8d474797cdba7af2412dc40a3ebdf3b8,main,c1e3590d02e42d16091c5377e87a3db16496e5a462d558dc2925887f835f9891,main,107640478,1,70336,70324,1,0,0,DONE,DONE,719,719,1,,6.78
p3066_c001_v51,784b5c11540d3349,kaggle-environments 1.32.7,a52ba1bfe9df9dc1d504550af46744ef8d474797cdba7af2412dc40a3ebdf3b8,main,c1e3590d02e42d16091c5377e87a3db16496e5a462d558dc2925887f835f9891,main,110571895,0,84496,84484,1,0,0,DONE,DONE,719,719,1,,7.51
p3066_c001_v51,784b5c11540d3349,kaggle-environments 1.32.7,a52ba1bfe9df9dc1d504550af46744ef8d474797cdba7af2412dc40a3ebdf3b8,main,c1e3590d02e42d16091c5377e87a3db16496e5a462d558dc2925887f835f9891,main,110571895,1,84496,84484,1,0,0,DONE,DONE,719,719,1,,4.59
p3066_c001_v51,784b5c11540d3349,kaggle-environments 1.32.7,a52ba1bfe9df9dc1d504550af46744ef8d474797cdba7af2412dc40a3ebdf3b8,main,c1e3590d02e42d16091c5377e87a3db16496e5a462d558dc2925887f835f9891,main,111719538,0,77957,77941,1,0,0,DONE,DONE,719,719,1,,4.59
p3066_c001_v51,784b5c11540d3349,kaggle-environments 1.32.7,a52ba1bfe9df9dc1d504550af46744ef8d474797cdba7af2412dc40a3ebdf3b8,main,c1e3590d02e42d16091c5377e87a3db16496e5a462d558dc2925887f835f9891,main,111719538,1,77957,77941,1,0,0,DONE,DONE,719,719,1,,10.0
p3066_c001_v51,784b5c11540d3349,kaggle-environments 1.32.7,a52ba1bfe9df9dc1d504550af46744ef8d474797cdba7af2412dc40a3ebdf3b8,main,c1e3590d02e42d16091c5377e87a3db16496e5a462d558dc2925887f835f9891,main,112234035,0,101536,101526,1,0,0,DONE,DONE,719,719,1,,6.76
p3066_c001_v51,784b5c11540d3349,kaggle-environments 1.32.7,a52ba1bfe9df9dc1d504550af46744ef8d474797cdba7af2412dc40a3ebdf3b8,main,c1e3590d02e42d16091c5377e87a3db16496e5a462d558dc2925887f835f9891,main,112234035,1,101536,101526,1,0,0,DONE,DONE,719,719,1,,10.93
p3066_c001_v51,784b5c11540d3349,kaggle-environments 1.32.7,a52ba1bfe9df9dc1d504550af46744ef8d474797cdba7af2412dc40a3ebdf3b8,main,c1e3590d02e42d16091c5377e87a3db16496e5a462d558dc2925887f835f9891,main,112896507,0,95727,95727,0,0,1,DONE,DONE,719,719,1,,5.57
p3066_c001_v51,784b5c11540d3349,kaggle-environments 1.32.7,a52ba1bfe9df9dc1d504550af46744ef8d474797cdba7af2412dc40a3ebdf3b8,main,c1e3590d02e42d16091c5377e87a3db16496e5a462d558dc2925887f835f9891,main,112896507,1,95727,95727,0,0,1,DONE,DONE,719,719,1,,6.58
p3066_c001_v51,784b5c11540d3349,kaggle-environments 1.32.7,a52ba1bfe9df9dc1d504550af46744ef8d474797cdba7af2412dc40a3ebdf3b8,main,c1e3590d02e42d16091c5377e87a3db16496e5a462d558dc2925887f835f9891,main,112953244,0,99403,99386,1,0,0,DONE,DONE,719,719,1,,10.41
p3066_c001_v51,784b5c11540d3349,kaggle-environments 1.32.7,a52ba1bfe9df9dc1d504550af46744ef8d474797cdba7af2412dc40a3ebdf3b8,main,c1e3590d02e42d16091c5377e87a3db16496e5a462d558dc2925887f835f9891,main,112953244,1,99403,99386,1,0,0,DONE,DONE,719,719,1,,8.08
p3066_c001_v51,784b5c11540d3349,kaggle-environments 1.32.7,a52ba1bfe9df9dc1d504550af46744ef8d474797cdba7af2412dc40a3ebdf3b8,main,c1e3590d02e42d16091c5377e87a3db16496e5a462d558dc2925887f835f9891,main,114605881,0,69806,69739,1,0,0,DONE,DONE,719,719,1,,8.52
p3066_c001_v51,784b5c11540d3349,kaggle-environments 1.32.7,a52ba1bfe9df9dc1d504550af46744ef8d474797cdba7af2412dc40a3ebdf3b8,main,c1e3590d02e42d16091c5377e87a3db16496e5a462d558dc2925887f835f9891,main,114605881,1,69806,69739,1,0,0,DONE,DONE,719,719,1,,10.87
p3066_c001_v51,784b5c11540d3349,kaggle-environments 1.32.7,a52ba1bfe9df9dc1d504550af46744ef8d474797cdba7af2412dc40a3ebdf3b8,main,c1e3590d02e42d16091c5377e87a3db16496e5a462d558dc2925887f835f9891,main,114669855,0,126970,126970,0,0,1,DONE,DONE,719,719,1,,8.23
p3066_c001_v51,784b5c11540d3349,kaggle-environments 1.32.7,a52ba1bfe9df9dc1d504550af46744ef8d474797cdba7af2412dc40a3ebdf3b8,main,c1e3590d02e42d16091c5377e87a3db16496e5a462d558dc2925887f835f9891,main,114669855,1,126970,126970,0,0,1,DONE,DONE,719,719,1,,9.97
p3066_c001_v51,784b5c11540d3349,kaggle-environments 1.32.7,a52ba1bfe9df9dc1d504550af46744ef8d474797cdba7af2412dc40a3ebdf3b8,main,c1e3590d02e42d16091c5377e87a3db16496e5a462d558dc2925887f835f9891,main,116292242,0,92946,92943,1,0,0,DONE,DONE,719,719,1,,9.76
p3066_c001_v51,784b5c11540d3349,kaggle-environments 1.32.7,a52ba1bfe9df9dc1d504550af46744ef8d474797cdba7af2412dc40a3ebdf3b8,main,c1e3590d02e42d16091c5377e87a3db16496e5a462d558dc2925887f835f9891,main,116292242,1,92946,92943,1,0,0,DONE,DONE,719,719,1,,10.69
p3066_c001_v51,784b5c11540d3349,kaggle-environments 1.32.7,a52ba1bfe9df9dc1d504550af46744ef8d474797cdba7af2412dc40a3ebdf3b8,main,c1e3590d02e42d16091c5377e87a3db16496e5a462d558dc2925887f835f9891,main,119787912,0,115387,115369,1,0,0,DONE,DONE,719,719,1,,10.72
p3066_c001_v51,784b5c11540d3349,kaggle-environments 1.32.7,a52ba1bfe9df9dc1d504550af46744ef8d474797cdba7af2412dc40a3ebdf3b8,main,c1e3590d02e42d16091c5377e87a3db16496e5a462d558dc2925887f835f9891,main,119787912,1,115387,115369,1,0,0,DONE,DONE,719,719,1,,8.43
p3066_c001_v51,784b5c11540d3349,kaggle-environments 1.32.7,a52ba1bfe9df9dc1d504550af46744ef8d474797cdba7af2412dc40a3ebdf3b8,main,c1e3590d02e42d16091c5377e87a3db16496e5a462d558dc2925887f835f9891,main,121405986,0,97269,97264,1,0,0,DONE,DONE,719,719,1,,10.22
p3066_c001_v51,784b5c11540d3349,kaggle-environments 1.32.7,a52ba1bfe9df9dc1d504550af46744ef8d474797cdba7af2412dc40a3ebdf3b8,main,c1e3590d02e42d16091c5377e87a3db16496e5a462d558dc2925887f835f9891,main,121405986,1,97269,97264,1,0,0,DONE,DONE,719,719,1,,7.69
p3066_c001_v51,784b5c11540d3349,kaggle-environments 1.32.7,a52ba1bfe9df9dc1d504550af46744ef8d474797cdba7af2412dc40a3ebdf3b8,main,c1e3590d02e42d16091c5377e87a3db16496e5a462d558dc2925887f835f9891,main,123984975,0,129930,129930,0,0,1,DONE,DONE,719,719,1,,8.58
p3066_c001_v51,784b5c11540d3349,kaggle-environments 1.32.7,a52ba1bfe9df9dc1d504550af46744ef8d474797cdba7af2412dc40a3ebdf3b8,main,c1e3590d02e42d16091c5377e87a3db16496e5a462d558dc2925887f835f9891,main,123984975,1,129930,129930,0,0,1,DONE,DONE,719,719,1,,8.66
p3066_c001_v51,784b5c11540d3349,kaggle-environments 1.32.7,a52ba1bfe9df9dc1d504550af46744ef8d474797cdba7af2412dc40a3ebdf3b8,main,c1e3590d02e42d16091c5377e87a3db16496e5a462d558dc2925887f835f9891,main,129963012,0,65274,65275,0,1,0,DONE,DONE,719,719,1,,10.41
p3066_c001_v51,784b5c11540d3349,kaggle-environments 1.32.7,a52ba1bfe9df9dc1d504550af46744ef8d474797cdba7af2412dc40a3ebdf3b8,main,c1e3590d02e42d16091c5377e87a3db16496e5a462d558dc2925887f835f9891,main,129963012,1,65274,65275,0,1,0,DONE,DONE,719,719,1,,9.01
p3066_c001_v51,784b5c11540d3349,kaggle-environments 1.32.7,a52ba1bfe9df9dc1d504550af46744ef8d474797cdba7af2412dc40a3ebdf3b8,main,c1e3590d02e42d16091c5377e87a3db16496e5a462d558dc2925887f835f9891,main,130304827,0,109797,109796,1,0,0,DONE,DONE,719,719,1,,4.66
p3066_c001_v51,784b5c11540d3349,kaggle-environments 1.32.7,a52ba1bfe9df9dc1d504550af46744ef8d474797cdba7af2412dc40a3ebdf3b8,main,c1e3590d02e42d16091c5377e87a3db16496e5a462d558dc2925887f835f9891,main,130304827,1,109797,109796,1,0,0,DONE,DONE,719,719,1,,7.09
p3066_c001_v51,784b5c11540d3349,kaggle-environments 1.32.7,a52ba1bfe9df9dc1d504550af46744ef8d474797cdba7af2412dc40a3ebdf3b8,main,c1e3590d02e42d16091c5377e87a3db16496e5a462d558dc2925887f835f9891,main,130689514,0,105641,105641,0,0,1,DONE,DONE,719,719,1,,10.67
p3066_c001_v51,784b5c11540d3349,kaggle-environments 1.32.7,a52ba1bfe9df9dc1d504550af46744ef8d474797cdba7af2412dc40a3ebdf3b8,main,c1e3590d02e42d16091c5377e87a3db16496e5a462d558dc2925887f835f9891,main,130689514,1,105641,105641,0,0,1,DONE,DONE,719,719,1,,8.34
p3066_c001_v51,784b5c11540d3349,kaggle-environments 1.32.7,a52ba1bfe9df9dc1d504550af46744ef8d474797cdba7af2412dc40a3ebdf3b8,main,c1e3590d02e42d16091c5377e87a3db16496e5a462d558dc2925887f835f9891,main,133824799,0,116836,116836,0,0,1,DONE,DONE,719,719,1,,10.54
p3066_c001_v51,784b5c11540d3349,kaggle-environments 1.32.7,a52ba1bfe9df9dc1d504550af46744ef8d474797cdba7af2412dc40a3ebdf3b8,main,c1e3590d02e42d16091c5377e87a3db16496e5a462d558dc2925887f835f9891,main,133824799,1,116836,116836,0,0,1,DONE,DONE,719,719,1,,9.8
p3066_c001_v51,784b5c11540d3349,kaggle-environments 1.32.7,a52ba1bfe9df9dc1d504550af46744ef8d474797cdba7af2412dc40a3ebdf3b8,main,c1e3590d02e42d16091c5377e87a3db16496e5a462d558dc2925887f835f9891,main,137224113,0,84859,84859,0,0,1,DONE,DONE,719,719,1,,10.04
p3066_c001_v51,784b5c11540d3349,kaggle-environments 1.32.7,a52ba1bfe9df9dc1d504550af46744ef8d474797cdba7af2412dc40a3ebdf3b8,main,c1e3590d02e42d16091c5377e87a3db16496e5a462d558dc2925887f835f9891,main,137224113,1,84859,84859,0,0,1,DONE,DONE,719,719,1,,6.27
p3066_c001_v51,784b5c11540d3349,kaggle-environments 1.32.7,a52ba1bfe9df9dc1d504550af46744ef8d474797cdba7af2412dc40a3ebdf3b8,main,c1e3590d02e42d16091c5377e87a3db16496e5a462d558dc2925887f835f9891,main,140246070,0,80556,80556,0,0,1,DONE,DONE,719,719,1,,5.16
p3066_c001_v51,784b5c11540d3349,kaggle-environments 1.32.7,a52ba1bfe9df9dc1d504550af46744ef8d474797cdba7af2412dc40a3ebdf3b8,main,c1e3590d02e42d16091c5377e87a3db16496e5a462d558dc2925887f835f9891,main,140246070,1,80556,80556,0,0,1,DONE,DONE,719,719,1,,7.05
p3066_c001_v51,784b5c11540d3349,kaggle-environments 1.32.7,a52ba1bfe9df9dc1d504550af46744ef8d474797cdba7af2412dc40a3ebdf3b8,main,c1e3590d02e42d16091c5377e87a3db16496e5a462d558dc2925887f835f9891,main,149822769,0,141984,141932,1,0,0,DONE,DONE,719,719,1,,9.88
p3066_c001_v51,784b5c11540d3349,kaggle-environments 1.32.7,a52ba1bfe9df9dc1d504550af46744ef8d474797cdba7af2412dc40a3ebdf3b8,main,c1e3590d02e42d16091c5377e87a3db16496e5a462d558dc2925887f835f9891,main,149822769,1,141984,141932,1,0,0,DONE,DONE,719,719,1,,5.83
p3066_c001_v51,784b5c11540d3349,kaggle-environments 1.32.7,a52ba1bfe9df9dc1d504550af46744ef8d474797cdba7af2412dc40a3ebdf3b8,main,c1e3590d02e42d16091c5377e87a3db16496e5a462d558dc2925887f835f9891,main,153492778,0,143805,143802,1,0,0,DONE,DONE,719,719,1,,10.08
p3066_c001_v51,784b5c11540d3349,kaggle-environments 1.32.7,a52ba1bfe9df9dc1d504550af46744ef8d474797cdba7af2412dc40a3ebdf3b8,main,c1e3590d02e42d16091c5377e87a3db16496e5a462d558dc2925887f835f9891,main,153492778,1,143805,143802,1,0,0,DONE,DONE,719,719,1,,10.0
p3066_c001_v51,784b5c11540d3349,kaggle-environments 1.32.7,a52ba1bfe9df9dc1d504550af46744ef8d474797cdba7af2412dc40a3ebdf3b8,main,c1e3590d02e42d16091c5377e87a3db16496e5a462d558dc2925887f835f9891,main,156167617,0,110933,110024,1,0,0,DONE,DONE,719,719,1,,10.58
p3066_c001_v51,784b5c11540d3349,kaggle-environments 1.32.7,a52ba1bfe9df9dc1d504550af46744ef8d474797cdba7af2412dc40a3ebdf3b8,main,c1e3590d02e42d16091c5377e87a3db16496e5a462d558dc2925887f835f9891,main,156167617,1,110933,110024,1,0,0,DONE,DONE,719,719,1,,6.33
p3066_c001_v51,784b5c11540d3349,kaggle-environments 1.32.7,a52ba1bfe9df9dc1d504550af46744ef8d474797cdba7af2412dc40a3ebdf3b8,main,c1e3590d02e42d16091c5377e87a3db16496e5a462d558dc2925887f835f9891,main,156571513,0,137183,137181,1,0,0,DONE,DONE,719,719,1,,9.92
p3066_c001_v51,784b5c11540d3349,kaggle-environments 1.32.7,a52ba1bfe9df9dc1d504550af46744ef8d474797cdba7af2412dc40a3ebdf3b8,main,c1e3590d02e42d16091c5377e87a3db16496e5a462d558dc2925887f835f9891,main,156571513,1,137183,137181,1,0,0,DONE,DONE,719,719,1,,5.14
p3066_c001_v51,784b5c11540d3349,kaggle-environments 1.32.7,a52ba1bfe9df9dc1d504550af46744ef8d474797cdba7af2412dc40a3ebdf3b8,main,c1e3590d02e42d16091c5377e87a3db16496e5a462d558dc2925887f835f9891,main,157051273,0,106880,106880,0,0,1,DONE,DONE,719,719,1,,10.19
p3066_c001_v51,784b5c11540d3349,kaggle-environments 1.32.7,a52ba1bfe9df9dc1d504550af46744ef8d474797cdba7af2412dc40a3ebdf3b8,main,c1e3590d02e42d16091c5377e87a3db16496e5a462d558dc2925887f835f9891,main,157051273,1,106880,106880,0,0,1,DONE,DONE,719,719,1,,5.65
p3066_c001_v51,784b5c11540d3349,kaggle-environments 1.32.7,a52ba1bfe9df9dc1d504550af46744ef8d474797cdba7af2412dc40a3ebdf3b8,main,c1e3590d02e42d16091c5377e87a3db16496e5a462d558dc2925887f835f9891,main,161145024,0,111094,111094,0,0,1,DONE,DONE,719,719,1,,6.15
p3066_c001_v51,784b5c11540d3349,kaggle-environments 1.32.7,a52ba1bfe9df9dc1d504550af46744ef8d474797cdba7af2412dc40a3ebdf3b8,main,c1e3590d02e42d16091c5377e87a3db16496e5a462d558dc2925887f835f9891,main,161145024,1,111094,111094,0,0,1,DONE,DONE,719,719,1,,9.58
p3066_c001_v51,784b5c11540d3349,kaggle-environments 1.32.7,a52ba1bfe9df9dc1d504550af46744ef8d474797cdba7af2412dc40a3ebdf3b8,main,c1e3590d02e42d16091c5377e87a3db16496e5a462d558dc2925887f835f9891,main,161552403,0,97208,97124,1,0,0,DONE,DONE,719,719,1,,10.13
p3066_c001_v51,784b5c11540d3349,kaggle-environments 1.32.7,a52ba1bfe9df9dc1d504550af46744ef8d474797cdba7af2412dc40a3ebdf3b8,main,c1e3590d02e42d16091c5377e87a3db16496e5a462d558dc2925887f835f9891,main,161552403,1,97208,97124,1,0,0,DONE,DONE,719,719,1,,9.87
p3066_c001_v51,784b5c11540d3349,kaggle-environments 1.32.7,a52ba1bfe9df9dc1d504550af46744ef8d474797cdba7af2412dc40a3ebdf3b8,main,c1e3590d02e42d16091c5377e87a3db16496e5a462d558dc2925887f835f9891,main,164001958,0,63923,63877,1,0,0,DONE,DONE,719,719,1,,10.15
p3066_c001_v51,784b5c11540d3349,kaggle-environments 1.32.7,a52ba1bfe9df9dc1d504550af46744ef8d474797cdba7af2412dc40a3ebdf3b8,main,c1e3590d02e42d16091c5377e87a3db16496e5a462d558dc2925887f835f9891,main,164001958,1,63923,63877,1,0,0,DONE,DONE,719,719,1,,6.22
p3066_c001_v51,784b5c11540d3349,kaggle-environments 1.32.7,a52ba1bfe9df9dc1d504550af46744ef8d474797cdba7af2412dc40a3ebdf3b8,main,c1e3590d02e42d16091c5377e87a3db16496e5a462d558dc2925887f835f9891,main,164785683,0,104637,102473,1,0,0,DONE,DONE,719,719,1,,10.63
p3066_c001_v51,784b5c11540d3349,kaggle-environments 1.32.7,a52ba1bfe9df9dc1d504550af46744ef8d474797cdba7af2412dc40a3ebdf3b8,main,c1e3590d02e42d16091c5377e87a3db16496e5a462d558dc2925887f835f9891,main,164785683,1,103757,103353,1,0,0,DONE,DONE,719,719,1,,5.06
p3066_c001_v51,784b5c11540d3349,kaggle-environments 1.32.7,a52ba1bfe9df9dc1d504550af46744ef8d474797cdba7af2412dc40a3ebdf3b8,main,c1e3590d02e42d16091c5377e87a3db16496e5a462d558dc2925887f835f9891,main,166422427,0,101136,101111,1,0,0,DONE,DONE,719,719,1,,6.73
p3066_c001_v51,784b5c11540d3349,kaggle-environments 1.32.7,a52ba1bfe9df9dc1d504550af46744ef8d474797cdba7af2412dc40a3ebdf3b8,main,c1e3590d02e42d16091c5377e87a3db16496e5a462d558dc2925887f835f9891,main,166422427,1,101136,101111,1,0,0,DONE,DONE,719,719,1,,10.28
p3066_c001_v51,784b5c11540d3349,kaggle-environments 1.32.7,a52ba1bfe9df9dc1d504550af46744ef8d474797cdba7af2412dc40a3ebdf3b8,main,c1e3590d02e42d16091c5377e87a3db16496e5a462d558dc2925887f835f9891,main,166651423,0,110523,110488,1,0,0,DONE,DONE,719,719,1,,5.09
p3066_c001_v51,784b5c11540d3349,kaggle-environments 1.32.7,a52ba1bfe9df9dc1d504550af46744ef8d474797cdba7af2412dc40a3ebdf3b8,main,c1e3590d02e42d16091c5377e87a3db16496e5a462d558dc2925887f835f9891,main,166651423,1,110523,110488,1,0,0,DONE,DONE,719,719,1,,8.35
p3066_c001_v51,784b5c11540d3349,kaggle-environments 1.32.7,a52ba1bfe9df9dc1d504550af46744ef8d474797cdba7af2412dc40a3ebdf3b8,main,c1e3590d02e42d16091c5377e87a3db16496e5a462d558dc2925887f835f9891,main,174255558,0,121115,121549,0,1,0,DONE,DONE,719,719,1,,10.88
p3066_c001_v51,784b5c11540d3349,kaggle-environments 1.32.7,a52ba1bfe9df9dc1d504550af46744ef8d474797cdba7af2412dc40a3ebdf3b8,main,c1e3590d02e42d16091c5377e87a3db16496e5a462d558dc2925887f835f9891,main,174255558,1,121115,121549,0,1,0,DONE,DONE,719,719,1,,7.72
p3066_c001_v51,784b5c11540d3349,kaggle-environments 1.32.7,a52ba1bfe9df9dc1d504550af46744ef8d474797cdba7af2412dc40a3ebdf3b8,main,c1e3590d02e42d16091c5377e87a3db16496e5a462d558dc2925887f835f9891,main,174529659,0,103211,103207,1,0,0,DONE,DONE,719,719,1,,10.52
p3066_c001_v51,784b5c11540d3349,kaggle-environments 1.32.7,a52ba1bfe9df9dc1d504550af46744ef8d474797cdba7af2412dc40a3ebdf3b8,main,c1e3590d02e42d16091c5377e87a3db16496e5a462d558dc2925887f835f9891,main,174529659,1,103211,103207,1,0,0,DONE,DONE,719,719,1,,7.65
p3066_c001_v51,784b5c11540d3349,kaggle-environments 1.32.7,a52ba1bfe9df9dc1d504550af46744ef8d474797cdba7af2412dc40a3ebdf3b8,main,c1e3590d02e42d16091c5377e87a3db16496e5a462d558dc2925887f835f9891,main,176712803,0,79766,79843,0,1,0,DONE,DONE,719,719,1,,10.78
p3066_c001_v51,784b5c11540d3349,kaggle-environments 1.32.7,a52ba1bfe9df9dc1d504550af46744ef8d474797cdba7af2412dc40a3ebdf3b8,main,c1e3590d02e42d16091c5377e87a3db16496e5a462d558dc2925887f835f9891,main,176712803,1,79846,79763,1,0,0,DONE,DONE,719,719,1,,10.62
p3066_c001_v51,784b5c11540d3349,kaggle-environments 1.32.7,a52ba1bfe9df9dc1d504550af46744ef8d474797cdba7af2412dc40a3ebdf3b8,main,c1e3590d02e42d16091c5377e87a3db16496e5a462d558dc2925887f835f9891,main,178973695,0,135588,135583,1,0,0,DONE,DONE,719,719,1,,5.47
p3066_c001_v51,784b5c11540d3349,kaggle-environments 1.32.7,a52ba1bfe9df9dc1d504550af46744ef8d474797cdba7af2412dc40a3ebdf3b8,main,c1e3590d02e42d16091c5377e87a3db16496e5a462d558dc2925887f835f9891,main,178973695,1,135588,135583,1,0,0,DONE,DONE,719,719,1,,9.89
p3066_c001_v51,784b5c11540d3349,kaggle-environments 1.32.7,a52ba1bfe9df9dc1d504550af46744ef8d474797cdba7af2412dc40a3ebdf3b8,main,c1e3590d02e42d16091c5377e87a3db16496e5a462d558dc2925887f835f9891,main,179227834,0,96673,96676,0,1,0,DONE,DONE,719,719,1,,6.36
p3066_c001_v51,784b5c11540d3349,kaggle-environments 1.32.7,a52ba1bfe9df9dc1d504550af46744ef8d474797cdba7af2412dc40a3ebdf3b8,main,c1e3590d02e42d16091c5377e87a3db16496e5a462d558dc2925887f835f9891,main,179227834,1,96673,96676,0,1,0,DONE,DONE,719,719,1,,10.2
p3066_c001_v51,784b5c11540d3349,kaggle-environments 1.32.7,a52ba1bfe9df9dc1d504550af46744ef8d474797cdba7af2412dc40a3ebdf3b8,main,c1e3590d02e42d16091c5377e87a3db16496e5a462d558dc2925887f835f9891,main,182031983,0,133476,133476,0,0,1,DONE,DONE,719,719,1,,6.66
p3066_c001_v51,784b5c11540d3349,kaggle-environments 1.32.7,a52ba1bfe9df9dc1d504550af46744ef8d474797cdba7af2412dc40a3ebdf3b8,main,c1e3590d02e42d16091c5377e87a3db16496e5a462d558dc2925887f835f9891,main,182031983,1,133476,133476,0,0,1,DONE,DONE,719,719,1,,5.95
p3066_c001_v51,784b5c11540d3349,kaggle-environments 1.32.7,a52ba1bfe9df9dc1d504550af46744ef8d474797cdba7af2412dc40a3ebdf3b8,main,c1e3590d02e42d16091c5377e87a3db16496e5a462d558dc2925887f835f9891,main,186064628,0,62020,62106,0,1,0,DONE,DONE,719,719,1,,8.93
p3066_c001_v51,784b5c11540d3349,kaggle-environments 1.32.7,a52ba1bfe9df9dc1d504550af46744ef8d474797cdba7af2412dc40a3ebdf3b8,main,c1e3590d02e42d16091c5377e87a3db16496e5a462d558dc2925887f835f9891,main,186064628,1,62137,61989,1,0,0,DONE,DONE,719,719,1,,10.22
p3066_c001_v51,784b5c11540d3349,kaggle-environments 1.32.7,a52ba1bfe9df9dc1d504550af46744ef8d474797cdba7af2412dc40a3ebdf3b8,main,c1e3590d02e42d16091c5377e87a3db16496e5a462d558dc2925887f835f9891,main,195295841,0,121281,121281,0,0,1,DONE,DONE,719,719,1,,6.56
p3066_c001_v51,784b5c11540d3349,kaggle-environments 1.32.7,a52ba1bfe9df9dc1d504550af46744ef8d474797cdba7af2412dc40a3ebdf3b8,main,c1e3590d02e42d16091c5377e87a3db16496e5a462d558dc2925887f835f9891,main,195295841,1,121281,121281,0,0,1,DONE,DONE,719,719,1,,8.73
p3066_c001_v51,784b5c11540d3349,kaggle-environments 1.32.7,a52ba1bfe9df9dc1d504550af46744ef8d474797cdba7af2412dc40a3ebdf3b8,main,c1e3590d02e42d16091c5377e87a3db16496e5a462d558dc2925887f835f9891,main,198262943,0,62265,62265,0,0,1,DONE,DONE,719,719,1,,11.13
p3066_c001_v51,784b5c11540d3349,kaggle-environments 1.32.7,a52ba1bfe9df9dc1d504550af46744ef8d474797cdba7af2412dc40a3ebdf3b8,main,c1e3590d02e42d16091c5377e87a3db16496e5a462d558dc2925887f835f9891,main,198262943,1,62265,62265,0,0,1,DONE,DONE,719,719,1,,8.24
p3066_c001_v51,784b5c11540d3349,kaggle-environments 1.32.7,a52ba1bfe9df9dc1d504550af46744ef8d474797cdba7af2412dc40a3ebdf3b8,main,c1e3590d02e42d16091c5377e87a3db16496e5a462d558dc2925887f835f9891,main,198710176,0,65824,65824,0,0,1,DONE,DONE,719,719,1,,7.5
p3066_c001_v51,784b5c11540d3349,kaggle-environments 1.32.7,a52ba1bfe9df9dc1d504550af46744ef8d474797cdba7af2412dc40a3ebdf3b8,main,c1e3590d02e42d16091c5377e87a3db16496e5a462d558dc2925887f835f9891,main,198710176,1,65824,65824,0,0,1,DONE,DONE,719,719,1,,8.37
p3066_c001_v51,784b5c11540d3349,kaggle-environments 1.32.7,a52ba1bfe9df9dc1d504550af46744ef8d474797cdba7af2412dc40a3ebdf3b8,main,c1e3590d02e42d16091c5377e87a3db16496e5a462d558dc2925887f835f9891,main,200695914,0,104582,104441,1,0,0,DONE,DONE,719,719,1,,9.28
p3066_c001_v51,784b5c11540d3349,kaggle-environments 1.32.7,a52ba1bfe9df9dc1d504550af46744ef8d474797cdba7af2412dc40a3ebdf3b8,main,c1e3590d02e42d16091c5377e87a3db16496e5a462d558dc2925887f835f9891,main,200695914,1,104582,104441,1,0,0,DONE,DONE,719,719,1,,10.85
p3066_c001_v51,784b5c11540d3349,kaggle-environments 1.32.7,a52ba1bfe9df9dc1d504550af46744ef8d474797cdba7af2412dc40a3ebdf3b8,main,c1e3590d02e42d16091c5377e87a3db16496e5a462d558dc2925887f835f9891,main,206928626,0,126532,124922,1,0,0,DONE,DONE,719,719,1,,11.24
p3066_c001_v51,784b5c11540d3349,kaggle-environments 1.32.7,a52ba1bfe9df9dc1d504550af46744ef8d474797cdba7af2412dc40a3ebdf3b8,main,c1e3590d02e42d16091c5377e87a3db16496e5a462d558dc2925887f835f9891,main,206928626,1,126532,124922,1,0,0,DONE,DONE,719,719,1,,11.22
p3066_c001_v51,784b5c11540d3349,kaggle-environments 1.32.7,a52ba1bfe9df9dc1d504550af46744ef8d474797cdba7af2412dc40a3ebdf3b8,main,c1e3590d02e42d16091c5377e87a3db16496e5a462d558dc2925887f835f9891,main,207746303,0,80967,80967,0,0,1,DONE,DONE,719,719,1,,10.62
p3066_c001_v51,784b5c11540d3349,kaggle-environments 1.32.7,a52ba1bfe9df9dc1d504550af46744ef8d474797cdba7af2412dc40a3ebdf3b8,main,c1e3590d02e42d16091c5377e87a3db16496e5a462d558dc2925887f835f9891,main,207746303,1,80967,80967,0,0,1,DONE,DONE,719,719,1,,7.37
p3066_c001_v51,784b5c11540d3349,kaggle-environments 1.32.7,a52ba1bfe9df9dc1d504550af46744ef8d474797cdba7af2412dc40a3ebdf3b8,main,c1e3590d02e42d16091c5377e87a3db16496e5a462d558dc2925887f835f9891,main,207824845,0,133365,133356,1,0,0,DONE,DONE,719,719,1,,7.72
p3066_c001_v51,784b5c11540d3349,kaggle-environments 1.32.7,a52ba1bfe9df9dc1d504550af46744ef8d474797cdba7af2412dc40a3ebdf3b8,main,c1e3590d02e42d16091c5377e87a3db16496e5a462d558dc2925887f835f9891,main,207824845,1,133365,133356,1,0,0,DONE,DONE,719,719,1,,10.54
p3066_c001_v51,784b5c11540d3349,kaggle-environments 1.32.7,a52ba1bfe9df9dc1d504550af46744ef8d474797cdba7af2412dc40a3ebdf3b8,main,c1e3590d02e42d16091c5377e87a3db16496e5a462d558dc2925887f835f9891,main,207882427,0,91583,91604,0,1,0,DONE,DONE,719,719,1,,10.84
p3066_c001_v51,784b5c11540d3349,kaggle-environments 1.32.7,a52ba1bfe9df9dc1d504550af46744ef8d474797cdba7af2412dc40a3ebdf3b8,main,c1e3590d02e42d16091c5377e87a3db16496e5a462d558dc2925887f835f9891,main,207882427,1,91583,91604,0,1,0,DONE,DONE,719,719,1,,8.96
p3066_c001_v51,784b5c11540d3349,kaggle-environments 1.32.7,a52ba1bfe9df9dc1d504550af46744ef8d474797cdba7af2412dc40a3ebdf3b8,main,c1e3590d02e42d16091c5377e87a3db16496e5a462d558dc2925887f835f9891,main,208481455,0,87328,87328,0,0,1,DONE,DONE,719,719,1,,10.17
p3066_c001_v51,784b5c11540d3349,kaggle-environments 1.32.7,a52ba1bfe9df9dc1d504550af46744ef8d474797cdba7af2412dc40a3ebdf3b8,main,c1e3590d02e42d16091c5377e87a3db16496e5a462d558dc2925887f835f9891,main,208481455,1,87328,87328,0,0,1,DONE,DONE,719,719,1,,5.62
p3066_c001_v51,784b5c11540d3349,kaggle-environments 1.32.7,a52ba1bfe9df9dc1d504550af46744ef8d474797cdba7af2412dc40a3ebdf3b8,main,c1e3590d02e42d16091c5377e87a3db16496e5a462d558dc2925887f835f9891,main,211179053,0,82454,82438,1,0,0,DONE,DONE,719,719,1,,6.71
p3066_c001_v51,784b5c11540d3349,kaggle-environments 1.32.7,a52ba1bfe9df9dc1d504550af46744ef8d474797cdba7af2412dc40a3ebdf3b8,main,c1e3590d02e42d16091c5377e87a3db16496e5a462d558dc2925887f835f9891,main,211179053,1,82454,82438,1,0,0,DONE,DONE,719,719,1,,10.33
p3066_c001_v51,784b5c11540d3349,kaggle-environments 1.32.7,a52ba1bfe9df9dc1d504550af46744ef8d474797cdba7af2412dc40a3ebdf3b8,main,c1e3590d02e42d16091c5377e87a3db16496e5a462d558dc2925887f835f9891,main,211633960,0,83034,83032,1,0,0,DONE,DONE,719,719,1,,10.11
p3066_c001_v51,784b5c11540d3349,kaggle-environments 1.32.7,a52ba1bfe9df9dc1d504550af46744ef8d474797cdba7af2412dc40a3ebdf3b8,main,c1e3590d02e42d16091c5377e87a3db16496e5a462d558dc2925887f835f9891,main,211633960,1,83034,83032,1,0,0,DONE,DONE,719,719,1,,5.16
p3066_c001_v51,784b5c11540d3349,kaggle-environments 1.32.7,a52ba1bfe9df9dc1d504550af46744ef8d474797cdba7af2412dc40a3ebdf3b8,main,c1e3590d02e42d16091c5377e87a3db16496e5a462d558dc2925887f835f9891,main,212349113,0,65179,65066,1,0,0,DONE,DONE,719,719,1,,10.26
p3066_c001_v51,784b5c11540d3349,kaggle-environments 1.32.7,a52ba1bfe9df9dc1d504550af46744ef8d474797cdba7af2412dc40a3ebdf3b8,main,c1e3590d02e42d16091c5377e87a3db16496e5a462d558dc2925887f835f9891,main,212349113,1,65179,65066,1,0,0,DONE,DONE,719,719,1,,6.7
p3066_c001_v51,784b5c11540d3349,kaggle-environments 1.32.7,a52ba1bfe9df9dc1d504550af46744ef8d474797cdba7af2412dc40a3ebdf3b8,main,c1e3590d02e42d16091c5377e87a3db16496e5a462d558dc2925887f835f9891,main,213629769,0,80012,79992,1,0,0,DONE,DONE,719,719,1,,11.0
p3066_c001_v51,784b5c11540d3349,kaggle-environments 1.32.7,a52ba1bfe9df9dc1d504550af46744ef8d474797cdba7af2412dc40a3ebdf3b8,main,c1e3590d02e42d16091c5377e87a3db16496e5a462d558dc2925887f835f9891,main,213629769,1,80012,79992,1,0,0,DONE,DONE,719,719,1,,6.3
p3066_c001_v51,784b5c11540d3349,kaggle-environments 1.32.7,a52ba1bfe9df9dc1d504550af46744ef8d474797cdba7af2412dc40a3ebdf3b8,main,c1e3590d02e42d16091c5377e87a3db16496e5a462d558dc2925887f835f9891,main,215483609,0,69289,69171,1,0,0,DONE,DONE,719,719,1,,10.68
p3066_c001_v51,784b5c11540d3349,kaggle-environments 1.32.7,a52ba1bfe9df9dc1d504550af46744ef8d474797cdba7af2412dc40a3ebdf3b8,main,c1e3590d02e42d16091c5377e87a3db16496e5a462d558dc2925887f835f9891,main,215483609,1,69171,69289,0,1,0,DONE,DONE,719,719,1,,10.64
p3066_c001_v51,784b5c11540d3349,kaggle-environments 1.32.7,a52ba1bfe9df9dc1d504550af46744ef8d474797cdba7af2412dc40a3ebdf3b8,main,c1e3590d02e42d16091c5377e87a3db16496e5a462d558dc2925887f835f9891,main,218536939,0,87213,87195,1,0,0,DONE,DONE,719,719,1,,10.24
p3066_c001_v51,784b5c11540d3349,kaggle-environments 1.32.7,a52ba1bfe9df9dc1d504550af46744ef8d474797cdba7af2412dc40a3ebdf3b8,main,c1e3590d02e42d16091c5377e87a3db16496e5a462d558dc2925887f835f9891,main,218536939,1,87213,87195,1,0,0,DONE,DONE,719,719,1,,8.41
p3066_c001_v51,784b5c11540d3349,kaggle-environments 1.32.7,a52ba1bfe9df9dc1d504550af46744ef8d474797cdba7af2412dc40a3ebdf3b8,main,c1e3590d02e42d16091c5377e87a3db16496e5a462d558dc2925887f835f9891,main,223961500,0,80405,80403,1,0,0,DONE,DONE,719,719,1,,5.21
p3066_c001_v51,784b5c11540d3349,kaggle-environments 1.32.7,a52ba1bfe9df9dc1d504550af46744ef8d474797cdba7af2412dc40a3ebdf3b8,main,c1e3590d02e42d16091c5377e87a3db16496e5a462d558dc2925887f835f9891,main,223961500,1,80405,80403,1,0,0,DONE,DONE,719,719,1,,10.78
p3066_c001_v51,784b5c11540d3349,kaggle-environments 1.32.7,a52ba1bfe9df9dc1d504550af46744ef8d474797cdba7af2412dc40a3ebdf3b8,main,c1e3590d02e42d16091c5377e87a3db16496e5a462d558dc2925887f835f9891,main,224020109,0,86704,86665,1,0,0,DONE,DONE,719,719,1,,5.61
p3066_c001_v51,784b5c11540d3349,kaggle-environments 1.32.7,a52ba1bfe9df9dc1d504550af46744ef8d474797cdba7af2412dc40a3ebdf3b8,main,c1e3590d02e42d16091c5377e87a3db16496e5a462d558dc2925887f835f9891,main,224020109,1,86704,86665,1,0,0,DONE,DONE,719,719,1,,8.55
p3066_c001_v51,784b5c11540d3349,kaggle-environments 1.32.7,a52ba1bfe9df9dc1d504550af46744ef8d474797cdba7af2412dc40a3ebdf3b8,main,c1e3590d02e42d16091c5377e87a3db16496e5a462d558dc2925887f835f9891,main,224179274,0,110643,110626,1,0,0,DONE,DONE,719,719,1,,7.83
p3066_c001_v51,784b5c11540d3349,kaggle-environments 1.32.7,a52ba1bfe9df9dc1d504550af46744ef8d474797cdba7af2412dc40a3ebdf3b8,main,c1e3590d02e42d16091c5377e87a3db16496e5a462d558dc2925887f835f9891,main,224179274,1,110643,110626,1,0,0,DONE,DONE,719,719,1,,9.65
p3066_c001_v51,784b5c11540d3349,kaggle-environments 1.32.7,a52ba1bfe9df9dc1d504550af46744ef8d474797cdba7af2412dc40a3ebdf3b8,main,c1e3590d02e42d16091c5377e87a3db16496e5a462d558dc2925887f835f9891,main,227591570,0,109509,109468,1,0,0,DONE,DONE,719,719,1,,9.44
p3066_c001_v51,784b5c11540d3349,kaggle-environments 1.32.7,a52ba1bfe9df9dc1d504550af46744ef8d474797cdba7af2412dc40a3ebdf3b8,main,c1e3590d02e42d16091c5377e87a3db16496e5a462d558dc2925887f835f9891,main,227591570,1,109509,109468,1,0,0,DONE,DONE,719,719,1,,10.6
p3066_c001_v51,784b5c11540d3349,kaggle-environments 1.32.7,a52ba1bfe9df9dc1d504550af46744ef8d474797cdba7af2412dc40a3ebdf3b8,main,c1e3590d02e42d16091c5377e87a3db16496e5a462d558dc2925887f835f9891,main,228346312,0,110794,110777,1,0,0,DONE,DONE,719,719,1,,10.48
p3066_c001_v51,784b5c11540d3349,kaggle-environments 1.32.7,a52ba1bfe9df9dc1d504550af46744ef8d474797cdba7af2412dc40a3ebdf3b8,main,c1e3590d02e42d16091c5377e87a3db16496e5a462d558dc2925887f835f9891,main,228346312,1,110794,110777,1,0,0,DONE,DONE,719,719,1,,6.84
p3066_c001_v51,784b5c11540d3349,kaggle-environments 1.32.7,a52ba1bfe9df9dc1d504550af46744ef8d474797cdba7af2412dc40a3ebdf3b8,main,c1e3590d02e42d16091c5377e87a3db16496e5a462d558dc2925887f835f9891,main,237455159,0,92756,92746,1,0,0,DONE,DONE,719,719,1,,10.04
p3066_c001_v51,784b5c11540d3349,kaggle-environments 1.32.7,a52ba1bfe9df9dc1d504550af46744ef8d474797cdba7af2412dc40a3ebdf3b8,main,c1e3590d02e42d16091c5377e87a3db16496e5a462d558dc2925887f835f9891,main,237455159,1,92756,92746,1,0,0,DONE,DONE,719,719,1,,9.89
p3066_c001_v51,784b5c11540d3349,kaggle-environments 1.32.7,a52ba1bfe9df9dc1d504550af46744ef8d474797cdba7af2412dc40a3ebdf3b8,main,c1e3590d02e42d16091c5377e87a3db16496e5a462d558dc2925887f835f9891,main,237977933,0,64861,64858,1,0,0,DONE,DONE,719,719,1,,5.84
p3066_c001_v51,784b5c11540d3349,kaggle-environments 1.32.7,a52ba1bfe9df9dc1d504550af46744ef8d474797cdba7af2412dc40a3ebdf3b8,main,c1e3590d02e42d16091c5377e87a3db16496e5a462d558dc2925887f835f9891,main,237977933,1,64861,64858,1,0,0,DONE,DONE,719,719,1,,6.48
p3066_c001_v51,784b5c11540d3349,kaggle-environments 1.32.7,a52ba1bfe9df9dc1d504550af46744ef8d474797cdba7af2412dc40a3ebdf3b8,main,c1e3590d02e42d16091c5377e87a3db16496e5a462d558dc2925887f835f9891,main,242100432,0,84187,84187,0,0,1,DONE,DONE,719,719,1,,9.37
p3066_c001_v51,784b5c11540d3349,kaggle-environments 1.32.7,a52ba1bfe9df9dc1d504550af46744ef8d474797cdba7af2412dc40a3ebdf3b8,main,c1e3590d02e42d16091c5377e87a3db16496e5a462d558dc2925887f835f9891,main,242100432,1,84187,84187,0,0,1,DONE,DONE,719,719,1,,8.84
p3066_c001_v51,784b5c11540d3349,kaggle-environments 1.32.7,a52ba1bfe9df9dc1d504550af46744ef8d474797cdba7af2412dc40a3ebdf3b8,main,c1e3590d02e42d16091c5377e87a3db16496e5a462d558dc2925887f835f9891,main,243646532,0,87284,87279,1,0,0,DONE,DONE,719,719,1,,9.98
p3066_c001_v51,784b5c11540d3349,kaggle-environments 1.32.7,a52ba1bfe9df9dc1d504550af46744ef8d474797cdba7af2412dc40a3ebdf3b8,main,c1e3590d02e42d16091c5377e87a3db16496e5a462d558dc2925887f835f9891,main,243646532,1,87284,87279,1,0,0,DONE,DONE,719,719,1,,10.1
p3066_c001_v51,784b5c11540d3349,kaggle-environments 1.32.7,a52ba1bfe9df9dc1d504550af46744ef8d474797cdba7af2412dc40a3ebdf3b8,main,c1e3590d02e42d16091c5377e87a3db16496e5a462d558dc2925887f835f9891,main,244488030,0,68824,68824,0,0,1,DONE,DONE,719,719,1,,8.98
p3066_c001_v51,784b5c11540d3349,kaggle-environments 1.32.7,a52ba1bfe9df9dc1d504550af46744ef8d474797cdba7af2412dc40a3ebdf3b8,main,c1e3590d02e42d16091c5377e87a3db16496e5a462d558dc2925887f835f9891,main,244488030,1,68824,68824,0,0,1,DONE,DONE,719,719,1,,8.67
p3066_c001_v51,784b5c11540d3349,kaggle-environments 1.32.7,a52ba1bfe9df9dc1d504550af46744ef8d474797cdba7af2412dc40a3ebdf3b8,main,c1e3590d02e42d16091c5377e87a3db16496e5a462d558dc2925887f835f9891,main,244579335,0,85382,85280,1,0,0,DONE,DONE,719,719,1,,4.63
p3066_c001_v51,784b5c11540d3349,kaggle-environments 1.32.7,a52ba1bfe9df9dc1d504550af46744ef8d474797cdba7af2412dc40a3ebdf3b8,main,c1e3590d02e42d16091c5377e87a3db16496e5a462d558dc2925887f835f9891,main,244579335,1,85302,85360,0,1,0,DONE,DONE,719,719,1,,4.73
p3066_c001_v51,784b5c11540d3349,kaggle-environments 1.32.7,a52ba1bfe9df9dc1d504550af46744ef8d474797cdba7af2412dc40a3ebdf3b8,main,c1e3590d02e42d16091c5377e87a3db16496e5a462d558dc2925887f835f9891,main,245669593,0,89129,89124,1,0,0,DONE,DONE,719,719,1,,10.82
p3066_c001_v51,784b5c11540d3349,kaggle-environments 1.32.7,a52ba1bfe9df9dc1d504550af46744ef8d474797cdba7af2412dc40a3ebdf3b8,main,c1e3590d02e42d16091c5377e87a3db16496e5a462d558dc2925887f835f9891,main,245669593,1,89129,89124,1,0,0,DONE,DONE,719,719,1,,9.69
p3066_c001_v51,784b5c11540d3349,kaggle-environments 1.32.7,a52ba1bfe9df9dc1d504550af46744ef8d474797cdba7af2412dc40a3ebdf3b8,main,c1e3590d02e42d16091c5377e87a3db16496e5a462d558dc2925887f835f9891,main,247027353,0,118875,118853,1,0,0,DONE,DONE,719,719,1,,5.25
p3066_c001_v51,784b5c11540d3349,kaggle-environments 1.32.7,a52ba1bfe9df9dc1d504550af46744ef8d474797cdba7af2412dc40a3ebdf3b8,main,c1e3590d02e42d16091c5377e87a3db16496e5a462d558dc2925887f835f9891,main,247027353,1,118875,118853,1,0,0,DONE,DONE,719,719,1,,8.45
p3066_c001_v51,784b5c11540d3349,kaggle-environments 1.32.7,a52ba1bfe9df9dc1d504550af46744ef8d474797cdba7af2412dc40a3ebdf3b8,main,c1e3590d02e42d16091c5377e87a3db16496e5a462d558dc2925887f835f9891,main,248168242,0,94129,94127,1,0,0,DONE,DONE,719,719,1,,9.47
p3066_c001_v51,784b5c11540d3349,kaggle-environments 1.32.7,a52ba1bfe9df9dc1d504550af46744ef8d474797cdba7af2412dc40a3ebdf3b8,main,c1e3590d02e42d16091c5377e87a3db16496e5a462d558dc2925887f835f9891,main,248168242,1,94129,94127,1,0,0,DONE,DONE,719,719,1,,10.5
p3066_c001_v51,784b5c11540d3349,kaggle-environments 1.32.7,a52ba1bfe9df9dc1d504550af46744ef8d474797cdba7af2412dc40a3ebdf3b8,main,c1e3590d02e42d16091c5377e87a3db16496e5a462d558dc2925887f835f9891,main,252426730,0,121738,121731,1,0,0,DONE,DONE,719,719,1,,9.09
p3066_c001_v51,784b5c11540d3349,kaggle-environments 1.32.7,a52ba1bfe9df9dc1d504550af46744ef8d474797cdba7af2412dc40a3ebdf3b8,main,c1e3590d02e42d16091c5377e87a3db16496e5a462d558dc2925887f835f9891,main,252426730,1,121738,121731,1,0,0,DONE,DONE,719,719,1,,6.24
p3066_c001_v51,784b5c11540d3349,kaggle-environments 1.32.7,a52ba1bfe9df9dc1d504550af46744ef8d474797cdba7af2412dc40a3ebdf3b8,main,c1e3590d02e42d16091c5377e87a3db16496e5a462d558dc2925887f835f9891,main,253976472,0,96838,96795,1,0,0,DONE,DONE,719,719,1,,10.19
p3066_c001_v51,784b5c11540d3349,kaggle-environments 1.32.7,a52ba1bfe9df9dc1d504550af46744ef8d474797cdba7af2412dc40a3ebdf3b8,main,c1e3590d02e42d16091c5377e87a3db16496e5a462d558dc2925887f835f9891,main,253976472,1,96838,96795,1,0,0,DONE,DONE,719,719,1,,10.14
p3066_c001_v51,784b5c11540d3349,kaggle-environments 1.32.7,a52ba1bfe9df9dc1d504550af46744ef8d474797cdba7af2412dc40a3ebdf3b8,main,c1e3590d02e42d16091c5377e87a3db16496e5a462d558dc2925887f835f9891,main,255806317,0,76128,76110,1,0,0,DONE,DONE,719,719,1,,10.23
p3066_c001_v51,784b5c11540d3349,kaggle-environments 1.32.7,a52ba1bfe9df9dc1d504550af46744ef8d474797cdba7af2412dc40a3ebdf3b8,main,c1e3590d02e42d16091c5377e87a3db16496e5a462d558dc2925887f835f9891,main,255806317,1,76128,76110,1,0,0,DONE,DONE,719,719,1,,5.57
p3066_c001_v51,784b5c11540d3349,kaggle-environments 1.32.7,a52ba1bfe9df9dc1d504550af46744ef8d474797cdba7af2412dc40a3ebdf3b8,main,c1e3590d02e42d16091c5377e87a3db16496e5a462d558dc2925887f835f9891,main,258798443,0,67425,67425,0,0,1,DONE,DONE,719,719,1,,10.64
p3066_c001_v51,784b5c11540d3349,kaggle-environments 1.32.7,a52ba1bfe9df9dc1d504550af46744ef8d474797cdba7af2412dc40a3ebdf3b8,main,c1e3590d02e42d16091c5377e87a3db16496e5a462d558dc2925887f835f9891,main,258798443,1,67425,67425,0,0,1,DONE,DONE,719,719,1,,5.26
p3066_c001_v51,784b5c11540d3349,kaggle-environments 1.32.7,a52ba1bfe9df9dc1d504550af46744ef8d474797cdba7af2412dc40a3ebdf3b8,main,c1e3590d02e42d16091c5377e87a3db16496e5a462d558dc2925887f835f9891,main,262383157,0,104383,104362,1,0,0,DONE,DONE,719,719,1,,10.65
p3066_c001_v51,784b5c11540d3349,kaggle-environments 1.32.7,a52ba1bfe9df9dc1d504550af46744ef8d474797cdba7af2412dc40a3ebdf3b8,main,c1e3590d02e42d16091c5377e87a3db16496e5a462d558dc2925887f835f9891,main,262383157,1,104383,104362,1,0,0,DONE,DONE,719,719,1,,6.75
p3066_c001_v51,784b5c11540d3349,kaggle-environments 1.32.7,a52ba1bfe9df9dc1d504550af46744ef8d474797cdba7af2412dc40a3ebdf3b8,main,c1e3590d02e42d16091c5377e87a3db16496e5a462d558dc2925887f835f9891,main,263967034,0,69102,69101,1,0,0,DONE,DONE,719,719,1,,9.6
p3066_c001_v51,784b5c11540d3349,kaggle-environments 1.32.7,a52ba1bfe9df9dc1d504550af46744ef8d474797cdba7af2412dc40a3ebdf3b8,main,c1e3590d02e42d16091c5377e87a3db16496e5a462d558dc2925887f835f9891,main,263967034,1,69102,69101,1,0,0,DONE,DONE,719,719,1,,5.13
p3066_c001_v51,784b5c11540d3349,kaggle-environments 1.32.7,a52ba1bfe9df9dc1d504550af46744ef8d474797cdba7af2412dc40a3ebdf3b8,main,c1e3590d02e42d16091c5377e87a3db16496e5a462d558dc2925887f835f9891,main,266064978,0,95801,95726,1,0,0,DONE,DONE,719,719,1,,7.29
p3066_c001_v51,784b5c11540d3349,kaggle-environments 1.32.7,a52ba1bfe9df9dc1d504550af46744ef8d474797cdba7af2412dc40a3ebdf3b8,main,c1e3590d02e42d16091c5377e87a3db16496e5a462d558dc2925887f835f9891,main,266064978,1,95801,95726,1,0,0,DONE,DONE,719,719,1,,10.33
p3066_c001_v51,784b5c11540d3349,kaggle-environments 1.32.7,a52ba1bfe9df9dc1d504550af46744ef8d474797cdba7af2412dc40a3ebdf3b8,main,c1e3590d02e42d16091c5377e87a3db16496e5a462d558dc2925887f835f9891,main,267865996,0,141610,141534,1,0,0,DONE,DONE,719,719,1,,9.94
p3066_c001_v51,784b5c11540d3349,kaggle-environments 1.32.7,a52ba1bfe9df9dc1d504550af46744ef8d474797cdba7af2412dc40a3ebdf3b8,main,c1e3590d02e42d16091c5377e87a3db16496e5a462d558dc2925887f835f9891,main,267865996,1,141610,141534,1,0,0,DONE,DONE,719,719,1,,4.51
p3066_c001_v51,784b5c11540d3349,kaggle-environments 1.32.7,a52ba1bfe9df9dc1d504550af46744ef8d474797cdba7af2412dc40a3ebdf3b8,main,c1e3590d02e42d16091c5377e87a3db16496e5a462d558dc2925887f835f9891,main,268416285,0,133169,133169,0,0,1,DONE,DONE,719,719,1,,10.01
p3066_c001_v51,784b5c11540d3349,kaggle-environments 1.32.7,a52ba1bfe9df9dc1d504550af46744ef8d474797cdba7af2412dc40a3ebdf3b8,main,c1e3590d02e42d16091c5377e87a3db16496e5a462d558dc2925887f835f9891,main,268416285,1,133169,133169,0,0,1,DONE,DONE,719,719,1,,6.96
p3066_c001_v51,784b5c11540d3349,kaggle-environments 1.32.7,a52ba1bfe9df9dc1d504550af46744ef8d474797cdba7af2412dc40a3ebdf3b8,main,c1e3590d02e42d16091c5377e87a3db16496e5a462d558dc2925887f835f9891,main,270212011,0,117989,117981,1,0,0,DONE,DONE,719,719,1,,10.23
p3066_c001_v51,784b5c11540d3349,kaggle-environments 1.32.7,a52ba1bfe9df9dc1d504550af46744ef8d474797cdba7af2412dc40a3ebdf3b8,main,c1e3590d02e42d16091c5377e87a3db16496e5a462d558dc2925887f835f9891,main,270212011,1,117989,117981,1,0,0,DONE,DONE,719,719,1,,5.61
p3066_c001_v51,784b5c11540d3349,kaggle-environments 1.32.7,a52ba1bfe9df9dc1d504550af46744ef8d474797cdba7af2412dc40a3ebdf3b8,main,c1e3590d02e42d16091c5377e87a3db16496e5a462d558dc2925887f835f9891,main,271213467,0,85909,85912,0,1,0,DONE,DONE,719,719,1,,9.96
p3066_c001_v51,784b5c11540d3349,kaggle-environments 1.32.7,a52ba1bfe9df9dc1d504550af46744ef8d474797cdba7af2412dc40a3ebdf3b8,main,c1e3590d02e42d16091c5377e87a3db16496e5a462d558dc2925887f835f9891,main,271213467,1,85909,85912,0,1,0,DONE,DONE,719,719,1,,9.77
p3066_c001_v51,784b5c11540d3349,kaggle-environments 1.32.7,a52ba1bfe9df9dc1d504550af46744ef8d474797cdba7af2412dc40a3ebdf3b8,main,c1e3590d02e42d16091c5377e87a3db16496e5a462d558dc2925887f835f9891,main,272752417,0,102473,102470,1,0,0,DONE,DONE,719,719,1,,5.07
p3066_c001_v51,784b5c11540d3349,kaggle-environments 1.32.7,a52ba1bfe9df9dc1d504550af46744ef8d474797cdba7af2412dc40a3ebdf3b8,main,c1e3590d02e42d16091c5377e87a3db16496e5a462d558dc2925887f835f9891,main,272752417,1,102473,102470,1,0,0,DONE,DONE,719,719,1,,10.37
p3066_c001_v51,784b5c11540d3349,kaggle-environments 1.32.7,a52ba1bfe9df9dc1d504550af46744ef8d474797cdba7af2412dc40a3ebdf3b8,main,c1e3590d02e42d16091c5377e87a3db16496e5a462d558dc2925887f835f9891,main,276129185,0,127206,126878,1,0,0,DONE,DONE,719,719,1,,7.88
p3066_c001_v51,784b5c11540d3349,kaggle-environments 1.32.7,a52ba1bfe9df9dc1d504550af46744ef8d474797cdba7af2412dc40a3ebdf3b8,main,c1e3590d02e42d16091c5377e87a3db16496e5a462d558dc2925887f835f9891,main,276129185,1,127206,126878,1,0,0,DONE,DONE,719,719,1,,4.82
p3066_c001_v51,784b5c11540d3349,kaggle-environments 1.32.7,a52ba1bfe9df9dc1d504550af46744ef8d474797cdba7af2412dc40a3ebdf3b8,main,c1e3590d02e42d16091c5377e87a3db16496e5a462d558dc2925887f835f9891,main,280994253,0,106947,106955,0,1,0,DONE,DONE,719,719,1,,9.96
p3066_c001_v51,784b5c11540d3349,kaggle-environments 1.32.7,a52ba1bfe9df9dc1d504550af46744ef8d474797cdba7af2412dc40a3ebdf3b8,main,c1e3590d02e42d16091c5377e87a3db16496e5a462d558dc2925887f835f9891,main,280994253,1,106947,106955,0,1,0,DONE,DONE,719,719,1,,7.55
p3066_c001_v51,784b5c11540d3349,kaggle-environments 1.32.7,a52ba1bfe9df9dc1d504550af46744ef8d474797cdba7af2412dc40a3ebdf3b8,main,c1e3590d02e42d16091c5377e87a3db16496e5a462d558dc2925887f835f9891,main,284050073,0,73728,72974,1,0,0,DONE,DONE,719,719,1,,6.74
p3066_c001_v51,784b5c11540d3349,kaggle-environments 1.32.7,a52ba1bfe9df9dc1d504550af46744ef8d474797cdba7af2412dc40a3ebdf3b8,main,c1e3590d02e42d16091c5377e87a3db16496e5a462d558dc2925887f835f9891,main,284050073,1,73728,72974,1,0,0,DONE,DONE,719,719,1,,10.24
p3066_c001_v51,784b5c11540d3349,kaggle-environments 1.32.7,a52ba1bfe9df9dc1d504550af46744ef8d474797cdba7af2412dc40a3ebdf3b8,main,c1e3590d02e42d16091c5377e87a3db16496e5a462d558dc2925887f835f9891,main,286469594,0,86469,88896,0,1,0,DONE,DONE,719,719,1,,8.44
p3066_c001_v51,784b5c11540d3349,kaggle-environments 1.32.7,a52ba1bfe9df9dc1d504550af46744ef8d474797cdba7af2412dc40a3ebdf3b8,main,c1e3590d02e42d16091c5377e87a3db16496e5a462d558dc2925887f835f9891,main,286469594,1,88738,86741,1,0,0,DONE,DONE,719,719,1,,10.42
p3066_c001_v51,784b5c11540d3349,kaggle-environments 1.32.7,a52ba1bfe9df9dc1d504550af46744ef8d474797cdba7af2412dc40a3ebdf3b8,main,c1e3590d02e42d16091c5377e87a3db16496e5a462d558dc2925887f835f9891,main,290144135,0,79088,79085,1,0,0,DONE,DONE,719,719,1,,9.83
p3066_c001_v51,784b5c11540d3349,kaggle-environments 1.32.7,a52ba1bfe9df9dc1d504550af46744ef8d474797cdba7af2412dc40a3ebdf3b8,main,c1e3590d02e42d16091c5377e87a3db16496e5a462d558dc2925887f835f9891,main,290144135,1,79088,79085,1,0,0,DONE,DONE,719,719,1,,10.14
p3066_c001_v51,784b5c11540d3349,kaggle-environments 1.32.7,a52ba1bfe9df9dc1d504550af46744ef8d474797cdba7af2412dc40a3ebdf3b8,main,c1e3590d02e42d16091c5377e87a3db16496e5a462d558dc2925887f835f9891,main,291481271,0,84822,84821,1,0,0,DONE,DONE,719,719,1,,5.5
p3066_c001_v51,784b5c11540d3349,kaggle-environments 1.32.7,a52ba1bfe9df9dc1d504550af46744ef8d474797cdba7af2412dc40a3ebdf3b8,main,c1e3590d02e42d16091c5377e87a3db16496e5a462d558dc2925887f835f9891,main,291481271,1,84822,84821,1,0,0,DONE,DONE,719,719,1,,9.75
p3066_c001_v51,784b5c11540d3349,kaggle-environments 1.32.7,a52ba1bfe9df9dc1d504550af46744ef8d474797cdba7af2412dc40a3ebdf3b8,main,c1e3590d02e42d16091c5377e87a3db16496e5a462d558dc2925887f835f9891,main,295497128,0,100835,100839,0,1,0,DONE,DONE,719,719,1,,6.18
p3066_c001_v51,784b5c11540d3349,kaggle-environments 1.32.7,a52ba1bfe9df9dc1d504550af46744ef8d474797cdba7af2412dc40a3ebdf3b8,main,c1e3590d02e42d16091c5377e87a3db16496e5a462d558dc2925887f835f9891,main,295497128,1,100835,100839,0,1,0,DONE,DONE,719,719,1,,6.38
p3066_c001_v51,784b5c11540d3349,kaggle-environments 1.32.7,a52ba1bfe9df9dc1d504550af46744ef8d474797cdba7af2412dc40a3ebdf3b8,main,c1e3590d02e42d16091c5377e87a3db16496e5a462d558dc2925887f835f9891,main,297167139,0,90889,90889,0,0,1,DONE,DONE,719,719,1,,10.56
p3066_c001_v51,784b5c11540d3349,kaggle-environments 1.32.7,a52ba1bfe9df9dc1d504550af46744ef8d474797cdba7af2412dc40a3ebdf3b8,main,c1e3590d02e42d16091c5377e87a3db16496e5a462d558dc2925887f835f9891,main,297167139,1,90889,90889,0,0,1,DONE,DONE,719,719,1,,7.51
p3066_c001_v51,784b5c11540d3349,kaggle-environments 1.32.7,a52ba1bfe9df9dc1d504550af46744ef8d474797cdba7af2412dc40a3ebdf3b8,main,c1e3590d02e42d16091c5377e87a3db16496e5a462d558dc2925887f835f9891,main,298942269,0,79093,79093,0,0,1,DONE,DONE,719,719,1,,6.97
p3066_c001_v51,784b5c11540d3349,kaggle-environments 1.32.7,a52ba1bfe9df9dc1d504550af46744ef8d474797cdba7af2412dc40a3ebdf3b8,main,c1e3590d02e42d16091c5377e87a3db16496e5a462d558dc2925887f835f9891,main,298942269,1,79093,79093,0,0,1,DONE,DONE,719,719,1,,10.28
p3066_c001_v51,784b5c11540d3349,kaggle-environments 1.32.7,a52ba1bfe9df9dc1d504550af46744ef8d474797cdba7af2412dc40a3ebdf3b8,main,c1e3590d02e42d16091c5377e87a3db16496e5a462d558dc2925887f835f9891,main,304187692,0,86706,86706,0,0,1,DONE,DONE,719,719,1,,10.45
p3066_c001_v51,784b5c11540d3349,kaggle-environments 1.32.7,a52ba1bfe9df9dc1d504550af46744ef8d474797cdba7af2412dc40a3ebdf3b8,main,c1e3590d02e42d16091c5377e87a3db16496e5a462d558dc2925887f835f9891,main,304187692,1,86706,86706,0,0,1,DONE,DONE,719,719,1,,10.47
p3066_c001_v51,784b5c11540d3349,kaggle-environments 1.32.7,a52ba1bfe9df9dc1d504550af46744ef8d474797cdba7af2412dc40a3ebdf3b8,main,c1e3590d02e42d16091c5377e87a3db16496e5a462d558dc2925887f835f9891,main,304305137,0,92919,92919,0,0,1,DONE,DONE,719,719,1,,7.42
p3066_c001_v51,784b5c11540d3349,kaggle-environments 1.32.7,a52ba1bfe9df9dc1d504550af46744ef8d474797cdba7af2412dc40a3ebdf3b8,main,c1e3590d02e42d16091c5377e87a3db16496e5a462d558dc2925887f835f9891,main,304305137,1,92919,92919,0,0,1,DONE,DONE,719,719,1,,6.05
p3066_c001_v51,784b5c11540d3349,kaggle-environments 1.32.7,a52ba1bfe9df9dc1d504550af46744ef8d474797cdba7af2412dc40a3ebdf3b8,main,c1e3590d02e42d16091c5377e87a3db16496e5a462d558dc2925887f835f9891,main,306982199,0,117013,116810,1,0,0,DONE,DONE,719,719,1,,8.12
p3066_c001_v51,784b5c11540d3349,kaggle-environments 1.32.7,a52ba1bfe9df9dc1d504550af46744ef8d474797cdba7af2412dc40a3ebdf3b8,main,c1e3590d02e42d16091c5377e87a3db16496e5a462d558dc2925887f835f9891,main,306982199,1,117013,116810,1,0,0,DONE,DONE,719,719,1,,9.87
p3066_c001_v51,784b5c11540d3349,kaggle-environments 1.32.7,a52ba1bfe9df9dc1d504550af46744ef8d474797cdba7af2412dc40a3ebdf3b8,main,c1e3590d02e42d16091c5377e87a3db16496e5a462d558dc2925887f835f9891,main,311994045,0,115887,115829,1,0,0,DONE,DONE,719,719,1,,10.14
p3066_c001_v51,784b5c11540d3349,kaggle-environments 1.32.7,a52ba1bfe9df9dc1d504550af46744ef8d474797cdba7af2412dc40a3ebdf3b8,main,c1e3590d02e42d16091c5377e87a3db16496e5a462d558dc2925887f835f9891,main,311994045,1,115887,115829,1,0,0,DONE,DONE,719,719,1,,8.7
p3066_c001_v51,784b5c11540d3349,kaggle-environments 1.32.7,a52ba1bfe9df9dc1d504550af46744ef8d474797cdba7af2412dc40a3ebdf3b8,main,c1e3590d02e42d16091c5377e87a3db16496e5a462d558dc2925887f835f9891,main,313460815,0,113778,113884,0,1,0,DONE,DONE,719,719,1,,5.33
p3066_c001_v51,784b5c11540d3349,kaggle-environments 1.32.7,a52ba1bfe9df9dc1d504550af46744ef8d474797cdba7af2412dc40a3ebdf3b8,main,c1e3590d02e42d16091c5377e87a3db16496e5a462d558dc2925887f835f9891,main,313460815,1,113894,113768,1,0,0,DONE,DONE,719,719,1,,9.47
p3066_c001_v51,784b5c11540d3349,kaggle-environments 1.32.7,a52ba1bfe9df9dc1d504550af46744ef8d474797cdba7af2412dc40a3ebdf3b8,main,c1e3590d02e42d16091c5377e87a3db16496e5a462d558dc2925887f835f9891,main,314816792,0,78698,78698,0,0,1,DONE,DONE,719,719,1,,7.92
p3066_c001_v51,784b5c11540d3349,kaggle-environments 1.32.7,a52ba1bfe9df9dc1d504550af46744ef8d474797cdba7af2412dc40a3ebdf3b8,main,c1e3590d02e42d16091c5377e87a3db16496e5a462d558dc2925887f835f9891,main,314816792,1,78698,78698,0,0,1,DONE,DONE,719,719,1,,11.02
p3066_c001_v51,784b5c11540d3349,kaggle-environments 1.32.7,a52ba1bfe9df9dc1d504550af46744ef8d474797cdba7af2412dc40a3ebdf3b8,main,c1e3590d02e42d16091c5377e87a3db16496e5a462d558dc2925887f835f9891,main,314863912,0,82680,82230,1,0,0,DONE,DONE,719,719,1,,11.13
p3066_c001_v51,784b5c11540d3349,kaggle-environments 1.32.7,a52ba1bfe9df9dc1d504550af46744ef8d474797cdba7af2412dc40a3ebdf3b8,main,c1e3590d02e42d16091c5377e87a3db16496e5a462d558dc2925887f835f9891,main,314863912,1,82680,82230,1,0,0,DONE,DONE,719,719,1,,11.21
p3066_c001_v51,784b5c11540d3349,kaggle-environments 1.32.7,a52ba1bfe9df9dc1d504550af46744ef8d474797cdba7af2412dc40a3ebdf3b8,main,c1e3590d02e42d16091c5377e87a3db16496e5a462d558dc2925887f835f9891,main,315410585,0,88618,88618,0,0,1,DONE,DONE,719,719,1,,10.86
p3066_c001_v51,784b5c11540d3349,kaggle-environments 1.32.7,a52ba1bfe9df9dc1d504550af46744ef8d474797cdba7af2412dc40a3ebdf3b8,main,c1e3590d02e42d16091c5377e87a3db16496e5a462d558dc2925887f835f9891,main,315410585,1,88618,88618,0,0,1,DONE,DONE,719,719,1,,10.69
p3066_c001_v51,784b5c11540d3349,kaggle-environments 1.32.7,a52ba1bfe9df9dc1d504550af46744ef8d474797cdba7af2412dc40a3ebdf3b8,main,c1e3590d02e42d16091c5377e87a3db16496e5a462d558dc2925887f835f9891,main,316995331,0,113065,112472,1,0,0,DONE,DONE,719,719,1,,10.89
p3066_c001_v51,784b5c11540d3349,kaggle-environments 1.32.7,a52ba1bfe9df9dc1d504550af46744ef8d474797cdba7af2412dc40a3ebdf3b8,main,c1e3590d02e42d16091c5377e87a3db16496e5a462d558dc2925887f835f9891,main,316995331,1,112930,112607,1,0,0,DONE,DONE,719,719,1,,4.99
p3066_c001_v51,784b5c11540d3349,kaggle-environments 1.32.7,a52ba1bfe9df9dc1d504550af46744ef8d474797cdba7af2412dc40a3ebdf3b8,main,c1e3590d02e42d16091c5377e87a3db16496e5a462d558dc2925887f835f9891,main,317969597,0,84500,84500,0,0,1,DONE,DONE,719,719,1,,7.13
p3066_c001_v51,784b5c11540d3349,kaggle-environments 1.32.7,a52ba1bfe9df9dc1d504550af46744ef8d474797cdba7af2412dc40a3ebdf3b8,main,c1e3590d02e42d16091c5377e87a3db16496e5a462d558dc2925887f835f9891,main,317969597,1,84500,84500,0,0,1,DONE,DONE,719,719,1,,10.78
p3066_c001_v51,784b5c11540d3349,kaggle-environments 1.32.7,a52ba1bfe9df9dc1d504550af46744ef8d474797cdba7af2412dc40a3ebdf3b8,main,c1e3590d02e42d16091c5377e87a3db16496e5a462d558dc2925887f835f9891,main,320999821,0,86984,86906,1,0,0,DONE,DONE,719,719,1,,9.0
p3066_c001_v51,784b5c11540d3349,kaggle-environments 1.32.7,a52ba1bfe9df9dc1d504550af46744ef8d474797cdba7af2412dc40a3ebdf3b8,main,c1e3590d02e42d16091c5377e87a3db16496e5a462d558dc2925887f835f9891,main,320999821,1,86984,86906,1,0,0,DONE,DONE,719,719,1,,10.92
p3066_c001_v51,784b5c11540d3349,kaggle-environments 1.32.7,a52ba1bfe9df9dc1d504550af46744ef8d474797cdba7af2412dc40a3ebdf3b8,main,c1e3590d02e42d16091c5377e87a3db16496e5a462d558dc2925887f835f9891,main,321492174,0,77995,77998,0,1,0,DONE,DONE,719,719,1,,10.46
p3066_c001_v51,784b5c11540d3349,kaggle-environments 1.32.7,a52ba1bfe9df9dc1d504550af46744ef8d474797cdba7af2412dc40a3ebdf3b8,main,c1e3590d02e42d16091c5377e87a3db16496e5a462d558dc2925887f835f9891,main,321492174,1,77995,77998,0,1,0,DONE,DONE,719,719,1,,5.97
p3066_c001_v51,784b5c11540d3349,kaggle-environments 1.32.7,a52ba1bfe9df9dc1d504550af46744ef8d474797cdba7af2412dc40a3ebdf3b8,main,c1e3590d02e42d16091c5377e87a3db16496e5a462d558dc2925887f835f9891,main,322729294,0,93521,93522,0,1,0,DONE,DONE,719,719,1,,10.36
p3066_c001_v51,784b5c11540d3349,kaggle-environments 1.32.7,a52ba1bfe9df9dc1d504550af46744ef8d474797cdba7af2412dc40a3ebdf3b8,main,c1e3590d02e42d16091c5377e87a3db16496e5a462d558dc2925887f835f9891,main,322729294,1,93521,93522,0,1,0,DONE,DONE,719,719,1,,9.25
p3066_c001_v51,784b5c11540d3349,kaggle-environments 1.32.7,a52ba1bfe9df9dc1d504550af46744ef8d474797cdba7af2412dc40a3ebdf3b8,main,c1e3590d02e42d16091c5377e87a3db16496e5a462d558dc2925887f835f9891,main,326180350,0,76681,76685,0,1,0,DONE,DONE,719,719,1,,7.12
p3066_c001_v51,784b5c11540d3349,kaggle-environments 1.32.7,a52ba1bfe9df9dc1d504550af46744ef8d474797cdba7af2412dc40a3ebdf3b8,main,c1e3590d02e42d16091c5377e87a3db16496e5a462d558dc2925887f835f9891,main,326180350,1,76681,76685,0,1,0,DONE,DONE,719,719,1,,7.44
p3066_c001_v51,784b5c11540d3349,kaggle-environments 1.32.7,a52ba1bfe9df9dc1d504550af46744ef8d474797cdba7af2412dc40a3ebdf3b8,main,c1e3590d02e42d16091c5377e87a3db16496e5a462d558dc2925887f835f9891,main,326301111,0,124217,123981,1,0,0,DONE,DONE,719,719,1,,5.34
p3066_c001_v51,784b5c11540d3349,kaggle-environments 1.32.7,a52ba1bfe9df9dc1d504550af46744ef8d474797cdba7af2412dc40a3ebdf3b8,main,c1e3590d02e42d16091c5377e87a3db16496e5a462d558dc2925887f835f9891,main,326301111,1,124217,123981,1,0,0,DONE,DONE,719,719,1,,7.73
p3066_c001_v51,784b5c11540d3349,kaggle-environments 1.32.7,a52ba1bfe9df9dc1d504550af46744ef8d474797cdba7af2412dc40a3ebdf3b8,main,c1e3590d02e42d16091c5377e87a3db16496e5a462d558dc2925887f835f9891,main,326817610,0,110111,110055,1,0,0,DONE,DONE,719,719,1,,10.03
p3066_c001_v51,784b5c11540d3349,kaggle-environments 1.32.7,a52ba1bfe9df9dc1d504550af46744ef8d474797cdba7af2412dc40a3ebdf3b8,main,c1e3590d02e42d16091c5377e87a3db16496e5a462d558dc2925887f835f9891,main,326817610,1,110111,110055,1,0,0,DONE,DONE,719,719,1,,6.87
p3066_c001_v51,784b5c11540d3349,kaggle-environments 1.32.7,a52ba1bfe9df9dc1d504550af46744ef8d474797cdba7af2412dc40a3ebdf3b8,main,c1e3590d02e42d16091c5377e87a3db16496e5a462d558dc2925887f835f9891,main,329948488,0,104929,104927,1,0,0,DONE,DONE,719,719,1,,7.72
p3066_c001_v51,784b5c11540d3349,kaggle-environments 1.32.7,a52ba1bfe9df9dc1d504550af46744ef8d474797cdba7af2412dc40a3ebdf3b8,main,c1e3590d02e42d16091c5377e87a3db16496e5a462d558dc2925887f835f9891,main,329948488,1,104929,104927,1,0,0,DONE,DONE,719,719,1,,8.07
p3066_c001_v51,784b5c11540d3349,kaggle-environments 1.32.7,a52ba1bfe9df9dc1d504550af46744ef8d474797cdba7af2412dc40a3ebdf3b8,main,c1e3590d02e42d16091c5377e87a3db16496e5a462d558dc2925887f835f9891,main,330231434,0,93047,93031,1,0,0,DONE,DONE,719,719,1,,8.04
p3066_c001_v51,784b5c11540d3349,kaggle-environments 1.32.7,a52ba1bfe9df9dc1d504550af46744ef8d474797cdba7af2412dc40a3ebdf3b8,main,c1e3590d02e42d16091c5377e87a3db16496e5a462d558dc2925887f835f9891,main,330231434,1,93047,93031,1,0,0,DONE,DONE,719,719,1,,10.02
p3066_c001_v51,784b5c11540d3349,kaggle-environments 1.32.7,a52ba1bfe9df9dc1d504550af46744ef8d474797cdba7af2412dc40a3ebdf3b8,main,c1e3590d02e42d16091c5377e87a3db16496e5a462d558dc2925887f835f9891,main,330744118,0,74829,74404,1,0,0,DONE,DONE,719,719,1,,10.45
p3066_c001_v51,784b5c11540d3349,kaggle-environments 1.32.7,a52ba1bfe9df9dc1d504550af46744ef8d474797cdba7af2412dc40a3ebdf3b8,main,c1e3590d02e42d16091c5377e87a3db16496e5a462d558dc2925887f835f9891,main,330744118,1,74712,74521,1,0,0,DONE,DONE,719,719,1,,10.15
p3066_c001_v51,784b5c11540d3349,kaggle-environments 1.32.7,a52ba1bfe9df9dc1d504550af46744ef8d474797cdba7af2412dc40a3ebdf3b8,main,c1e3590d02e42d16091c5377e87a3db16496e5a462d558dc2925887f835f9891,main,333410233,0,86132,86049,1,0,0,DONE,DONE,719,719,1,,6.03
p3066_c001_v51,784b5c11540d3349,kaggle-environments 1.32.7,a52ba1bfe9df9dc1d504550af46744ef8d474797cdba7af2412dc40a3ebdf3b8,main,c1e3590d02e42d16091c5377e87a3db16496e5a462d558dc2925887f835f9891,main,333410233,1,86132,86049,1,0,0,DONE,DONE,719,719,1,,10.42
p3066_c001_v51,784b5c11540d3349,kaggle-environments 1.32.7,a52ba1bfe9df9dc1d504550af46744ef8d474797cdba7af2412dc40a3ebdf3b8,main,c1e3590d02e42d16091c5377e87a3db16496e5a462d558dc2925887f835f9891,main,335769314,0,63377,63355,1,0,0,DONE,DONE,719,719,1,,10.05
p3066_c001_v51,784b5c11540d3349,kaggle-environments 1.32.7,a52ba1bfe9df9dc1d504550af46744ef8d474797cdba7af2412dc40a3ebdf3b8,main,c1e3590d02e42d16091c5377e87a3db16496e5a462d558dc2925887f835f9891,main,335769314,1,63377,63355,1,0,0,DONE,DONE,719,719,1,,9.29
p3066_c001_v51,784b5c11540d3349,kaggle-environments 1.32.7,a52ba1bfe9df9dc1d504550af46744ef8d474797cdba7af2412dc40a3ebdf3b8,main,c1e3590d02e42d16091c5377e87a3db16496e5a462d558dc2925887f835f9891,main,343874067,0,72448,72448,0,0,1,DONE,DONE,719,719,1,,10.48
p3066_c001_v51,784b5c11540d3349,kaggle-environments 1.32.7,a52ba1bfe9df9dc1d504550af46744ef8d474797cdba7af2412dc40a3ebdf3b8,main,c1e3590d02e42d16091c5377e87a3db16496e5a462d558dc2925887f835f9891,main,343874067,1,72448,72448,0,0,1,DONE,DONE,719,719,1,,9.05
p3066_c001_v51,784b5c11540d3349,kaggle-environments 1.32.7,a52ba1bfe9df9dc1d504550af46744ef8d474797cdba7af2412dc40a3ebdf3b8,main,c1e3590d02e42d16091c5377e87a3db16496e5a462d558dc2925887f835f9891,main,344606943,0,115740,115739,1,0,0,DONE,DONE,719,719,1,,4.96
p3066_c001_v51,784b5c11540d3349,kaggle-environments 1.32.7,a52ba1bfe9df9dc1d504550af46744ef8d474797cdba7af2412dc40a3ebdf3b8,main,c1e3590d02e42d16091c5377e87a3db16496e5a462d558dc2925887f835f9891,main,344606943,1,115740,115739,1,0,0,DONE,DONE,719,719,1,,11.01
p3066_c001_v51,784b5c11540d3349,kaggle-environments 1.32.7,a52ba1bfe9df9dc1d504550af46744ef8d474797cdba7af2412dc40a3ebdf3b8,main,c1e3590d02e42d16091c5377e87a3db16496e5a462d558dc2925887f835f9891,main,347753166,0,81227,81279,0,1,0,DONE,DONE,719,719,1,,6.39
p3066_c001_v51,784b5c11540d3349,kaggle-environments 1.32.7,a52ba1bfe9df9dc1d504550af46744ef8d474797cdba7af2412dc40a3ebdf3b8,main,c1e3590d02e42d16091c5377e87a3db16496e5a462d558dc2925887f835f9891,main,347753166,1,81227,81279,0,1,0,DONE,DONE,719,719,1,,10.65
p3066_c001_v51,784b5c11540d3349,kaggle-environments 1.32.7,a52ba1bfe9df9dc1d504550af46744ef8d474797cdba7af2412dc40a3ebdf3b8,main,c1e3590d02e42d16091c5377e87a3db16496e5a462d558dc2925887f835f9891,main,349696718,0,124093,124090,1,0,0,DONE,DONE,719,719,1,,9.78
p3066_c001_v51,784b5c11540d3349,kaggle-environments 1.32.7,a52ba1bfe9df9dc1d504550af46744ef8d474797cdba7af2412dc40a3ebdf3b8,main,c1e3590d02e42d16091c5377e87a3db16496e5a462d558dc2925887f835f9891,main,349696718,1,124093,124090,1,0,0,DONE,DONE,719,719,1,,4.81
p3066_c001_v51,784b5c11540d3349,kaggle-environments 1.32.7,a52ba1bfe9df9dc1d504550af46744ef8d474797cdba7af2412dc40a3ebdf3b8,main,c1e3590d02e42d16091c5377e87a3db16496e5a462d558dc2925887f835f9891,main,352662196,0,90771,90776,0,1,0,DONE,DONE,719,719,1,,10.36
p3066_c001_v51,784b5c11540d3349,kaggle-environments 1.32.7,a52ba1bfe9df9dc1d504550af46744ef8d474797cdba7af2412dc40a3ebdf3b8,main,c1e3590d02e42d16091c5377e87a3db16496e5a462d558dc2925887f835f9891,main,352662196,1,90771,90776,0,1,0,DONE,DONE,719,719,1,,9.39
p3066_c001_v51,784b5c11540d3349,kaggle-environments 1.32.7,a52ba1bfe9df9dc1d504550af46744ef8d474797cdba7af2412dc40a3ebdf3b8,main,c1e3590d02e42d16091c5377e87a3db16496e5a462d558dc2925887f835f9891,main,354162115,0,89526,89397,1,0,0,DONE,DONE,719,719,1,,6.51
p3066_c001_v51,784b5c11540d3349,kaggle-environments 1.32.7,a52ba1bfe9df9dc1d504550af46744ef8d474797cdba7af2412dc40a3ebdf3b8,main,c1e3590d02e42d16091c5377e87a3db16496e5a462d558dc2925887f835f9891,main,354162115,1,89397,89526,0,1,0,DONE,DONE,719,719,1,,11.02
p3066_c001_v51,784b5c11540d3349,kaggle-environments 1.32.7,a52ba1bfe9df9dc1d504550af46744ef8d474797cdba7af2412dc40a3ebdf3b8,main,c1e3590d02e42d16091c5377e87a3db16496e5a462d558dc2925887f835f9891,main,354922960,0,95548,95548,0,0,1,DONE,DONE,719,719,1,,8.35
p3066_c001_v51,784b5c11540d3349,kaggle-environments 1.32.7,a52ba1bfe9df9dc1d504550af46744ef8d474797cdba7af2412dc40a3ebdf3b8,main,c1e3590d02e42d16091c5377e87a3db16496e5a462d558dc2925887f835f9891,main,354922960,1,95548,95548,0,0,1,DONE,DONE,719,719,1,,7.29
p3066_c001_v51,784b5c11540d3349,kaggle-environments 1.32.7,a52ba1bfe9df9dc1d504550af46744ef8d474797cdba7af2412dc40a3ebdf3b8,main,c1e3590d02e42d16091c5377e87a3db16496e5a462d558dc2925887f835f9891,main,357147783,0,129489,129306,1,0,0,DONE,DONE,719,719,1,,7.9
p3066_c001_v51,784b5c11540d3349,kaggle-environments 1.32.7,a52ba1bfe9df9dc1d504550af46744ef8d474797cdba7af2412dc40a3ebdf3b8,main,c1e3590d02e42d16091c5377e87a3db16496e5a462d558dc2925887f835f9891,main,357147783,1,129489,129306,1,0,0,DONE,DONE,719,719,1,,6.55
p3066_c001_v51,784b5c11540d3349,kaggle-environments 1.32.7,a52ba1bfe9df9dc1d504550af46744ef8d474797cdba7af2412dc40a3ebdf3b8,main,c1e3590d02e42d16091c5377e87a3db16496e5a462d558dc2925887f835f9891,main,359335025,0,59813,59813,0,0,1,DONE,DONE,719,719,1,,10.22
p3066_c001_v51,784b5c11540d3349,kaggle-environments 1.32.7,a52ba1bfe9df9dc1d504550af46744ef8d474797cdba7af2412dc40a3ebdf3b8,main,c1e3590d02e42d16091c5377e87a3db16496e5a462d558dc2925887f835f9891,main,359335025,1,59813,59813,0,0,1,DONE,DONE,719,719,1,,7.81
p3066_c001_v51,784b5c11540d3349,kaggle-environments 1.32.7,a52ba1bfe9df9dc1d504550af46744ef8d474797cdba7af2412dc40a3ebdf3b8,main,c1e3590d02e42d16091c5377e87a3db16496e5a462d558dc2925887f835f9891,main,360429910,0,72548,72547,1,0,0,DONE,DONE,719,719,1,,10.31
p3066_c001_v51,784b5c11540d3349,kaggle-environments 1.32.7,a52ba1bfe9df9dc1d504550af46744ef8d474797cdba7af2412dc40a3ebdf3b8,main,c1e3590d02e42d16091c5377e87a3db16496e5a462d558dc2925887f835f9891,main,360429910,1,72548,72547,1,0,0,DONE,DONE,719,719,1,,10.35
p3066_c001_v51,784b5c11540d3349,kaggle-environments 1.32.7,a52ba1bfe9df9dc1d504550af46744ef8d474797cdba7af2412dc40a3ebdf3b8,main,c1e3590d02e42d16091c5377e87a3db16496e5a462d558dc2925887f835f9891,main,362578649,0,72589,72589,0,0,1,DONE,DONE,719,719,1,,6.32
p3066_c001_v51,784b5c11540d3349,kaggle-environments 1.32.7,a52ba1bfe9df9dc1d504550af46744ef8d474797cdba7af2412dc40a3ebdf3b8,main,c1e3590d02e42d16091c5377e87a3db16496e5a462d558dc2925887f835f9891,main,362578649,1,72589,72589,0,0,1,DONE,DONE,719,719,1,,9.69
p3066_c001_v51,784b5c11540d3349,kaggle-environments 1.32.7,a52ba1bfe9df9dc1d504550af46744ef8d474797cdba7af2412dc40a3ebdf3b8,main,c1e3590d02e42d16091c5377e87a3db16496e5a462d558dc2925887f835f9891,main,367822176,0,63772,63772,0,0,1,DONE,DONE,719,719,1,,10.6
p3066_c001_v51,784b5c11540d3349,kaggle-environments 1.32.7,a52ba1bfe9df9dc1d504550af46744ef8d474797cdba7af2412dc40a3ebdf3b8,main,c1e3590d02e42d16091c5377e87a3db16496e5a462d558dc2925887f835f9891,main,367822176,1,63772,63772,0,0,1,DONE,DONE,719,719,1,,6.47
p3066_c001_v51,784b5c11540d3349,kaggle-environments 1.32.7,a52ba1bfe9df9dc1d504550af46744ef8d474797cdba7af2412dc40a3ebdf3b8,main,c1e3590d02e42d16091c5377e87a3db16496e5a462d558dc2925887f835f9891,main,371187819,0,99031,98965,1,0,0,DONE,DONE,719,719,1,,10.54
p3066_c001_v51,784b5c11540d3349,kaggle-environments 1.32.7,a52ba1bfe9df9dc1d504550af46744ef8d474797cdba7af2412dc40a3ebdf3b8,main,c1e3590d02e42d16091c5377e87a3db16496e5a462d558dc2925887f835f9891,main,371187819,1,99031,98965,1,0,0,DONE,DONE,719,719,1,,6.03
p3066_c001_v51,784b5c11540d3349,kaggle-environments 1.32.7,a52ba1bfe9df9dc1d504550af46744ef8d474797cdba7af2412dc40a3ebdf3b8,main,c1e3590d02e42d16091c5377e87a3db16496e5a462d558dc2925887f835f9891,main,374447715,0,80457,80457,0,0,1,DONE,DONE,719,719,1,,10.49
p3066_c001_v51,784b5c11540d3349,kaggle-environments 1.32.7,a52ba1bfe9df9dc1d504550af46744ef8d474797cdba7af2412dc40a3ebdf3b8,main,c1e3590d02e42d16091c5377e87a3db16496e5a462d558dc2925887f835f9891,main,374447715,1,80457,80457,0,0,1,DONE,DONE,719,719,1,,7.64
p3066_c001_v51,784b5c11540d3349,kaggle-environments 1.32.7,a52ba1bfe9df9dc1d504550af46744ef8d474797cdba7af2412dc40a3ebdf3b8,main,c1e3590d02e42d16091c5377e87a3db16496e5a462d558dc2925887f835f9891,main,374542663,0,88652,88674,0,1,0,DONE,DONE,719,719,1,,7.0
p3066_c001_v51,784b5c11540d3349,kaggle-environments 1.32.7,a52ba1bfe9df9dc1d504550af46744ef8d474797cdba7af2412dc40a3ebdf3b8,main,c1e3590d02e42d16091c5377e87a3db16496e5a462d558dc2925887f835f9891,main,374542663,1,88652,88674,0,1,0,DONE,DONE,719,719,1,,10.79
p3066_c001_v51,784b5c11540d3349,kaggle-environments 1.32.7,a52ba1bfe9df9dc1d504550af46744ef8d474797cdba7af2412dc40a3ebdf3b8,main,c1e3590d02e42d16091c5377e87a3db16496e5a462d558dc2925887f835f9891,main,375251735,0,129730,129164,1,0,0,DONE,DONE,719,719,1,,10.35
p3066_c001_v51,784b5c11540d3349,kaggle-environments 1.32.7,a52ba1bfe9df9dc1d504550af46744ef8d474797cdba7af2412dc40a3ebdf3b8,main,c1e3590d02e42d16091c5377e87a3db16496e5a462d558dc2925887f835f9891,main,375251735,1,129730,129164,1,0,0,DONE,DONE,719,719,1,,6.03
p3066_c001_v51,784b5c11540d3349,kaggle-environments 1.32.7,a52ba1bfe9df9dc1d504550af46744ef8d474797cdba7af2412dc40a3ebdf3b8,main,c1e3590d02e42d16091c5377e87a3db16496e5a462d558dc2925887f835f9891,main,378479224,0,80994,80985,1,0,0,DONE,DONE,719,719,1,,10.1
p3066_c001_v51,784b5c11540d3349,kaggle-environments 1.32.7,a52ba1bfe9df9dc1d504550af46744ef8d474797cdba7af2412dc40a3ebdf3b8,main,c1e3590d02e42d16091c5377e87a3db16496e5a462d558dc2925887f835f9891,main,378479224,1,80994,80985,1,0,0,DONE,DONE,719,719,1,,5.38
p3066_c001_v51,784b5c11540d3349,kaggle-environments 1.32.7,a52ba1bfe9df9dc1d504550af46744ef8d474797cdba7af2412dc40a3ebdf3b8,main,c1e3590d02e42d16091c5377e87a3db16496e5a462d558dc2925887f835f9891,main,379180580,0,87186,87146,1,0,0,DONE,DONE,719,719,1,,7.38
p3066_c001_v51,784b5c11540d3349,kaggle-environments 1.32.7,a52ba1bfe9df9dc1d504550af46744ef8d474797cdba7af2412dc40a3ebdf3b8,main,c1e3590d02e42d16091c5377e87a3db16496e5a462d558dc2925887f835f9891,main,379180580,1,87186,87146,1,0,0,DONE,DONE,719,719,1,,9.55
p3066_c001_v51,784b5c11540d3349,kaggle-environments 1.32.7,a52ba1bfe9df9dc1d504550af46744ef8d474797cdba7af2412dc40a3ebdf3b8,main,c1e3590d02e42d16091c5377e87a3db16496e5a462d558dc2925887f835f9891,main,383202827,0,99410,98999,1,0,0,DONE,DONE,719,719,1,,7.14
p3066_c001_v51,784b5c11540d3349,kaggle-environments 1.32.7,a52ba1bfe9df9dc1d504550af46744ef8d474797cdba7af2412dc40a3ebdf3b8,main,c1e3590d02e42d16091c5377e87a3db16496e5a462d558dc2925887f835f9891,main,383202827,1,99410,98999,1,0,0,DONE,DONE,719,719,1,,7.55
p3066_c001_v51,784b5c11540d3349,kaggle-environments 1.32.7,a52ba1bfe9df9dc1d504550af46744ef8d474797cdba7af2412dc40a3ebdf3b8,main,c1e3590d02e42d16091c5377e87a3db16496e5a462d558dc2925887f835f9891,main,384060394,0,90350,90348,1,0,0,DONE,DONE,719,719,1,,4.88
p3066_c001_v51,784b5c11540d3349,kaggle-environments 1.32.7,a52ba1bfe9df9dc1d504550af46744ef8d474797cdba7af2412dc40a3ebdf3b8,main,c1e3590d02e42d16091c5377e87a3db16496e5a462d558dc2925887f835f9891,main,384060394,1,90350,90348,1,0,0,DONE,DONE,719,719,1,,7.31
p3066_c001_v51,784b5c11540d3349,kaggle-environments 1.32.7,a52ba1bfe9df9dc1d504550af46744ef8d474797cdba7af2412dc40a3ebdf3b8,main,c1e3590d02e42d16091c5377e87a3db16496e5a462d558dc2925887f835f9891,main,384457459,0,70804,70791,1,0,0,DONE,DONE,719,719,1,,8.5
p3066_c001_v51,784b5c11540d3349,kaggle-environments 1.32.7,a52ba1bfe9df9dc1d504550af46744ef8d474797cdba7af2412dc40a3ebdf3b8,main,c1e3590d02e42d16091c5377e87a3db16496e5a462d558dc2925887f835f9891,main,384457459,1,70804,70791,1,0,0,DONE,DONE,719,719,1,,9.65
p3066_c001_v51,784b5c11540d3349,kaggle-environments 1.32.7,a52ba1bfe9df9dc1d504550af46744ef8d474797cdba7af2412dc40a3ebdf3b8,main,c1e3590d02e42d16091c5377e87a3db16496e5a462d558dc2925887f835f9891,main,384759268,0,112001,112001,0,0,1,DONE,DONE,719,719,1,,8.33
p3066_c001_v51,784b5c11540d3349,kaggle-environments 1.32.7,a52ba1bfe9df9dc1d504550af46744ef8d474797cdba7af2412dc40a3ebdf3b8,main,c1e3590d02e42d16091c5377e87a3db16496e5a462d558dc2925887f835f9891,main,384759268,1,112001,112001,0,0,1,DONE,DONE,719,719,1,,9.82
p3066_c001_v51,784b5c11540d3349,kaggle-environments 1.32.7,a52ba1bfe9df9dc1d504550af46744ef8d474797cdba7af2412dc40a3ebdf3b8,main,c1e3590d02e42d16091c5377e87a3db16496e5a462d558dc2925887f835f9891,main,385467461,0,109329,108994,1,0,0,DONE,DONE,719,719,1,,9.44
p3066_c001_v51,784b5c11540d3349,kaggle-environments 1.32.7,a52ba1bfe9df9dc1d504550af46744ef8d474797cdba7af2412dc40a3ebdf3b8,main,c1e3590d02e42d16091c5377e87a3db16496e5a462d558dc2925887f835f9891,main,385467461,1,109329,108994,1,0,0,DONE,DONE,719,719,1,,6.45
p3066_c001_v51,784b5c11540d3349,kaggle-environments 1.32.7,a52ba1bfe9df9dc1d504550af46744ef8d474797cdba7af2412dc40a3ebdf3b8,main,c1e3590d02e42d16091c5377e87a3db16496e5a462d558dc2925887f835f9891,main,385530804,0,109478,109468,1,0,0,DONE,DONE,719,719,1,,9.31
p3066_c001_v51,784b5c11540d3349,kaggle-environments 1.32.7,a52ba1bfe9df9dc1d504550af46744ef8d474797cdba7af2412dc40a3ebdf3b8,main,c1e3590d02e42d16091c5377e87a3db16496e5a462d558dc2925887f835f9891,main,385530804,1,109478,109468,1,0,0,DONE,DONE,719,719,1,,5.19
p3066_c001_v51,784b5c11540d3349,kaggle-environments 1.32.7,a52ba1bfe9df9dc1d504550af46744ef8d474797cdba7af2412dc40a3ebdf3b8,main,c1e3590d02e42d16091c5377e87a3db16496e5a462d558dc2925887f835f9891,main,394471166,0,105689,105682,1,0,0,DONE,DONE,719,719,1,,11.01
p3066_c001_v51,784b5c11540d3349,kaggle-environments 1.32.7,a52ba1bfe9df9dc1d504550af46744ef8d474797cdba7af2412dc40a3ebdf3b8,main,c1e3590d02e42d16091c5377e87a3db16496e5a462d558dc2925887f835f9891,main,394471166,1,105689,105682,1,0,0,DONE,DONE,719,719,1,,11.59
p3066_c001_v51,784b5c11540d3349,kaggle-environments 1.32.7,a52ba1bfe9df9dc1d504550af46744ef8d474797cdba7af2412dc40a3ebdf3b8,main,c1e3590d02e42d16091c5377e87a3db16496e5a462d558dc2925887f835f9891,main,394833418,0,107615,107615,0,0,1,DONE,DONE,719,719,1,,5.34
p3066_c001_v51,784b5c11540d3349,kaggle-environments 1.32.7,a52ba1bfe9df9dc1d504550af46744ef8d474797cdba7af2412dc40a3ebdf3b8,main,c1e3590d02e42d16091c5377e87a3db16496e5a462d558dc2925887f835f9891,main,394833418,1,107615,107615,0,0,1,DONE,DONE,719,719,1,,11.39
p3066_c001_v51,784b5c11540d3349,kaggle-environments 1.32.7,a52ba1bfe9df9dc1d504550af46744ef8d474797cdba7af2412dc40a3ebdf3b8,main,c1e3590d02e42d16091c5377e87a3db16496e5a462d558dc2925887f835f9891,main,398187590,0,136811,136803,1,0,0,DONE,DONE,719,719,1,,11.01
p3066_c001_v51,784b5c11540d3349,kaggle-environments 1.32.7,a52ba1bfe9df9dc1d504550af46744ef8d474797cdba7af2412dc40a3ebdf3b8,main,c1e3590d02e42d16091c5377e87a3db16496e5a462d558dc2925887f835f9891,main,398187590,1,136811,136803,1,0,0,DONE,DONE,719,719,1,,5.58
p3066_c001_v51,784b5c11540d3349,kaggle-environments 1.32.7,a52ba1bfe9df9dc1d504550af46744ef8d474797cdba7af2412dc40a3ebdf3b8,main,c1e3590d02e42d16091c5377e87a3db16496e5a462d558dc2925887f835f9891,main,400509605,0,102525,102523,1,0,0,DONE,DONE,719,719,1,,8.33
p3066_c001_v51,784b5c11540d3349,kaggle-environments 1.32.7,a52ba1bfe9df9dc1d504550af46744ef8d474797cdba7af2412dc40a3ebdf3b8,main,c1e3590d02e42d16091c5377e87a3db16496e5a462d558dc2925887f835f9891,main,400509605,1,102525,102523,1,0,0,DONE,DONE,719,719,1,,7.94
p3066_c001_v51,784b5c11540d3349,kaggle-environments 1.32.7,a52ba1bfe9df9dc1d504550af46744ef8d474797cdba7af2412dc40a3ebdf3b8,main,c1e3590d02e42d16091c5377e87a3db16496e5a462d558dc2925887f835f9891,main,401397591,0,95290,95260,1,0,0,DONE,DONE,719,719,1,,8.51
p3066_c001_v51,784b5c11540d3349,kaggle-environments 1.32.7,a52ba1bfe9df9dc1d504550af46744ef8d474797cdba7af2412dc40a3ebdf3b8,main,c1e3590d02e42d16091c5377e87a3db16496e5a462d558dc2925887f835f9891,main,401397591,1,95290,95260,1,0,0,DONE,DONE,719,719,1,,7.74
p3066_c001_v51,784b5c11540d3349,kaggle-environments 1.32.7,a52ba1bfe9df9dc1d504550af46744ef8d474797cdba7af2412dc40a3ebdf3b8,main,c1e3590d02e42d16091c5377e87a3db16496e5a462d558dc2925887f835f9891,main,401421676,0,121292,121289,1,0,0,DONE,DONE,719,719,1,,10.99
p3066_c001_v51,784b5c11540d3349,kaggle-environments 1.32.7,a52ba1bfe9df9dc1d504550af46744ef8d474797cdba7af2412dc40a3ebdf3b8,main,c1e3590d02e42d16091c5377e87a3db16496e5a462d558dc2925887f835f9891,main,401421676,1,121292,121289,1,0,0,DONE,DONE,719,719,1,,9.19
p3066_c001_v51,784b5c11540d3349,kaggle-environments 1.32.7,a52ba1bfe9df9dc1d504550af46744ef8d474797cdba7af2412dc40a3ebdf3b8,main,c1e3590d02e42d16091c5377e87a3db16496e5a462d558dc2925887f835f9891,main,401975774,0,134922,134854,1,0,0,DONE,DONE,719,719,1,,6.57
p3066_c001_v51,784b5c11540d3349,kaggle-environments 1.32.7,a52ba1bfe9df9dc1d504550af46744ef8d474797cdba7af2412dc40a3ebdf3b8,main,c1e3590d02e42d16091c5377e87a3db16496e5a462d558dc2925887f835f9891,main,401975774,1,134922,134854,1,0,0,DONE,DONE,719,719,1,,10.81
p3066_c001_v51,784b5c11540d3349,kaggle-environments 1.32.7,a52ba1bfe9df9dc1d504550af46744ef8d474797cdba7af2412dc40a3ebdf3b8,main,c1e3590d02e42d16091c5377e87a3db16496e5a462d558dc2925887f835f9891,main,402439054,0,68195,68194,1,0,0,DONE,DONE,719,719,1,,6.69
p3066_c001_v51,784b5c11540d3349,kaggle-environments 1.32.7,a52ba1bfe9df9dc1d504550af46744ef8d474797cdba7af2412dc40a3ebdf3b8,main,c1e3590d02e42d16091c5377e87a3db16496e5a462d558dc2925887f835f9891,main,402439054,1,68195,68194,1,0,0,DONE,DONE,719,719,1,,10.22
p3066_c001_v51,784b5c11540d3349,kaggle-environments 1.32.7,a52ba1bfe9df9dc1d504550af46744ef8d474797cdba7af2412dc40a3ebdf3b8,main,c1e3590d02e42d16091c5377e87a3db16496e5a462d558dc2925887f835f9891,main,404822543,0,102813,102821,0,1,0,DONE,DONE,719,719,1,,6.85
p3066_c001_v51,784b5c11540d3349,kaggle-environments 1.32.7,a52ba1bfe9df9dc1d504550af46744ef8d474797cdba7af2412dc40a3ebdf3b8,main,c1e3590d02e42d16091c5377e87a3db16496e5a462d558dc2925887f835f9891,main,404822543,1,102813,102821,0,1,0,DONE,DONE,719,719,1,,11.2
p3066_c001_v51,784b5c11540d3349,kaggle-environments 1.32.7,a52ba1bfe9df9dc1d504550af46744ef8d474797cdba7af2412dc40a3ebdf3b8,main,c1e3590d02e42d16091c5377e87a3db16496e5a462d558dc2925887f835f9891,main,409128422,0,114918,114920,0,1,0,DONE,DONE,719,719,1,,10.95
p3066_c001_v51,784b5c11540d3349,kaggle-environments 1.32.7,a52ba1bfe9df9dc1d504550af46744ef8d474797cdba7af2412dc40a3ebdf3b8,main,c1e3590d02e42d16091c5377e87a3db16496e5a462d558dc2925887f835f9891,main,409128422,1,114918,114920,0,1,0,DONE,DONE,719,719,1,,6.12
p3066_c001_v51,784b5c11540d3349,kaggle-environments 1.32.7,a52ba1bfe9df9dc1d504550af46744ef8d474797cdba7af2412dc40a3ebdf3b8,main,c1e3590d02e42d16091c5377e87a3db16496e5a462d558dc2925887f835f9891,main,409482909,0,87873,87873,0,0,1,DONE,DONE,719,719,1,,9.92
p3066_c001_v51,784b5c11540d3349,kaggle-environments 1.32.7,a52ba1bfe9df9dc1d504550af46744ef8d474797cdba7af2412dc40a3ebdf3b8,main,c1e3590d02e42d16091c5377e87a3db16496e5a462d558dc2925887f835f9891,main,409482909,1,87873,87873,0,0,1,DONE,DONE,719,719,1,,8.49
p3066_c001_v51,784b5c11540d3349,kaggle-environments 1.32.7,a52ba1bfe9df9dc1d504550af46744ef8d474797cdba7af2412dc40a3ebdf3b8,main,c1e3590d02e42d16091c5377e87a3db16496e5a462d558dc2925887f835f9891,main,411214301,0,95139,95139,0,0,1,DONE,DONE,719,719,1,,10.48
p3066_c001_v51,784b5c11540d3349,kaggle-environments 1.32.7,a52ba1bfe9df9dc1d504550af46744ef8d474797cdba7af2412dc40a3ebdf3b8,main,c1e3590d02e42d16091c5377e87a3db16496e5a462d558dc2925887f835f9891,main,411214301,1,95139,95139,0,0,1,DONE,DONE,719,719,1,,8.83
p3066_c001_v51,784b5c11540d3349,kaggle-environments 1.32.7,a52ba1bfe9df9dc1d504550af46744ef8d474797cdba7af2412dc40a3ebdf3b8,main,c1e3590d02e42d16091c5377e87a3db16496e5a462d558dc2925887f835f9891,main,417771363,0,57567,57561,1,0,0,DONE,DONE,719,719,1,,5.98
p3066_c001_v51,784b5c11540d3349,kaggle-environments 1.32.7,a52ba1bfe9df9dc1d504550af46744ef8d474797cdba7af2412dc40a3ebdf3b8,main,c1e3590d02e42d16091c5377e87a3db16496e5a462d558dc2925887f835f9891,main,417771363,1,57567,57561,1,0,0,DONE,DONE,719,719,1,,7.12
p3066_c001_v51,784b5c11540d3349,kaggle-environments 1.32.7,a52ba1bfe9df9dc1d504550af46744ef8d474797cdba7af2412dc40a3ebdf3b8,main,c1e3590d02e42d16091c5377e87a3db16496e5a462d558dc2925887f835f9891,main,419175930,0,102536,102535,1,0,0,DONE,DONE,719,719,1,,10.57
p3066_c001_v51,784b5c11540d3349,kaggle-environments 1.32.7,a52ba1bfe9df9dc1d504550af46744ef8d474797cdba7af2412dc40a3ebdf3b8,main,c1e3590d02e42d16091c5377e87a3db16496e5a462d558dc2925887f835f9891,main,419175930,1,102536,102535,1,0,0,DONE,DONE,719,719,1,,6.7
p3066_c001_v51,784b5c11540d3349,kaggle-environments 1.32.7,a52ba1bfe9df9dc1d504550af46744ef8d474797cdba7af2412dc40a3ebdf3b8,main,c1e3590d02e42d16091c5377e87a3db16496e5a462d558dc2925887f835f9891,main,424724662,0,143619,143744,0,1,0,DONE,DONE,719,719,1,,7.76
p3066_c001_v51,784b5c11540d3349,kaggle-environments 1.32.7,a52ba1bfe9df9dc1d504550af46744ef8d474797cdba7af2412dc40a3ebdf3b8,main,c1e3590d02e42d16091c5377e87a3db16496e5a462d558dc2925887f835f9891,main,424724662,1,143745,143618,1,0,0,DONE,DONE,719,719,1,,8.07
p3066_c001_v51,784b5c11540d3349,kaggle-environments 1.32.7,a52ba1bfe9df9dc1d504550af46744ef8d474797cdba7af2412dc40a3ebdf3b8,main,c1e3590d02e42d16091c5377e87a3db16496e5a462d558dc2925887f835f9891,main,433492586,0,70609,70609,0,0,1,DONE,DONE,719,719,1,,11.29
p3066_c001_v51,784b5c11540d3349,kaggle-environments 1.32.7,a52ba1bfe9df9dc1d504550af46744ef8d474797cdba7af2412dc40a3ebdf3b8,main,c1e3590d02e42d16091c5377e87a3db16496e5a462d558dc2925887f835f9891,main,433492586,1,70609,70609,0,0,1,DONE,DONE,719,719,1,,11.63
p3066_c001_v51,784b5c11540d3349,kaggle-environments 1.32.7,a52ba1bfe9df9dc1d504550af46744ef8d474797cdba7af2412dc40a3ebdf3b8,main,c1e3590d02e42d16091c5377e87a3db16496e5a462d558dc2925887f835f9891,main,434922050,0,116654,116195,1,0,0,DONE,DONE,719,719,1,,7.67
p3066_c001_v51,784b5c11540d3349,kaggle-environments 1.32.7,a52ba1bfe9df9dc1d504550af46744ef8d474797cdba7af2412dc40a3ebdf3b8,main,c1e3590d02e42d16091c5377e87a3db16496e5a462d558dc2925887f835f9891,main,434922050,1,116654,116195,1,0,0,DONE,DONE,719,719,1,,11.8
p3066_c001_v51,784b5c11540d3349,kaggle-environments 1.32.7,a52ba1bfe9df9dc1d504550af46744ef8d474797cdba7af2412dc40a3ebdf3b8,main,c1e3590d02e42d16091c5377e87a3db16496e5a462d558dc2925887f835f9891,main,437173943,0,123484,123456,1,0,0,DONE,DONE,719,719,1,,5.63
p3066_c001_v51,784b5c11540d3349,kaggle-environments 1.32.7,a52ba1bfe9df9dc1d504550af46744ef8d474797cdba7af2412dc40a3ebdf3b8,main,c1e3590d02e42d16091c5377e87a3db16496e5a462d558dc2925887f835f9891,main,437173943,1,123484,123456,1,0,0,DONE,DONE,719,719,1,,11.84
p3066_c001_v51,784b5c11540d3349,kaggle-environments 1.32.7,a52ba1bfe9df9dc1d504550af46744ef8d474797cdba7af2412dc40a3ebdf3b8,main,c1e3590d02e42d16091c5377e87a3db16496e5a462d558dc2925887f835f9891,main,438291633,0,78137,78137,0,0,1,DONE,DONE,719,719,1,,12.06
p3066_c001_v51,784b5c11540d3349,kaggle-environments 1.32.7,a52ba1bfe9df9dc1d504550af46744ef8d474797cdba7af2412dc40a3ebdf3b8,main,c1e3590d02e42d16091c5377e87a3db16496e5a462d558dc2925887f835f9891,main,438291633,1,78137,78137,0,0,1,DONE,DONE,719,719,1,,9.89
p3066_c001_v51,784b5c11540d3349,kaggle-environments 1.32.7,a52ba1bfe9df9dc1d504550af46744ef8d474797cdba7af2412dc40a3ebdf3b8,main,c1e3590d02e42d16091c5377e87a3db16496e5a462d558dc2925887f835f9891,main,443120366,0,102194,102170,1,0,0,DONE,DONE,719,719,1,,5.13
p3066_c001_v51,784b5c11540d3349,kaggle-environments 1.32.7,a52ba1bfe9df9dc1d504550af46744ef8d474797cdba7af2412dc40a3ebdf3b8,main,c1e3590d02e42d16091c5377e87a3db16496e5a462d558dc2925887f835f9891,main,443120366,1,102194,102170,1,0,0,DONE,DONE,719,719,1,,6.07
p3066_c001_v51,784b5c11540d3349,kaggle-environments 1.32.7,a52ba1bfe9df9dc1d504550af46744ef8d474797cdba7af2412dc40a3ebdf3b8,main,c1e3590d02e42d16091c5377e87a3db16496e5a462d558dc2925887f835f9891,main,448061490,0,88505,88063,1,0,0,DONE,DONE,719,719,1,,11.88
p3066_c001_v51,784b5c11540d3349,kaggle-environments 1.32.7,a52ba1bfe9df9dc1d504550af46744ef8d474797cdba7af2412dc40a3ebdf3b8,main,c1e3590d02e42d16091c5377e87a3db16496e5a462d558dc2925887f835f9891,main,448061490,1,88068,88500,0,1,0,DONE,DONE,719,719,1,,11.18
p3066_c001_v51,784b5c11540d3349,kaggle-environments 1.32.7,a52ba1bfe9df9dc1d504550af46744ef8d474797cdba7af2412dc40a3ebdf3b8,main,c1e3590d02e42d16091c5377e87a3db16496e5a462d558dc2925887f835f9891,main,452699881,0,70608,70608,0,0,1,DONE,DONE,719,719,1,,11.49
p3066_c001_v51,784b5c11540d3349,kaggle-environments 1.32.7,a52ba1bfe9df9dc1d504550af46744ef8d474797cdba7af2412dc40a3ebdf3b8,main,c1e3590d02e42d16091c5377e87a3db16496e5a462d558dc2925887f835f9891,main,452699881,1,70608,70608,0,0,1,DONE,DONE,719,719,1,,11.11
p3066_c001_v51,784b5c11540d3349,kaggle-environments 1.32.7,a52ba1bfe9df9dc1d504550af46744ef8d474797cdba7af2412dc40a3ebdf3b8,main,c1e3590d02e42d16091c5377e87a3db16496e5a462d558dc2925887f835f9891,main,456161391,0,127716,127714,1,0,0,DONE,DONE,719,719,1,,10.94
p3066_c001_v51,784b5c11540d3349,kaggle-environments 1.32.7,a52ba1bfe9df9dc1d504550af46744ef8d474797cdba7af2412dc40a3ebdf3b8,main,c1e3590d02e42d16091c5377e87a3db16496e5a462d558dc2925887f835f9891,main,456161391,1,127716,127714,1,0,0,DONE,DONE,719,719,1,,8.12
p3066_c001_v51,784b5c11540d3349,kaggle-environments 1.32.7,a52ba1bfe9df9dc1d504550af46744ef8d474797cdba7af2412dc40a3ebdf3b8,main,c1e3590d02e42d16091c5377e87a3db16496e5a462d558dc2925887f835f9891,main,456720214,0,90052,90052,0,0,1,DONE,DONE,719,719,1,,10.77
p3066_c001_v51,784b5c11540d3349,kaggle-environments 1.32.7,a52ba1bfe9df9dc1d504550af46744ef8d474797cdba7af2412dc40a3ebdf3b8,main,c1e3590d02e42d16091c5377e87a3db16496e5a462d558dc2925887f835f9891,main,456720214,1,90052,90052,0,0,1,DONE,DONE,719,719,1,,4.77
p3066_c001_v51,784b5c11540d3349,kaggle-environments 1.32.7,a52ba1bfe9df9dc1d504550af46744ef8d474797cdba7af2412dc40a3ebdf3b8,main,c1e3590d02e42d16091c5377e87a3db16496e5a462d558dc2925887f835f9891,main,462411185,0,105162,105138,1,0,0,DONE,DONE,719,719,1,,9.48
p3066_c001_v51,784b5c11540d3349,kaggle-environments 1.32.7,a52ba1bfe9df9dc1d504550af46744ef8d474797cdba7af2412dc40a3ebdf3b8,main,c1e3590d02e42d16091c5377e87a3db16496e5a462d558dc2925887f835f9891,main,462411185,1,105162,105138,1,0,0,DONE,DONE,719,719,1,,5.59
p3066_c001_v51,784b5c11540d3349,kaggle-environments 1.32.7,a52ba1bfe9df9dc1d504550af46744ef8d474797cdba7af2412dc40a3ebdf3b8,main,c1e3590d02e42d16091c5377e87a3db16496e5a462d558dc2925887f835f9891,main,465241085,0,81166,81117,1,0,0,DONE,DONE,719,719,1,,10.45
p3066_c001_v51,784b5c11540d3349,kaggle-environments 1.32.7,a52ba1bfe9df9dc1d504550af46744ef8d474797cdba7af2412dc40a3ebdf3b8,main,c1e3590d02e42d16091c5377e87a3db16496e5a462d558dc2925887f835f9891,main,465241085,1,81166,81117,1,0,0,DONE,DONE,719,719,1,,7.16
p3066_c001_v51,784b5c11540d3349,kaggle-environments 1.32.7,a52ba1bfe9df9dc1d504550af46744ef8d474797cdba7af2412dc40a3ebdf3b8,main,c1e3590d02e42d16091c5377e87a3db16496e5a462d558dc2925887f835f9891,main,469957904,0,82550,82590,0,1,0,DONE,DONE,719,719,1,,5.25
p3066_c001_v51,784b5c11540d3349,kaggle-environments 1.32.7,a52ba1bfe9df9dc1d504550af46744ef8d474797cdba7af2412dc40a3ebdf3b8,main,c1e3590d02e42d16091c5377e87a3db16496e5a462d558dc2925887f835f9891,main,469957904,1,82550,82590,0,1,0,DONE,DONE,719,719,1,,10.61
p3066_c001_v51,784b5c11540d3349,kaggle-environments 1.32.7,a52ba1bfe9df9dc1d504550af46744ef8d474797cdba7af2412dc40a3ebdf3b8,main,c1e3590d02e42d16091c5377e87a3db16496e5a462d558dc2925887f835f9891,main,470070161,0,91124,91124,0,0,1,DONE,DONE,719,719,1,,10.74
p3066_c001_v51,784b5c11540d3349,kaggle-environments 1.32.7,a52ba1bfe9df9dc1d504550af46744ef8d474797cdba7af2412dc40a3ebdf3b8,main,c1e3590d02e42d16091c5377e87a3db16496e5a462d558dc2925887f835f9891,main,470070161,1,91124,91124,0,0,1,DONE,DONE,719,719,1,,10.72
p3066_c001_v51,784b5c11540d3349,kaggle-environments 1.32.7,a52ba1bfe9df9dc1d504550af46744ef8d474797cdba7af2412dc40a3ebdf3b8,main,c1e3590d02e42d16091c5377e87a3db16496e5a462d558dc2925887f835f9891,main,471831356,0,119138,118953,1,0,0,DONE,DONE,719,719,1,,8.21
p3066_c001_v51,784b5c11540d3349,kaggle-environments 1.32.7,a52ba1bfe9df9dc1d504550af46744ef8d474797cdba7af2412dc40a3ebdf3b8,main,c1e3590d02e42d16091c5377e87a3db16496e5a462d558dc2925887f835f9891,main,471831356,1,119138,118953,1,0,0,DONE,DONE,719,719,1,,6.96
p3066_c001_v51,784b5c11540d3349,kaggle-environments 1.32.7,a52ba1bfe9df9dc1d504550af46744ef8d474797cdba7af2412dc40a3ebdf3b8,main,c1e3590d02e42d16091c5377e87a3db16496e5a462d558dc2925887f835f9891,main,474595349,0,124698,124692,1,0,0,DONE,DONE,719,719,1,,4.89
p3066_c001_v51,784b5c11540d3349,kaggle-environments 1.32.7,a52ba1bfe9df9dc1d504550af46744ef8d474797cdba7af2412dc40a3ebdf3b8,main,c1e3590d02e42d16091c5377e87a3db16496e5a462d558dc2925887f835f9891,main,474595349,1,124698,124692,1,0,0,DONE,DONE,719,719,1,,10.62
p3066_c001_v51,784b5c11540d3349,kaggle-environments 1.32.7,a52ba1bfe9df9dc1d504550af46744ef8d474797cdba7af2412dc40a3ebdf3b8,main,c1e3590d02e42d16091c5377e87a3db16496e5a462d558dc2925887f835f9891,main,475908397,0,73880,73871,1,0,0,DONE,DONE,719,719,1,,6.35
p3066_c001_v51,784b5c11540d3349,kaggle-environments 1.32.7,a52ba1bfe9df9dc1d504550af46744ef8d474797cdba7af2412dc40a3ebdf3b8,main,c1e3590d02e42d16091c5377e87a3db16496e5a462d558dc2925887f835f9891,main,475908397,1,73880,73871,1,0,0,DONE,DONE,719,719,1,,5.4
p3066_c001_v51,784b5c11540d3349,kaggle-environments 1.32.7,a52ba1bfe9df9dc1d504550af46744ef8d474797cdba7af2412dc40a3ebdf3b8,main,c1e3590d02e42d16091c5377e87a3db16496e5a462d558dc2925887f835f9891,main,476138433,0,150095,150007,1,0,0,DONE,DONE,719,719,1,,9.08
p3066_c001_v51,784b5c11540d3349,kaggle-environments 1.32.7,a52ba1bfe9df9dc1d504550af46744ef8d474797cdba7af2412dc40a3ebdf3b8,main,c1e3590d02e42d16091c5377e87a3db16496e5a462d558dc2925887f835f9891,main,476138433,1,150095,150007,1,0,0,DONE,DONE,719,719,1,,10.34
p3066_c001_v51,784b5c11540d3349,kaggle-environments 1.32.7,a52ba1bfe9df9dc1d504550af46744ef8d474797cdba7af2412dc40a3ebdf3b8,main,c1e3590d02e42d16091c5377e87a3db16496e5a462d558dc2925887f835f9891,main,479122216,0,118244,118212,1,0,0,DONE,DONE,719,719,1,,7.55
p3066_c001_v51,784b5c11540d3349,kaggle-environments 1.32.7,a52ba1bfe9df9dc1d504550af46744ef8d474797cdba7af2412dc40a3ebdf3b8,main,c1e3590d02e42d16091c5377e87a3db16496e5a462d558dc2925887f835f9891,main,479122216,1,118244,118212,1,0,0,DONE,DONE,719,719,1,,9.98
p3066_c001_v51,784b5c11540d3349,kaggle-environments 1.32.7,a52ba1bfe9df9dc1d504550af46744ef8d474797cdba7af2412dc40a3ebdf3b8,main,c1e3590d02e42d16091c5377e87a3db16496e5a462d558dc2925887f835f9891,main,482959909,0,99857,99819,1,0,0,DONE,DONE,719,719,1,,5.23
p3066_c001_v51,784b5c11540d3349,kaggle-environments 1.32.7,a52ba1bfe9df9dc1d504550af46744ef8d474797cdba7af2412dc40a3ebdf3b8,main,c1e3590d02e42d16091c5377e87a3db16496e5a462d558dc2925887f835f9891,main,482959909,1,99857,99819,1,0,0,DONE,DONE,719,719,1,,8.8
p3066_c001_v51,784b5c11540d3349,kaggle-environments 1.32.7,a52ba1bfe9df9dc1d504550af46744ef8d474797cdba7af2412dc40a3ebdf3b8,main,c1e3590d02e42d16091c5377e87a3db16496e5a462d558dc2925887f835f9891,main,484600815,0,124908,124905,1,0,0,DONE,DONE,719,719,1,,6.61
p3066_c001_v51,784b5c11540d3349,kaggle-environments 1.32.7,a52ba1bfe9df9dc1d504550af46744ef8d474797cdba7af2412dc40a3ebdf3b8,main,c1e3590d02e42d16091c5377e87a3db16496e5a462d558dc2925887f835f9891,main,484600815,1,124908,124905,1,0,0,DONE,DONE,719,719,1,,10.33
p3066_c001_v51,784b5c11540d3349,kaggle-environments 1.32.7,a52ba1bfe9df9dc1d504550af46744ef8d474797cdba7af2412dc40a3ebdf3b8,main,c1e3590d02e42d16091c5377e87a3db16496e5a462d558dc2925887f835f9891,main,489047414,0,59592,59570,1,0,0,DONE,DONE,719,719,1,,7.16
p3066_c001_v51,784b5c11540d3349,kaggle-environments 1.32.7,a52ba1bfe9df9dc1d504550af46744ef8d474797cdba7af2412dc40a3ebdf3b8,main,c1e3590d02e42d16091c5377e87a3db16496e5a462d558dc2925887f835f9891,main,489047414,1,59592,59570,1,0,0,DONE,DONE,719,719,1,,10.8
p3066_c001_v51,784b5c11540d3349,kaggle-environments 1.32.7,a52ba1bfe9df9dc1d504550af46744ef8d474797cdba7af2412dc40a3ebdf3b8,main,c1e3590d02e42d16091c5377e87a3db16496e5a462d558dc2925887f835f9891,main,489401326,0,105125,105121,1,0,0,DONE,DONE,719,719,1,,11.4
p3066_c001_v51,784b5c11540d3349,kaggle-environments 1.32.7,a52ba1bfe9df9dc1d504550af46744ef8d474797cdba7af2412dc40a3ebdf3b8,main,c1e3590d02e42d16091c5377e87a3db16496e5a462d558dc2925887f835f9891,main,489401326,1,105125,105121,1,0,0,DONE,DONE,719,719,1,,8.03
p3066_c001_v51,784b5c11540d3349,kaggle-environments 1.32.7,a52ba1bfe9df9dc1d504550af46744ef8d474797cdba7af2412dc40a3ebdf3b8,main,c1e3590d02e42d16091c5377e87a3db16496e5a462d558dc2925887f835f9891,main,489668136,0,115881,115881,0,0,1,DONE,DONE,719,719,1,,4.85
p3066_c001_v51,784b5c11540d3349,kaggle-environments 1.32.7,a52ba1bfe9df9dc1d504550af46744ef8d474797cdba7af2412dc40a3ebdf3b8,main,c1e3590d02e42d16091c5377e87a3db16496e5a462d558dc2925887f835f9891,main,489668136,1,115881,115881,0,0,1,DONE,DONE,719,719,1,,8.07
p3066_c001_v51,784b5c11540d3349,kaggle-environments 1.32.7,a52ba1bfe9df9dc1d504550af46744ef8d474797cdba7af2412dc40a3ebdf3b8,main,c1e3590d02e42d16091c5377e87a3db16496e5a462d558dc2925887f835f9891,main,490976042,0,120106,120128,0,1,0,DONE,DONE,719,719,1,,12.02
p3066_c001_v51,784b5c11540d3349,kaggle-environments 1.32.7,a52ba1bfe9df9dc1d504550af46744ef8d474797cdba7af2412dc40a3ebdf3b8,main,c1e3590d02e42d16091c5377e87a3db16496e5a462d558dc2925887f835f9891,main,490976042,1,120106,120128,0,1,0,DONE,DONE,719,719,1,,12.01
p3066_c001_v51,784b5c11540d3349,kaggle-environments 1.32.7,a52ba1bfe9df9dc1d504550af46744ef8d474797cdba7af2412dc40a3ebdf3b8,main,c1e3590d02e42d16091c5377e87a3db16496e5a462d558dc2925887f835f9891,main,493678754,0,93482,93482,0,0,1,DONE,DONE,719,719,1,,12.36
p3066_c001_v51,784b5c11540d3349,kaggle-environments 1.32.7,a52ba1bfe9df9dc1d504550af46744ef8d474797cdba7af2412dc40a3ebdf3b8,main,c1e3590d02e42d16091c5377e87a3db16496e5a462d558dc2925887f835f9891,main,493678754,1,93482,93482,0,0,1,DONE,DONE,719,719,1,,7.16
p3066_c001_v51,784b5c11540d3349,kaggle-environments 1.32.7,a52ba1bfe9df9dc1d504550af46744ef8d474797cdba7af2412dc40a3ebdf3b8,main,c1e3590d02e42d16091c5377e87a3db16496e5a462d558dc2925887f835f9891,main,493753758,0,79551,79551,0,0,1,DONE,DONE,719,719,1,,11.91
p3066_c001_v51,784b5c11540d3349,kaggle-environments 1.32.7,a52ba1bfe9df9dc1d504550af46744ef8d474797cdba7af2412dc40a3ebdf3b8,main,c1e3590d02e42d16091c5377e87a3db16496e5a462d558dc2925887f835f9891,main,493753758,1,79551,79551,0,0,1,DONE,DONE,719,719,1,,5.86
p3066_c001_v51,784b5c11540d3349,kaggle-environments 1.32.7,a52ba1bfe9df9dc1d504550af46744ef8d474797cdba7af2412dc40a3ebdf3b8,main,c1e3590d02e42d16091c5377e87a3db16496e5a462d558dc2925887f835f9891,main,495268821,0,126443,126152,1,0,0,DONE,DONE,719,719,1,,8.32
p3066_c001_v51,784b5c11540d3349,kaggle-environments 1.32.7,a52ba1bfe9df9dc1d504550af46744ef8d474797cdba7af2412dc40a3ebdf3b8,main,c1e3590d02e42d16091c5377e87a3db16496e5a462d558dc2925887f835f9891,main,495268821,1,126575,126020,1,0,0,DONE,DONE,719,719,1,,11.53
p3066_c001_v51,784b5c11540d3349,kaggle-environments 1.32.7,a52ba1bfe9df9dc1d504550af46744ef8d474797cdba7af2412dc40a3ebdf3b8,main,c1e3590d02e42d16091c5377e87a3db16496e5a462d558dc2925887f835f9891,main,503326514,0,136199,136194,1,0,0,DONE,DONE,719,719,1,,9.34
p3066_c001_v51,784b5c11540d3349,kaggle-environments 1.32.7,a52ba1bfe9df9dc1d504550af46744ef8d474797cdba7af2412dc40a3ebdf3b8,main,c1e3590d02e42d16091c5377e87a3db16496e5a462d558dc2925887f835f9891,main,503326514,1,136199,136194,1,0,0,DONE,DONE,719,719,1,,10.65
p3066_c001_v51,784b5c11540d3349,kaggle-environments 1.32.7,a52ba1bfe9df9dc1d504550af46744ef8d474797cdba7af2412dc40a3ebdf3b8,main,c1e3590d02e42d16091c5377e87a3db16496e5a462d558dc2925887f835f9891,main,503687205,0,104977,104958,1,0,0,DONE,DONE,719,719,1,,5.21
p3066_c001_v51,784b5c11540d3349,kaggle-environments 1.32.7,a52ba1bfe9df9dc1d504550af46744ef8d474797cdba7af2412dc40a3ebdf3b8,main,c1e3590d02e42d16091c5377e87a3db16496e5a462d558dc2925887f835f9891,main,503687205,1,104977,104958,1,0,0,DONE,DONE,719,719,1,,7.99
p3066_c001_v51,784b5c11540d3349,kaggle-environments 1.32.7,a52ba1bfe9df9dc1d504550af46744ef8d474797cdba7af2412dc40a3ebdf3b8,main,c1e3590d02e42d16091c5377e87a3db16496e5a462d558dc2925887f835f9891,main,505579120,0,83318,83318,0,0,1,DONE,DONE,719,719,1,,5.26
p3066_c001_v51,784b5c11540d3349,kaggle-environments 1.32.7,a52ba1bfe9df9dc1d504550af46744ef8d474797cdba7af2412dc40a3ebdf3b8,main,c1e3590d02e42d16091c5377e87a3db16496e5a462d558dc2925887f835f9891,main,505579120,1,83318,83318,0,0,1,DONE,DONE,719,719,1,,10.62
p3066_c001_v51,784b5c11540d3349,kaggle-environments 1.32.7,a52ba1bfe9df9dc1d504550af46744ef8d474797cdba7af2412dc40a3ebdf3b8,main,c1e3590d02e42d16091c5377e87a3db16496e5a462d558dc2925887f835f9891,main,505757428,0,119777,119759,1,0,0,DONE,DONE,719,719,1,,6.54
p3066_c001_v51,784b5c11540d3349,kaggle-environments 1.32.7,a52ba1bfe9df9dc1d504550af46744ef8d474797cdba7af2412dc40a3ebdf3b8,main,c1e3590d02e42d16091c5377e87a3db16496e5a462d558dc2925887f835f9891,main,505757428,1,119777,119759,1,0,0,DONE,DONE,719,719,1,,9.51
p3066_c001_v51,784b5c11540d3349,kaggle-environments 1.32.7,a52ba1bfe9df9dc1d504550af46744ef8d474797cdba7af2412dc40a3ebdf3b8,main,c1e3590d02e42d16091c5377e87a3db16496e5a462d558dc2925887f835f9891,main,508154806,0,111075,110880,1,0,0,DONE,DONE,719,719,1,,8.02
p3066_c001_v51,784b5c11540d3349,kaggle-environments 1.32.7,a52ba1bfe9df9dc1d504550af46744ef8d474797cdba7af2412dc40a3ebdf3b8,main,c1e3590d02e42d16091c5377e87a3db16496e5a462d558dc2925887f835f9891,main,508154806,1,111075,110880,1,0,0,DONE,DONE,719,719,1,,6.5
p3066_c001_v51,784b5c11540d3349,kaggle-environments 1.32.7,a52ba1bfe9df9dc1d504550af46744ef8d474797cdba7af2412dc40a3ebdf3b8,main,c1e3590d02e42d16091c5377e87a3db16496e5a462d558dc2925887f835f9891,main,511271508,0,65465,65465,0,0,1,DONE,DONE,719,719,1,,10.73
p3066_c001_v51,784b5c11540d3349,kaggle-environments 1.32.7,a52ba1bfe9df9dc1d504550af46744ef8d474797cdba7af2412dc40a3ebdf3b8,main,c1e3590d02e42d16091c5377e87a3db16496e5a462d558dc2925887f835f9891,main,511271508,1,65465,65465,0,0,1,DONE,DONE,719,719,1,,10.65
p3066_c001_v51,784b5c11540d3349,kaggle-environments 1.32.7,a52ba1bfe9df9dc1d504550af46744ef8d474797cdba7af2412dc40a3ebdf3b8,main,c1e3590d02e42d16091c5377e87a3db16496e5a462d558dc2925887f835f9891,main,513405735,0,83798,83798,0,0,1,DONE,DONE,719,719,1,,10.0
p3066_c001_v51,784b5c11540d3349,kaggle-environments 1.32.7,a52ba1bfe9df9dc1d504550af46744ef8d474797cdba7af2412dc40a3ebdf3b8,main,c1e3590d02e42d16091c5377e87a3db16496e5a462d558dc2925887f835f9891,main,513405735,1,83798,83798,0,0,1,DONE,DONE,719,719,1,,9.59
p3066_c001_v51,784b5c11540d3349,kaggle-environments 1.32.7,a52ba1bfe9df9dc1d504550af46744ef8d474797cdba7af2412dc40a3ebdf3b8,main,c1e3590d02e42d16091c5377e87a3db16496e5a462d558dc2925887f835f9891,main,514211692,0,83026,83023,1,0,0,DONE,DONE,719,719,1,,5.45
p3066_c001_v51,784b5c11540d3349,kaggle-environments 1.32.7,a52ba1bfe9df9dc1d504550af46744ef8d474797cdba7af2412dc40a3ebdf3b8,main,c1e3590d02e42d16091c5377e87a3db16496e5a462d558dc2925887f835f9891,main,514211692,1,83026,83023,1,0,0,DONE,DONE,719,719,1,,10.18
p3066_c001_v51,784b5c11540d3349,kaggle-environments 1.32.7,a52ba1bfe9df9dc1d504550af46744ef8d474797cdba7af2412dc40a3ebdf3b8,main,c1e3590d02e42d16091c5377e87a3db16496e5a462d558dc2925887f835f9891,main,517166803,0,114930,114914,1,0,0,DONE,DONE,719,719,1,,10.22
p3066_c001_v51,784b5c11540d3349,kaggle-environments 1.32.7,a52ba1bfe9df9dc1d504550af46744ef8d474797cdba7af2412dc40a3ebdf3b8,main,c1e3590d02e42d16091c5377e87a3db16496e5a462d558dc2925887f835f9891,main,517166803,1,114930,114914,1,0,0,DONE,DONE,719,719,1,,5.09
p3066_c001_v51,784b5c11540d3349,kaggle-environments 1.32.7,a52ba1bfe9df9dc1d504550af46744ef8d474797cdba7af2412dc40a3ebdf3b8,main,c1e3590d02e42d16091c5377e87a3db16496e5a462d558dc2925887f835f9891,main,517576207,0,73197,73118,1,0,0,DONE,DONE,719,719,1,,5.38
p3066_c001_v51,784b5c11540d3349,kaggle-environments 1.32.7,a52ba1bfe9df9dc1d504550af46744ef8d474797cdba7af2412dc40a3ebdf3b8,main,c1e3590d02e42d16091c5377e87a3db16496e5a462d558dc2925887f835f9891,main,517576207,1,73197,73118,1,0,0,DONE,DONE,719,719,1,,5.52
p3066_c001_v51,784b5c11540d3349,kaggle-environments 1.32.7,a52ba1bfe9df9dc1d504550af46744ef8d474797cdba7af2412dc40a3ebdf3b8,main,c1e3590d02e42d16091c5377e87a3db16496e5a462d558dc2925887f835f9891,main,519017022,0,80458,80387,1,0,0,DONE,DONE,719,719,1,,10.82
p3066_c001_v51,784b5c11540d3349,kaggle-environments 1.32.7,a52ba1bfe9df9dc1d504550af46744ef8d474797cdba7af2412dc40a3ebdf3b8,main,c1e3590d02e42d16091c5377e87a3db16496e5a462d558dc2925887f835f9891,main,519017022,1,80458,80387,1,0,0,DONE,DONE,719,719,1,,11.15
p3066_c001_v51,784b5c11540d3349,kaggle-environments 1.32.7,a52ba1bfe9df9dc1d504550af46744ef8d474797cdba7af2412dc40a3ebdf3b8,main,c1e3590d02e42d16091c5377e87a3db16496e5a462d558dc2925887f835f9891,main,521081115,0,89816,89802,1,0,0,DONE,DONE,719,719,1,,7.07
p3066_c001_v51,784b5c11540d3349,kaggle-environments 1.32.7,a52ba1bfe9df9dc1d504550af46744ef8d474797cdba7af2412dc40a3ebdf3b8,main,c1e3590d02e42d16091c5377e87a3db16496e5a462d558dc2925887f835f9891,main,521081115,1,89816,89802,1,0,0,DONE,DONE,719,719,1,,10.95
p3066_c001_v51,784b5c11540d3349,kaggle-environments 1.32.7,a52ba1bfe9df9dc1d504550af46744ef8d474797cdba7af2412dc40a3ebdf3b8,main,c1e3590d02e42d16091c5377e87a3db16496e5a462d558dc2925887f835f9891,main,521086887,0,106326,106324,1,0,0,DONE,DONE,719,719,1,,5.75
p3066_c001_v51,784b5c11540d3349,kaggle-environments 1.32.7,a52ba1bfe9df9dc1d504550af46744ef8d474797cdba7af2412dc40a3ebdf3b8,main,c1e3590d02e42d16091c5377e87a3db16496e5a462d558dc2925887f835f9891,main,521086887,1,106326,106324,1,0,0,DONE,DONE,719,719,1,,12.28
p3066_c001_v51,784b5c11540d3349,kaggle-environments 1.32.7,a52ba1bfe9df9dc1d504550af46744ef8d474797cdba7af2412dc40a3ebdf3b8,main,c1e3590d02e42d16091c5377e87a3db16496e5a462d558dc2925887f835f9891,main,521257964,0,105687,105669,1,0,0,DONE,DONE,719,719,1,,7.34
p3066_c001_v51,784b5c11540d3349,kaggle-environments 1.32.7,a52ba1bfe9df9dc1d504550af46744ef8d474797cdba7af2412dc40a3ebdf3b8,main,c1e3590d02e42d16091c5377e87a3db16496e5a462d558dc2925887f835f9891,main,521257964,1,105687,105669,1,0,0,DONE,DONE,719,719,1,,13.09
p3066_c001_v51,784b5c11540d3349,kaggle-environments 1.32.7,a52ba1bfe9df9dc1d504550af46744ef8d474797cdba7af2412dc40a3ebdf3b8,main,c1e3590d02e42d16091c5377e87a3db16496e5a462d558dc2925887f835f9891,main,524753394,0,72802,72802,0,0,1,DONE,DONE,719,719,1,,12.89
p3066_c001_v51,784b5c11540d3349,kaggle-environments 1.32.7,a52ba1bfe9df9dc1d504550af46744ef8d474797cdba7af2412dc40a3ebdf3b8,main,c1e3590d02e42d16091c5377e87a3db16496e5a462d558dc2925887f835f9891,main,524753394,1,72802,72802,0,0,1,DONE,DONE,719,719,1,,13.21
p3066_c001_v51,784b5c11540d3349,kaggle-environments 1.32.7,a52ba1bfe9df9dc1d504550af46744ef8d474797cdba7af2412dc40a3ebdf3b8,main,c1e3590d02e42d16091c5377e87a3db16496e5a462d558dc2925887f835f9891,main,525599854,0,101288,101281,1,0,0,DONE,DONE,719,719,1,,11.82
p3066_c001_v51,784b5c11540d3349,kaggle-environments 1.32.7,a52ba1bfe9df9dc1d504550af46744ef8d474797cdba7af2412dc40a3ebdf3b8,main,c1e3590d02e42d16091c5377e87a3db16496e5a462d558dc2925887f835f9891,main,525599854,1,101288,101281,1,0,0,DONE,DONE,719,719,1,,5.46
p3066_c001_v51,784b5c11540d3349,kaggle-environments 1.32.7,a52ba1bfe9df9dc1d504550af46744ef8d474797cdba7af2412dc40a3ebdf3b8,main,c1e3590d02e42d16091c5377e87a3db16496e5a462d558dc2925887f835f9891,main,528610972,0,89248,89247,1,0,0,DONE,DONE,719,719,1,,7.73
p3066_c001_v51,784b5c11540d3349,kaggle-environments 1.32.7,a52ba1bfe9df9dc1d504550af46744ef8d474797cdba7af2412dc40a3ebdf3b8,main,c1e3590d02e42d16091c5377e87a3db16496e5a462d558dc2925887f835f9891,main,528610972,1,89248,89247,1,0,0,DONE,DONE,719,719,1,,9.37
p3066_c001_v51,784b5c11540d3349,kaggle-environments 1.32.7,a52ba1bfe9df9dc1d504550af46744ef8d474797cdba7af2412dc40a3ebdf3b8,main,c1e3590d02e42d16091c5377e87a3db16496e5a462d558dc2925887f835f9891,main,534889110,0,123039,123038,1,0,0,DONE,DONE,719,719,1,,11.44
p3066_c001_v51,784b5c11540d3349,kaggle-environments 1.32.7,a52ba1bfe9df9dc1d504550af46744ef8d474797cdba7af2412dc40a3ebdf3b8,main,c1e3590d02e42d16091c5377e87a3db16496e5a462d558dc2925887f835f9891,main,534889110,1,123039,123038,1,0,0,DONE,DONE,719,719,1,,9.73
p3066_c001_v51,784b5c11540d3349,kaggle-environments 1.32.7,a52ba1bfe9df9dc1d504550af46744ef8d474797cdba7af2412dc40a3ebdf3b8,main,c1e3590d02e42d16091c5377e87a3db16496e5a462d558dc2925887f835f9891,main,536028917,0,110986,110985,1,0,0,DONE,DONE,719,719,1,,11.68
p3066_c001_v51,784b5c11540d3349,kaggle-environments 1.32.7,a52ba1bfe9df9dc1d504550af46744ef8d474797cdba7af2412dc40a3ebdf3b8,main,c1e3590d02e42d16091c5377e87a3db16496e5a462d558dc2925887f835f9891,main,536028917,1,110986,110985,1,0,0,DONE,DONE,719,719,1,,9.45
p3066_c001_v51,784b5c11540d3349,kaggle-environments 1.32.7,a52ba1bfe9df9dc1d504550af46744ef8d474797cdba7af2412dc40a3ebdf3b8,main,c1e3590d02e42d16091c5377e87a3db16496e5a462d558dc2925887f835f9891,main,536809336,0,92917,92881,1,0,0,DONE,DONE,719,719,1,,9.63
p3066_c001_v51,784b5c11540d3349,kaggle-environments 1.32.7,a52ba1bfe9df9dc1d504550af46744ef8d474797cdba7af2412dc40a3ebdf3b8,main,c1e3590d02e42d16091c5377e87a3db16496e5a462d558dc2925887f835f9891,main,536809336,1,92847,92951,0,1,0,DONE,DONE,719,719,1,,10.62
p3066_c001_v51,784b5c11540d3349,kaggle-environments 1.32.7,a52ba1bfe9df9dc1d504550af46744ef8d474797cdba7af2412dc40a3ebdf3b8,main,c1e3590d02e42d16091c5377e87a3db16496e5a462d558dc2925887f835f9891,main,537088443,0,105737,105734,1,0,0,DONE,DONE,719,719,1,,6.49
p3066_c001_v51,784b5c11540d3349,kaggle-environments 1.32.7,a52ba1bfe9df9dc1d504550af46744ef8d474797cdba7af2412dc40a3ebdf3b8,main,c1e3590d02e42d16091c5377e87a3db16496e5a462d558dc2925887f835f9891,main,537088443,1,105737,105734,1,0,0,DONE,DONE,719,719,1,,11.15
p3066_c001_v51,784b5c11540d3349,kaggle-environments 1.32.7,a52ba1bfe9df9dc1d504550af46744ef8d474797cdba7af2412dc40a3ebdf3b8,main,c1e3590d02e42d16091c5377e87a3db16496e5a462d558dc2925887f835f9891,main,543888094,0,92674,92678,0,1,0,DONE,DONE,719,719,1,,6.59
p3066_c001_v51,784b5c11540d3349,kaggle-environments 1.32.7,a52ba1bfe9df9dc1d504550af46744ef8d474797cdba7af2412dc40a3ebdf3b8,main,c1e3590d02e42d16091c5377e87a3db16496e5a462d558dc2925887f835f9891,main,543888094,1,92674,92678,0,1,0,DONE,DONE,719,719,1,,8.8
p3066_c001_v51,784b5c11540d3349,kaggle-environments 1.32.7,a52ba1bfe9df9dc1d504550af46744ef8d474797cdba7af2412dc40a3ebdf3b8,main,c1e3590d02e42d16091c5377e87a3db16496e5a462d558dc2925887f835f9891,main,545033779,0,105616,105616,0,0,1,DONE,DONE,719,719,1,,8.84
p3066_c001_v51,784b5c11540d3349,kaggle-environments 1.32.7,a52ba1bfe9df9dc1d504550af46744ef8d474797cdba7af2412dc40a3ebdf3b8,main,c1e3590d02e42d16091c5377e87a3db16496e5a462d558dc2925887f835f9891,main,545033779,1,105616,105616,0,0,1,DONE,DONE,719,719,1,,10.31
p3066_c001_v51,784b5c11540d3349,kaggle-environments 1.32.7,a52ba1bfe9df9dc1d504550af46744ef8d474797cdba7af2412dc40a3ebdf3b8,main,c1e3590d02e42d16091c5377e87a3db16496e5a462d558dc2925887f835f9891,main,545670799,0,128660,122224,1,0,0,DONE,DONE,719,719,1,,6.65
p3066_c001_v51,784b5c11540d3349,kaggle-environments 1.32.7,a52ba1bfe9df9dc1d504550af46744ef8d474797cdba7af2412dc40a3ebdf3b8,main,c1e3590d02e42d16091c5377e87a3db16496e5a462d558dc2925887f835f9891,main,545670799,1,122297,128586,0,1,0,DONE,DONE,719,719,1,,5.03
p3066_c001_v51,784b5c11540d3349,kaggle-environments 1.32.7,a52ba1bfe9df9dc1d504550af46744ef8d474797cdba7af2412dc40a3ebdf3b8,main,c1e3590d02e42d16091c5377e87a3db16496e5a462d558dc2925887f835f9891,main,549617199,0,97214,97213,1,0,0,DONE,DONE,719,719,1,,7.86
p3066_c001_v51,784b5c11540d3349,kaggle-environments 1.32.7,a52ba1bfe9df9dc1d504550af46744ef8d474797cdba7af2412dc40a3ebdf3b8,main,c1e3590d02e42d16091c5377e87a3db16496e5a462d558dc2925887f835f9891,main,549617199,1,97214,97213,1,0,0,DONE,DONE,719,719,1,,10.37
p3066_c001_v51,784b5c11540d3349,kaggle-environments 1.32.7,a52ba1bfe9df9dc1d504550af46744ef8d474797cdba7af2412dc40a3ebdf3b8,main,c1e3590d02e42d16091c5377e87a3db16496e5a462d558dc2925887f835f9891,main,550592187,0,135250,135203,1,0,0,DONE,DONE,719,719,1,,7.73
p3066_c001_v51,784b5c11540d3349,kaggle-environments 1.32.7,a52ba1bfe9df9dc1d504550af46744ef8d474797cdba7af2412dc40a3ebdf3b8,main,c1e3590d02e42d16091c5377e87a3db16496e5a462d558dc2925887f835f9891,main,550592187,1,135250,135203,1,0,0,DONE,DONE,719,719,1,,5.87
p3066_c001_v51,784b5c11540d3349,kaggle-environments 1.32.7,a52ba1bfe9df9dc1d504550af46744ef8d474797cdba7af2412dc40a3ebdf3b8,main,c1e3590d02e42d16091c5377e87a3db16496e5a462d558dc2925887f835f9891,main,554654868,0,91300,91629,0,1,0,DONE,DONE,719,719,1,,8.37
p3066_c001_v51,784b5c11540d3349,kaggle-environments 1.32.7,a52ba1bfe9df9dc1d504550af46744ef8d474797cdba7af2412dc40a3ebdf3b8,main,c1e3590d02e42d16091c5377e87a3db16496e5a462d558dc2925887f835f9891,main,554654868,1,91380,91549,0,1,0,DONE,DONE,719,719,1,,8.6
p3066_c001_v51,784b5c11540d3349,kaggle-environments 1.32.7,a52ba1bfe9df9dc1d504550af46744ef8d474797cdba7af2412dc40a3ebdf3b8,main,c1e3590d02e42d16091c5377e87a3db16496e5a462d558dc2925887f835f9891,main,557579674,0,110052,109837,1,0,0,DONE,DONE,719,719,1,,8.7
p3066_c001_v51,784b5c11540d3349,kaggle-environments 1.32.7,a52ba1bfe9df9dc1d504550af46744ef8d474797cdba7af2412dc40a3ebdf3b8,main,c1e3590d02e42d16091c5377e87a3db16496e5a462d558dc2925887f835f9891,main,557579674,1,110052,109837,1,0,0,DONE,DONE,719,719,1,,7.85
p3066_c001_v51,784b5c11540d3349,kaggle-environments 1.32.7,a52ba1bfe9df9dc1d504550af46744ef8d474797cdba7af2412dc40a3ebdf3b8,main,c1e3590d02e42d16091c5377e87a3db16496e5a462d558dc2925887f835f9891,main,558194199,0,91913,91909,1,0,0,DONE,DONE,719,719,1,,9.84
p3066_c001_v51,784b5c11540d3349,kaggle-environments 1.32.7,a52ba1bfe9df9dc1d504550af46744ef8d474797cdba7af2412dc40a3ebdf3b8,main,c1e3590d02e42d16091c5377e87a3db16496e5a462d558dc2925887f835f9891,main,558194199,1,91913,91909,1,0,0,DONE,DONE,719,719,1,,9.42
p3066_c001_v51,784b5c11540d3349,kaggle-environments 1.32.7,a52ba1bfe9df9dc1d504550af46744ef8d474797cdba7af2412dc40a3ebdf3b8,main,c1e3590d02e42d16091c5377e87a3db16496e5a462d558dc2925887f835f9891,main,564022272,0,92376,91851,1,0,0,DONE,DONE,719,719,1,,10.35
p3066_c001_v51,784b5c11540d3349,kaggle-environments 1.32.7,a52ba1bfe9df9dc1d504550af46744ef8d474797cdba7af2412dc40a3ebdf3b8,main,c1e3590d02e42d16091c5377e87a3db16496e5a462d558dc2925887f835f9891,main,564022272,1,92376,91851,1,0,0,DONE,DONE,719,719,1,,10.23
p3066_c001_v51,784b5c11540d3349,kaggle-environments 1.32.7,a52ba1bfe9df9dc1d504550af46744ef8d474797cdba7af2412dc40a3ebdf3b8,main,c1e3590d02e42d16091c5377e87a3db16496e5a462d558dc2925887f835f9891,main,564863036,0,98392,98392,0,0,1,DONE,DONE,719,719,1,,10.1
p3066_c001_v51,784b5c11540d3349,kaggle-environments 1.32.7,a52ba1bfe9df9dc1d504550af46744ef8d474797cdba7af2412dc40a3ebdf3b8,main,c1e3590d02e42d16091c5377e87a3db16496e5a462d558dc2925887f835f9891,main,564863036,1,98392,98392,0,0,1,DONE,DONE,719,719,1,,10.1
p3066_c001_v51,784b5c11540d3349,kaggle-environments 1.32.7,a52ba1bfe9df9dc1d504550af46744ef8d474797cdba7af2412dc40a3ebdf3b8,main,c1e3590d02e42d16091c5377e87a3db16496e5a462d558dc2925887f835f9891,main,565569323,0,106566,106565,1,0,0,DONE,DONE,719,719,1,,4.89
p3066_c001_v51,784b5c11540d3349,kaggle-environments 1.32.7,a52ba1bfe9df9dc1d504550af46744ef8d474797cdba7af2412dc40a3ebdf3b8,main,c1e3590d02e42d16091c5377e87a3db16496e5a462d558dc2925887f835f9891,main,565569323,1,106566,106565,1,0,0,DONE,DONE,719,719,1,,4.98
p3066_c001_v51,784b5c11540d3349,kaggle-environments 1.32.7,a52ba1bfe9df9dc1d504550af46744ef8d474797cdba7af2412dc40a3ebdf3b8,main,c1e3590d02e42d16091c5377e87a3db16496e5a462d558dc2925887f835f9891,main,568313661,0,80990,80990,0,0,1,DONE,DONE,719,719,1,,8.74
p3066_c001_v51,784b5c11540d3349,kaggle-environments 1.32.7,a52ba1bfe9df9dc1d504550af46744ef8d474797cdba7af2412dc40a3ebdf3b8,main,c1e3590d02e42d16091c5377e87a3db16496e5a462d558dc2925887f835f9891,main,568313661,1,80990,80990,0,0,1,DONE,DONE,719,719,1,,7.5
p3066_c001_v51,784b5c11540d3349,kaggle-environments 1.32.7,a52ba1bfe9df9dc1d504550af46744ef8d474797cdba7af2412dc40a3ebdf3b8,main,c1e3590d02e42d16091c5377e87a3db16496e5a462d558dc2925887f835f9891,main,569691051,0,129704,129639,1,0,0,DONE,DONE,719,719,1,,5.78
p3066_c001_v51,784b5c11540d3349,kaggle-environments 1.32.7,a52ba1bfe9df9dc1d504550af46744ef8d474797cdba7af2412dc40a3ebdf3b8,main,c1e3590d02e42d16091c5377e87a3db16496e5a462d558dc2925887f835f9891,main,569691051,1,129704,129639,1,0,0,DONE,DONE,719,719,1,,9.78
p3066_c001_v51,784b5c11540d3349,kaggle-environments 1.32.7,a52ba1bfe9df9dc1d504550af46744ef8d474797cdba7af2412dc40a3ebdf3b8,main,c1e3590d02e42d16091c5377e87a3db16496e5a462d558dc2925887f835f9891,main,570705989,0,70384,70411,0,1,0,DONE,DONE,719,719,1,,9.11
p3066_c001_v51,784b5c11540d3349,kaggle-environments 1.32.7,a52ba1bfe9df9dc1d504550af46744ef8d474797cdba7af2412dc40a3ebdf3b8,main,c1e3590d02e42d16091c5377e87a3db16496e5a462d558dc2925887f835f9891,main,570705989,1,70384,70411,0,1,0,DONE,DONE,719,719,1,,10.33
p3066_c001_v51,784b5c11540d3349,kaggle-environments 1.32.7,a52ba1bfe9df9dc1d504550af46744ef8d474797cdba7af2412dc40a3ebdf3b8,main,c1e3590d02e42d16091c5377e87a3db16496e5a462d558dc2925887f835f9891,main,570996699,0,123618,122668,1,0,0,DONE,DONE,719,719,1,,10.89
p3066_c001_v51,784b5c11540d3349,kaggle-environments 1.32.7,a52ba1bfe9df9dc1d504550af46744ef8d474797cdba7af2412dc40a3ebdf3b8,main,c1e3590d02e42d16091c5377e87a3db16496e5a462d558dc2925887f835f9891,main,570996699,1,122668,123618,0,1,0,DONE,DONE,719,719,1,,4.94
p3066_c001_v51,784b5c11540d3349,kaggle-environments 1.32.7,a52ba1bfe9df9dc1d504550af46744ef8d474797cdba7af2412dc40a3ebdf3b8,main,c1e3590d02e42d16091c5377e87a3db16496e5a462d558dc2925887f835f9891,main,572002130,0,100373,100307,1,0,0,DONE,DONE,719,719,1,,10.99
p3066_c001_v51,784b5c11540d3349,kaggle-environments 1.32.7,a52ba1bfe9df9dc1d504550af46744ef8d474797cdba7af2412dc40a3ebdf3b8,main,c1e3590d02e42d16091c5377e87a3db16496e5a462d558dc2925887f835f9891,main,572002130,1,100373,100307,1,0,0,DONE,DONE,719,719,1,,7.56
p3066_c001_v51,784b5c11540d3349,kaggle-environments 1.32.7,a52ba1bfe9df9dc1d504550af46744ef8d474797cdba7af2412dc40a3ebdf3b8,main,c1e3590d02e42d16091c5377e87a3db16496e5a462d558dc2925887f835f9891,main,572472665,0,80558,80558,0,0,1,DONE,DONE,719,719,1,,5.62
p3066_c001_v51,784b5c11540d3349,kaggle-environments 1.32.7,a52ba1bfe9df9dc1d504550af46744ef8d474797cdba7af2412dc40a3ebdf3b8,main,c1e3590d02e42d16091c5377e87a3db16496e5a462d558dc2925887f835f9891,main,572472665,1,80558,80558,0,0,1,DONE,DONE,719,719,1,,10.16
p3066_c001_v51,784b5c11540d3349,kaggle-environments 1.32.7,a52ba1bfe9df9dc1d504550af46744ef8d474797cdba7af2412dc40a3ebdf3b8,main,c1e3590d02e42d16091c5377e87a3db16496e5a462d558dc2925887f835f9891,main,573596305,0,96166,96219,0,1,0,DONE,DONE,719,719,1,,11.35
p3066_c001_v51,784b5c11540d3349,kaggle-environments 1.32.7,a52ba1bfe9df9dc1d504550af46744ef8d474797cdba7af2412dc40a3ebdf3b8,main,c1e3590d02e42d16091c5377e87a3db16496e5a462d558dc2925887f835f9891,main,573596305,1,96219,96166,1,0,0,DONE,DONE,719,719,1,,10.71
p3066_c001_v51,784b5c11540d3349,kaggle-environments 1.32.7,a52ba1bfe9df9dc1d504550af46744ef8d474797cdba7af2412dc40a3ebdf3b8,main,c1e3590d02e42d16091c5377e87a3db16496e5a462d558dc2925887f835f9891,main,574990569,0,76927,76913,1,0,0,DONE,DONE,719,719,1,,8.38
p3066_c001_v51,784b5c11540d3349,kaggle-environments 1.32.7,a52ba1bfe9df9dc1d504550af46744ef8d474797cdba7af2412dc40a3ebdf3b8,main,c1e3590d02e42d16091c5377e87a3db16496e5a462d558dc2925887f835f9891,main,574990569,1,76927,76913,1,0,0,DONE,DONE,719,719,1,,5.99
p3066_c001_v51,784b5c11540d3349,kaggle-environments 1.32.7,a52ba1bfe9df9dc1d504550af46744ef8d474797cdba7af2412dc40a3ebdf3b8,main,c1e3590d02e42d16091c5377e87a3db16496e5a462d558dc2925887f835f9891,main,575706284,0,74056,73941,1,0,0,DONE,DONE,719,719,1,,10.29
p3066_c001_v51,784b5c11540d3349,kaggle-environments 1.32.7,a52ba1bfe9df9dc1d504550af46744ef8d474797cdba7af2412dc40a3ebdf3b8,main,c1e3590d02e42d16091c5377e87a3db16496e5a462d558dc2925887f835f9891,main,575706284,1,74056,73941,1,0,0,DONE,DONE,719,719,1,,10.3
p3066_c001_v51,784b5c11540d3349,kaggle-environments 1.32.7,a52ba1bfe9df9dc1d504550af46744ef8d474797cdba7af2412dc40a3ebdf3b8,main,c1e3590d02e42d16091c5377e87a3db16496e5a462d558dc2925887f835f9891,main,579336468,0,108064,108060,1,0,0,DONE,DONE,719,719,1,,7.82
p3066_c001_v51,784b5c11540d3349,kaggle-environments 1.32.7,a52ba1bfe9df9dc1d504550af46744ef8d474797cdba7af2412dc40a3ebdf3b8,main,c1e3590d02e42d16091c5377e87a3db16496e5a462d558dc2925887f835f9891,main,579336468,1,108064,108060,1,0,0,DONE,DONE,719,719,1,,9.95
p3066_c001_v51,784b5c11540d3349,kaggle-environments 1.32.7,a52ba1bfe9df9dc1d504550af46744ef8d474797cdba7af2412dc40a3ebdf3b8,main,c1e3590d02e42d16091c5377e87a3db16496e5a462d558dc2925887f835f9891,main,581901179,0,118738,127850,0,1,0,DONE,DONE,719,719,1,,6.18
p3066_c001_v51,784b5c11540d3349,kaggle-environments 1.32.7,a52ba1bfe9df9dc1d504550af46744ef8d474797cdba7af2412dc40a3ebdf3b8,main,c1e3590d02e42d16091c5377e87a3db16496e5a462d558dc2925887f835f9891,main,581901179,1,127815,118773,1,0,0,DONE,DONE,719,719,1,,6.98
p3066_c001_v51,784b5c11540d3349,kaggle-environments 1.32.7,a52ba1bfe9df9dc1d504550af46744ef8d474797cdba7af2412dc40a3ebdf3b8,main,c1e3590d02e42d16091c5377e87a3db16496e5a462d558dc2925887f835f9891,main,582731825,0,98836,98829,1,0,0,DONE,DONE,719,719,1,,9.74
p3066_c001_v51,784b5c11540d3349,kaggle-environments 1.32.7,a52ba1bfe9df9dc1d504550af46744ef8d474797cdba7af2412dc40a3ebdf3b8,main,c1e3590d02e42d16091c5377e87a3db16496e5a462d558dc2925887f835f9891,main,582731825,1,98836,98829,1,0,0,DONE,DONE,719,719,1,,9.66
p3066_c001_v51,784b5c11540d3349,kaggle-environments 1.32.7,a52ba1bfe9df9dc1d504550af46744ef8d474797cdba7af2412dc40a3ebdf3b8,main,c1e3590d02e42d16091c5377e87a3db16496e5a462d558dc2925887f835f9891,main,584242389,0,140659,140658,1,0,0,DONE,DONE,719,719,1,,10.52
p3066_c001_v51,784b5c11540d3349,kaggle-environments 1.32.7,a52ba1bfe9df9dc1d504550af46744ef8d474797cdba7af2412dc40a3ebdf3b8,main,c1e3590d02e42d16091c5377e87a3db16496e5a462d558dc2925887f835f9891,main,584242389,1,140659,140658,1,0,0,DONE,DONE,719,719,1,,8.61
p3066_c001_v51,784b5c11540d3349,kaggle-environments 1.32.7,a52ba1bfe9df9dc1d504550af46744ef8d474797cdba7af2412dc40a3ebdf3b8,main,c1e3590d02e42d16091c5377e87a3db16496e5a462d558dc2925887f835f9891,main,584355409,0,80598,80598,0,0,1,DONE,DONE,719,719,1,,5.24
p3066_c001_v51,784b5c11540d3349,kaggle-environments 1.32.7,a52ba1bfe9df9dc1d504550af46744ef8d474797cdba7af2412dc40a3ebdf3b8,main,c1e3590d02e42d16091c5377e87a3db16496e5a462d558dc2925887f835f9891,main,584355409,1,80598,80598,0,0,1,DONE,DONE,719,719,1,,10.3
p3066_c001_v51,784b5c11540d3349,kaggle-environments 1.32.7,a52ba1bfe9df9dc1d504550af46744ef8d474797cdba7af2412dc40a3ebdf3b8,main,c1e3590d02e42d16091c5377e87a3db16496e5a462d558dc2925887f835f9891,main,585668180,0,82384,82761,0,1,0,DONE,DONE,719,719,1,,10.6
p3066_c001_v51,784b5c11540d3349,kaggle-environments 1.32.7,a52ba1bfe9df9dc1d504550af46744ef8d474797cdba7af2412dc40a3ebdf3b8,main,c1e3590d02e42d16091c5377e87a3db16496e5a462d558dc2925887f835f9891,main,585668180,1,82783,82360,1,0,0,DONE,DONE,719,719,1,,5.18
p3066_c001_v51,784b5c11540d3349,kaggle-environments 1.32.7,a52ba1bfe9df9dc1d504550af46744ef8d474797cdba7af2412dc40a3ebdf3b8,main,c1e3590d02e42d16091c5377e87a3db16496e5a462d558dc2925887f835f9891,main,588856189,0,111503,111581,0,1,0,DONE,DONE,719,719,1,,9.88
p3066_c001_v51,784b5c11540d3349,kaggle-environments 1.32.7,a52ba1bfe9df9dc1d504550af46744ef8d474797cdba7af2412dc40a3ebdf3b8,main,c1e3590d02e42d16091c5377e87a3db16496e5a462d558dc2925887f835f9891,main,588856189,1,111503,111581,0,1,0,DONE,DONE,719,719,1,,7.0
p3066_c001_v51,784b5c11540d3349,kaggle-environments 1.32.7,a52ba1bfe9df9dc1d504550af46744ef8d474797cdba7af2412dc40a3ebdf3b8,main,c1e3590d02e42d16091c5377e87a3db16496e5a462d558dc2925887f835f9891,main,589839122,0,144905,144905,0,0,1,DONE,DONE,719,719,1,,10.54
p3066_c001_v51,784b5c11540d3349,kaggle-environments 1.32.7,a52ba1bfe9df9dc1d504550af46744ef8d474797cdba7af2412dc40a3ebdf3b8,main,c1e3590d02e42d16091c5377e87a3db16496e5a462d558dc2925887f835f9891,main,589839122,1,144905,144905,0,0,1,DONE,DONE,719,719,1,,5.05
p3066_c001_v51,784b5c11540d3349,kaggle-environments 1.32.7,a52ba1bfe9df9dc1d504550af46744ef8d474797cdba7af2412dc40a3ebdf3b8,main,c1e3590d02e42d16091c5377e87a3db16496e5a462d558dc2925887f835f9891,main,591738052,0,75864,75855,1,0,0,DONE,DONE,719,719,1,,11.42
p3066_c001_v51,784b5c11540d3349,kaggle-environments 1.32.7,a52ba1bfe9df9dc1d504550af46744ef8d474797cdba7af2412dc40a3ebdf3b8,main,c1e3590d02e42d16091c5377e87a3db16496e5a462d558dc2925887f835f9891,main,591738052,1,75864,75855,1,0,0,DONE,DONE,719,719,1,,11.22
p3066_c001_v51,784b5c11540d3349,kaggle-environments 1.32.7,a52ba1bfe9df9dc1d504550af46744ef8d474797cdba7af2412dc40a3ebdf3b8,main,c1e3590d02e42d16091c5377e87a3db16496e5a462d558dc2925887f835f9891,main,593050443,0,66956,66775,1,0,0,DONE,DONE,719,719,1,,6.31
p3066_c001_v51,784b5c11540d3349,kaggle-environments 1.32.7,a52ba1bfe9df9dc1d504550af46744ef8d474797cdba7af2412dc40a3ebdf3b8,main,c1e3590d02e42d16091c5377e87a3db16496e5a462d558dc2925887f835f9891,main,593050443,1,66839,66892,0,1,0,DONE,DONE,719,719,1,,9.11
p3066_c001_v51,784b5c11540d3349,kaggle-environments 1.32.7,a52ba1bfe9df9dc1d504550af46744ef8d474797cdba7af2412dc40a3ebdf3b8,main,c1e3590d02e42d16091c5377e87a3db16496e5a462d558dc2925887f835f9891,main,594899847,0,106144,106144,0,0,1,DONE,DONE,719,719,1,,9.64
p3066_c001_v51,784b5c11540d3349,kaggle-environments 1.32.7,a52ba1bfe9df9dc1d504550af46744ef8d474797cdba7af2412dc40a3ebdf3b8,main,c1e3590d02e42d16091c5377e87a3db16496e5a462d558dc2925887f835f9891,main,594899847,1,106144,106144,0,0,1,DONE,DONE,719,719,1,,6.96
p3066_c001_v51,784b5c11540d3349,kaggle-environments 1.32.7,a52ba1bfe9df9dc1d504550af46744ef8d474797cdba7af2412dc40a3ebdf3b8,main,c1e3590d02e42d16091c5377e87a3db16496e5a462d558dc2925887f835f9891,main,596495269,0,103749,103841,0,1,0,DONE,DONE,719,719,1,,10.71
p3066_c001_v51,784b5c11540d3349,kaggle-environments 1.32.7,a52ba1bfe9df9dc1d504550af46744ef8d474797cdba7af2412dc40a3ebdf3b8,main,c1e3590d02e42d16091c5377e87a3db16496e5a462d558dc2925887f835f9891,main,596495269,1,103841,103749,1,0,0,DONE,DONE,719,719,1,,6.38
p3066_c001_v51,784b5c11540d3349,kaggle-environments 1.32.7,a52ba1bfe9df9dc1d504550af46744ef8d474797cdba7af2412dc40a3ebdf3b8,main,c1e3590d02e42d16091c5377e87a3db16496e5a462d558dc2925887f835f9891,main,597576929,0,102628,102628,0,0,1,DONE,DONE,719,719,1,,10.09
p3066_c001_v51,784b5c11540d3349,kaggle-environments 1.32.7,a52ba1bfe9df9dc1d504550af46744ef8d474797cdba7af2412dc40a3ebdf3b8,main,c1e3590d02e42d16091c5377e87a3db16496e5a462d558dc2925887f835f9891,main,597576929,1,102628,102628,0,0,1,DONE,DONE,719,719,1,,6.15
p3066_c001_v51,784b5c11540d3349,kaggle-environments 1.32.7,a52ba1bfe9df9dc1d504550af46744ef8d474797cdba7af2412dc40a3ebdf3b8,main,c1e3590d02e42d16091c5377e87a3db16496e5a462d558dc2925887f835f9891,main,597664195,0,109562,109050,1,0,0,DONE,DONE,719,719,1,,10.1
p3066_c001_v51,784b5c11540d3349,kaggle-environments 1.32.7,a52ba1bfe9df9dc1d504550af46744ef8d474797cdba7af2412dc40a3ebdf3b8,main,c1e3590d02e42d16091c5377e87a3db16496e5a462d558dc2925887f835f9891,main,597664195,1,109562,109050,1,0,0,DONE,DONE,719,719,1,,9.22
p3066_c001_v51,784b5c11540d3349,kaggle-environments 1.32.7,a52ba1bfe9df9dc1d504550af46744ef8d474797cdba7af2412dc40a3ebdf3b8,main,c1e3590d02e42d16091c5377e87a3db16496e5a462d558dc2925887f835f9891,main,597683262,0,72088,72068,1,0,0,DONE,DONE,719,719,1,,7.25
p3066_c001_v51,784b5c11540d3349,kaggle-environments 1.32.7,a52ba1bfe9df9dc1d504550af46744ef8d474797cdba7af2412dc40a3ebdf3b8,main,c1e3590d02e42d16091c5377e87a3db16496e5a462d558dc2925887f835f9891,main,597683262,1,72088,72068,1,0,0,DONE,DONE,719,719,1,,10.36
p3066_c001_v51,784b5c11540d3349,kaggle-environments 1.32.7,a52ba1bfe9df9dc1d504550af46744ef8d474797cdba7af2412dc40a3ebdf3b8,main,c1e3590d02e42d16091c5377e87a3db16496e5a462d558dc2925887f835f9891,main,599407018,0,132622,132621,1,0,0,DONE,DONE,719,719,1,,5.12
p3066_c001_v51,784b5c11540d3349,kaggle-environments 1.32.7,a52ba1bfe9df9dc1d504550af46744ef8d474797cdba7af2412dc40a3ebdf3b8,main,c1e3590d02e42d16091c5377e87a3db16496e5a462d558dc2925887f835f9891,main,599407018,1,132622,132621,1,0,0,DONE,DONE,719,719,1,,10.47
p3066_c001_v51,784b5c11540d3349,kaggle-environments 1.32.7,a52ba1bfe9df9dc1d504550af46744ef8d474797cdba7af2412dc40a3ebdf3b8,main,c1e3590d02e42d16091c5377e87a3db16496e5a462d558dc2925887f835f9891,main,603588047,0,115840,115839,1,0,0,DONE,DONE,719,719,1,,7.66
p3066_c001_v51,784b5c11540d3349,kaggle-environments 1.32.7,a52ba1bfe9df9dc1d504550af46744ef8d474797cdba7af2412dc40a3ebdf3b8,main,c1e3590d02e42d16091c5377e87a3db16496e5a462d558dc2925887f835f9891,main,603588047,1,115840,115839,1,0,0,DONE,DONE,719,719,1,,6.29
p3066_c001_v51,784b5c11540d3349,kaggle-environments 1.32.7,a52ba1bfe9df9dc1d504550af46744ef8d474797cdba7af2412dc40a3ebdf3b8,main,c1e3590d02e42d16091c5377e87a3db16496e5a462d558dc2925887f835f9891,main,604356696,0,100430,100413,1,0,0,DONE,DONE,719,719,1,,10.74
p3066_c001_v51,784b5c11540d3349,kaggle-environments 1.32.7,a52ba1bfe9df9dc1d504550af46744ef8d474797cdba7af2412dc40a3ebdf3b8,main,c1e3590d02e42d16091c5377e87a3db16496e5a462d558dc2925887f835f9891,main,604356696,1,100430,100413,1,0,0,DONE,DONE,719,719,1,,10.67
p3066_c001_v51,784b5c11540d3349,kaggle-environments 1.32.7,a52ba1bfe9df9dc1d504550af46744ef8d474797cdba7af2412dc40a3ebdf3b8,main,c1e3590d02e42d16091c5377e87a3db16496e5a462d558dc2925887f835f9891,main,605758587,0,93146,93072,1,0,0,DONE,DONE,719,719,1,,10.38
p3066_c001_v51,784b5c11540d3349,kaggle-environments 1.32.7,a52ba1bfe9df9dc1d504550af46744ef8d474797cdba7af2412dc40a3ebdf3b8,main,c1e3590d02e42d16091c5377e87a3db16496e5a462d558dc2925887f835f9891,main,605758587,1,93146,93072,1,0,0,DONE,DONE,719,719,1,,6.72
p3066_c001_v51,784b5c11540d3349,kaggle-environments 1.32.7,a52ba1bfe9df9dc1d504550af46744ef8d474797cdba7af2412dc40a3ebdf3b8,main,c1e3590d02e42d16091c5377e87a3db16496e5a462d558dc2925887f835f9891,main,606977258,0,83227,83225,1,0,0,DONE,DONE,719,719,1,,10.95
p3066_c001_v51,784b5c11540d3349,kaggle-environments 1.32.7,a52ba1bfe9df9dc1d504550af46744ef8d474797cdba7af2412dc40a3ebdf3b8,main,c1e3590d02e42d16091c5377e87a3db16496e5a462d558dc2925887f835f9891,main,606977258,1,83227,83225,1,0,0,DONE,DONE,719,719,1,,11.0
p3066_c001_v51,784b5c11540d3349,kaggle-environments 1.32.7,a52ba1bfe9df9dc1d504550af46744ef8d474797cdba7af2412dc40a3ebdf3b8,main,c1e3590d02e42d16091c5377e87a3db16496e5a462d558dc2925887f835f9891,main,610352948,0,90396,90061,1,0,0,DONE,DONE,719,719,1,,10.4
p3066_c001_v51,784b5c11540d3349,kaggle-environments 1.32.7,a52ba1bfe9df9dc1d504550af46744ef8d474797cdba7af2412dc40a3ebdf3b8,main,c1e3590d02e42d16091c5377e87a3db16496e5a462d558dc2925887f835f9891,main,610352948,1,90396,90061,1,0,0,DONE,DONE,719,719,1,,4.91
p3066_c001_v51,784b5c11540d3349,kaggle-environments 1.32.7,a52ba1bfe9df9dc1d504550af46744ef8d474797cdba7af2412dc40a3ebdf3b8,main,c1e3590d02e42d16091c5377e87a3db16496e5a462d558dc2925887f835f9891,main,612551623,0,90953,90953,0,0,1,DONE,DONE,719,719,1,,10.54
p3066_c001_v51,784b5c11540d3349,kaggle-environments 1.32.7,a52ba1bfe9df9dc1d504550af46744ef8d474797cdba7af2412dc40a3ebdf3b8,main,c1e3590d02e42d16091c5377e87a3db16496e5a462d558dc2925887f835f9891,main,612551623,1,90953,90953,0,0,1,DONE,DONE,719,719,1,,10.37
p3066_c001_v51,784b5c11540d3349,kaggle-environments 1.32.7,a52ba1bfe9df9dc1d504550af46744ef8d474797cdba7af2412dc40a3ebdf3b8,main,c1e3590d02e42d16091c5377e87a3db16496e5a462d558dc2925887f835f9891,main,614406023,0,79576,79675,0,1,0,DONE,DONE,719,719,1,,5.33
p3066_c001_v51,784b5c11540d3349,kaggle-environments 1.32.7,a52ba1bfe9df9dc1d504550af46744ef8d474797cdba7af2412dc40a3ebdf3b8,main,c1e3590d02e42d16091c5377e87a3db16496e5a462d558dc2925887f835f9891,main,614406023,1,79576,79675,0,1,0,DONE,DONE,719,719,1,,6.16
p3066_c001_v51,784b5c11540d3349,kaggle-environments 1.32.7,a52ba1bfe9df9dc1d504550af46744ef8d474797cdba7af2412dc40a3ebdf3b8,main,c1e3590d02e42d16091c5377e87a3db16496e5a462d558dc2925887f835f9891,main,615774306,0,79705,79626,1,0,0,DONE,DONE,719,719,1,,9.4
p3066_c001_v51,784b5c11540d3349,kaggle-environments 1.32.7,a52ba1bfe9df9dc1d504550af46744ef8d474797cdba7af2412dc40a3ebdf3b8,main,c1e3590d02e42d16091c5377e87a3db16496e5a462d558dc2925887f835f9891,main,615774306,1,79705,79626,1,0,0,DONE,DONE,719,719,1,,9.15
p3066_c001_v51,784b5c11540d3349,kaggle-environments 1.32.7,a52ba1bfe9df9dc1d504550af46744ef8d474797cdba7af2412dc40a3ebdf3b8,main,c1e3590d02e42d16091c5377e87a3db16496e5a462d558dc2925887f835f9891,main,623824198,0,119258,119146,1,0,0,DONE,DONE,719,719,1,,7.12
p3066_c001_v51,784b5c11540d3349,kaggle-environments 1.32.7,a52ba1bfe9df9dc1d504550af46744ef8d474797cdba7af2412dc40a3ebdf3b8,main,c1e3590d02e42d16091c5377e87a3db16496e5a462d558dc2925887f835f9891,main,623824198,1,119258,119146,1,0,0,DONE,DONE,719,719,1,,8.83
p3066_c001_v51,784b5c11540d3349,kaggle-environments 1.32.7,a52ba1bfe9df9dc1d504550af46744ef8d474797cdba7af2412dc40a3ebdf3b8,main,c1e3590d02e42d16091c5377e87a3db16496e5a462d558dc2925887f835f9891,main,626468679,0,76357,76356,1,0,0,DONE,DONE,719,719,1,,9.11
p3066_c001_v51,784b5c11540d3349,kaggle-environments 1.32.7,a52ba1bfe9df9dc1d504550af46744ef8d474797cdba7af2412dc40a3ebdf3b8,main,c1e3590d02e42d16091c5377e87a3db16496e5a462d558dc2925887f835f9891,main,626468679,1,76357,76356,1,0,0,DONE,DONE,719,719,1,,9.84
p3066_c001_v51,784b5c11540d3349,kaggle-environments 1.32.7,a52ba1bfe9df9dc1d504550af46744ef8d474797cdba7af2412dc40a3ebdf3b8,main,c1e3590d02e42d16091c5377e87a3db16496e5a462d558dc2925887f835f9891,main,628006481,0,83457,81940,1,0,0,DONE,DONE,719,719,1,,6.04
p3066_c001_v51,784b5c11540d3349,kaggle-environments 1.32.7,a52ba1bfe9df9dc1d504550af46744ef8d474797cdba7af2412dc40a3ebdf3b8,main,c1e3590d02e42d16091c5377e87a3db16496e5a462d558dc2925887f835f9891,main,628006481,1,83457,81940,1,0,0,DONE,DONE,719,719,1,,7.26
p3066_c001_v51,784b5c11540d3349,kaggle-environments 1.32.7,a52ba1bfe9df9dc1d504550af46744ef8d474797cdba7af2412dc40a3ebdf3b8,main,c1e3590d02e42d16091c5377e87a3db16496e5a462d558dc2925887f835f9891,main,628069553,0,99292,99154,1,0,0,DONE,DONE,719,719,1,,9.58
p3066_c001_v51,784b5c11540d3349,kaggle-environments 1.32.7,a52ba1bfe9df9dc1d504550af46744ef8d474797cdba7af2412dc40a3ebdf3b8,main,c1e3590d02e42d16091c5377e87a3db16496e5a462d558dc2925887f835f9891,main,628069553,1,99160,99286,0,1,0,DONE,DONE,719,719,1,,10.22
p3066_c001_v51,784b5c11540d3349,kaggle-environments 1.32.7,a52ba1bfe9df9dc1d504550af46744ef8d474797cdba7af2412dc40a3ebdf3b8,main,c1e3590d02e42d16091c5377e87a3db16496e5a462d558dc2925887f835f9891,main,628347565,0,104774,104762,1,0,0,DONE,DONE,719,719,1,,6.16
p3066_c001_v51,784b5c11540d3349,kaggle-environments 1.32.7,a52ba1bfe9df9dc1d504550af46744ef8d474797cdba7af2412dc40a3ebdf3b8,main,c1e3590d02e42d16091c5377e87a3db16496e5a462d558dc2925887f835f9891,main,628347565,1,104774,104762,1,0,0,DONE,DONE,719,719,1,,10.77
p3066_c001_v51,784b5c11540d3349,kaggle-environments 1.32.7,a52ba1bfe9df9dc1d504550af46744ef8d474797cdba7af2412dc40a3ebdf3b8,main,c1e3590d02e42d16091c5377e87a3db16496e5a462d558dc2925887f835f9891,main,631024953,0,95979,95972,1,0,0,DONE,DONE,719,719,1,,10.24
p3066_c001_v51,784b5c11540d3349,kaggle-environments 1.32.7,a52ba1bfe9df9dc1d504550af46744ef8d474797cdba7af2412dc40a3ebdf3b8,main,c1e3590d02e42d16091c5377e87a3db16496e5a462d558dc2925887f835f9891,main,631024953,1,95979,95972,1,0,0,DONE,DONE,719,719,1,,7.39
p3066_c001_v51,784b5c11540d3349,kaggle-environments 1.32.7,a52ba1bfe9df9dc1d504550af46744ef8d474797cdba7af2412dc40a3ebdf3b8,main,c1e3590d02e42d16091c5377e87a3db16496e5a462d558dc2925887f835f9891,main,632567788,0,101075,101056,1,0,0,DONE,DONE,719,719,1,,10.03
p3066_c001_v51,784b5c11540d3349,kaggle-environments 1.32.7,a52ba1bfe9df9dc1d504550af46744ef8d474797cdba7af2412dc40a3ebdf3b8,main,c1e3590d02e42d16091c5377e87a3db16496e5a462d558dc2925887f835f9891,main,632567788,1,101075,101056,1,0,0,DONE,DONE,719,719,1,,7.52
p3066_c001_v51,784b5c11540d3349,kaggle-environments 1.32.7,a52ba1bfe9df9dc1d504550af46744ef8d474797cdba7af2412dc40a3ebdf3b8,main,c1e3590d02e42d16091c5377e87a3db16496e5a462d558dc2925887f835f9891,main,634416294,0,98838,98392,1,0,0,DONE,DONE,719,719,1,,6.41
p3066_c001_v51,784b5c11540d3349,kaggle-environments 1.32.7,a52ba1bfe9df9dc1d504550af46744ef8d474797cdba7af2412dc40a3ebdf3b8,main,c1e3590d02e42d16091c5377e87a3db16496e5a462d558dc2925887f835f9891,main,634416294,1,98838,98392,1,0,0,DONE,DONE,719,719,1,,10.24
p3066_c001_v51,784b5c11540d3349,kaggle-environments 1.32.7,a52ba1bfe9df9dc1d504550af46744ef8d474797cdba7af2412dc40a3ebdf3b8,main,c1e3590d02e42d16091c5377e87a3db16496e5a462d558dc2925887f835f9891,main,636069535,0,100480,100479,1,0,0,DONE,DONE,719,719,1,,7.08
p3066_c001_v51,784b5c11540d3349,kaggle-environments 1.32.7,a52ba1bfe9df9dc1d504550af46744ef8d474797cdba7af2412dc40a3ebdf3b8,main,c1e3590d02e42d16091c5377e87a3db16496e5a462d558dc2925887f835f9891,main,636069535,1,100480,100479,1,0,0,DONE,DONE,719,719,1,,5.15
p3066_c001_v51,784b5c11540d3349,kaggle-environments 1.32.7,a52ba1bfe9df9dc1d504550af46744ef8d474797cdba7af2412dc40a3ebdf3b8,main,c1e3590d02e42d16091c5377e87a3db16496e5a462d558dc2925887f835f9891,main,636116220,0,123124,123123,1,0,0,DONE,DONE,719,719,1,,10.09
p3066_c001_v51,784b5c11540d3349,kaggle-environments 1.32.7,a52ba1bfe9df9dc1d504550af46744ef8d474797cdba7af2412dc40a3ebdf3b8,main,c1e3590d02e42d16091c5377e87a3db16496e5a462d558dc2925887f835f9891,main,636116220,1,123124,123123,1,0,0,DONE,DONE,719,719,1,,7.95
p3066_c001_v51,784b5c11540d3349,kaggle-environments 1.32.7,a52ba1bfe9df9dc1d504550af46744ef8d474797cdba7af2412dc40a3ebdf3b8,main,c1e3590d02e42d16091c5377e87a3db16496e5a462d558dc2925887f835f9891,main,645823058,0,95402,95459,0,1,0,DONE,DONE,719,719,1,,9.0
p3066_c001_v51,784b5c11540d3349,kaggle-environments 1.32.7,a52ba1bfe9df9dc1d504550af46744ef8d474797cdba7af2412dc40a3ebdf3b8,main,c1e3590d02e42d16091c5377e87a3db16496e5a462d558dc2925887f835f9891,main,645823058,1,95402,95459,0,1,0,DONE,DONE,719,719,1,,9.49
p3066_c001_v51,784b5c11540d3349,kaggle-environments 1.32.7,a52ba1bfe9df9dc1d504550af46744ef8d474797cdba7af2412dc40a3ebdf3b8,main,c1e3590d02e42d16091c5377e87a3db16496e5a462d558dc2925887f835f9891,main,649842139,0,116042,115961,1,0,0,DONE,DONE,719,719,1,,10.25
p3066_c001_v51,784b5c11540d3349,kaggle-environments 1.32.7,a52ba1bfe9df9dc1d504550af46744ef8d474797cdba7af2412dc40a3ebdf3b8,main,c1e3590d02e42d16091c5377e87a3db16496e5a462d558dc2925887f835f9891,main,649842139,1,116042,115961,1,0,0,DONE,DONE,719,719,1,,5.19
p3066_c001_v51,784b5c11540d3349,kaggle-environments 1.32.7,a52ba1bfe9df9dc1d504550af46744ef8d474797cdba7af2412dc40a3ebdf3b8,main,c1e3590d02e42d16091c5377e87a3db16496e5a462d558dc2925887f835f9891,main,657986074,0,169729,168006,1,0,0,DONE,DONE,719,719,1,,10.08
p3066_c001_v51,784b5c11540d3349,kaggle-environments 1.32.7,a52ba1bfe9df9dc1d504550af46744ef8d474797cdba7af2412dc40a3ebdf3b8,main,c1e3590d02e42d16091c5377e87a3db16496e5a462d558dc2925887f835f9891,main,657986074,1,168454,169281,0,1,0,DONE,DONE,719,719,1,,6.28
p3066_c001_v51,784b5c11540d3349,kaggle-environments 1.32.7,a52ba1bfe9df9dc1d504550af46744ef8d474797cdba7af2412dc40a3ebdf3b8,main,c1e3590d02e42d16091c5377e87a3db16496e5a462d558dc2925887f835f9891,main,658170202,0,114255,114255,0,0,1,DONE,DONE,719,719,1,,6.67
p3066_c001_v51,784b5c11540d3349,kaggle-environments 1.32.7,a52ba1bfe9df9dc1d504550af46744ef8d474797cdba7af2412dc40a3ebdf3b8,main,c1e3590d02e42d16091c5377e87a3db16496e5a462d558dc2925887f835f9891,main,658170202,1,114255,114255,0,0,1,DONE,DONE,719,719,1,,9.46
p3066_c001_v51,784b5c11540d3349,kaggle-environments 1.32.7,a52ba1bfe9df9dc1d504550af46744ef8d474797cdba7af2412dc40a3ebdf3b8,main,c1e3590d02e42d16091c5377e87a3db16496e5a462d558dc2925887f835f9891,main,658386570,0,77396,76791,1,0,0,DONE,DONE,719,719,1,,9.98
p3066_c001_v51,784b5c11540d3349,kaggle-environments 1.32.7,a52ba1bfe9df9dc1d504550af46744ef8d474797cdba7af2412dc40a3ebdf3b8,main,c1e3590d02e42d16091c5377e87a3db16496e5a462d558dc2925887f835f9891,main,658386570,1,76800,77386,0,1,0,DONE,DONE,719,719,1,,6.06
p3066_c001_v51,784b5c11540d3349,kaggle-environments 1.32.7,a52ba1bfe9df9dc1d504550af46744ef8d474797cdba7af2412dc40a3ebdf3b8,main,c1e3590d02e42d16091c5377e87a3db16496e5a462d558dc2925887f835f9891,main,659013034,0,88824,88824,0,0,1,DONE,DONE,719,719,1,,10.11
p3066_c001_v51,784b5c11540d3349,kaggle-environments 1.32.7,a52ba1bfe9df9dc1d504550af46744ef8d474797cdba7af2412dc40a3ebdf3b8,main,c1e3590d02e42d16091c5377e87a3db16496e5a462d558dc2925887f835f9891,main,659013034,1,88824,88824,0,0,1,DONE,DONE,719,719,1,,10.26
p3066_c001_v51,784b5c11540d3349,kaggle-environments 1.32.7,a52ba1bfe9df9dc1d504550af46744ef8d474797cdba7af2412dc40a3ebdf3b8,main,c1e3590d02e42d16091c5377e87a3db16496e5a462d558dc2925887f835f9891,main,662048323,0,106371,106371,0,0,1,DONE,DONE,719,719,1,,6.63
p3066_c001_v51,784b5c11540d3349,kaggle-environments 1.32.7,a52ba1bfe9df9dc1d504550af46744ef8d474797cdba7af2412dc40a3ebdf3b8,main,c1e3590d02e42d16091c5377e87a3db16496e5a462d558dc2925887f835f9891,main,662048323,1,106371,106371,0,0,1,DONE,DONE,719,719,1,,7.36
p3066_c001_v51,784b5c11540d3349,kaggle-environments 1.32.7,a52ba1bfe9df9dc1d504550af46744ef8d474797cdba7af2412dc40a3ebdf3b8,main,c1e3590d02e42d16091c5377e87a3db16496e5a462d558dc2925887f835f9891,main,667210036,0,105402,105380,1,0,0,DONE,DONE,719,719,1,,6.89
p3066_c001_v51,784b5c11540d3349,kaggle-environments 1.32.7,a52ba1bfe9df9dc1d504550af46744ef8d474797cdba7af2412dc40a3ebdf3b8,main,c1e3590d02e42d16091c5377e87a3db16496e5a462d558dc2925887f835f9891,main,667210036,1,105402,105380,1,0,0,DONE,DONE,719,719,1,,9.77
p3066_c001_v51,784b5c11540d3349,kaggle-environments 1.32.7,a52ba1bfe9df9dc1d504550af46744ef8d474797cdba7af2412dc40a3ebdf3b8,main,c1e3590d02e42d16091c5377e87a3db16496e5a462d558dc2925887f835f9891,main,670903499,0,135103,135313,0,1,0,DONE,DONE,719,719,1,,10.3
p3066_c001_v51,784b5c11540d3349,kaggle-environments 1.32.7,a52ba1bfe9df9dc1d504550af46744ef8d474797cdba7af2412dc40a3ebdf3b8,main,c1e3590d02e42d16091c5377e87a3db16496e5a462d558dc2925887f835f9891,main,670903499,1,135103,135313,0,1,0,DONE,DONE,719,719,1,,6.15
p3066_c001_v51,784b5c11540d3349,kaggle-environments 1.32.7,a52ba1bfe9df9dc1d504550af46744ef8d474797cdba7af2412dc40a3ebdf3b8,main,c1e3590d02e42d16091c5377e87a3db16496e5a462d558dc2925887f835f9891,main,674816306,0,108924,108924,0,0,1,DONE,DONE,719,719,1,,10.24
p3066_c001_v51,784b5c11540d3349,kaggle-environments 1.32.7,a52ba1bfe9df9dc1d504550af46744ef8d474797cdba7af2412dc40a3ebdf3b8,main,c1e3590d02e42d16091c5377e87a3db16496e5a462d558dc2925887f835f9891,main,674816306,1,108924,108924,0,0,1,DONE,DONE,719,719,1,,8.1
p3066_c001_v51,784b5c11540d3349,kaggle-environments 1.32.7,a52ba1bfe9df9dc1d504550af46744ef8d474797cdba7af2412dc40a3ebdf3b8,main,c1e3590d02e42d16091c5377e87a3db16496e5a462d558dc2925887f835f9891,main,679965872,0,70414,69357,1,0,0,DONE,DONE,719,719,1,,6.97
p3066_c001_v51,784b5c11540d3349,kaggle-environments 1.32.7,a52ba1bfe9df9dc1d504550af46744ef8d474797cdba7af2412dc40a3ebdf3b8,main,c1e3590d02e42d16091c5377e87a3db16496e5a462d558dc2925887f835f9891,main,679965872,1,70414,69357,1,0,0,DONE,DONE,719,719,1,,8.32
p3066_c001_v51,784b5c11540d3349,kaggle-environments 1.32.7,a52ba1bfe9df9dc1d504550af46744ef8d474797cdba7af2412dc40a3ebdf3b8,main,c1e3590d02e42d16091c5377e87a3db16496e5a462d558dc2925887f835f9891,main,682407688,0,144444,143660,1,0,0,DONE,DONE,719,719,1,,10.09
p3066_c001_v51,784b5c11540d3349,kaggle-environments 1.32.7,a52ba1bfe9df9dc1d504550af46744ef8d474797cdba7af2412dc40a3ebdf3b8,main,c1e3590d02e42d16091c5377e87a3db16496e5a462d558dc2925887f835f9891,main,682407688,1,144444,143660,1,0,0,DONE,DONE,719,719,1,,7.09
p3066_c001_v51,784b5c11540d3349,kaggle-environments 1.32.7,a52ba1bfe9df9dc1d504550af46744ef8d474797cdba7af2412dc40a3ebdf3b8,main,c1e3590d02e42d16091c5377e87a3db16496e5a462d558dc2925887f835f9891,main,686520500,0,117055,116948,1,0,0,DONE,DONE,719,719,1,,10.24
p3066_c001_v51,784b5c11540d3349,kaggle-environments 1.32.7,a52ba1bfe9df9dc1d504550af46744ef8d474797cdba7af2412dc40a3ebdf3b8,main,c1e3590d02e42d16091c5377e87a3db16496e5a462d558dc2925887f835f9891,main,686520500,1,117055,116948,1,0,0,DONE,DONE,719,719,1,,8.34
p3066_c001_v51,784b5c11540d3349,kaggle-environments 1.32.7,a52ba1bfe9df9dc1d504550af46744ef8d474797cdba7af2412dc40a3ebdf3b8,main,c1e3590d02e42d16091c5377e87a3db16496e5a462d558dc2925887f835f9891,main,688268542,0,83607,82677,1,0,0,DONE,DONE,719,719,1,,11.14
p3066_c001_v51,784b5c11540d3349,kaggle-environments 1.32.7,a52ba1bfe9df9dc1d504550af46744ef8d474797cdba7af2412dc40a3ebdf3b8,main,c1e3590d02e42d16091c5377e87a3db16496e5a462d558dc2925887f835f9891,main,688268542,1,83607,82677,1,0,0,DONE,DONE,719,719,1,,5.84
p3066_c001_v51,784b5c11540d3349,kaggle-environments 1.32.7,a52ba1bfe9df9dc1d504550af46744ef8d474797cdba7af2412dc40a3ebdf3b8,main,c1e3590d02e42d16091c5377e87a3db16496e5a462d558dc2925887f835f9891,main,689147808,0,84144,84144,0,0,1,DONE,DONE,719,719,1,,10.12
p3066_c001_v51,784b5c11540d3349,kaggle-environments 1.32.7,a52ba1bfe9df9dc1d504550af46744ef8d474797cdba7af2412dc40a3ebdf3b8,main,c1e3590d02e42d16091c5377e87a3db16496e5a462d558dc2925887f835f9891,main,689147808,1,84144,84144,0,0,1,DONE,DONE,719,719,1,,10.74
p3066_c001_v51,784b5c11540d3349,kaggle-environments 1.32.7,a52ba1bfe9df9dc1d504550af46744ef8d474797cdba7af2412dc40a3ebdf3b8,main,c1e3590d02e42d16091c5377e87a3db16496e5a462d558dc2925887f835f9891,main,691749807,0,106356,106267,1,0,0,DONE,DONE,719,719,1,,6.81
p3066_c001_v51,784b5c11540d3349,kaggle-environments 1.32.7,a52ba1bfe9df9dc1d504550af46744ef8d474797cdba7af2412dc40a3ebdf3b8,main,c1e3590d02e42d16091c5377e87a3db16496e5a462d558dc2925887f835f9891,main,691749807,1,106276,106347,0,1,0,DONE,DONE,719,719,1,,10.77
p3066_c001_v51,784b5c11540d3349,kaggle-environments 1.32.7,a52ba1bfe9df9dc1d504550af46744ef8d474797cdba7af2412dc40a3ebdf3b8,main,c1e3590d02e42d16091c5377e87a3db16496e5a462d558dc2925887f835f9891,main,693225133,0,150461,150331,1,0,0,DONE,DONE,719,719,1,,10.66
p3066_c001_v51,784b5c11540d3349,kaggle-environments 1.32.7,a52ba1bfe9df9dc1d504550af46744ef8d474797cdba7af2412dc40a3ebdf3b8,main,c1e3590d02e42d16091c5377e87a3db16496e5a462d558dc2925887f835f9891,main,693225133,1,150461,150331,1,0,0,DONE,DONE,719,719,1,,8.85
p3066_c001_v51,784b5c11540d3349,kaggle-environments 1.32.7,a52ba1bfe9df9dc1d504550af46744ef8d474797cdba7af2412dc40a3ebdf3b8,main,c1e3590d02e42d16091c5377e87a3db16496e5a462d558dc2925887f835f9891,main,693893402,0,104838,104834,1,0,0,DONE,DONE,719,719,1,,6.67
p3066_c001_v51,784b5c11540d3349,kaggle-environments 1.32.7,a52ba1bfe9df9dc1d504550af46744ef8d474797cdba7af2412dc40a3ebdf3b8,main,c1e3590d02e42d16091c5377e87a3db16496e5a462d558dc2925887f835f9891,main,693893402,1,104838,104834,1,0,0,DONE,DONE,719,719,1,,10.7
p3066_c001_v51,784b5c11540d3349,kaggle-environments 1.32.7,a52ba1bfe9df9dc1d504550af46744ef8d474797cdba7af2412dc40a3ebdf3b8,main,c1e3590d02e42d16091c5377e87a3db16496e5a462d558dc2925887f835f9891,main,696964775,0,88915,88881,1,0,0,DONE,DONE,719,719,1,,11.0
p3066_c001_v51,784b5c11540d3349,kaggle-environments 1.32.7,a52ba1bfe9df9dc1d504550af46744ef8d474797cdba7af2412dc40a3ebdf3b8,main,c1e3590d02e42d16091c5377e87a3db16496e5a462d558dc2925887f835f9891,main,696964775,1,88915,88881,1,0,0,DONE,DONE,719,719,1,,7.15
p3066_c001_v51,784b5c11540d3349,kaggle-environments 1.32.7,a52ba1bfe9df9dc1d504550af46744ef8d474797cdba7af2412dc40a3ebdf3b8,main,c1e3590d02e42d16091c5377e87a3db16496e5a462d558dc2925887f835f9891,main,702009600,0,134766,134724,1,0,0,DONE,DONE,719,719,1,,10.16
p3066_c001_v51,784b5c11540d3349,kaggle-environments 1.32.7,a52ba1bfe9df9dc1d504550af46744ef8d474797cdba7af2412dc40a3ebdf3b8,main,c1e3590d02e42d16091c5377e87a3db16496e5a462d558dc2925887f835f9891,main,702009600,1,134766,134724,1,0,0,DONE,DONE,719,719,1,,6.84
p3066_c001_v51,784b5c11540d3349,kaggle-environments 1.32.7,a52ba1bfe9df9dc1d504550af46744ef8d474797cdba7af2412dc40a3ebdf3b8,main,c1e3590d02e42d16091c5377e87a3db16496e5a462d558dc2925887f835f9891,main,710863628,0,76089,75948,1,0,0,DONE,DONE,719,719,1,,10.18
p3066_c001_v51,784b5c11540d3349,kaggle-environments 1.32.7,a52ba1bfe9df9dc1d504550af46744ef8d474797cdba7af2412dc40a3ebdf3b8,main,c1e3590d02e42d16091c5377e87a3db16496e5a462d558dc2925887f835f9891,main,710863628,1,76089,75948,1,0,0,DONE,DONE,719,719,1,,4.75
p3066_c001_v51,784b5c11540d3349,kaggle-environments 1.32.7,a52ba1bfe9df9dc1d504550af46744ef8d474797cdba7af2412dc40a3ebdf3b8,main,c1e3590d02e42d16091c5377e87a3db16496e5a462d558dc2925887f835f9891,main,711604144,0,70524,70524,0,0,1,DONE,DONE,719,719,1,,8.92
p3066_c001_v51,784b5c11540d3349,kaggle-environments 1.32.7,a52ba1bfe9df9dc1d504550af46744ef8d474797cdba7af2412dc40a3ebdf3b8,main,c1e3590d02e42d16091c5377e87a3db16496e5a462d558dc2925887f835f9891,main,711604144,1,70524,70524,0,0,1,DONE,DONE,719,719,1,,6.3
p3066_c001_v51,784b5c11540d3349,kaggle-environments 1.32.7,a52ba1bfe9df9dc1d504550af46744ef8d474797cdba7af2412dc40a3ebdf3b8,main,c1e3590d02e42d16091c5377e87a3db16496e5a462d558dc2925887f835f9891,main,712234100,0,75530,75517,1,0,0,DONE,DONE,719,719,1,,7.33
p3066_c001_v51,784b5c11540d3349,kaggle-environments 1.32.7,a52ba1bfe9df9dc1d504550af46744ef8d474797cdba7af2412dc40a3ebdf3b8,main,c1e3590d02e42d16091c5377e87a3db16496e5a462d558dc2925887f835f9891,main,712234100,1,75530,75517,1,0,0,DONE,DONE,719,719,1,,5.18
p3066_c001_v51,784b5c11540d3349,kaggle-environments 1.32.7,a52ba1bfe9df9dc1d504550af46744ef8d474797cdba7af2412dc40a3ebdf3b8,main,c1e3590d02e42d16091c5377e87a3db16496e5a462d558dc2925887f835f9891,main,712613391,0,105228,105220,1,0,0,DONE,DONE,719,719,1,,6.62
p3066_c001_v51,784b5c11540d3349,kaggle-environments 1.32.7,a52ba1bfe9df9dc1d504550af46744ef8d474797cdba7af2412dc40a3ebdf3b8,main,c1e3590d02e42d16091c5377e87a3db16496e5a462d558dc2925887f835f9891,main,712613391,1,105228,105220,1,0,0,DONE,DONE,719,719,1,,7.99
p3066_c001_v51,784b5c11540d3349,kaggle-environments 1.32.7,a52ba1bfe9df9dc1d504550af46744ef8d474797cdba7af2412dc40a3ebdf3b8,main,c1e3590d02e42d16091c5377e87a3db16496e5a462d558dc2925887f835f9891,main,713755397,0,91647,91592,1,0,0,DONE,DONE,719,719,1,,7.08
p3066_c001_v51,784b5c11540d3349,kaggle-environments 1.32.7,a52ba1bfe9df9dc1d504550af46744ef8d474797cdba7af2412dc40a3ebdf3b8,main,c1e3590d02e42d16091c5377e87a3db16496e5a462d558dc2925887f835f9891,main,713755397,1,91647,91592,1,0,0,DONE,DONE,719,719,1,,7.51
p3066_c001_v51,784b5c11540d3349,kaggle-environments 1.32.7,a52ba1bfe9df9dc1d504550af46744ef8d474797cdba7af2412dc40a3ebdf3b8,main,c1e3590d02e42d16091c5377e87a3db16496e5a462d558dc2925887f835f9891,main,715567454,0,109433,109352,1,0,0,DONE,DONE,719,719,1,,5.3
p3066_c001_v51,784b5c11540d3349,kaggle-environments 1.32.7,a52ba1bfe9df9dc1d504550af46744ef8d474797cdba7af2412dc40a3ebdf3b8,main,c1e3590d02e42d16091c5377e87a3db16496e5a462d558dc2925887f835f9891,main,715567454,1,109433,109352,1,0,0,DONE,DONE,719,719,1,,7.84
p3066_c001_v51,784b5c11540d3349,kaggle-environments 1.32.7,a52ba1bfe9df9dc1d504550af46744ef8d474797cdba7af2412dc40a3ebdf3b8,main,c1e3590d02e42d16091c5377e87a3db16496e5a462d558dc2925887f835f9891,main,723371101,0,95286,95286,0,0,1,DONE,DONE,719,719,1,,5.71
p3066_c001_v51,784b5c11540d3349,kaggle-environments 1.32.7,a52ba1bfe9df9dc1d504550af46744ef8d474797cdba7af2412dc40a3ebdf3b8,main,c1e3590d02e42d16091c5377e87a3db16496e5a462d558dc2925887f835f9891,main,723371101,1,95286,95286,0,0,1,DONE,DONE,719,719,1,,7.59
p3066_c001_v51,784b5c11540d3349,kaggle-environments 1.32.7,a52ba1bfe9df9dc1d504550af46744ef8d474797cdba7af2412dc40a3ebdf3b8,main,c1e3590d02e42d16091c5377e87a3db16496e5a462d558dc2925887f835f9891,main,723676587,0,97693,97687,1,0,0,DONE,DONE,719,719,1,,7.83
p3066_c001_v51,784b5c11540d3349,kaggle-environments 1.32.7,a52ba1bfe9df9dc1d504550af46744ef8d474797cdba7af2412dc40a3ebdf3b8,main,c1e3590d02e42d16091c5377e87a3db16496e5a462d558dc2925887f835f9891,main,723676587,1,97693,97687,1,0,0,DONE,DONE,719,719,1,,6.61
p3066_c001_v51,784b5c11540d3349,kaggle-environments 1.32.7,a52ba1bfe9df9dc1d504550af46744ef8d474797cdba7af2412dc40a3ebdf3b8,main,c1e3590d02e42d16091c5377e87a3db16496e5a462d558dc2925887f835f9891,main,726306807,0,107312,107167,1,0,0,DONE,DONE,719,719,1,,7.77
p3066_c001_v51,784b5c11540d3349,kaggle-environments 1.32.7,a52ba1bfe9df9dc1d504550af46744ef8d474797cdba7af2412dc40a3ebdf3b8,main,c1e3590d02e42d16091c5377e87a3db16496e5a462d558dc2925887f835f9891,main,726306807,1,107312,107167,1,0,0,DONE,DONE,719,719,1,,4.85
p3066_c001_v51,784b5c11540d3349,kaggle-environments 1.32.7,a52ba1bfe9df9dc1d504550af46744ef8d474797cdba7af2412dc40a3ebdf3b8,main,c1e3590d02e42d16091c5377e87a3db16496e5a462d558dc2925887f835f9891,main,728999114,0,124040,124039,1,0,0,DONE,DONE,719,719,1,,6.3
p3066_c001_v51,784b5c11540d3349,kaggle-environments 1.32.7,a52ba1bfe9df9dc1d504550af46744ef8d474797cdba7af2412dc40a3ebdf3b8,main,c1e3590d02e42d16091c5377e87a3db16496e5a462d558dc2925887f835f9891,main,728999114,1,124040,124039,1,0,0,DONE,DONE,719,719,1,,7.68
p3066_c001_v51,784b5c11540d3349,kaggle-environments 1.32.7,a52ba1bfe9df9dc1d504550af46744ef8d474797cdba7af2412dc40a3ebdf3b8,main,c1e3590d02e42d16091c5377e87a3db16496e5a462d558dc2925887f835f9891,main,730671115,0,125520,125517,1,0,0,DONE,DONE,719,719,1,,7.39
p3066_c001_v51,784b5c11540d3349,kaggle-environments 1.32.7,a52ba1bfe9df9dc1d504550af46744ef8d474797cdba7af2412dc40a3ebdf3b8,main,c1e3590d02e42d16091c5377e87a3db16496e5a462d558dc2925887f835f9891,main,730671115,1,125520,125517,1,0,0,DONE,DONE,719,719,1,,7.31
p3066_c001_v51,784b5c11540d3349,kaggle-environments 1.32.7,a52ba1bfe9df9dc1d504550af46744ef8d474797cdba7af2412dc40a3ebdf3b8,main,c1e3590d02e42d16091c5377e87a3db16496e5a462d558dc2925887f835f9891,main,733494318,0,82784,82776,1,0,0,DONE,DONE,719,719,1,,6.26
p3066_c001_v51,784b5c11540d3349,kaggle-environments 1.32.7,a52ba1bfe9df9dc1d504550af46744ef8d474797cdba7af2412dc40a3ebdf3b8,main,c1e3590d02e42d16091c5377e87a3db16496e5a462d558dc2925887f835f9891,main,733494318,1,82784,82776,1,0,0,DONE,DONE,719,719,1,,5.03
p3066_c001_v51,784b5c11540d3349,kaggle-environments 1.32.7,a52ba1bfe9df9dc1d504550af46744ef8d474797cdba7af2412dc40a3ebdf3b8,main,c1e3590d02e42d16091c5377e87a3db16496e5a462d558dc2925887f835f9891,main,734592322,0,94885,94825,1,0,0,DONE,DONE,719,719,1,,4.17
p3066_c001_v51,784b5c11540d3349,kaggle-environments 1.32.7,a52ba1bfe9df9dc1d504550af46744ef8d474797cdba7af2412dc40a3ebdf3b8,main,c1e3590d02e42d16091c5377e87a3db16496e5a462d558dc2925887f835f9891,main,734592322,1,94885,94825,1,0,0,DONE,DONE,719,719,1,,6.71
p3066_c001_v51,784b5c11540d3349,kaggle-environments 1.32.7,a52ba1bfe9df9dc1d504550af46744ef8d474797cdba7af2412dc40a3ebdf3b8,main,c1e3590d02e42d16091c5377e87a3db16496e5a462d558dc2925887f835f9891,main,740324123,0,75246,75243,1,0,0,DONE,DONE,719,719,1,,6.17
p3066_c001_v51,784b5c11540d3349,kaggle-environments 1.32.7,a52ba1bfe9df9dc1d504550af46744ef8d474797cdba7af2412dc40a3ebdf3b8,main,c1e3590d02e42d16091c5377e87a3db16496e5a462d558dc2925887f835f9891,main,740324123,1,75246,75243,1,0,0,DONE,DONE,719,719,1,,6.28
p3066_c001_v51,784b5c11540d3349,kaggle-environments 1.32.7,a52ba1bfe9df9dc1d504550af46744ef8d474797cdba7af2412dc40a3ebdf3b8,main,c1e3590d02e42d16091c5377e87a3db16496e5a462d558dc2925887f835f9891,main,742848293,0,115001,114998,1,0,0,DONE,DONE,719,719,1,,4.68
p3066_c001_v51,784b5c11540d3349,kaggle-environments 1.32.7,a52ba1bfe9df9dc1d504550af46744ef8d474797cdba7af2412dc40a3ebdf3b8,main,c1e3590d02e42d16091c5377e87a3db16496e5a462d558dc2925887f835f9891,main,742848293,1,115001,114998,1,0,0,DONE,DONE,719,719,1,,6.06
p3066_c001_v51,784b5c11540d3349,kaggle-environments 1.32.7,a52ba1bfe9df9dc1d504550af46744ef8d474797cdba7af2412dc40a3ebdf3b8,main,c1e3590d02e42d16091c5377e87a3db16496e5a462d558dc2925887f835f9891,main,743361428,0,117713,117741,0,1,0,DONE,DONE,719,719,1,,4.51
p3066_c001_v51,784b5c11540d3349,kaggle-environments 1.32.7,a52ba1bfe9df9dc1d504550af46744ef8d474797cdba7af2412dc40a3ebdf3b8,main,c1e3590d02e42d16091c5377e87a3db16496e5a462d558dc2925887f835f9891,main,743361428,1,117713,117741,0,1,0,DONE,DONE,719,719,1,,6.13
p3066_c001_v51,784b5c11540d3349,kaggle-environments 1.32.7,a52ba1bfe9df9dc1d504550af46744ef8d474797cdba7af2412dc40a3ebdf3b8,main,c1e3590d02e42d16091c5377e87a3db16496e5a462d558dc2925887f835f9891,main,747235075,0,95101,95098,1,0,0,DONE,DONE,719,719,1,,4.92
p3066_c001_v51,784b5c11540d3349,kaggle-environments 1.32.7,a52ba1bfe9df9dc1d504550af46744ef8d474797cdba7af2412dc40a3ebdf3b8,main,c1e3590d02e42d16091c5377e87a3db16496e5a462d558dc2925887f835f9891,main,747235075,1,95101,95098,1,0,0,DONE,DONE,719,719,1,,4.45
p3066_c001_v51,784b5c11540d3349,kaggle-environments 1.32.7,a52ba1bfe9df9dc1d504550af46744ef8d474797cdba7af2412dc40a3ebdf3b8,main,c1e3590d02e42d16091c5377e87a3db16496e5a462d558dc2925887f835f9891,main,755297758,0,100109,100113,0,1,0,DONE,DONE,719,719,1,,5.88
p3066_c001_v51,784b5c11540d3349,kaggle-environments 1.32.7,a52ba1bfe9df9dc1d504550af46744ef8d474797cdba7af2412dc40a3ebdf3b8,main,c1e3590d02e42d16091c5377e87a3db16496e5a462d558dc2925887f835f9891,main,755297758,1,100109,100113,0,1,0,DONE,DONE,719,719,1,,4.52
p3066_c001_v51,784b5c11540d3349,kaggle-environments 1.32.7,a52ba1bfe9df9dc1d504550af46744ef8d474797cdba7af2412dc40a3ebdf3b8,main,c1e3590d02e42d16091c5377e87a3db16496e5a462d558dc2925887f835f9891,main,756441739,0,132469,132418,1,0,0,DONE,DONE,719,719,1,,5.67
p3066_c001_v51,784b5c11540d3349,kaggle-environments 1.32.7,a52ba1bfe9df9dc1d504550af46744ef8d474797cdba7af2412dc40a3ebdf3b8,main,c1e3590d02e42d16091c5377e87a3db16496e5a462d558dc2925887f835f9891,main,756441739,1,132469,132418,1,0,0,DONE,DONE,719,719,1,,4.77
p3066_c001_v51,784b5c11540d3349,kaggle-environments 1.32.7,a52ba1bfe9df9dc1d504550af46744ef8d474797cdba7af2412dc40a3ebdf3b8,main,c1e3590d02e42d16091c5377e87a3db16496e5a462d558dc2925887f835f9891,main,758365951,0,70324,70314,1,0,0,DONE,DONE,719,719,1,,4.61
p3066_c001_v51,784b5c11540d3349,kaggle-environments 1.32.7,a52ba1bfe9df9dc1d504550af46744ef8d474797cdba7af2412dc40a3ebdf3b8,main,c1e3590d02e42d16091c5377e87a3db16496e5a462d558dc2925887f835f9891,main,758365951,1,70324,70314,1,0,0,DONE,DONE,719,719,1,,5.72
p3066_c001_v51,784b5c11540d3349,kaggle-environments 1.32.7,a52ba1bfe9df9dc1d504550af46744ef8d474797cdba7af2412dc40a3ebdf3b8,main,c1e3590d02e42d16091c5377e87a3db16496e5a462d558dc2925887f835f9891,main,760010240,0,66107,66152,0,1,0,DONE,DONE,719,719,1,,5.15
p3066_c001_v51,784b5c11540d3349,kaggle-environments 1.32.7,a52ba1bfe9df9dc1d504550af46744ef8d474797cdba7af2412dc40a3ebdf3b8,main,c1e3590d02e42d16091c5377e87a3db16496e5a462d558dc2925887f835f9891,main,760010240,1,66107,66152,0,1,0,DONE,DONE,719,719,1,,4.58
p3066_c001_v51,784b5c11540d3349,kaggle-environments 1.32.7,a52ba1bfe9df9dc1d504550af46744ef8d474797cdba7af2412dc40a3ebdf3b8,main,c1e3590d02e42d16091c5377e87a3db16496e5a462d558dc2925887f835f9891,main,762188861,0,144966,144700,1,0,0,DONE,DONE,719,719,1,,5.86
p3066_c001_v51,784b5c11540d3349,kaggle-environments 1.32.7,a52ba1bfe9df9dc1d504550af46744ef8d474797cdba7af2412dc40a3ebdf3b8,main,c1e3590d02e42d16091c5377e87a3db16496e5a462d558dc2925887f835f9891,main,762188861,1,144966,144700,1,0,0,DONE,DONE,719,719,1,,4.68
p3066_c001_v51,784b5c11540d3349,kaggle-environments 1.32.7,a52ba1bfe9df9dc1d504550af46744ef8d474797cdba7af2412dc40a3ebdf3b8,main,c1e3590d02e42d16091c5377e87a3db16496e5a462d558dc2925887f835f9891,main,769706658,0,97262,97247,1,0,0,DONE,DONE,719,719,1,,5.73
p3066_c001_v51,784b5c11540d3349,kaggle-environments 1.32.7,a52ba1bfe9df9dc1d504550af46744ef8d474797cdba7af2412dc40a3ebdf3b8,main,c1e3590d02e42d16091c5377e87a3db16496e5a462d558dc2925887f835f9891,main,769706658,1,97262,97247,1,0,0,DONE,DONE,719,719,1,,4.66
p3066_c001_v51,784b5c11540d3349,kaggle-environments 1.32.7,a52ba1bfe9df9dc1d504550af46744ef8d474797cdba7af2412dc40a3ebdf3b8,main,c1e3590d02e42d16091c5377e87a3db16496e5a462d558dc2925887f835f9891,main,773567126,0,55594,55594,0,0,1,DONE,DONE,719,719,1,,4.53
p3066_c001_v51,784b5c11540d3349,kaggle-environments 1.32.7,a52ba1bfe9df9dc1d504550af46744ef8d474797cdba7af2412dc40a3ebdf3b8,main,c1e3590d02e42d16091c5377e87a3db16496e5a462d558dc2925887f835f9891,main,773567126,1,55594,55594,0,0,1,DONE,DONE,719,719,1,,5.65
p3066_c001_v51,784b5c11540d3349,kaggle-environments 1.32.7,a52ba1bfe9df9dc1d504550af46744ef8d474797cdba7af2412dc40a3ebdf3b8,main,c1e3590d02e42d16091c5377e87a3db16496e5a462d558dc2925887f835f9891,main,773635011,0,88847,88832,1,0,0,DONE,DONE,719,719,1,,5.87
p3066_c001_v51,784b5c11540d3349,kaggle-environments 1.32.7,a52ba1bfe9df9dc1d504550af46744ef8d474797cdba7af2412dc40a3ebdf3b8,main,c1e3590d02e42d16091c5377e87a3db16496e5a462d558dc2925887f835f9891,main,773635011,1,88847,88832,1,0,0,DONE,DONE,719,719,1,,4.89
p3066_c001_v51,784b5c11540d3349,kaggle-environments 1.32.7,a52ba1bfe9df9dc1d504550af46744ef8d474797cdba7af2412dc40a3ebdf3b8,main,c1e3590d02e42d16091c5377e87a3db16496e5a462d558dc2925887f835f9891,main,774602861,0,97975,90317,1,0,0,DONE,DONE,719,719,1,,4.76
p3066_c001_v51,784b5c11540d3349,kaggle-environments 1.32.7,a52ba1bfe9df9dc1d504550af46744ef8d474797cdba7af2412dc40a3ebdf3b8,main,c1e3590d02e42d16091c5377e87a3db16496e5a462d558dc2925887f835f9891,main,774602861,1,90316,97974,0,1,0,DONE,DONE,719,719,1,,4.68
p3066_c001_v51,784b5c11540d3349,kaggle-environments 1.32.7,a52ba1bfe9df9dc1d504550af46744ef8d474797cdba7af2412dc40a3ebdf3b8,main,c1e3590d02e42d16091c5377e87a3db16496e5a462d558dc2925887f835f9891,main,776904301,0,90532,90532,0,0,1,DONE,DONE,719,719,1,,4.77
p3066_c001_v51,784b5c11540d3349,kaggle-environments 1.32.7,a52ba1bfe9df9dc1d504550af46744ef8d474797cdba7af2412dc40a3ebdf3b8,main,c1e3590d02e42d16091c5377e87a3db16496e5a462d558dc2925887f835f9891,main,776904301,1,90532,90532,0,0,1,DONE,DONE,719,719,1,,5.63
p3066_c001_v51,784b5c11540d3349,kaggle-environments 1.32.7,a52ba1bfe9df9dc1d504550af46744ef8d474797cdba7af2412dc40a3ebdf3b8,main,c1e3590d02e42d16091c5377e87a3db16496e5a462d558dc2925887f835f9891,main,777697939,0,105558,105558,0,0,1,DONE,DONE,719,719,1,,5.76
p3066_c001_v51,784b5c11540d3349,kaggle-environments 1.32.7,a52ba1bfe9df9dc1d504550af46744ef8d474797cdba7af2412dc40a3ebdf3b8,main,c1e3590d02e42d16091c5377e87a3db16496e5a462d558dc2925887f835f9891,main,777697939,1,105558,105558,0,0,1,DONE,DONE,719,719,1,,5.4
p3066_c001_v51,784b5c11540d3349,kaggle-environments 1.32.7,a52ba1bfe9df9dc1d504550af46744ef8d474797cdba7af2412dc40a3ebdf3b8,main,c1e3590d02e42d16091c5377e87a3db16496e5a462d558dc2925887f835f9891,main,781571118,0,82171,82171,0,0,1,DONE,DONE,719,719,1,,4.44
p3066_c001_v51,784b5c11540d3349,kaggle-environments 1.32.7,a52ba1bfe9df9dc1d504550af46744ef8d474797cdba7af2412dc40a3ebdf3b8,main,c1e3590d02e42d16091c5377e87a3db16496e5a462d558dc2925887f835f9891,main,781571118,1,82171,82171,0,0,1,DONE,DONE,719,719,1,,4.56
p3066_c001_v51,784b5c11540d3349,kaggle-environments 1.32.7,a52ba1bfe9df9dc1d504550af46744ef8d474797cdba7af2412dc40a3ebdf3b8,main,c1e3590d02e42d16091c5377e87a3db16496e5a462d558dc2925887f835f9891,main,783328546,0,125837,125836,1,0,0,DONE,DONE,719,719,1,,4.43
p3066_c001_v51,784b5c11540d3349,kaggle-environments 1.32.7,a52ba1bfe9df9dc1d504550af46744ef8d474797cdba7af2412dc40a3ebdf3b8,main,c1e3590d02e42d16091c5377e87a3db16496e5a462d558dc2925887f835f9891,main,783328546,1,125837,125836,1,0,0,DONE,DONE,719,719,1,,4.91
p3066_c001_v51,784b5c11540d3349,kaggle-environments 1.32.7,a52ba1bfe9df9dc1d504550af46744ef8d474797cdba7af2412dc40a3ebdf3b8,main,c1e3590d02e42d16091c5377e87a3db16496e5a462d558dc2925887f835f9891,main,785648768,0,102563,102561,1,0,0,DONE,DONE,719,719,1,,5.51
p3066_c001_v51,784b5c11540d3349,kaggle-environments 1.32.7,a52ba1bfe9df9dc1d504550af46744ef8d474797cdba7af2412dc40a3ebdf3b8,main,c1e3590d02e42d16091c5377e87a3db16496e5a462d558dc2925887f835f9891,main,785648768,1,102563,102561,1,0,0,DONE,DONE,719,719,1,,4.65
p3066_c001_v51,784b5c11540d3349,kaggle-environments 1.32.7,a52ba1bfe9df9dc1d504550af46744ef8d474797cdba7af2412dc40a3ebdf3b8,main,c1e3590d02e42d16091c5377e87a3db16496e5a462d558dc2925887f835f9891,main,787893994,0,111226,111200,1,0,0,DONE,DONE,719,719,1,,6.0
p3066_c001_v51,784b5c11540d3349,kaggle-environments 1.32.7,a52ba1bfe9df9dc1d504550af46744ef8d474797cdba7af2412dc40a3ebdf3b8,main,c1e3590d02e42d16091c5377e87a3db16496e5a462d558dc2925887f835f9891,main,787893994,1,111226,111200,1,0,0,DONE,DONE,719,719,1,,4.87
p3066_c001_v51,784b5c11540d3349,kaggle-environments 1.32.7,a52ba1bfe9df9dc1d504550af46744ef8d474797cdba7af2412dc40a3ebdf3b8,main,c1e3590d02e42d16091c5377e87a3db16496e5a462d558dc2925887f835f9891,main,789963080,0,84584,84509,1,0,0,DONE,DONE,719,719,1,,4.92
p3066_c001_v51,784b5c11540d3349,kaggle-environments 1.32.7,a52ba1bfe9df9dc1d504550af46744ef8d474797cdba7af2412dc40a3ebdf3b8,main,c1e3590d02e42d16091c5377e87a3db16496e5a462d558dc2925887f835f9891,main,789963080,1,84584,84509,1,0,0,DONE,DONE,719,719,1,,5.65
p3066_c001_v51,784b5c11540d3349,kaggle-environments 1.32.7,a52ba1bfe9df9dc1d504550af46744ef8d474797cdba7af2412dc40a3ebdf3b8,main,c1e3590d02e42d16091c5377e87a3db16496e5a462d558dc2925887f835f9891,main,791889696,0,99200,99200,0,0,1,DONE,DONE,719,719,1,,4.25
p3066_c001_v51,784b5c11540d3349,kaggle-environments 1.32.7,a52ba1bfe9df9dc1d504550af46744ef8d474797cdba7af2412dc40a3ebdf3b8,main,c1e3590d02e42d16091c5377e87a3db16496e5a462d558dc2925887f835f9891,main,791889696,1,99200,99200,0,0,1,DONE,DONE,719,719,1,,5.74
p3066_c001_v51,784b5c11540d3349,kaggle-environments 1.32.7,a52ba1bfe9df9dc1d504550af46744ef8d474797cdba7af2412dc40a3ebdf3b8,main,c1e3590d02e42d16091c5377e87a3db16496e5a462d558dc2925887f835f9891,main,792620738,0,89644,89615,1,0,0,DONE,DONE,719,719,1,,4.74
p3066_c001_v51,784b5c11540d3349,kaggle-environments 1.32.7,a52ba1bfe9df9dc1d504550af46744ef8d474797cdba7af2412dc40a3ebdf3b8,main,c1e3590d02e42d16091c5377e87a3db16496e5a462d558dc2925887f835f9891,main,792620738,1,89644,89615,1,0,0,DONE,DONE,719,719,1,,4.76
p3066_c001_v51,784b5c11540d3349,kaggle-environments 1.32.7,a52ba1bfe9df9dc1d504550af46744ef8d474797cdba7af2412dc40a3ebdf3b8,main,c1e3590d02e42d16091c5377e87a3db16496e5a462d558dc2925887f835f9891,main,793285173,0,63868,63845,1,0,0,DONE,DONE,719,719,1,,5.21
p3066_c001_v51,784b5c11540d3349,kaggle-environments 1.32.7,a52ba1bfe9df9dc1d504550af46744ef8d474797cdba7af2412dc40a3ebdf3b8,main,c1e3590d02e42d16091c5377e87a3db16496e5a462d558dc2925887f835f9891,main,793285173,1,63868,63845,1,0,0,DONE,DONE,719,719,1,,5.62
p3066_c001_v51,784b5c11540d3349,kaggle-environments 1.32.7,a52ba1bfe9df9dc1d504550af46744ef8d474797cdba7af2412dc40a3ebdf3b8,main,c1e3590d02e42d16091c5377e87a3db16496e5a462d558dc2925887f835f9891,main,793715924,0,73542,73417,1,0,0,DONE,DONE,719,719,1,,4.56
p3066_c001_v51,784b5c11540d3349,kaggle-environments 1.32.7,a52ba1bfe9df9dc1d504550af46744ef8d474797cdba7af2412dc40a3ebdf3b8,main,c1e3590d02e42d16091c5377e87a3db16496e5a462d558dc2925887f835f9891,main,793715924,1,73542,73417,1,0,0,DONE,DONE,719,719,1,,5.67
p3066_c001_v51,784b5c11540d3349,kaggle-environments 1.32.7,a52ba1bfe9df9dc1d504550af46744ef8d474797cdba7af2412dc40a3ebdf3b8,main,c1e3590d02e42d16091c5377e87a3db16496e5a462d558dc2925887f835f9891,main,798083752,0,86627,87115,0,1,0,DONE,DONE,719,719,1,,4.75
p3066_c001_v51,784b5c11540d3349,kaggle-environments 1.32.7,a52ba1bfe9df9dc1d504550af46744ef8d474797cdba7af2412dc40a3ebdf3b8,main,c1e3590d02e42d16091c5377e87a3db16496e5a462d558dc2925887f835f9891,main,798083752,1,87119,86623,1,0,0,DONE,DONE,719,719,1,,4.46
p3066_c001_v51,784b5c11540d3349,kaggle-environments 1.32.7,a52ba1bfe9df9dc1d504550af46744ef8d474797cdba7af2412dc40a3ebdf3b8,main,c1e3590d02e42d16091c5377e87a3db16496e5a462d558dc2925887f835f9891,main,798472448,0,123203,123198,1,0,0,DONE,DONE,719,719,1,,5.82
p3066_c001_v51,784b5c11540d3349,kaggle-environments 1.32.7,a52ba1bfe9df9dc1d504550af46744ef8d474797cdba7af2412dc40a3ebdf3b8,main,c1e3590d02e42d16091c5377e87a3db16496e5a462d558dc2925887f835f9891,main,798472448,1,123203,123198,1,0,0,DONE,DONE,719,719,1,,4.73
p3066_c001_v51,784b5c11540d3349,kaggle-environments 1.32.7,a52ba1bfe9df9dc1d504550af46744ef8d474797cdba7af2412dc40a3ebdf3b8,main,c1e3590d02e42d16091c5377e87a3db16496e5a462d558dc2925887f835f9891,main,804444002,0,55193,55193,0,0,1,DONE,DONE,719,719,1,,5.59
p3066_c001_v51,784b5c11540d3349,kaggle-environments 1.32.7,a52ba1bfe9df9dc1d504550af46744ef8d474797cdba7af2412dc40a3ebdf3b8,main,c1e3590d02e42d16091c5377e87a3db16496e5a462d558dc2925887f835f9891,main,804444002,1,55193,55193,0,0,1,DONE,DONE,719,719,1,,5.68
p3066_c001_v51,784b5c11540d3349,kaggle-environments 1.32.7,a52ba1bfe9df9dc1d504550af46744ef8d474797cdba7af2412dc40a3ebdf3b8,main,c1e3590d02e42d16091c5377e87a3db16496e5a462d558dc2925887f835f9891,main,806234758,0,146120,146057,1,0,0,DONE,DONE,719,719,1,,4.18
p3066_c001_v51,784b5c11540d3349,kaggle-environments 1.32.7,a52ba1bfe9df9dc1d504550af46744ef8d474797cdba7af2412dc40a3ebdf3b8,main,c1e3590d02e42d16091c5377e87a3db16496e5a462d558dc2925887f835f9891,main,806234758,1,146120,146057,1,0,0,DONE,DONE,719,719,1,,5.64
p3066_c001_v51,784b5c11540d3349,kaggle-environments 1.32.7,a52ba1bfe9df9dc1d504550af46744ef8d474797cdba7af2412dc40a3ebdf3b8,main,c1e3590d02e42d16091c5377e87a3db16496e5a462d558dc2925887f835f9891,main,806337752,0,92644,93373,0,1,0,DONE,DONE,719,719,1,,5.63
p3066_c001_v51,784b5c11540d3349,kaggle-environments 1.32.7,a52ba1bfe9df9dc1d504550af46744ef8d474797cdba7af2412dc40a3ebdf3b8,main,c1e3590d02e42d16091c5377e87a3db16496e5a462d558dc2925887f835f9891,main,806337752,1,93373,92644,1,0,0,DONE,DONE,719,719,1,,4.24
p3066_c001_v51,784b5c11540d3349,kaggle-environments 1.32.7,a52ba1bfe9df9dc1d504550af46744ef8d474797cdba7af2412dc40a3ebdf3b8,main,c1e3590d02e42d16091c5377e87a3db16496e5a462d558dc2925887f835f9891,main,806751398,0,63172,63171,1,0,0,DONE,DONE,719,719,1,,4.15
p3066_c001_v51,784b5c11540d3349,kaggle-environments 1.32.7,a52ba1bfe9df9dc1d504550af46744ef8d474797cdba7af2412dc40a3ebdf3b8,main,c1e3590d02e42d16091c5377e87a3db16496e5a462d558dc2925887f835f9891,main,806751398,1,63172,63171,1,0,0,DONE,DONE,719,719,1,,4.5
p3066_c001_v51,784b5c11540d3349,kaggle-environments 1.32.7,a52ba1bfe9df9dc1d504550af46744ef8d474797cdba7af2412dc40a3ebdf3b8,main,c1e3590d02e42d16091c5377e87a3db16496e5a462d558dc2925887f835f9891,main,812761183,0,123678,123515,1,0,0,DONE,DONE,719,719,1,,4.96
p3066_c001_v51,784b5c11540d3349,kaggle-environments 1.32.7,a52ba1bfe9df9dc1d504550af46744ef8d474797cdba7af2412dc40a3ebdf3b8,main,c1e3590d02e42d16091c5377e87a3db16496e5a462d558dc2925887f835f9891,main,812761183,1,123678,123515,1,0,0,DONE,DONE,719,719,1,,4.41
p3066_c001_v51,784b5c11540d3349,kaggle-environments 1.32.7,a52ba1bfe9df9dc1d504550af46744ef8d474797cdba7af2412dc40a3ebdf3b8,main,c1e3590d02e42d16091c5377e87a3db16496e5a462d558dc2925887f835f9891,main,814042698,0,114787,114768,1,0,0,DONE,DONE,719,719,1,,4.49
p3066_c001_v51,784b5c11540d3349,kaggle-environments 1.32.7,a52ba1bfe9df9dc1d504550af46744ef8d474797cdba7af2412dc40a3ebdf3b8,main,c1e3590d02e42d16091c5377e87a3db16496e5a462d558dc2925887f835f9891,main,814042698,1,114787,114768,1,0,0,DONE,DONE,719,719,1,,5.16
p3066_c001_v51,784b5c11540d3349,kaggle-environments 1.32.7,a52ba1bfe9df9dc1d504550af46744ef8d474797cdba7af2412dc40a3ebdf3b8,main,c1e3590d02e42d16091c5377e87a3db16496e5a462d558dc2925887f835f9891,main,816422345,0,64415,64764,0,1,0,DONE,DONE,719,719,1,,5.06
p3066_c001_v51,784b5c11540d3349,kaggle-environments 1.32.7,a52ba1bfe9df9dc1d504550af46744ef8d474797cdba7af2412dc40a3ebdf3b8,main,c1e3590d02e42d16091c5377e87a3db16496e5a462d558dc2925887f835f9891,main,816422345,1,64415,64764,0,1,0,DONE,DONE,719,719,1,,5.67
p3066_c001_v51,784b5c11540d3349,kaggle-environments 1.32.7,a52ba1bfe9df9dc1d504550af46744ef8d474797cdba7af2412dc40a3ebdf3b8,main,c1e3590d02e42d16091c5377e87a3db16496e5a462d558dc2925887f835f9891,main,818392913,0,102489,102493,0,1,0,DONE,DONE,719,719,1,,4.84
p3066_c001_v51,784b5c11540d3349,kaggle-environments 1.32.7,a52ba1bfe9df9dc1d504550af46744ef8d474797cdba7af2412dc40a3ebdf3b8,main,c1e3590d02e42d16091c5377e87a3db16496e5a462d558dc2925887f835f9891,main,818392913,1,102489,102493,0,1,0,DONE,DONE,719,719,1,,5.37
p3066_c001_v51,784b5c11540d3349,kaggle-environments 1.32.7,a52ba1bfe9df9dc1d504550af46744ef8d474797cdba7af2412dc40a3ebdf3b8,main,c1e3590d02e42d16091c5377e87a3db16496e5a462d558dc2925887f835f9891,main,820461682,0,74251,74232,1,0,0,DONE,DONE,719,719,1,,5.06
p3066_c001_v51,784b5c11540d3349,kaggle-environments 1.32.7,a52ba1bfe9df9dc1d504550af46744ef8d474797cdba7af2412dc40a3ebdf3b8,main,c1e3590d02e42d16091c5377e87a3db16496e5a462d558dc2925887f835f9891,main,820461682,1,74251,74232,1,0,0,DONE,DONE,719,719,1,,4.8
p3066_c001_v51,784b5c11540d3349,kaggle-environments 1.32.7,a52ba1bfe9df9dc1d504550af46744ef8d474797cdba7af2412dc40a3ebdf3b8,main,c1e3590d02e42d16091c5377e87a3db16496e5a462d558dc2925887f835f9891,main,821350546,0,64551,64551,0,0,1,DONE,DONE,719,719,1,,4.63
p3066_c001_v51,784b5c11540d3349,kaggle-environments 1.32.7,a52ba1bfe9df9dc1d504550af46744ef8d474797cdba7af2412dc40a3ebdf3b8,main,c1e3590d02e42d16091c5377e87a3db16496e5a462d558dc2925887f835f9891,main,821350546,1,64551,64551,0,0,1,DONE,DONE,719,719,1,,5.02
p3066_c001_v51,784b5c11540d3349,kaggle-environments 1.32.7,a52ba1bfe9df9dc1d504550af46744ef8d474797cdba7af2412dc40a3ebdf3b8,main,c1e3590d02e42d16091c5377e87a3db16496e5a462d558dc2925887f835f9891,main,822973715,0,53369,53353,1,0,0,DONE,DONE,719,719,1,,4.81
p3066_c001_v51,784b5c11540d3349,kaggle-environments 1.32.7,a52ba1bfe9df9dc1d504550af46744ef8d474797cdba7af2412dc40a3ebdf3b8,main,c1e3590d02e42d16091c5377e87a3db16496e5a462d558dc2925887f835f9891,main,822973715,1,53369,53353,1,0,0,DONE,DONE,719,719,1,,5.33
p3066_c001_v51,784b5c11540d3349,kaggle-environments 1.32.7,a52ba1bfe9df9dc1d504550af46744ef8d474797cdba7af2412dc40a3ebdf3b8,main,c1e3590d02e42d16091c5377e87a3db16496e5a462d558dc2925887f835f9891,main,823034285,0,107759,107389,1,0,0,DONE,DONE,719,719,1,,4.78
p3066_c001_v51,784b5c11540d3349,kaggle-environments 1.32.7,a52ba1bfe9df9dc1d504550af46744ef8d474797cdba7af2412dc40a3ebdf3b8,main,c1e3590d02e42d16091c5377e87a3db16496e5a462d558dc2925887f835f9891,main,823034285,1,107759,107389,1,0,0,DONE,DONE,719,719,1,,4.87
p3066_c001_v51,784b5c11540d3349,kaggle-environments 1.32.7,a52ba1bfe9df9dc1d504550af46744ef8d474797cdba7af2412dc40a3ebdf3b8,main,c1e3590d02e42d16091c5377e87a3db16496e5a462d558dc2925887f835f9891,main,826238937,0,104903,104900,1,0,0,DONE,DONE,719,719,1,,4.83
p3066_c001_v51,784b5c11540d3349,kaggle-environments 1.32.7,a52ba1bfe9df9dc1d504550af46744ef8d474797cdba7af2412dc40a3ebdf3b8,main,c1e3590d02e42d16091c5377e87a3db16496e5a462d558dc2925887f835f9891,main,826238937,1,104903,104900,1,0,0,DONE,DONE,719,719,1,,5.24
p3066_c001_v51,784b5c11540d3349,kaggle-environments 1.32.7,a52ba1bfe9df9dc1d504550af46744ef8d474797cdba7af2412dc40a3ebdf3b8,main,c1e3590d02e42d16091c5377e87a3db16496e5a462d558dc2925887f835f9891,main,829921682,0,81576,81575,1,0,0,DONE,DONE,719,719,1,,5.45
p3066_c001_v51,784b5c11540d3349,kaggle-environments 1.32.7,a52ba1bfe9df9dc1d504550af46744ef8d474797cdba7af2412dc40a3ebdf3b8,main,c1e3590d02e42d16091c5377e87a3db16496e5a462d558dc2925887f835f9891,main,829921682,1,81576,81575,1,0,0,DONE,DONE,719,719,1,,5.67
p3066_c001_v51,784b5c11540d3349,kaggle-environments 1.32.7,a52ba1bfe9df9dc1d504550af46744ef8d474797cdba7af2412dc40a3ebdf3b8,main,c1e3590d02e42d16091c5377e87a3db16496e5a462d558dc2925887f835f9891,main,830781509,0,116339,116305,1,0,0,DONE,DONE,719,719,1,,4.4
p3066_c001_v51,784b5c11540d3349,kaggle-environments 1.32.7,a52ba1bfe9df9dc1d504550af46744ef8d474797cdba7af2412dc40a3ebdf3b8,main,c1e3590d02e42d16091c5377e87a3db16496e5a462d558dc2925887f835f9891,main,830781509,1,116339,116305,1,0,0,DONE,DONE,719,719,1,,5.65
p3066_c001_v51,784b5c11540d3349,kaggle-environments 1.32.7,a52ba1bfe9df9dc1d504550af46744ef8d474797cdba7af2412dc40a3ebdf3b8,main,c1e3590d02e42d16091c5377e87a3db16496e5a462d558dc2925887f835f9891,main,834408802,0,62671,62655,1,0,0,DONE,DONE,719,719,1,,5.06
p3066_c001_v51,784b5c11540d3349,kaggle-environments 1.32.7,a52ba1bfe9df9dc1d504550af46744ef8d474797cdba7af2412dc40a3ebdf3b8,main,c1e3590d02e42d16091c5377e87a3db16496e5a462d558dc2925887f835f9891,main,834408802,1,62671,62655,1,0,0,DONE,DONE,719,719,1,,4.41
p3066_c001_v51,784b5c11540d3349,kaggle-environments 1.32.7,a52ba1bfe9df9dc1d504550af46744ef8d474797cdba7af2412dc40a3ebdf3b8,main,c1e3590d02e42d16091c5377e87a3db16496e5a462d558dc2925887f835f9891,main,836282065,0,98399,97556,1,0,0,DONE,DONE,719,719,1,,4.57
p3066_c001_v51,784b5c11540d3349,kaggle-environments 1.32.7,a52ba1bfe9df9dc1d504550af46744ef8d474797cdba7af2412dc40a3ebdf3b8,main,c1e3590d02e42d16091c5377e87a3db16496e5a462d558dc2925887f835f9891,main,836282065,1,97535,98420,0,1,0,DONE,DONE,719,719,1,,5.66
p3066_c001_v51,784b5c11540d3349,kaggle-environments 1.32.7,a52ba1bfe9df9dc1d504550af46744ef8d474797cdba7af2412dc40a3ebdf3b8,main,c1e3590d02e42d16091c5377e87a3db16496e5a462d558dc2925887f835f9891,main,838488738,0,97346,97428,0,1,0,DONE,DONE,719,719,1,,4.91
p3066_c001_v51,784b5c11540d3349,kaggle-environments 1.32.7,a52ba1bfe9df9dc1d504550af46744ef8d474797cdba7af2412dc40a3ebdf3b8,main,c1e3590d02e42d16091c5377e87a3db16496e5a462d558dc2925887f835f9891,main,838488738,1,97346,97428,0,1,0,DONE,DONE,719,719,1,,5.39
p3066_c001_v51,784b5c11540d3349,kaggle-environments 1.32.7,a52ba1bfe9df9dc1d504550af46744ef8d474797cdba7af2412dc40a3ebdf3b8,main,c1e3590d02e42d16091c5377e87a3db16496e5a462d558dc2925887f835f9891,main,841886376,0,135810,134745,1,0,0,DONE,DONE,719,719,1,,4.52
p3066_c001_v51,784b5c11540d3349,kaggle-environments 1.32.7,a52ba1bfe9df9dc1d504550af46744ef8d474797cdba7af2412dc40a3ebdf3b8,main,c1e3590d02e42d16091c5377e87a3db16496e5a462d558dc2925887f835f9891,main,841886376,1,134800,135755,0,1,0,DONE,DONE,719,719,1,,4.64
p3066_c001_v51,784b5c11540d3349,kaggle-environments 1.32.7,a52ba1bfe9df9dc1d504550af46744ef8d474797cdba7af2412dc40a3ebdf3b8,main,c1e3590d02e42d16091c5377e87a3db16496e5a462d558dc2925887f835f9891,main,844389525,0,93482,93501,0,1,0,DONE,DONE,719,719,1,,5.63
p3066_c001_v51,784b5c11540d3349,kaggle-environments 1.32.7,a52ba1bfe9df9dc1d504550af46744ef8d474797cdba7af2412dc40a3ebdf3b8,main,c1e3590d02e42d16091c5377e87a3db16496e5a462d558dc2925887f835f9891,main,844389525,1,93482,93501,0,1,0,DONE,DONE,719,719,1,,4.85
p3066_c001_v51,784b5c11540d3349,kaggle-environments 1.32.7,a52ba1bfe9df9dc1d504550af46744ef8d474797cdba7af2412dc40a3ebdf3b8,main,c1e3590d02e42d16091c5377e87a3db16496e5a462d558dc2925887f835f9891,main,846242367,0,56756,56628,1,0,0,DONE,DONE,719,719,1,,5.25
p3066_c001_v51,784b5c11540d3349,kaggle-environments 1.32.7,a52ba1bfe9df9dc1d504550af46744ef8d474797cdba7af2412dc40a3ebdf3b8,main,c1e3590d02e42d16091c5377e87a3db16496e5a462d558dc2925887f835f9891,main,846242367,1,56756,56628,1,0,0,DONE,DONE,719,719,1,,4.7
p3066_c001_v51,784b5c11540d3349,kaggle-environments 1.32.7,a52ba1bfe9df9dc1d504550af46744ef8d474797cdba7af2412dc40a3ebdf3b8,main,c1e3590d02e42d16091c5377e87a3db16496e5a462d558dc2925887f835f9891,main,846647691,0,112196,112045,1,0,0,DONE,DONE,719,719,1,,5.53
p3066_c001_v51,784b5c11540d3349,kaggle-environments 1.32.7,a52ba1bfe9df9dc1d504550af46744ef8d474797cdba7af2412dc40a3ebdf3b8,main,c1e3590d02e42d16091c5377e87a3db16496e5a462d558dc2925887f835f9891,main,846647691,1,112196,112045,1,0,0,DONE,DONE,719,719,1,,4.4
p3066_c001_v51,784b5c11540d3349,kaggle-environments 1.32.7,a52ba1bfe9df9dc1d504550af46744ef8d474797cdba7af2412dc40a3ebdf3b8,main,c1e3590d02e42d16091c5377e87a3db16496e5a462d558dc2925887f835f9891,main,848938037,0,85407,85389,1,0,0,DONE,DONE,719,719,1,,5.81
p3066_c001_v51,784b5c11540d3349,kaggle-environments 1.32.7,a52ba1bfe9df9dc1d504550af46744ef8d474797cdba7af2412dc40a3ebdf3b8,main,c1e3590d02e42d16091c5377e87a3db16496e5a462d558dc2925887f835f9891,main,848938037,1,85407,85389,1,0,0,DONE,DONE,719,719,1,,5.76
p3066_c001_v51,784b5c11540d3349,kaggle-environments 1.32.7,a52ba1bfe9df9dc1d504550af46744ef8d474797cdba7af2412dc40a3ebdf3b8,main,c1e3590d02e42d16091c5377e87a3db16496e5a462d558dc2925887f835f9891,main,850092483,0,129573,129573,0,0,1,DONE,DONE,719,719,1,,4.7
p3066_c001_v51,784b5c11540d3349,kaggle-environments 1.32.7,a52ba1bfe9df9dc1d504550af46744ef8d474797cdba7af2412dc40a3ebdf3b8,main,c1e3590d02e42d16091c5377e87a3db16496e5a462d558dc2925887f835f9891,main,850092483,1,129573,129573,0,0,1,DONE,DONE,719,719,1,,4.7
p3066_c001_v51,784b5c11540d3349,kaggle-environments 1.32.7,a52ba1bfe9df9dc1d504550af46744ef8d474797cdba7af2412dc40a3ebdf3b8,main,c1e3590d02e42d16091c5377e87a3db16496e5a462d558dc2925887f835f9891,main,853357061,0,84106,81734,1,0,0,DONE,DONE,719,719,1,,5.28
p3066_c001_v51,784b5c11540d3349,kaggle-environments 1.32.7,a52ba1bfe9df9dc1d504550af46744ef8d474797cdba7af2412dc40a3ebdf3b8,main,c1e3590d02e42d16091c5377e87a3db16496e5a462d558dc2925887f835f9891,main,853357061,1,81735,84108,0,1,0,DONE,DONE,719,719,1,,4.71
p3066_c001_v51,784b5c11540d3349,kaggle-environments 1.32.7,a52ba1bfe9df9dc1d504550af46744ef8d474797cdba7af2412dc40a3ebdf3b8,main,c1e3590d02e42d16091c5377e87a3db16496e5a462d558dc2925887f835f9891,main,854244753,0,86718,86704,1,0,0,DONE,DONE,719,719,1,,4.83
p3066_c001_v51,784b5c11540d3349,kaggle-environments 1.32.7,a52ba1bfe9df9dc1d504550af46744ef8d474797cdba7af2412dc40a3ebdf3b8,main,c1e3590d02e42d16091c5377e87a3db16496e5a462d558dc2925887f835f9891,main,854244753,1,86718,86704,1,0,0,DONE,DONE,719,719,1,,5.82
p3066_c001_v51,784b5c11540d3349,kaggle-environments 1.32.7,a52ba1bfe9df9dc1d504550af46744ef8d474797cdba7af2412dc40a3ebdf3b8,main,c1e3590d02e42d16091c5377e87a3db16496e5a462d558dc2925887f835f9891,main,854579663,0,98712,98712,0,0,1,DONE,DONE,719,719,1,,5.53
p3066_c001_v51,784b5c11540d3349,kaggle-environments 1.32.7,a52ba1bfe9df9dc1d504550af46744ef8d474797cdba7af2412dc40a3ebdf3b8,main,c1e3590d02e42d16091c5377e87a3db16496e5a462d558dc2925887f835f9891,main,854579663,1,98712,98712,0,0,1,DONE,DONE,719,719,1,,4.73
p3066_c001_v51,784b5c11540d3349,kaggle-environments 1.32.7,a52ba1bfe9df9dc1d504550af46744ef8d474797cdba7af2412dc40a3ebdf3b8,main,c1e3590d02e42d16091c5377e87a3db16496e5a462d558dc2925887f835f9891,main,854943650,0,119875,119871,1,0,0,DONE,DONE,719,719,1,,5.89
p3066_c001_v51,784b5c11540d3349,kaggle-environments 1.32.7,a52ba1bfe9df9dc1d504550af46744ef8d474797cdba7af2412dc40a3ebdf3b8,main,c1e3590d02e42d16091c5377e87a3db16496e5a462d558dc2925887f835f9891,main,854943650,1,119875,119871,1,0,0,DONE,DONE,719,719,1,,5.86
p3066_c001_v51,784b5c11540d3349,kaggle-environments 1.32.7,a52ba1bfe9df9dc1d504550af46744ef8d474797cdba7af2412dc40a3ebdf3b8,main,c1e3590d02e42d16091c5377e87a3db16496e5a462d558dc2925887f835f9891,main,855679173,0,78026,78020,1,0,0,DONE,DONE,719,719,1,,5.13
p3066_c001_v51,784b5c11540d3349,kaggle-environments 1.32.7,a52ba1bfe9df9dc1d504550af46744ef8d474797cdba7af2412dc40a3ebdf3b8,main,c1e3590d02e42d16091c5377e87a3db16496e5a462d558dc2925887f835f9891,main,855679173,1,78026,78020,1,0,0,DONE,DONE,719,719,1,,4.16
p3066_c001_v51,784b5c11540d3349,kaggle-environments 1.32.7,a52ba1bfe9df9dc1d504550af46744ef8d474797cdba7af2412dc40a3ebdf3b8,main,c1e3590d02e42d16091c5377e87a3db16496e5a462d558dc2925887f835f9891,main,858010337,0,93809,93809,0,0,1,DONE,DONE,719,719,1,,4.19
p3066_c001_v51,784b5c11540d3349,kaggle-environments 1.32.7,a52ba1bfe9df9dc1d504550af46744ef8d474797cdba7af2412dc40a3ebdf3b8,main,c1e3590d02e42d16091c5377e87a3db16496e5a462d558dc2925887f835f9891,main,858010337,1,93809,93809,0,0,1,DONE,DONE,719,719,1,,4.56
p3066_c001_v51,784b5c11540d3349,kaggle-environments 1.32.7,a52ba1bfe9df9dc1d504550af46744ef8d474797cdba7af2412dc40a3ebdf3b8,main,c1e3590d02e42d16091c5377e87a3db16496e5a462d558dc2925887f835f9891,main,858757268,0,76998,76998,0,0,1,DONE,DONE,719,719,1,,4.85
p3066_c001_v51,784b5c11540d3349,kaggle-environments 1.32.7,a52ba1bfe9df9dc1d504550af46744ef8d474797cdba7af2412dc40a3ebdf3b8,main,c1e3590d02e42d16091c5377e87a3db16496e5a462d558dc2925887f835f9891,main,858757268,1,76998,76998,0,0,1,DONE,DONE,719,719,1,,5.53
p3066_c001_v51,784b5c11540d3349,kaggle-environments 1.32.7,a52ba1bfe9df9dc1d504550af46744ef8d474797cdba7af2412dc40a3ebdf3b8,main,c1e3590d02e42d16091c5377e87a3db16496e5a462d558dc2925887f835f9891,main,860945528,0,80810,80810,0,0,1,DONE,DONE,719,719,1,,5.04
p3066_c001_v51,784b5c11540d3349,kaggle-environments 1.32.7,a52ba1bfe9df9dc1d504550af46744ef8d474797cdba7af2412dc40a3ebdf3b8,main,c1e3590d02e42d16091c5377e87a3db16496e5a462d558dc2925887f835f9891,main,860945528,1,80810,80810,0,0,1,DONE,DONE,719,719,1,,5.8
p3066_c001_v51,784b5c11540d3349,kaggle-environments 1.32.7,a52ba1bfe9df9dc1d504550af46744ef8d474797cdba7af2412dc40a3ebdf3b8,main,c1e3590d02e42d16091c5377e87a3db16496e5a462d558dc2925887f835f9891,main,863169507,0,64541,64541,0,0,1,DONE,DONE,719,719,1,,5.32
p3066_c001_v51,784b5c11540d3349,kaggle-environments 1.32.7,a52ba1bfe9df9dc1d504550af46744ef8d474797cdba7af2412dc40a3ebdf3b8,main,c1e3590d02e42d16091c5377e87a3db16496e5a462d558dc2925887f835f9891,main,863169507,1,64541,64541,0,0,1,DONE,DONE,719,719,1,,4.29
p3066_c001_v51,784b5c11540d3349,kaggle-environments 1.32.7,a52ba1bfe9df9dc1d504550af46744ef8d474797cdba7af2412dc40a3ebdf3b8,main,c1e3590d02e42d16091c5377e87a3db16496e5a462d558dc2925887f835f9891,main,866821801,0,69518,69518,0,0,1,DONE,DONE,719,719,1,,5.35
p3066_c001_v51,784b5c11540d3349,kaggle-environments 1.32.7,a52ba1bfe9df9dc1d504550af46744ef8d474797cdba7af2412dc40a3ebdf3b8,main,c1e3590d02e42d16091c5377e87a3db16496e5a462d558dc2925887f835f9891,main,866821801,1,69518,69518,0,0,1,DONE,DONE,719,719,1,,5.72
p3066_c001_v51,784b5c11540d3349,kaggle-environments 1.32.7,a52ba1bfe9df9dc1d504550af46744ef8d474797cdba7af2412dc40a3ebdf3b8,main,c1e3590d02e42d16091c5377e87a3db16496e5a462d558dc2925887f835f9891,main,867794122,0,66730,66721,1,0,0,DONE,DONE,719,719,1,,4.55
p3066_c001_v51,784b5c11540d3349,kaggle-environments 1.32.7,a52ba1bfe9df9dc1d504550af46744ef8d474797cdba7af2412dc40a3ebdf3b8,main,c1e3590d02e42d16091c5377e87a3db16496e5a462d558dc2925887f835f9891,main,867794122,1,66730,66721,1,0,0,DONE,DONE,719,719,1,,5.09
p3066_c001_v51,784b5c11540d3349,kaggle-environments 1.32.7,a52ba1bfe9df9dc1d504550af46744ef8d474797cdba7af2412dc40a3ebdf3b8,main,c1e3590d02e42d16091c5377e87a3db16496e5a462d558dc2925887f835f9891,main,868846335,0,131042,130984,1,0,0,DONE,DONE,719,719,1,,4.19
p3066_c001_v51,784b5c11540d3349,kaggle-environments 1.32.7,a52ba1bfe9df9dc1d504550af46744ef8d474797cdba7af2412dc40a3ebdf3b8,main,c1e3590d02e42d16091c5377e87a3db16496e5a462d558dc2925887f835f9891,main,868846335,1,131042,130984,1,0,0,DONE,DONE,719,719,1,,5.31
p3066_c001_v51,784b5c11540d3349,kaggle-environments 1.32.7,a52ba1bfe9df9dc1d504550af46744ef8d474797cdba7af2412dc40a3ebdf3b8,main,c1e3590d02e42d16091c5377e87a3db16496e5a462d558dc2925887f835f9891,main,875053145,0,109403,109403,0,0,1,DONE,DONE,719,719,1,,5.57
p3066_c001_v51,784b5c11540d3349,kaggle-environments 1.32.7,a52ba1bfe9df9dc1d504550af46744ef8d474797cdba7af2412dc40a3ebdf3b8,main,c1e3590d02e42d16091c5377e87a3db16496e5a462d558dc2925887f835f9891,main,875053145,1,109403,109403,0,0,1,DONE,DONE,719,719,1,,5.66
p3066_c001_v51,784b5c11540d3349,kaggle-environments 1.32.7,a52ba1bfe9df9dc1d504550af46744ef8d474797cdba7af2412dc40a3ebdf3b8,main,c1e3590d02e42d16091c5377e87a3db16496e5a462d558dc2925887f835f9891,main,876299035,0,82932,82930,1,0,0,DONE,DONE,719,719,1,,4.85
p3066_c001_v51,784b5c11540d3349,kaggle-environments 1.32.7,a52ba1bfe9df9dc1d504550af46744ef8d474797cdba7af2412dc40a3ebdf3b8,main,c1e3590d02e42d16091c5377e87a3db16496e5a462d558dc2925887f835f9891,main,876299035,1,82932,82930,1,0,0,DONE,DONE,719,719,1,,4.19
p3066_c001_v51,784b5c11540d3349,kaggle-environments 1.32.7,a52ba1bfe9df9dc1d504550af46744ef8d474797cdba7af2412dc40a3ebdf3b8,main,c1e3590d02e42d16091c5377e87a3db16496e5a462d558dc2925887f835f9891,main,880034204,0,62231,62231,0,0,1,DONE,DONE,719,719,1,,4.41
p3066_c001_v51,784b5c11540d3349,kaggle-environments 1.32.7,a52ba1bfe9df9dc1d504550af46744ef8d474797cdba7af2412dc40a3ebdf3b8,main,c1e3590d02e42d16091c5377e87a3db16496e5a462d558dc2925887f835f9891,main,880034204,1,62231,62231,0,0,1,DONE,DONE,719,719,1,,5.71
p3066_c001_v51,784b5c11540d3349,kaggle-environments 1.32.7,a52ba1bfe9df9dc1d504550af46744ef8d474797cdba7af2412dc40a3ebdf3b8,main,c1e3590d02e42d16091c5377e87a3db16496e5a462d558dc2925887f835f9891,main,880965919,0,113174,113055,1,0,0,DONE,DONE,719,719,1,,4.67
p3066_c001_v51,784b5c11540d3349,kaggle-environments 1.32.7,a52ba1bfe9df9dc1d504550af46744ef8d474797cdba7af2412dc40a3ebdf3b8,main,c1e3590d02e42d16091c5377e87a3db16496e5a462d558dc2925887f835f9891,main,880965919,1,113055,113174,0,1,0,DONE,DONE,719,719,1,,5.99
p3066_c001_v51,784b5c11540d3349,kaggle-environments 1.32.7,a52ba1bfe9df9dc1d504550af46744ef8d474797cdba7af2412dc40a3ebdf3b8,main,c1e3590d02e42d16091c5377e87a3db16496e5a462d558dc2925887f835f9891,main,882208115,0,120011,120001,1,0,0,DONE,DONE,719,719,1,,4.4
p3066_c001_v51,784b5c11540d3349,kaggle-environments 1.32.7,a52ba1bfe9df9dc1d504550af46744ef8d474797cdba7af2412dc40a3ebdf3b8,main,c1e3590d02e42d16091c5377e87a3db16496e5a462d558dc2925887f835f9891,main,882208115,1,120011,120001,1,0,0,DONE,DONE,719,719,1,,5.72
p3066_c001_v51,784b5c11540d3349,kaggle-environments 1.32.7,a52ba1bfe9df9dc1d504550af46744ef8d474797cdba7af2412dc40a3ebdf3b8,main,c1e3590d02e42d16091c5377e87a3db16496e5a462d558dc2925887f835f9891,main,882255791,0,82255,81824,1,0,0,DONE,DONE,719,719,1,,5.68
p3066_c001_v51,784b5c11540d3349,kaggle-environments 1.32.7,a52ba1bfe9df9dc1d504550af46744ef8d474797cdba7af2412dc40a3ebdf3b8,main,c1e3590d02e42d16091c5377e87a3db16496e5a462d558dc2925887f835f9891,main,882255791,1,82255,81824,1,0,0,DONE,DONE,719,719,1,,4.28
p3066_c001_v51,784b5c11540d3349,kaggle-environments 1.32.7,a52ba1bfe9df9dc1d504550af46744ef8d474797cdba7af2412dc40a3ebdf3b8,main,c1e3590d02e42d16091c5377e87a3db16496e5a462d558dc2925887f835f9891,main,885950114,0,123496,123496,0,0,1,DONE,DONE,719,719,1,,4.76
p3066_c001_v51,784b5c11540d3349,kaggle-environments 1.32.7,a52ba1bfe9df9dc1d504550af46744ef8d474797cdba7af2412dc40a3ebdf3b8,main,c1e3590d02e42d16091c5377e87a3db16496e5a462d558dc2925887f835f9891,main,885950114,1,123496,123496,0,0,1,DONE,DONE,719,719,1,,4.93
p3066_c001_v51,784b5c11540d3349,kaggle-environments 1.32.7,a52ba1bfe9df9dc1d504550af46744ef8d474797cdba7af2412dc40a3ebdf3b8,main,c1e3590d02e42d16091c5377e87a3db16496e5a462d558dc2925887f835f9891,main,889556151,0,71777,71774,1,0,0,DONE,DONE,719,719,1,,4.56
p3066_c001_v51,784b5c11540d3349,kaggle-environments 1.32.7,a52ba1bfe9df9dc1d504550af46744ef8d474797cdba7af2412dc40a3ebdf3b8,main,c1e3590d02e42d16091c5377e87a3db16496e5a462d558dc2925887f835f9891,main,889556151,1,71777,71774,1,0,0,DONE,DONE,719,719,1,,5.65
p3066_c001_v51,784b5c11540d3349,kaggle-environments 1.32.7,a52ba1bfe9df9dc1d504550af46744ef8d474797cdba7af2412dc40a3ebdf3b8,main,c1e3590d02e42d16091c5377e87a3db16496e5a462d558dc2925887f835f9891,main,895237640,0,106565,106433,1,0,0,DONE,DONE,719,719,1,,5.67
p3066_c001_v51,784b5c11540d3349,kaggle-environments 1.32.7,a52ba1bfe9df9dc1d504550af46744ef8d474797cdba7af2412dc40a3ebdf3b8,main,c1e3590d02e42d16091c5377e87a3db16496e5a462d558dc2925887f835f9891,main,895237640,1,106565,106433,1,0,0,DONE,DONE,719,719,1,,5.59
p3066_c001_v51,784b5c11540d3349,kaggle-environments 1.32.7,a52ba1bfe9df9dc1d504550af46744ef8d474797cdba7af2412dc40a3ebdf3b8,main,c1e3590d02e42d16091c5377e87a3db16496e5a462d558dc2925887f835f9891,main,896920340,0,84448,85613,0,1,0,DONE,DONE,719,719,1,,5.01
p3066_c001_v51,784b5c11540d3349,kaggle-environments 1.32.7,a52ba1bfe9df9dc1d504550af46744ef8d474797cdba7af2412dc40a3ebdf3b8,main,c1e3590d02e42d16091c5377e87a3db16496e5a462d558dc2925887f835f9891,main,896920340,1,84448,85613,0,1,0,DONE,DONE,719,719,1,,4.52
p3066_c001_v51,784b5c11540d3349,kaggle-environments 1.32.7,a52ba1bfe9df9dc1d504550af46744ef8d474797cdba7af2412dc40a3ebdf3b8,main,c1e3590d02e42d16091c5377e87a3db16496e5a462d558dc2925887f835f9891,main,898155825,0,88524,88524,0,0,1,DONE,DONE,719,719,1,,4.49
p3066_c001_v51,784b5c11540d3349,kaggle-environments 1.32.7,a52ba1bfe9df9dc1d504550af46744ef8d474797cdba7af2412dc40a3ebdf3b8,main,c1e3590d02e42d16091c5377e87a3db16496e5a462d558dc2925887f835f9891,main,898155825,1,88524,88524,0,0,1,DONE,DONE,719,719,1,,5.87
p3066_c001_v51,784b5c11540d3349,kaggle-environments 1.32.7,a52ba1bfe9df9dc1d504550af46744ef8d474797cdba7af2412dc40a3ebdf3b8,main,c1e3590d02e42d16091c5377e87a3db16496e5a462d558dc2925887f835f9891,main,900242495,0,128504,128504,0,0,1,DONE,DONE,719,719,1,,4.7
p3066_c001_v51,784b5c11540d3349,kaggle-environments 1.32.7,a52ba1bfe9df9dc1d504550af46744ef8d474797cdba7af2412dc40a3ebdf3b8,main,c1e3590d02e42d16091c5377e87a3db16496e5a462d558dc2925887f835f9891,main,900242495,1,128504,128504,0,0,1,DONE,DONE,719,719,1,,5.01
p3066_c001_v51,784b5c11540d3349,kaggle-environments 1.32.7,a52ba1bfe9df9dc1d504550af46744ef8d474797cdba7af2412dc40a3ebdf3b8,main,c1e3590d02e42d16091c5377e87a3db16496e5a462d558dc2925887f835f9891,main,907015870,0,132747,132677,1,0,0,DONE,DONE,719,719,1,,4.37
p3066_c001_v51,784b5c11540d3349,kaggle-environments 1.32.7,a52ba1bfe9df9dc1d504550af46744ef8d474797cdba7af2412dc40a3ebdf3b8,main,c1e3590d02e42d16091c5377e87a3db16496e5a462d558dc2925887f835f9891,main,907015870,1,132747,132677,1,0,0,DONE,DONE,719,719,1,,5.73
p3066_c001_v51,784b5c11540d3349,kaggle-environments 1.32.7,a52ba1bfe9df9dc1d504550af46744ef8d474797cdba7af2412dc40a3ebdf3b8,main,c1e3590d02e42d16091c5377e87a3db16496e5a462d558dc2925887f835f9891,main,908917723,0,110304,110304,0,0,1,DONE,DONE,719,719,1,,5.41
p3066_c001_v51,784b5c11540d3349,kaggle-environments 1.32.7,a52ba1bfe9df9dc1d504550af46744ef8d474797cdba7af2412dc40a3ebdf3b8,main,c1e3590d02e42d16091c5377e87a3db16496e5a462d558dc2925887f835f9891,main,908917723,1,110304,110304,0,0,1,DONE,DONE,719,719,1,,4.39
p3066_c001_v51,784b5c11540d3349,kaggle-environments 1.32.7,a52ba1bfe9df9dc1d504550af46744ef8d474797cdba7af2412dc40a3ebdf3b8,main,c1e3590d02e42d16091c5377e87a3db16496e5a462d558dc2925887f835f9891,main,909243086,0,75246,75231,1,0,0,DONE,DONE,719,719,1,,5.25
p3066_c001_v51,784b5c11540d3349,kaggle-environments 1.32.7,a52ba1bfe9df9dc1d504550af46744ef8d474797cdba7af2412dc40a3ebdf3b8,main,c1e3590d02e42d16091c5377e87a3db16496e5a462d558dc2925887f835f9891,main,909243086,1,75246,75231,1,0,0,DONE,DONE,719,719,1,,5.08
p3066_c001_v51,784b5c11540d3349,kaggle-environments 1.32.7,a52ba1bfe9df9dc1d504550af46744ef8d474797cdba7af2412dc40a3ebdf3b8,main,c1e3590d02e42d16091c5377e87a3db16496e5a462d558dc2925887f835f9891,main,911681106,0,90189,90188,1,0,0,DONE,DONE,719,719,1,,4.73
p3066_c001_v51,784b5c11540d3349,kaggle-environments 1.32.7,a52ba1bfe9df9dc1d504550af46744ef8d474797cdba7af2412dc40a3ebdf3b8,main,c1e3590d02e42d16091c5377e87a3db16496e5a462d558dc2925887f835f9891,main,911681106,1,90189,90188,1,0,0,DONE,DONE,719,719,1,,4.53
p3066_c001_v51,784b5c11540d3349,kaggle-environments 1.32.7,a52ba1bfe9df9dc1d504550af46744ef8d474797cdba7af2412dc40a3ebdf3b8,main,c1e3590d02e42d16091c5377e87a3db16496e5a462d558dc2925887f835f9891,main,913476941,0,88752,88705,1,0,0,DONE,DONE,719,719,1,,5.4
p3066_c001_v51,784b5c11540d3349,kaggle-environments 1.32.7,a52ba1bfe9df9dc1d504550af46744ef8d474797cdba7af2412dc40a3ebdf3b8,main,c1e3590d02e42d16091c5377e87a3db16496e5a462d558dc2925887f835f9891,main,913476941,1,88752,88705,1,0,0,DONE,DONE,719,719,1,,4.33
p3066_c001_v51,784b5c11540d3349,kaggle-environments 1.32.7,a52ba1bfe9df9dc1d504550af46744ef8d474797cdba7af2412dc40a3ebdf3b8,main,c1e3590d02e42d16091c5377e87a3db16496e5a462d558dc2925887f835f9891,main,922854145,0,91095,91093,1,0,0,DONE,DONE,719,719,1,,5.36
p3066_c001_v51,784b5c11540d3349,kaggle-environments 1.32.7,a52ba1bfe9df9dc1d504550af46744ef8d474797cdba7af2412dc40a3ebdf3b8,main,c1e3590d02e42d16091c5377e87a3db16496e5a462d558dc2925887f835f9891,main,922854145,1,91095,91093,1,0,0,DONE,DONE,719,719,1,,5.61
p3066_c001_v51,784b5c11540d3349,kaggle-environments 1.32.7,a52ba1bfe9df9dc1d504550af46744ef8d474797cdba7af2412dc40a3ebdf3b8,main,c1e3590d02e42d16091c5377e87a3db16496e5a462d558dc2925887f835f9891,main,924420094,0,93158,93153,1,0,0,DONE,DONE,719,719,1,,4.69
p3066_c001_v51,784b5c11540d3349,kaggle-environments 1.32.7,a52ba1bfe9df9dc1d504550af46744ef8d474797cdba7af2412dc40a3ebdf3b8,main,c1e3590d02e42d16091c5377e87a3db16496e5a462d558dc2925887f835f9891,main,924420094,1,93158,93153,1,0,0,DONE,DONE,719,719,1,,4.45
p3066_c001_v51,784b5c11540d3349,kaggle-environments 1.32.7,a52ba1bfe9df9dc1d504550af46744ef8d474797cdba7af2412dc40a3ebdf3b8,main,c1e3590d02e42d16091c5377e87a3db16496e5a462d558dc2925887f835f9891,main,937904229,0,86331,86347,0,1,0,DONE,DONE,719,719,1,,4.61
p3066_c001_v51,784b5c11540d3349,kaggle-environments 1.32.7,a52ba1bfe9df9dc1d504550af46744ef8d474797cdba7af2412dc40a3ebdf3b8,main,c1e3590d02e42d16091c5377e87a3db16496e5a462d558dc2925887f835f9891,main,937904229,1,86331,86347,0,1,0,DONE,DONE,719,719,1,,5.84
p3066_c001_v51,784b5c11540d3349,kaggle-environments 1.32.7,a52ba1bfe9df9dc1d504550af46744ef8d474797cdba7af2412dc40a3ebdf3b8,main,c1e3590d02e42d16091c5377e87a3db16496e5a462d558dc2925887f835f9891,main,938364083,0,102188,102188,0,0,1,DONE,DONE,719,719,1,,5.92
p3066_c001_v51,784b5c11540d3349,kaggle-environments 1.32.7,a52ba1bfe9df9dc1d504550af46744ef8d474797cdba7af2412dc40a3ebdf3b8,main,c1e3590d02e42d16091c5377e87a3db16496e5a462d558dc2925887f835f9891,main,938364083,1,102188,102188,0,0,1,DONE,DONE,719,719,1,,4.67
p3066_c001_v51,784b5c11540d3349,kaggle-environments 1.32.7,a52ba1bfe9df9dc1d504550af46744ef8d474797cdba7af2412dc40a3ebdf3b8,main,c1e3590d02e42d16091c5377e87a3db16496e5a462d558dc2925887f835f9891,main,941386634,0,93979,94013,0,1,0,DONE,DONE,719,719,1,,5.79
p3066_c001_v51,784b5c11540d3349,kaggle-environments 1.32.7,a52ba1bfe9df9dc1d504550af46744ef8d474797cdba7af2412dc40a3ebdf3b8,main,c1e3590d02e42d16091c5377e87a3db16496e5a462d558dc2925887f835f9891,main,941386634,1,94019,93973,1,0,0,DONE,DONE,719,719,1,,4.79
p3066_c001_v51,784b5c11540d3349,kaggle-environments 1.32.7,a52ba1bfe9df9dc1d504550af46744ef8d474797cdba7af2412dc40a3ebdf3b8,main,c1e3590d02e42d16091c5377e87a3db16496e5a462d558dc2925887f835f9891,main,942310325,0,61441,61300,1,0,0,DONE,DONE,719,719,1,,4.29
p3066_c001_v51,784b5c11540d3349,kaggle-environments 1.32.7,a52ba1bfe9df9dc1d504550af46744ef8d474797cdba7af2412dc40a3ebdf3b8,main,c1e3590d02e42d16091c5377e87a3db16496e5a462d558dc2925887f835f9891,main,942310325,1,61300,61441,0,1,0,DONE,DONE,719,719,1,,5.18
p3066_c001_v51,784b5c11540d3349,kaggle-environments 1.32.7,a52ba1bfe9df9dc1d504550af46744ef8d474797cdba7af2412dc40a3ebdf3b8,main,c1e3590d02e42d16091c5377e87a3db16496e5a462d558dc2925887f835f9891,main,947310066,0,121742,121741,1,0,0,DONE,DONE,719,719,1,,4.6
p3066_c001_v51,784b5c11540d3349,kaggle-environments 1.32.7,a52ba1bfe9df9dc1d504550af46744ef8d474797cdba7af2412dc40a3ebdf3b8,main,c1e3590d02e42d16091c5377e87a3db16496e5a462d558dc2925887f835f9891,main,947310066,1,121742,121741,1,0,0,DONE,DONE,719,719,1,,5.32
p3066_c001_v51,784b5c11540d3349,kaggle-environments 1.32.7,a52ba1bfe9df9dc1d504550af46744ef8d474797cdba7af2412dc40a3ebdf3b8,main,c1e3590d02e42d16091c5377e87a3db16496e5a462d558dc2925887f835f9891,main,948329093,0,155230,155154,1,0,0,DONE,DONE,719,719,1,,5.39
p3066_c001_v51,784b5c11540d3349,kaggle-environments 1.32.7,a52ba1bfe9df9dc1d504550af46744ef8d474797cdba7af2412dc40a3ebdf3b8,main,c1e3590d02e42d16091c5377e87a3db16496e5a462d558dc2925887f835f9891,main,948329093,1,155230,155154,1,0,0,DONE,DONE,719,719,1,,4.82
p3066_c001_v51,784b5c11540d3349,kaggle-environments 1.32.7,a52ba1bfe9df9dc1d504550af46744ef8d474797cdba7af2412dc40a3ebdf3b8,main,c1e3590d02e42d16091c5377e87a3db16496e5a462d558dc2925887f835f9891,main,949601905,0,107807,107728,1,0,0,DONE,DONE,719,719,1,,4.37
p3066_c001_v51,784b5c11540d3349,kaggle-environments 1.32.7,a52ba1bfe9df9dc1d504550af46744ef8d474797cdba7af2412dc40a3ebdf3b8,main,c1e3590d02e42d16091c5377e87a3db16496e5a462d558dc2925887f835f9891,main,949601905,1,107807,107728,1,0,0,DONE,DONE,719,719,1,,5.19
p3066_c001_v51,784b5c11540d3349,kaggle-environments 1.32.7,a52ba1bfe9df9dc1d504550af46744ef8d474797cdba7af2412dc40a3ebdf3b8,main,c1e3590d02e42d16091c5377e87a3db16496e5a462d558dc2925887f835f9891,main,952457682,0,105237,105156,1,0,0,DONE,DONE,719,719,1,,4.61
p3066_c001_v51,784b5c11540d3349,kaggle-environments 1.32.7,a52ba1bfe9df9dc1d504550af46744ef8d474797cdba7af2412dc40a3ebdf3b8,main,c1e3590d02e42d16091c5377e87a3db16496e5a462d558dc2925887f835f9891,main,952457682,1,105237,105156,1,0,0,DONE,DONE,719,719,1,,4.36
p3066_c001_v51,784b5c11540d3349,kaggle-environments 1.32.7,a52ba1bfe9df9dc1d504550af46744ef8d474797cdba7af2412dc40a3ebdf3b8,main,c1e3590d02e42d16091c5377e87a3db16496e5a462d558dc2925887f835f9891,main,956257388,0,106627,106630,0,1,0,DONE,DONE,719,719,1,,4.6
p3066_c001_v51,784b5c11540d3349,kaggle-environments 1.32.7,a52ba1bfe9df9dc1d504550af46744ef8d474797cdba7af2412dc40a3ebdf3b8,main,c1e3590d02e42d16091c5377e87a3db16496e5a462d558dc2925887f835f9891,main,956257388,1,106627,106630,0,1,0,DONE,DONE,719,719,1,,4.12
p3066_c001_v51,784b5c11540d3349,kaggle-environments 1.32.7,a52ba1bfe9df9dc1d504550af46744ef8d474797cdba7af2412dc40a3ebdf3b8,main,c1e3590d02e42d16091c5377e87a3db16496e5a462d558dc2925887f835f9891,main,959677009,0,94649,94644,1,0,0,DONE,DONE,719,719,1,,4.15
p3066_c001_v51,784b5c11540d3349,kaggle-environments 1.32.7,a52ba1bfe9df9dc1d504550af46744ef8d474797cdba7af2412dc40a3ebdf3b8,main,c1e3590d02e42d16091c5377e87a3db16496e5a462d558dc2925887f835f9891,main,959677009,1,94649,94644,1,0,0,DONE,DONE,719,719,1,,4.5
p3066_c001_v51,784b5c11540d3349,kaggle-environments 1.32.7,a52ba1bfe9df9dc1d504550af46744ef8d474797cdba7af2412dc40a3ebdf3b8,main,c1e3590d02e42d16091c5377e87a3db16496e5a462d558dc2925887f835f9891,main,960655227,0,119488,119518,0,1,0,DONE,DONE,719,719,1,,4.81
p3066_c001_v51,784b5c11540d3349,kaggle-environments 1.32.7,a52ba1bfe9df9dc1d504550af46744ef8d474797cdba7af2412dc40a3ebdf3b8,main,c1e3590d02e42d16091c5377e87a3db16496e5a462d558dc2925887f835f9891,main,960655227,1,119488,119518,0,1,0,DONE,DONE,719,719,1,,4.66
p3066_c001_v51,784b5c11540d3349,kaggle-environments 1.32.7,a52ba1bfe9df9dc1d504550af46744ef8d474797cdba7af2412dc40a3ebdf3b8,main,c1e3590d02e42d16091c5377e87a3db16496e5a462d558dc2925887f835f9891,main,961029644,0,107645,107649,0,1,0,DONE,DONE,719,719,1,,4.29
p3066_c001_v51,784b5c11540d3349,kaggle-environments 1.32.7,a52ba1bfe9df9dc1d504550af46744ef8d474797cdba7af2412dc40a3ebdf3b8,main,c1e3590d02e42d16091c5377e87a3db16496e5a462d558dc2925887f835f9891,main,961029644,1,107645,107649,0,1,0,DONE,DONE,719,719,1,,4.55
p3066_c001_v51,784b5c11540d3349,kaggle-environments 1.32.7,a52ba1bfe9df9dc1d504550af46744ef8d474797cdba7af2412dc40a3ebdf3b8,main,c1e3590d02e42d16091c5377e87a3db16496e5a462d558dc2925887f835f9891,main,961408502,0,98557,98550,1,0,0,DONE,DONE,719,719,1,,4.13
p3066_c001_v51,784b5c11540d3349,kaggle-environments 1.32.7,a52ba1bfe9df9dc1d504550af46744ef8d474797cdba7af2412dc40a3ebdf3b8,main,c1e3590d02e42d16091c5377e87a3db16496e5a462d558dc2925887f835f9891,main,961408502,1,98557,98550,1,0,0,DONE,DONE,719,719,1,,4.42
p3066_c001_v51,784b5c11540d3349,kaggle-environments 1.32.7,a52ba1bfe9df9dc1d504550af46744ef8d474797cdba7af2412dc40a3ebdf3b8,main,c1e3590d02e42d16091c5377e87a3db16496e5a462d558dc2925887f835f9891,main,963190576,0,94180,94111,1,0,0,DONE,DONE,719,719,1,,4.17
p3066_c001_v51,784b5c11540d3349,kaggle-environments 1.32.7,a52ba1bfe9df9dc1d504550af46744ef8d474797cdba7af2412dc40a3ebdf3b8,main,c1e3590d02e42d16091c5377e87a3db16496e5a462d558dc2925887f835f9891,main,963190576,1,94180,94111,1,0,0,DONE,DONE,719,719,1,,4.15
p3066_c001_v51,784b5c11540d3349,kaggle-environments 1.32.7,a52ba1bfe9df9dc1d504550af46744ef8d474797cdba7af2412dc40a3ebdf3b8,main,c1e3590d02e42d16091c5377e87a3db16496e5a462d558dc2925887f835f9891,main,963207839,0,85932,85900,1,0,0,DONE,DONE,719,719,1,,4.27
p3066_c001_v51,784b5c11540d3349,kaggle-environments 1.32.7,a52ba1bfe9df9dc1d504550af46744ef8d474797cdba7af2412dc40a3ebdf3b8,main,c1e3590d02e42d16091c5377e87a3db16496e5a462d558dc2925887f835f9891,main,963207839,1,85932,85900,1,0,0,DONE,DONE,719,719,1,,4.43
p3066_c001_v51,784b5c11540d3349,kaggle-environments 1.32.7,a52ba1bfe9df9dc1d504550af46744ef8d474797cdba7af2412dc40a3ebdf3b8,main,c1e3590d02e42d16091c5377e87a3db16496e5a462d558dc2925887f835f9891,main,963926912,0,104966,104963,1,0,0,DONE,DONE,719,719,1,,4.4
p3066_c001_v51,784b5c11540d3349,kaggle-environments 1.32.7,a52ba1bfe9df9dc1d504550af46744ef8d474797cdba7af2412dc40a3ebdf3b8,main,c1e3590d02e42d16091c5377e87a3db16496e5a462d558dc2925887f835f9891,main,963926912,1,104966,104963,1,0,0,DONE,DONE,719,719,1,,4.49
p3066_c001_v51,784b5c11540d3349,kaggle-environments 1.32.7,a52ba1bfe9df9dc1d504550af46744ef8d474797cdba7af2412dc40a3ebdf3b8,main,c1e3590d02e42d16091c5377e87a3db16496e5a462d558dc2925887f835f9891,main,968503716,0,111722,111722,0,0,1,DONE,DONE,719,719,1,,4.46
p3066_c001_v51,784b5c11540d3349,kaggle-environments 1.32.7,a52ba1bfe9df9dc1d504550af46744ef8d474797cdba7af2412dc40a3ebdf3b8,main,c1e3590d02e42d16091c5377e87a3db16496e5a462d558dc2925887f835f9891,main,968503716,1,111722,111722,0,0,1,DONE,DONE,719,719,1,,4.73
p3066_c001_v51,784b5c11540d3349,kaggle-environments 1.32.7,a52ba1bfe9df9dc1d504550af46744ef8d474797cdba7af2412dc40a3ebdf3b8,main,c1e3590d02e42d16091c5377e87a3db16496e5a462d558dc2925887f835f9891,main,972011188,0,61629,61558,1,0,0,DONE,DONE,719,719,1,,4.44
p3066_c001_v51,784b5c11540d3349,kaggle-environments 1.32.7,a52ba1bfe9df9dc1d504550af46744ef8d474797cdba7af2412dc40a3ebdf3b8,main,c1e3590d02e42d16091c5377e87a3db16496e5a462d558dc2925887f835f9891,main,972011188,1,61629,61558,1,0,0,DONE,DONE,719,719,1,,4.21
p3066_c001_v51,784b5c11540d3349,kaggle-environments 1.32.7,a52ba1bfe9df9dc1d504550af46744ef8d474797cdba7af2412dc40a3ebdf3b8,main,c1e3590d02e42d16091c5377e87a3db16496e5a462d558dc2925887f835f9891,main,975217775,0,107844,107840,1,0,0,DONE,DONE,719,719,1,,4.6
p3066_c001_v51,784b5c11540d3349,kaggle-environments 1.32.7,a52ba1bfe9df9dc1d504550af46744ef8d474797cdba7af2412dc40a3ebdf3b8,main,c1e3590d02e42d16091c5377e87a3db16496e5a462d558dc2925887f835f9891,main,975217775,1,107844,107840,1,0,0,DONE,DONE,719,719,1,,4.69
p3066_c001_v51,784b5c11540d3349,kaggle-environments 1.32.7,a52ba1bfe9df9dc1d504550af46744ef8d474797cdba7af2412dc40a3ebdf3b8,main,c1e3590d02e42d16091c5377e87a3db16496e5a462d558dc2925887f835f9891,main,975352435,0,65103,65103,0,0,1,DONE,DONE,719,719,1,,4.32
p3066_c001_v51,784b5c11540d3349,kaggle-environments 1.32.7,a52ba1bfe9df9dc1d504550af46744ef8d474797cdba7af2412dc40a3ebdf3b8,main,c1e3590d02e42d16091c5377e87a3db16496e5a462d558dc2925887f835f9891,main,975352435,1,65103,65103,0,0,1,DONE,DONE,719,719,1,,4.27
p3066_c001_v51,784b5c11540d3349,kaggle-environments 1.32.7,a52ba1bfe9df9dc1d504550af46744ef8d474797cdba7af2412dc40a3ebdf3b8,main,c1e3590d02e42d16091c5377e87a3db16496e5a462d558dc2925887f835f9891,main,975426015,0,94702,94702,0,0,1,DONE,DONE,719,719,1,,4.59
p3066_c001_v51,784b5c11540d3349,kaggle-environments 1.32.7,a52ba1bfe9df9dc1d504550af46744ef8d474797cdba7af2412dc40a3ebdf3b8,main,c1e3590d02e42d16091c5377e87a3db16496e5a462d558dc2925887f835f9891,main,975426015,1,94702,94702,0,0,1,DONE,DONE,719,719,1,,4.31
p3066_c001_v51,784b5c11540d3349,kaggle-environments 1.32.7,a52ba1bfe9df9dc1d504550af46744ef8d474797cdba7af2412dc40a3ebdf3b8,main,c1e3590d02e42d16091c5377e87a3db16496e5a462d558dc2925887f835f9891,main,976872641,0,108905,108904,1,0,0,DONE,DONE,719,719,1,,4.25
p3066_c001_v51,784b5c11540d3349,kaggle-environments 1.32.7,a52ba1bfe9df9dc1d504550af46744ef8d474797cdba7af2412dc40a3ebdf3b8,main,c1e3590d02e42d16091c5377e87a3db16496e5a462d558dc2925887f835f9891,main,976872641,1,108905,108904,1,0,0,DONE,DONE,719,719,1,,4.36
p3066_c001_v51,784b5c11540d3349,kaggle-environments 1.32.7,a52ba1bfe9df9dc1d504550af46744ef8d474797cdba7af2412dc40a3ebdf3b8,main,c1e3590d02e42d16091c5377e87a3db16496e5a462d558dc2925887f835f9891,main,977902658,0,91835,91853,0,1,0,DONE,DONE,719,719,1,,4.45
p3066_c001_v51,784b5c11540d3349,kaggle-environments 1.32.7,a52ba1bfe9df9dc1d504550af46744ef8d474797cdba7af2412dc40a3ebdf3b8,main,c1e3590d02e42d16091c5377e87a3db16496e5a462d558dc2925887f835f9891,main,977902658,1,91835,91853,0,1,0,DONE,DONE,719,719,1,,4.33
p3066_c001_v51,784b5c11540d3349,kaggle-environments 1.32.7,a52ba1bfe9df9dc1d504550af46744ef8d474797cdba7af2412dc40a3ebdf3b8,main,c1e3590d02e42d16091c5377e87a3db16496e5a462d558dc2925887f835f9891,main,979178680,0,105281,105278,1,0,0,DONE,DONE,719,719,1,,4.39
p3066_c001_v51,784b5c11540d3349,kaggle-environments 1.32.7,a52ba1bfe9df9dc1d504550af46744ef8d474797cdba7af2412dc40a3ebdf3b8,main,c1e3590d02e42d16091c5377e87a3db16496e5a462d558dc2925887f835f9891,main,979178680,1,105281,105278,1,0,0,DONE,DONE,719,719,1,,4.29
p3066_c001_v51,784b5c11540d3349,kaggle-environments 1.32.7,a52ba1bfe9df9dc1d504550af46744ef8d474797cdba7af2412dc40a3ebdf3b8,main,c1e3590d02e42d16091c5377e87a3db16496e5a462d558dc2925887f835f9891,main,980346889,0,59403,59403,0,0,1,DONE,DONE,719,719,1,,4.57
p3066_c001_v51,784b5c11540d3349,kaggle-environments 1.32.7,a52ba1bfe9df9dc1d504550af46744ef8d474797cdba7af2412dc40a3ebdf3b8,main,c1e3590d02e42d16091c5377e87a3db16496e5a462d558dc2925887f835f9891,main,980346889,1,59403,59403,0,0,1,DONE,DONE,719,719,1,,4.48
p3066_c001_v51,784b5c11540d3349,kaggle-environments 1.32.7,a52ba1bfe9df9dc1d504550af46744ef8d474797cdba7af2412dc40a3ebdf3b8,main,c1e3590d02e42d16091c5377e87a3db16496e5a462d558dc2925887f835f9891,main,980414572,0,94665,94665,0,0,1,DONE,DONE,719,719,1,,4.52
p3066_c001_v51,784b5c11540d3349,kaggle-environments 1.32.7,a52ba1bfe9df9dc1d504550af46744ef8d474797cdba7af2412dc40a3ebdf3b8,main,c1e3590d02e42d16091c5377e87a3db16496e5a462d558dc2925887f835f9891,main,980414572,1,94665,94665,0,0,1,DONE,DONE,719,719,1,,4.57
p3066_c001_v51,784b5c11540d3349,kaggle-environments 1.32.7,a52ba1bfe9df9dc1d504550af46744ef8d474797cdba7af2412dc40a3ebdf3b8,main,c1e3590d02e42d16091c5377e87a3db16496e5a462d558dc2925887f835f9891,main,981603125,0,102941,102860,1,0,0,DONE,DONE,719,719,1,,4.83
p3066_c001_v51,784b5c11540d3349,kaggle-environments 1.32.7,a52ba1bfe9df9dc1d504550af46744ef8d474797cdba7af2412dc40a3ebdf3b8,main,c1e3590d02e42d16091c5377e87a3db16496e5a462d558dc2925887f835f9891,main,981603125,1,102941,102860,1,0,0,DONE,DONE,719,719,1,,4.5
p3066_c001_v51,784b5c11540d3349,kaggle-environments 1.32.7,a52ba1bfe9df9dc1d504550af46744ef8d474797cdba7af2412dc40a3ebdf3b8,main,c1e3590d02e42d16091c5377e87a3db16496e5a462d558dc2925887f835f9891,main,984964294,0,88945,88925,1,0,0,DONE,DONE,719,719,1,,4.27
p3066_c001_v51,784b5c11540d3349,kaggle-environments 1.32.7,a52ba1bfe9df9dc1d504550af46744ef8d474797cdba7af2412dc40a3ebdf3b8,main,c1e3590d02e42d16091c5377e87a3db16496e5a462d558dc2925887f835f9891,main,984964294,1,88945,88925,1,0,0,DONE,DONE,719,719,1,,4.67
p3066_c001_v51,784b5c11540d3349,kaggle-environments 1.32.7,a52ba1bfe9df9dc1d504550af46744ef8d474797cdba7af2412dc40a3ebdf3b8,main,c1e3590d02e42d16091c5377e87a3db16496e5a462d558dc2925887f835f9891,main,985340199,0,99594,99530,1,0,0,DONE,DONE,719,719,1,,4.23
p3066_c001_v51,784b5c11540d3349,kaggle-environments 1.32.7,a52ba1bfe9df9dc1d504550af46744ef8d474797cdba7af2412dc40a3ebdf3b8,main,c1e3590d02e42d16091c5377e87a3db16496e5a462d558dc2925887f835f9891,main,985340199,1,99594,99530,1,0,0,DONE,DONE,719,719,1,,4.18
p3066_c001_v51,784b5c11540d3349,kaggle-environments 1.32.7,a52ba1bfe9df9dc1d504550af46744ef8d474797cdba7af2412dc40a3ebdf3b8,main,c1e3590d02e42d16091c5377e87a3db16496e5a462d558dc2925887f835f9891,main,985497414,0,118763,118261,1,0,0,DONE,DONE,719,719,1,,4.36
p3066_c001_v51,784b5c11540d3349,kaggle-environments 1.32.7,a52ba1bfe9df9dc1d504550af46744ef8d474797cdba7af2412dc40a3ebdf3b8,main,c1e3590d02e42d16091c5377e87a3db16496e5a462d558dc2925887f835f9891,main,985497414,1,118763,118261,1,0,0,DONE,DONE,719,719,1,,4.24
p3066_c001_v51,784b5c11540d3349,kaggle-environments 1.32.7,a52ba1bfe9df9dc1d504550af46744ef8d474797cdba7af2412dc40a3ebdf3b8,main,c1e3590d02e42d16091c5377e87a3db16496e5a462d558dc2925887f835f9891,main,988078519,0,77703,77688,1,0,0,DONE,DONE,719,719,1,,4.34
p3066_c001_v51,784b5c11540d3349,kaggle-environments 1.32.7,a52ba1bfe9df9dc1d504550af46744ef8d474797cdba7af2412dc40a3ebdf3b8,main,c1e3590d02e42d16091c5377e87a3db16496e5a462d558dc2925887f835f9891,main,988078519,1,77703,77688,1,0,0,DONE,DONE,719,719,1,,4.44
p3066_c001_v51,784b5c11540d3349,kaggle-environments 1.32.7,a52ba1bfe9df9dc1d504550af46744ef8d474797cdba7af2412dc40a3ebdf3b8,main,c1e3590d02e42d16091c5377e87a3db16496e5a462d558dc2925887f835f9891,main,989720844,0,117674,117673,1,0,0,DONE,DONE,719,719,1,,4.34
p3066_c001_v51,784b5c11540d3349,kaggle-environments 1.32.7,a52ba1bfe9df9dc1d504550af46744ef8d474797cdba7af2412dc40a3ebdf3b8,main,c1e3590d02e42d16091c5377e87a3db16496e5a462d558dc2925887f835f9891,main,989720844,1,117674,117673,1,0,0,DONE,DONE,719,719,1,,4.36
p3066_c001_v51,784b5c11540d3349,kaggle-environments 1.32.7,a52ba1bfe9df9dc1d504550af46744ef8d474797cdba7af2412dc40a3ebdf3b8,main,c1e3590d02e42d16091c5377e87a3db16496e5a462d558dc2925887f835f9891,main,990052526,0,148656,148592,1,0,0,DONE,DONE,719,719,1,,4.55
p3066_c001_v51,784b5c11540d3349,kaggle-environments 1.32.7,a52ba1bfe9df9dc1d504550af46744ef8d474797cdba7af2412dc40a3ebdf3b8,main,c1e3590d02e42d16091c5377e87a3db16496e5a462d558dc2925887f835f9891,main,990052526,1,148656,148592,1,0,0,DONE,DONE,719,719,1,,4.11
p3066_c001_v51,784b5c11540d3349,kaggle-environments 1.32.7,a52ba1bfe9df9dc1d504550af46744ef8d474797cdba7af2412dc40a3ebdf3b8,main,c1e3590d02e42d16091c5377e87a3db16496e5a462d558dc2925887f835f9891,main,990179768,0,60283,60258,1,0,0,DONE,DONE,719,719,1,,4.37
p3066_c001_v51,784b5c11540d3349,kaggle-environments 1.32.7,a52ba1bfe9df9dc1d504550af46744ef8d474797cdba7af2412dc40a3ebdf3b8,main,c1e3590d02e42d16091c5377e87a3db16496e5a462d558dc2925887f835f9891,main,990179768,1,60283,60258,1,0,0,DONE,DONE,719,719,1,,4.38
p3066_c001_v51,784b5c11540d3349,kaggle-environments 1.32.7,a52ba1bfe9df9dc1d504550af46744ef8d474797cdba7af2412dc40a3ebdf3b8,main,c1e3590d02e42d16091c5377e87a3db16496e5a462d558dc2925887f835f9891,main,991126097,0,120556,120123,1,0,0,DONE,DONE,719,719,1,,4.16
p3066_c001_v51,784b5c11540d3349,kaggle-environments 1.32.7,a52ba1bfe9df9dc1d504550af46744ef8d474797cdba7af2412dc40a3ebdf3b8,main,c1e3590d02e42d16091c5377e87a3db16496e5a462d558dc2925887f835f9891,main,991126097,1,120556,120123,1,0,0,DONE,DONE,719,719,1,,4.44
p3066_c001_v51,784b5c11540d3349,kaggle-environments 1.32.7,a52ba1bfe9df9dc1d504550af46744ef8d474797cdba7af2412dc40a3ebdf3b8,main,c1e3590d02e42d16091c5377e87a3db16496e5a462d558dc2925887f835f9891,main,992061465,0,107928,107928,0,0,1,DONE,DONE,719,719,1,,4.5
p3066_c001_v51,784b5c11540d3349,kaggle-environments 1.32.7,a52ba1bfe9df9dc1d504550af46744ef8d474797cdba7af2412dc40a3ebdf3b8,main,c1e3590d02e42d16091c5377e87a3db16496e5a462d558dc2925887f835f9891,main,992061465,1,107928,107928,0,0,1,DONE,DONE,719,719,1,,4.33
p3066_c001_v51,784b5c11540d3349,kaggle-environments 1.32.7,a52ba1bfe9df9dc1d504550af46744ef8d474797cdba7af2412dc40a3ebdf3b8,main,c1e3590d02e42d16091c5377e87a3db16496e5a462d558dc2925887f835f9891,main,994487214,0,66774,66771,1,0,0,DONE,DONE,719,719,1,,4.69
p3066_c001_v51,784b5c11540d3349,kaggle-environments 1.32.7,a52ba1bfe9df9dc1d504550af46744ef8d474797cdba7af2412dc40a3ebdf3b8,main,c1e3590d02e42d16091c5377e87a3db16496e5a462d558dc2925887f835f9891,main,994487214,1,66774,66771,1,0,0,DONE,DONE,719,719,1,,4.21
p3066_c001_v51,784b5c11540d3349,kaggle-environments 1.32.7,a52ba1bfe9df9dc1d504550af46744ef8d474797cdba7af2412dc40a3ebdf3b8,main,c1e3590d02e42d16091c5377e87a3db16496e5a462d558dc2925887f835f9891,main,995256657,0,93482,93482,0,0,1,DONE,DONE,719,719,1,,4.61
p3066_c001_v51,784b5c11540d3349,kaggle-environments 1.32.7,a52ba1bfe9df9dc1d504550af46744ef8d474797cdba7af2412dc40a3ebdf3b8,main,c1e3590d02e42d16091c5377e87a3db16496e5a462d558dc2925887f835f9891,main,995256657,1,93482,93482,0,0,1,DONE,DONE,719,719,1,,4.31
p3066_c001_v51,784b5c11540d3349,kaggle-environments 1.32.7,a52ba1bfe9df9dc1d504550af46744ef8d474797cdba7af2412dc40a3ebdf3b8,main,c1e3590d02e42d16091c5377e87a3db16496e5a462d558dc2925887f835f9891,main,995893507,0,74958,74911,1,0,0,DONE,DONE,719,719,1,,4.64
p3066_c001_v51,784b5c11540d3349,kaggle-environments 1.32.7,a52ba1bfe9df9dc1d504550af46744ef8d474797cdba7af2412dc40a3ebdf3b8,main,c1e3590d02e42d16091c5377e87a3db16496e5a462d558dc2925887f835f9891,main,995893507,1,74958,74911,1,0,0,DONE,DONE,719,719,1,,4.39
p3066_c001_v51,784b5c11540d3349,kaggle-environments 1.32.7,a52ba1bfe9df9dc1d504550af46744ef8d474797cdba7af2412dc40a3ebdf3b8,main,c1e3590d02e42d16091c5377e87a3db16496e5a462d558dc2925887f835f9891,main,999700394,0,97629,97626,1,0,0,DONE,DONE,719,719,1,,4.22
p3066_c001_v51,784b5c11540d3349,kaggle-environments 1.32.7,a52ba1bfe9df9dc1d504550af46744ef8d474797cdba7af2412dc40a3ebdf3b8,main,c1e3590d02e42d16091c5377e87a3db16496e5a462d558dc2925887f835f9891,main,999700394,1,97629,97626,1,0,0,DONE,DONE,719,719,1,,4.42
p3066_c001_v51,784b5c11540d3349,kaggle-environments 1.32.7,a52ba1bfe9df9dc1d504550af46744ef8d474797cdba7af2412dc40a3ebdf3b8,main,c1e3590d02e42d16091c5377e87a3db16496e5a462d558dc2925887f835f9891,main,1000810244,0,104703,104703,0,0,1,DONE,DONE,719,719,1,,4.51
p3066_c001_v51,784b5c11540d3349,kaggle-environments 1.32.7,a52ba1bfe9df9dc1d504550af46744ef8d474797cdba7af2412dc40a3ebdf3b8,main,c1e3590d02e42d16091c5377e87a3db16496e5a462d558dc2925887f835f9891,main,1000810244,1,104703,104703,0,0,1,DONE,DONE,719,719,1,,4.47
p3066_c001_v51,784b5c11540d3349,kaggle-environments 1.32.7,a52ba1bfe9df9dc1d504550af46744ef8d474797cdba7af2412dc40a3ebdf3b8,main,c1e3590d02e42d16091c5377e87a3db16496e5a462d558dc2925887f835f9891,main,1003542336,0,74707,74660,1,0,0,DONE,DONE,719,719,1,,4.41
p3066_c001_v51,784b5c11540d3349,kaggle-environments 1.32.7,a52ba1bfe9df9dc1d504550af46744ef8d474797cdba7af2412dc40a3ebdf3b8,main,c1e3590d02e42d16091c5377e87a3db16496e5a462d558dc2925887f835f9891,main,1003542336,1,74707,74660,1,0,0,DONE,DONE,719,719,1,,4.46
p3066_c001_v51,784b5c11540d3349,kaggle-environments 1.32.7,a52ba1bfe9df9dc1d504550af46744ef8d474797cdba7af2412dc40a3ebdf3b8,main,c1e3590d02e42d16091c5377e87a3db16496e5a462d558dc2925887f835f9891,main,1004031388,0,144507,144444,1,0,0,DONE,DONE,719,719,1,,4.36
p3066_c001_v51,784b5c11540d3349,kaggle-environments 1.32.7,a52ba1bfe9df9dc1d504550af46744ef8d474797cdba7af2412dc40a3ebdf3b8,main,c1e3590d02e42d16091c5377e87a3db16496e5a462d558dc2925887f835f9891,main,1004031388,1,144507,144444,1,0,0,DONE,DONE,719,719,1,,4.9
p3066_c001_v51,784b5c11540d3349,kaggle-environments 1.32.7,a52ba1bfe9df9dc1d504550af46744ef8d474797cdba7af2412dc40a3ebdf3b8,main,c1e3590d02e42d16091c5377e87a3db16496e5a462d558dc2925887f835f9891,main,1007517624,0,118091,118096,0,1,0,DONE,DONE,719,719,1,,4.39
p3066_c001_v51,784b5c11540d3349,kaggle-environments 1.32.7,a52ba1bfe9df9dc1d504550af46744ef8d474797cdba7af2412dc40a3ebdf3b8,main,c1e3590d02e42d16091c5377e87a3db16496e5a462d558dc2925887f835f9891,main,1007517624,1,118091,118096,0,1,0,DONE,DONE,719,719,1,,4.56
p3066_c001_v51,784b5c11540d3349,kaggle-environments 1.32.7,a52ba1bfe9df9dc1d504550af46744ef8d474797cdba7af2412dc40a3ebdf3b8,main,c1e3590d02e42d16091c5377e87a3db16496e5a462d558dc2925887f835f9891,main,1008637882,0,87969,87969,0,0,1,DONE,DONE,719,719,1,,4.34
p3066_c001_v51,784b5c11540d3349,kaggle-environments 1.32.7,a52ba1bfe9df9dc1d504550af46744ef8d474797cdba7af2412dc40a3ebdf3b8,main,c1e3590d02e42d16091c5377e87a3db16496e5a462d558dc2925887f835f9891,main,1008637882,1,87969,87969,0,0,1,DONE,DONE,719,719,1,,4.68
p3066_c001_v51,784b5c11540d3349,kaggle-environments 1.32.7,a52ba1bfe9df9dc1d504550af46744ef8d474797cdba7af2412dc40a3ebdf3b8,main,c1e3590d02e42d16091c5377e87a3db16496e5a462d558dc2925887f835f9891,main,1009195572,0,78121,78173,0,1,0,DONE,DONE,719,719,1,,5.17
p3066_c001_v51,784b5c11540d3349,kaggle-environments 1.32.7,a52ba1bfe9df9dc1d504550af46744ef8d474797cdba7af2412dc40a3ebdf3b8,main,c1e3590d02e42d16091c5377e87a3db16496e5a462d558dc2925887f835f9891,main,1009195572,1,78121,78173,0,1,0,DONE,DONE,719,719,1,,4.97
p3066_c001_v51,784b5c11540d3349,kaggle-environments 1.32.7,a52ba1bfe9df9dc1d504550af46744ef8d474797cdba7af2412dc40a3ebdf3b8,main,c1e3590d02e42d16091c5377e87a3db16496e5a462d558dc2925887f835f9891,main,1013007047,0,94689,94684,1,0,0,DONE,DONE,719,719,1,,4.82
p3066_c001_v51,784b5c11540d3349,kaggle-environments 1.32.7,a52ba1bfe9df9dc1d504550af46744ef8d474797cdba7af2412dc40a3ebdf3b8,main,c1e3590d02e42d16091c5377e87a3db16496e5a462d558dc2925887f835f9891,main,1013007047,1,94689,94684,1,0,0,DONE,DONE,719,719,1,,4.73
p3066_c001_v51,784b5c11540d3349,kaggle-environments 1.32.7,a52ba1bfe9df9dc1d504550af46744ef8d474797cdba7af2412dc40a3ebdf3b8,main,c1e3590d02e42d16091c5377e87a3db16496e5a462d558dc2925887f835f9891,main,1019996172,0,80316,80304,1,0,0,DONE,DONE,719,719,1,,4.2
p3066_c001_v51,784b5c11540d3349,kaggle-environments 1.32.7,a52ba1bfe9df9dc1d504550af46744ef8d474797cdba7af2412dc40a3ebdf3b8,main,c1e3590d02e42d16091c5377e87a3db16496e5a462d558dc2925887f835f9891,main,1019996172,1,80316,80304,1,0,0,DONE,DONE,719,719,1,,4.43
p3066_c001_v51,784b5c11540d3349,kaggle-environments 1.32.7,a52ba1bfe9df9dc1d504550af46744ef8d474797cdba7af2412dc40a3ebdf3b8,main,c1e3590d02e42d16091c5377e87a3db16496e5a462d558dc2925887f835f9891,main,1021515676,0,96850,96854,0,1,0,DONE,DONE,719,719,1,,4.8
p3066_c001_v51,784b5c11540d3349,kaggle-environments 1.32.7,a52ba1bfe9df9dc1d504550af46744ef8d474797cdba7af2412dc40a3ebdf3b8,main,c1e3590d02e42d16091c5377e87a3db16496e5a462d558dc2925887f835f9891,main,1021515676,1,96850,96854,0,1,0,DONE,DONE,719,719,1,,4.7
p3066_c001_v51,784b5c11540d3349,kaggle-environments 1.32.7,a52ba1bfe9df9dc1d504550af46744ef8d474797cdba7af2412dc40a3ebdf3b8,main,c1e3590d02e42d16091c5377e87a3db16496e5a462d558dc2925887f835f9891,main,1021819996,0,104696,104303,1,0,0,DONE,DONE,719,719,1,,4.57
p3066_c001_v51,784b5c11540d3349,kaggle-environments 1.32.7,a52ba1bfe9df9dc1d504550af46744ef8d474797cdba7af2412dc40a3ebdf3b8,main,c1e3590d02e42d16091c5377e87a3db16496e5a462d558dc2925887f835f9891,main,1021819996,1,104696,104303,1,0,0,DONE,DONE,719,719,1,,4.4
p3066_c001_v51,784b5c11540d3349,kaggle-environments 1.32.7,a52ba1bfe9df9dc1d504550af46744ef8d474797cdba7af2412dc40a3ebdf3b8,main,c1e3590d02e42d16091c5377e87a3db16496e5a462d558dc2925887f835f9891,main,1023057527,0,86425,86425,0,0,1,DONE,DONE,719,719,1,,4.95
p3066_c001_v51,784b5c11540d3349,kaggle-environments 1.32.7,a52ba1bfe9df9dc1d504550af46744ef8d474797cdba7af2412dc40a3ebdf3b8,main,c1e3590d02e42d16091c5377e87a3db16496e5a462d558dc2925887f835f9891,main,1023057527,1,86425,86425,0,0,1,DONE,DONE,719,719,1,,4.71
p3066_c001_v51,784b5c11540d3349,kaggle-environments 1.32.7,a52ba1bfe9df9dc1d504550af46744ef8d474797cdba7af2412dc40a3ebdf3b8,main,c1e3590d02e42d16091c5377e87a3db16496e5a462d558dc2925887f835f9891,main,1025183762,0,105737,105741,0,1,0,DONE,DONE,719,719,1,,4.65
p3066_c001_v51,784b5c11540d3349,kaggle-environments 1.32.7,a52ba1bfe9df9dc1d504550af46744ef8d474797cdba7af2412dc40a3ebdf3b8,main,c1e3590d02e42d16091c5377e87a3db16496e5a462d558dc2925887f835f9891,main,1025183762,1,105737,105741,0,1,0,DONE,DONE,719,719,1,,4.54
p3066_c001_v51,784b5c11540d3349,kaggle-environments 1.32.7,a52ba1bfe9df9dc1d504550af46744ef8d474797cdba7af2412dc40a3ebdf3b8,main,c1e3590d02e42d16091c5377e87a3db16496e5a462d558dc2925887f835f9891,main,1029445810,0,137866,137713,1,0,0,DONE,DONE,719,719,1,,5.07
p3066_c001_v51,784b5c11540d3349,kaggle-environments 1.32.7,a52ba1bfe9df9dc1d504550af46744ef8d474797cdba7af2412dc40a3ebdf3b8,main,c1e3590d02e42d16091c5377e87a3db16496e5a462d558dc2925887f835f9891,main,1029445810,1,137866,137713,1,0,0,DONE,DONE,719,719,1,,4.69
p3066_c001_v51,784b5c11540d3349,kaggle-environments 1.32.7,a52ba1bfe9df9dc1d504550af46744ef8d474797cdba7af2412dc40a3ebdf3b8,main,c1e3590d02e42d16091c5377e87a3db16496e5a462d558dc2925887f835f9891,main,1032955368,0,79451,83099,0,1,0,DONE,DONE,719,719,1,,4.7
p3066_c001_v51,784b5c11540d3349,kaggle-environments 1.32.7,a52ba1bfe9df9dc1d504550af46744ef8d474797cdba7af2412dc40a3ebdf3b8,main,c1e3590d02e42d16091c5377e87a3db16496e5a462d558dc2925887f835f9891,main,1032955368,1,83099,79451,1,0,0,DONE,DONE,719,719,1,,4.75
p3066_c001_v51,784b5c11540d3349,kaggle-environments 1.32.7,a52ba1bfe9df9dc1d504550af46744ef8d474797cdba7af2412dc40a3ebdf3b8,main,c1e3590d02e42d16091c5377e87a3db16496e5a462d558dc2925887f835f9891,main,1035271655,0,81851,81847,1,0,0,DONE,DONE,719,719,1,,4.58
p3066_c001_v51,784b5c11540d3349,kaggle-environments 1.32.7,a52ba1bfe9df9dc1d504550af46744ef8d474797cdba7af2412dc40a3ebdf3b8,main,c1e3590d02e42d16091c5377e87a3db16496e5a462d558dc2925887f835f9891,main,1035271655,1,81851,81847,1,0,0,DONE,DONE,719,719,1,,4.61
p3066_c001_v51,784b5c11540d3349,kaggle-environments 1.32.7,a52ba1bfe9df9dc1d504550af46744ef8d474797cdba7af2412dc40a3ebdf3b8,main,c1e3590d02e42d16091c5377e87a3db16496e5a462d558dc2925887f835f9891,main,1035421940,0,83626,83524,1,0,0,DONE,DONE,719,719,1,,4.58
p3066_c001_v51,784b5c11540d3349,kaggle-environments 1.32.7,a52ba1bfe9df9dc1d504550af46744ef8d474797cdba7af2412dc40a3ebdf3b8,main,c1e3590d02e42d16091c5377e87a3db16496e5a462d558dc2925887f835f9891,main,1035421940,1,83626,83524,1,0,0,DONE,DONE,719,719,1,,4.53
p3066_c001_v51,784b5c11540d3349,kaggle-environments 1.32.7,a52ba1bfe9df9dc1d504550af46744ef8d474797cdba7af2412dc40a3ebdf3b8,main,c1e3590d02e42d16091c5377e87a3db16496e5a462d558dc2925887f835f9891,main,1044037877,0,88485,88485,0,0,1,DONE,DONE,719,719,1,,4.85
p3066_c001_v51,784b5c11540d3349,kaggle-environments 1.32.7,a52ba1bfe9df9dc1d504550af46744ef8d474797cdba7af2412dc40a3ebdf3b8,main,c1e3590d02e42d16091c5377e87a3db16496e5a462d558dc2925887f835f9891,main,1044037877,1,88485,88485,0,0,1,DONE,DONE,719,719,1,,4.69
p3066_c001_v51,784b5c11540d3349,kaggle-environments 1.32.7,a52ba1bfe9df9dc1d504550af46744ef8d474797cdba7af2412dc40a3ebdf3b8,main,c1e3590d02e42d16091c5377e87a3db16496e5a462d558dc2925887f835f9891,main,1044518372,0,103247,103242,1,0,0,DONE,DONE,719,719,1,,4.21
p3066_c001_v51,784b5c11540d3349,kaggle-environments 1.32.7,a52ba1bfe9df9dc1d504550af46744ef8d474797cdba7af2412dc40a3ebdf3b8,main,c1e3590d02e42d16091c5377e87a3db16496e5a462d558dc2925887f835f9891,main,1044518372,1,103247,103242,1,0,0,DONE,DONE,719,719,1,,4.58
p3066_c001_v51,784b5c11540d3349,kaggle-environments 1.32.7,a52ba1bfe9df9dc1d504550af46744ef8d474797cdba7af2412dc40a3ebdf3b8,main,c1e3590d02e42d16091c5377e87a3db16496e5a462d558dc2925887f835f9891,main,1046035060,0,83722,83725,0,1,0,DONE,DONE,719,719,1,,4.45
p3066_c001_v51,784b5c11540d3349,kaggle-environments 1.32.7,a52ba1bfe9df9dc1d504550af46744ef8d474797cdba7af2412dc40a3ebdf3b8,main,c1e3590d02e42d16091c5377e87a3db16496e5a462d558dc2925887f835f9891,main,1046035060,1,83722,83725,0,1,0,DONE,DONE,719,719,1,,4.61
p3066_c001_v51,784b5c11540d3349,kaggle-environments 1.32.7,a52ba1bfe9df9dc1d504550af46744ef8d474797cdba7af2412dc40a3ebdf3b8,main,c1e3590d02e42d16091c5377e87a3db16496e5a462d558dc2925887f835f9891,main,1049545150,0,144365,144363,1,0,0,DONE,DONE,719,719,1,,4.42
p3066_c001_v51,784b5c11540d3349,kaggle-environments 1.32.7,a52ba1bfe9df9dc1d504550af46744ef8d474797cdba7af2412dc40a3ebdf3b8,main,c1e3590d02e42d16091c5377e87a3db16496e5a462d558dc2925887f835f9891,main,1049545150,1,144365,144363,1,0,0,DONE,DONE,719,719,1,,4.28
p3066_c001_v51,784b5c11540d3349,kaggle-environments 1.32.7,a52ba1bfe9df9dc1d504550af46744ef8d474797cdba7af2412dc40a3ebdf3b8,main,c1e3590d02e42d16091c5377e87a3db16496e5a462d558dc2925887f835f9891,main,1050301730,0,92252,92160,1,0,0,DONE,DONE,719,719,1,,4.38
p3066_c001_v51,784b5c11540d3349,kaggle-environments 1.32.7,a52ba1bfe9df9dc1d504550af46744ef8d474797cdba7af2412dc40a3ebdf3b8,main,c1e3590d02e42d16091c5377e87a3db16496e5a462d558dc2925887f835f9891,main,1050301730,1,92252,92160,1,0,0,DONE,DONE,719,719,1,,4.27
p3066_c001_v51,784b5c11540d3349,kaggle-environments 1.32.7,a52ba1bfe9df9dc1d504550af46744ef8d474797cdba7af2412dc40a3ebdf3b8,main,c1e3590d02e42d16091c5377e87a3db16496e5a462d558dc2925887f835f9891,main,1051110846,0,101789,101766,1,0,0,DONE,DONE,719,719,1,,4.53
p3066_c001_v51,784b5c11540d3349,kaggle-environments 1.32.7,a52ba1bfe9df9dc1d504550af46744ef8d474797cdba7af2412dc40a3ebdf3b8,main,c1e3590d02e42d16091c5377e87a3db16496e5a462d558dc2925887f835f9891,main,1051110846,1,101789,101766,1,0,0,DONE,DONE,719,719,1,,4.64
p3066_c001_v51,784b5c11540d3349,kaggle-environments 1.32.7,a52ba1bfe9df9dc1d504550af46744ef8d474797cdba7af2412dc40a3ebdf3b8,main,c1e3590d02e42d16091c5377e87a3db16496e5a462d558dc2925887f835f9891,main,1052798484,0,77943,77947,0,1,0,DONE,DONE,719,719,1,,4.36
p3066_c001_v51,784b5c11540d3349,kaggle-environments 1.32.7,a52ba1bfe9df9dc1d504550af46744ef8d474797cdba7af2412dc40a3ebdf3b8,main,c1e3590d02e42d16091c5377e87a3db16496e5a462d558dc2925887f835f9891,main,1052798484,1,77943,77947,0,1,0,DONE,DONE,719,719,1,,4.51
p3066_c001_v51,784b5c11540d3349,kaggle-environments 1.32.7,a52ba1bfe9df9dc1d504550af46744ef8d474797cdba7af2412dc40a3ebdf3b8,main,c1e3590d02e42d16091c5377e87a3db16496e5a462d558dc2925887f835f9891,main,1053303763,0,117496,117500,0,1,0,DONE,DONE,719,719,1,,4.17
p3066_c001_v51,784b5c11540d3349,kaggle-environments 1.32.7,a52ba1bfe9df9dc1d504550af46744ef8d474797cdba7af2412dc40a3ebdf3b8,main,c1e3590d02e42d16091c5377e87a3db16496e5a462d558dc2925887f835f9891,main,1053303763,1,117496,117500,0,1,0,DONE,DONE,719,719,1,,4.36
p3066_c001_v51,784b5c11540d3349,kaggle-environments 1.32.7,a52ba1bfe9df9dc1d504550af46744ef8d474797cdba7af2412dc40a3ebdf3b8,main,c1e3590d02e42d16091c5377e87a3db16496e5a462d558dc2925887f835f9891,main,1053491400,0,129440,129299,1,0,0,DONE,DONE,719,719,1,,4.16
p3066_c001_v51,784b5c11540d3349,kaggle-environments 1.32.7,a52ba1bfe9df9dc1d504550af46744ef8d474797cdba7af2412dc40a3ebdf3b8,main,c1e3590d02e42d16091c5377e87a3db16496e5a462d558dc2925887f835f9891,main,1053491400,1,129440,129299,1,0,0,DONE,DONE,719,719,1,,4.18
p3066_c001_v51,784b5c11540d3349,kaggle-environments 1.32.7,a52ba1bfe9df9dc1d504550af46744ef8d474797cdba7af2412dc40a3ebdf3b8,main,c1e3590d02e42d16091c5377e87a3db16496e5a462d558dc2925887f835f9891,main,1053770544,0,118007,118002,1,0,0,DONE,DONE,719,719,1,,4.34
p3066_c001_v51,784b5c11540d3349,kaggle-environments 1.32.7,a52ba1bfe9df9dc1d504550af46744ef8d474797cdba7af2412dc40a3ebdf3b8,main,c1e3590d02e42d16091c5377e87a3db16496e5a462d558dc2925887f835f9891,main,1053770544,1,118007,118002,1,0,0,DONE,DONE,719,719,1,,4.77
p3066_c001_v51,784b5c11540d3349,kaggle-environments 1.32.7,a52ba1bfe9df9dc1d504550af46744ef8d474797cdba7af2412dc40a3ebdf3b8,main,c1e3590d02e42d16091c5377e87a3db16496e5a462d558dc2925887f835f9891,main,1054418618,0,140920,140918,1,0,0,DONE,DONE,719,719,1,,4.55
p3066_c001_v51,784b5c11540d3349,kaggle-environments 1.32.7,a52ba1bfe9df9dc1d504550af46744ef8d474797cdba7af2412dc40a3ebdf3b8,main,c1e3590d02e42d16091c5377e87a3db16496e5a462d558dc2925887f835f9891,main,1054418618,1,140920,140918,1,0,0,DONE,DONE,719,719,1,,4.38
p3066_c001_v51,784b5c11540d3349,kaggle-environments 1.32.7,a52ba1bfe9df9dc1d504550af46744ef8d474797cdba7af2412dc40a3ebdf3b8,main,c1e3590d02e42d16091c5377e87a3db16496e5a462d558dc2925887f835f9891,main,1055693804,0,116967,116966,1,0,0,DONE,DONE,719,719,1,,4.63
p3066_c001_v51,784b5c11540d3349,kaggle-environments 1.32.7,a52ba1bfe9df9dc1d504550af46744ef8d474797cdba7af2412dc40a3ebdf3b8,main,c1e3590d02e42d16091c5377e87a3db16496e5a462d558dc2925887f835f9891,main,1055693804,1,116967,116966,1,0,0,DONE,DONE,719,719,1,,4.28
p3066_c001_v51,784b5c11540d3349,kaggle-environments 1.32.7,a52ba1bfe9df9dc1d504550af46744ef8d474797cdba7af2412dc40a3ebdf3b8,main,c1e3590d02e42d16091c5377e87a3db16496e5a462d558dc2925887f835f9891,main,1056321518,0,73574,73570,1,0,0,DONE,DONE,719,719,1,,4.53
p3066_c001_v51,784b5c11540d3349,kaggle-environments 1.32.7,a52ba1bfe9df9dc1d504550af46744ef8d474797cdba7af2412dc40a3ebdf3b8,main,c1e3590d02e42d16091c5377e87a3db16496e5a462d558dc2925887f835f9891,main,1056321518,1,73574,73570,1,0,0,DONE,DONE,719,719,1,,4.25
p3066_c001_v51,784b5c11540d3349,kaggle-environments 1.32.7,a52ba1bfe9df9dc1d504550af46744ef8d474797cdba7af2412dc40a3ebdf3b8,main,c1e3590d02e42d16091c5377e87a3db16496e5a462d558dc2925887f835f9891,main,1056870283,0,96558,97876,0,1,0,DONE,DONE,719,719,1,,4.58
p3066_c001_v51,784b5c11540d3349,kaggle-environments 1.32.7,a52ba1bfe9df9dc1d504550af46744ef8d474797cdba7af2412dc40a3ebdf3b8,main,c1e3590d02e42d16091c5377e87a3db16496e5a462d558dc2925887f835f9891,main,1056870283,1,96558,97876,0,1,0,DONE,DONE,719,719,1,,4.44
p3066_c001_v51,784b5c11540d3349,kaggle-environments 1.32.7,a52ba1bfe9df9dc1d504550af46744ef8d474797cdba7af2412dc40a3ebdf3b8,main,c1e3590d02e42d16091c5377e87a3db16496e5a462d558dc2925887f835f9891,main,1058938463,0,123403,123403,0,0,1,DONE,DONE,719,719,1,,4.3
p3066_c001_v51,784b5c11540d3349,kaggle-environments 1.32.7,a52ba1bfe9df9dc1d504550af46744ef8d474797cdba7af2412dc40a3ebdf3b8,main,c1e3590d02e42d16091c5377e87a3db16496e5a462d558dc2925887f835f9891,main,1058938463,1,123403,123403,0,0,1,DONE,DONE,719,719,1,,4.53
p3066_c001_v51,784b5c11540d3349,kaggle-environments 1.32.7,a52ba1bfe9df9dc1d504550af46744ef8d474797cdba7af2412dc40a3ebdf3b8,main,c1e3590d02e42d16091c5377e87a3db16496e5a462d558dc2925887f835f9891,main,1059422864,0,68281,68221,1,0,0,DONE,DONE,719,719,1,,4.54
p3066_c001_v51,784b5c11540d3349,kaggle-environments 1.32.7,a52ba1bfe9df9dc1d504550af46744ef8d474797cdba7af2412dc40a3ebdf3b8,main,c1e3590d02e42d16091c5377e87a3db16496e5a462d558dc2925887f835f9891,main,1059422864,1,68281,68221,1,0,0,DONE,DONE,719,719,1,,4.49
p3066_c001_v51,784b5c11540d3349,kaggle-environments 1.32.7,a52ba1bfe9df9dc1d504550af46744ef8d474797cdba7af2412dc40a3ebdf3b8,main,c1e3590d02e42d16091c5377e87a3db16496e5a462d558dc2925887f835f9891,main,1059980553,0,101702,101702,0,0,1,DONE,DONE,719,719,1,,4.79
p3066_c001_v51,784b5c11540d3349,kaggle-environments 1.32.7,a52ba1bfe9df9dc1d504550af46744ef8d474797cdba7af2412dc40a3ebdf3b8,main,c1e3590d02e42d16091c5377e87a3db16496e5a462d558dc2925887f835f9891,main,1059980553,1,101702,101702,0,0,1,DONE,DONE,719,719,1,,4.68
p3066_c001_v51,784b5c11540d3349,kaggle-environments 1.32.7,a52ba1bfe9df9dc1d504550af46744ef8d474797cdba7af2412dc40a3ebdf3b8,main,c1e3590d02e42d16091c5377e87a3db16496e5a462d558dc2925887f835f9891,main,1062002424,0,95667,95659,1,0,0,DONE,DONE,719,719,1,,4.36
p3066_c001_v51,784b5c11540d3349,kaggle-environments 1.32.7,a52ba1bfe9df9dc1d504550af46744ef8d474797cdba7af2412dc40a3ebdf3b8,main,c1e3590d02e42d16091c5377e87a3db16496e5a462d558dc2925887f835f9891,main,1062002424,1,95667,95659,1,0,0,DONE,DONE,719,719,1,,4.67
p3066_c001_v51,784b5c11540d3349,kaggle-environments 1.32.7,a52ba1bfe9df9dc1d504550af46744ef8d474797cdba7af2412dc40a3ebdf3b8,main,c1e3590d02e42d16091c5377e87a3db16496e5a462d558dc2925887f835f9891,main,1063370765,0,113329,113327,1,0,0,DONE,DONE,719,719,1,,4.49
p3066_c001_v51,784b5c11540d3349,kaggle-environments 1.32.7,a52ba1bfe9df9dc1d504550af46744ef8d474797cdba7af2412dc40a3ebdf3b8,main,c1e3590d02e42d16091c5377e87a3db16496e5a462d558dc2925887f835f9891,main,1063370765,1,113329,113327,1,0,0,DONE,DONE,719,719,1,,4.89
p3066_c001_v51,784b5c11540d3349,kaggle-environments 1.32.7,a52ba1bfe9df9dc1d504550af46744ef8d474797cdba7af2412dc40a3ebdf3b8,main,c1e3590d02e42d16091c5377e87a3db16496e5a462d558dc2925887f835f9891,main,1064247403,0,64913,64911,1,0,0,DONE,DONE,719,719,1,,4.47
p3066_c001_v51,784b5c11540d3349,kaggle-environments 1.32.7,a52ba1bfe9df9dc1d504550af46744ef8d474797cdba7af2412dc40a3ebdf3b8,main,c1e3590d02e42d16091c5377e87a3db16496e5a462d558dc2925887f835f9891,main,1064247403,1,64913,64911,1,0,0,DONE,DONE,719,719,1,,4.17
p3066_c001_v51,784b5c11540d3349,kaggle-environments 1.32.7,a52ba1bfe9df9dc1d504550af46744ef8d474797cdba7af2412dc40a3ebdf3b8,main,c1e3590d02e42d16091c5377e87a3db16496e5a462d558dc2925887f835f9891,main,1064829531,0,126322,126158,1,0,0,DONE,DONE,719,719,1,,4.45
p3066_c001_v51,784b5c11540d3349,kaggle-environments 1.32.7,a52ba1bfe9df9dc1d504550af46744ef8d474797cdba7af2412dc40a3ebdf3b8,main,c1e3590d02e42d16091c5377e87a3db16496e5a462d558dc2925887f835f9891,main,1064829531,1,126322,126158,1,0,0,DONE,DONE,719,719,1,,4.65
p3066_c001_v51,784b5c11540d3349,kaggle-environments 1.32.7,a52ba1bfe9df9dc1d504550af46744ef8d474797cdba7af2412dc40a3ebdf3b8,main,c1e3590d02e42d16091c5377e87a3db16496e5a462d558dc2925887f835f9891,main,1067915326,0,73124,73049,1,0,0,DONE,DONE,719,719,1,,4.48
p3066_c001_v51,784b5c11540d3349,kaggle-environments 1.32.7,a52ba1bfe9df9dc1d504550af46744ef8d474797cdba7af2412dc40a3ebdf3b8,main,c1e3590d02e42d16091c5377e87a3db16496e5a462d558dc2925887f835f9891,main,1067915326,1,73124,73049,1,0,0,DONE,DONE,719,719,1,,4.33
p3066_c001_v51,784b5c11540d3349,kaggle-environments 1.32.7,a52ba1bfe9df9dc1d504550af46744ef8d474797cdba7af2412dc40a3ebdf3b8,main,c1e3590d02e42d16091c5377e87a3db16496e5a462d558dc2925887f835f9891,main,1068123878,0,103798,103696,1,0,0,DONE,DONE,719,719,1,,4.33
p3066_c001_v51,784b5c11540d3349,kaggle-environments 1.32.7,a52ba1bfe9df9dc1d504550af46744ef8d474797cdba7af2412dc40a3ebdf3b8,main,c1e3590d02e42d16091c5377e87a3db16496e5a462d558dc2925887f835f9891,main,1068123878,1,103798,103696,1,0,0,DONE,DONE,719,719,1,,4.44
p3066_c001_v51,784b5c11540d3349,kaggle-environments 1.32.7,a52ba1bfe9df9dc1d504550af46744ef8d474797cdba7af2412dc40a3ebdf3b8,main,c1e3590d02e42d16091c5377e87a3db16496e5a462d558dc2925887f835f9891,main,1071625791,0,57231,57231,0,0,1,DONE,DONE,719,719,1,,4.4
p3066_c001_v51,784b5c11540d3349,kaggle-environments 1.32.7,a52ba1bfe9df9dc1d504550af46744ef8d474797cdba7af2412dc40a3ebdf3b8,main,c1e3590d02e42d16091c5377e87a3db16496e5a462d558dc2925887f835f9891,main,1071625791,1,57231,57231,0,0,1,DONE,DONE,719,719,1,,4.66
p3066_c001_v51,784b5c11540d3349,kaggle-environments 1.32.7,a52ba1bfe9df9dc1d504550af46744ef8d474797cdba7af2412dc40a3ebdf3b8,main,c1e3590d02e42d16091c5377e87a3db16496e5a462d558dc2925887f835f9891,main,1071750641,0,59155,59117,1,0,0,DONE,DONE,719,719,1,,4.54
p3066_c001_v51,784b5c11540d3349,kaggle-environments 1.32.7,a52ba1bfe9df9dc1d504550af46744ef8d474797cdba7af2412dc40a3ebdf3b8,main,c1e3590d02e42d16091c5377e87a3db16496e5a462d558dc2925887f835f9891,main,1071750641,1,59155,59117,1,0,0,DONE,DONE,719,719,1,,4.28
p3066_c001_v51,784b5c11540d3349,kaggle-environments 1.32.7,a52ba1bfe9df9dc1d504550af46744ef8d474797cdba7af2412dc40a3ebdf3b8,main,c1e3590d02e42d16091c5377e87a3db16496e5a462d558dc2925887f835f9891,main,1076109572,0,71578,71569,1,0,0,DONE,DONE,719,719,1,,4.03
p3066_c001_v51,784b5c11540d3349,kaggle-environments 1.32.7,a52ba1bfe9df9dc1d504550af46744ef8d474797cdba7af2412dc40a3ebdf3b8,main,c1e3590d02e42d16091c5377e87a3db16496e5a462d558dc2925887f835f9891,main,1076109572,1,71578,71569,1,0,0,DONE,DONE,719,719,1,,4.58
p3066_c001_v51,784b5c11540d3349,kaggle-environments 1.32.7,a52ba1bfe9df9dc1d504550af46744ef8d474797cdba7af2412dc40a3ebdf3b8,main,c1e3590d02e42d16091c5377e87a3db16496e5a462d558dc2925887f835f9891,main,1076283350,0,92637,92561,1,0,0,DONE,DONE,719,719,1,,4.08
p3066_c001_v51,784b5c11540d3349,kaggle-environments 1.32.7,a52ba1bfe9df9dc1d504550af46744ef8d474797cdba7af2412dc40a3ebdf3b8,main,c1e3590d02e42d16091c5377e87a3db16496e5a462d558dc2925887f835f9891,main,1076283350,1,92637,92561,1,0,0,DONE,DONE,719,719,1,,4.18
p3066_c001_v51,784b5c11540d3349,kaggle-environments 1.32.7,a52ba1bfe9df9dc1d504550af46744ef8d474797cdba7af2412dc40a3ebdf3b8,main,c1e3590d02e42d16091c5377e87a3db16496e5a462d558dc2925887f835f9891,main,1076490134,0,83676,83675,1,0,0,DONE,DONE,719,719,1,,4.44
p3066_c001_v51,784b5c11540d3349,kaggle-environments 1.32.7,a52ba1bfe9df9dc1d504550af46744ef8d474797cdba7af2412dc40a3ebdf3b8,main,c1e3590d02e42d16091c5377e87a3db16496e5a462d558dc2925887f835f9891,main,1076490134,1,83676,83675,1,0,0,DONE,DONE,719,719,1,,4.29
p3066_c001_v51,784b5c11540d3349,kaggle-environments 1.32.7,a52ba1bfe9df9dc1d504550af46744ef8d474797cdba7af2412dc40a3ebdf3b8,main,c1e3590d02e42d16091c5377e87a3db16496e5a462d558dc2925887f835f9891,main,1077393784,0,116574,116572,1,0,0,DONE,DONE,719,719,1,,4.59
p3066_c001_v51,784b5c11540d3349,kaggle-environments 1.32.7,a52ba1bfe9df9dc1d504550af46744ef8d474797cdba7af2412dc40a3ebdf3b8,main,c1e3590d02e42d16091c5377e87a3db16496e5a462d558dc2925887f835f9891,main,1077393784,1,116574,116572,1,0,0,DONE,DONE,719,719,1,,4.28
p3066_c001_v51,784b5c11540d3349,kaggle-environments 1.32.7,a52ba1bfe9df9dc1d504550af46744ef8d474797cdba7af2412dc40a3ebdf3b8,main,c1e3590d02e42d16091c5377e87a3db16496e5a462d558dc2925887f835f9891,main,1078413127,0,95060,95046,1,0,0,DONE,DONE,719,719,1,,4.41
p3066_c001_v51,784b5c11540d3349,kaggle-environments 1.32.7,a52ba1bfe9df9dc1d504550af46744ef8d474797cdba7af2412dc40a3ebdf3b8,main,c1e3590d02e42d16091c5377e87a3db16496e5a462d558dc2925887f835f9891,main,1078413127,1,95060,95046,1,0,0,DONE,DONE,719,719,1,,4.49
p3066_c001_v51,784b5c11540d3349,kaggle-environments 1.32.7,a52ba1bfe9df9dc1d504550af46744ef8d474797cdba7af2412dc40a3ebdf3b8,main,c1e3590d02e42d16091c5377e87a3db16496e5a462d558dc2925887f835f9891,main,1078506012,0,82661,83266,0,1,0,DONE,DONE,719,719,1,,4.36
p3066_c001_v51,784b5c11540d3349,kaggle-environments 1.32.7,a52ba1bfe9df9dc1d504550af46744ef8d474797cdba7af2412dc40a3ebdf3b8,main,c1e3590d02e42d16091c5377e87a3db16496e5a462d558dc2925887f835f9891,main,1078506012,1,82550,83377,0,1,0,DONE,DONE,719,719,1,,4.56
p3066_c001_v51,784b5c11540d3349,kaggle-environments 1.32.7,a52ba1bfe9df9dc1d504550af46744ef8d474797cdba7af2412dc40a3ebdf3b8,main,c1e3590d02e42d16091c5377e87a3db16496e5a462d558dc2925887f835f9891,main,1078546661,0,122065,122062,1,0,0,DONE,DONE,719,719,1,,4.53
p3066_c001_v51,784b5c11540d3349,kaggle-environments 1.32.7,a52ba1bfe9df9dc1d504550af46744ef8d474797cdba7af2412dc40a3ebdf3b8,main,c1e3590d02e42d16091c5377e87a3db16496e5a462d558dc2925887f835f9891,main,1078546661,1,122065,122062,1,0,0,DONE,DONE,719,719,1,,4.49
p3066_c001_v51,784b5c11540d3349,kaggle-environments 1.32.7,a52ba1bfe9df9dc1d504550af46744ef8d474797cdba7af2412dc40a3ebdf3b8,main,c1e3590d02e42d16091c5377e87a3db16496e5a462d558dc2925887f835f9891,main,1080434211,0,98655,98628,1,0,0,DONE,DONE,719,719,1,,4.48
p3066_c001_v51,784b5c11540d3349,kaggle-environments 1.32.7,a52ba1bfe9df9dc1d504550af46744ef8d474797cdba7af2412dc40a3ebdf3b8,main,c1e3590d02e42d16091c5377e87a3db16496e5a462d558dc2925887f835f9891,main,1080434211,1,98655,98628,1,0,0,DONE,DONE,719,719,1,,4.29
p3066_c001_v51,784b5c11540d3349,kaggle-environments 1.32.7,a52ba1bfe9df9dc1d504550af46744ef8d474797cdba7af2412dc40a3ebdf3b8,main,c1e3590d02e42d16091c5377e87a3db16496e5a462d558dc2925887f835f9891,main,1080694309,0,120155,120155,0,0,1,DONE,DONE,719,719,1,,4.8
p3066_c001_v51,784b5c11540d3349,kaggle-environments 1.32.7,a52ba1bfe9df9dc1d504550af46744ef8d474797cdba7af2412dc40a3ebdf3b8,main,c1e3590d02e42d16091c5377e87a3db16496e5a462d558dc2925887f835f9891,main,1080694309,1,120155,120155,0,0,1,DONE,DONE,719,719,1,,4.33
p3066_c001_v51,784b5c11540d3349,kaggle-environments 1.32.7,a52ba1bfe9df9dc1d504550af46744ef8d474797cdba7af2412dc40a3ebdf3b8,main,c1e3590d02e42d16091c5377e87a3db16496e5a462d558dc2925887f835f9891,main,1082166263,0,76844,76820,1,0,0,DONE,DONE,719,719,1,,4.56
p3066_c001_v51,784b5c11540d3349,kaggle-environments 1.32.7,a52ba1bfe9df9dc1d504550af46744ef8d474797cdba7af2412dc40a3ebdf3b8,main,c1e3590d02e42d16091c5377e87a3db16496e5a462d558dc2925887f835f9891,main,1082166263,1,76844,76820,1,0,0,DONE,DONE,719,719,1,,4.29
p3066_c001_v51,784b5c11540d3349,kaggle-environments 1.32.7,a52ba1bfe9df9dc1d504550af46744ef8d474797cdba7af2412dc40a3ebdf3b8,main,c1e3590d02e42d16091c5377e87a3db16496e5a462d558dc2925887f835f9891,main,1082170693,0,110755,110601,1,0,0,DONE,DONE,719,719,1,,4.07
p3066_c001_v51,784b5c11540d3349,kaggle-environments 1.32.7,a52ba1bfe9df9dc1d504550af46744ef8d474797cdba7af2412dc40a3ebdf3b8,main,c1e3590d02e42d16091c5377e87a3db16496e5a462d558dc2925887f835f9891,main,1082170693,1,110755,110601,1,0,0,DONE,DONE,719,719,1,,4.2
p3066_c001_v51,784b5c11540d3349,kaggle-environments 1.32.7,a52ba1bfe9df9dc1d504550af46744ef8d474797cdba7af2412dc40a3ebdf3b8,main,c1e3590d02e42d16091c5377e87a3db16496e5a462d558dc2925887f835f9891,main,1084420597,0,89884,89868,1,0,0,DONE,DONE,719,719,1,,4.63
p3066_c001_v51,784b5c11540d3349,kaggle-environments 1.32.7,a52ba1bfe9df9dc1d504550af46744ef8d474797cdba7af2412dc40a3ebdf3b8,main,c1e3590d02e42d16091c5377e87a3db16496e5a462d558dc2925887f835f9891,main,1084420597,1,89884,89868,1,0,0,DONE,DONE,719,719,1,,4.59
p3066_c001_v51,784b5c11540d3349,kaggle-environments 1.32.7,a52ba1bfe9df9dc1d504550af46744ef8d474797cdba7af2412dc40a3ebdf3b8,main,c1e3590d02e42d16091c5377e87a3db16496e5a462d558dc2925887f835f9891,main,1086869697,0,119271,119271,0,0,1,DONE,DONE,719,719,1,,4.16
p3066_c001_v51,784b5c11540d3349,kaggle-environments 1.32.7,a52ba1bfe9df9dc1d504550af46744ef8d474797cdba7af2412dc40a3ebdf3b8,main,c1e3590d02e42d16091c5377e87a3db16496e5a462d558dc2925887f835f9891,main,1086869697,1,119271,119271,0,0,1,DONE,DONE,719,719,1,,4.44
p3066_c001_v51,784b5c11540d3349,kaggle-environments 1.32.7,a52ba1bfe9df9dc1d504550af46744ef8d474797cdba7af2412dc40a3ebdf3b8,main,c1e3590d02e42d16091c5377e87a3db16496e5a462d558dc2925887f835f9891,main,1088307232,0,82222,82207,1,0,0,DONE,DONE,719,719,1,,4.9
p3066_c001_v51,784b5c11540d3349,kaggle-environments 1.32.7,a52ba1bfe9df9dc1d504550af46744ef8d474797cdba7af2412dc40a3ebdf3b8,main,c1e3590d02e42d16091c5377e87a3db16496e5a462d558dc2925887f835f9891,main,1088307232,1,82222,82207,1,0,0,DONE,DONE,719,719,1,,4.5
p3066_c001_v51,784b5c11540d3349,kaggle-environments 1.32.7,a52ba1bfe9df9dc1d504550af46744ef8d474797cdba7af2412dc40a3ebdf3b8,main,c1e3590d02e42d16091c5377e87a3db16496e5a462d558dc2925887f835f9891,main,1091462566,0,117697,117696,1,0,0,DONE,DONE,719,719,1,,4.23
p3066_c001_v51,784b5c11540d3349,kaggle-environments 1.32.7,a52ba1bfe9df9dc1d504550af46744ef8d474797cdba7af2412dc40a3ebdf3b8,main,c1e3590d02e42d16091c5377e87a3db16496e5a462d558dc2925887f835f9891,main,1091462566,1,117697,117696,1,0,0,DONE,DONE,719,719,1,,4.75
p3066_c001_v51,784b5c11540d3349,kaggle-environments 1.32.7,a52ba1bfe9df9dc1d504550af46744ef8d474797cdba7af2412dc40a3ebdf3b8,main,c1e3590d02e42d16091c5377e87a3db16496e5a462d558dc2925887f835f9891,main,1091514343,0,67032,66976,1,0,0,DONE,DONE,719,719,1,,5.05
p3066_c001_v51,784b5c11540d3349,kaggle-environments 1.32.7,a52ba1bfe9df9dc1d504550af46744ef8d474797cdba7af2412dc40a3ebdf3b8,main,c1e3590d02e42d16091c5377e87a3db16496e5a462d558dc2925887f835f9891,main,1091514343,1,67032,66976,1,0,0,DONE,DONE,719,719,1,,4.51
p3066_c001_v51,784b5c11540d3349,kaggle-environments 1.32.7,a52ba1bfe9df9dc1d504550af46744ef8d474797cdba7af2412dc40a3ebdf3b8,main,c1e3590d02e42d16091c5377e87a3db16496e5a462d558dc2925887f835f9891,main,1092322281,0,101677,101551,1,0,0,DONE,DONE,719,719,1,,4.69
p3066_c001_v51,784b5c11540d3349,kaggle-environments 1.32.7,a52ba1bfe9df9dc1d504550af46744ef8d474797cdba7af2412dc40a3ebdf3b8,main,c1e3590d02e42d16091c5377e87a3db16496e5a462d558dc2925887f835f9891,main,1092322281,1,101677,101551,1,0,0,DONE,DONE,719,719,1,,4.83
p3066_c001_v51,784b5c11540d3349,kaggle-environments 1.32.7,a52ba1bfe9df9dc1d504550af46744ef8d474797cdba7af2412dc40a3ebdf3b8,main,c1e3590d02e42d16091c5377e87a3db16496e5a462d558dc2925887f835f9891,main,1094140670,0,99787,99786,1,0,0,DONE,DONE,719,719,1,,4.21
p3066_c001_v51,784b5c11540d3349,kaggle-environments 1.32.7,a52ba1bfe9df9dc1d504550af46744ef8d474797cdba7af2412dc40a3ebdf3b8,main,c1e3590d02e42d16091c5377e87a3db16496e5a462d558dc2925887f835f9891,main,1094140670,1,99787,99786,1,0,0,DONE,DONE,719,719,1,,4.3
p3066_c001_v51,784b5c11540d3349,kaggle-environments 1.32.7,a52ba1bfe9df9dc1d504550af46744ef8d474797cdba7af2412dc40a3ebdf3b8,main,c1e3590d02e42d16091c5377e87a3db16496e5a462d558dc2925887f835f9891,main,1096131152,0,73818,73801,1,0,0,DONE,DONE,719,719,1,,4.73
p3066_c001_v51,784b5c11540d3349,kaggle-environments 1.32.7,a52ba1bfe9df9dc1d504550af46744ef8d474797cdba7af2412dc40a3ebdf3b8,main,c1e3590d02e42d16091c5377e87a3db16496e5a462d558dc2925887f835f9891,main,1096131152,1,73818,73801,1,0,0,DONE,DONE,719,719,1,,4.6
p3066_c001_v51,784b5c11540d3349,kaggle-environments 1.32.7,a52ba1bfe9df9dc1d504550af46744ef8d474797cdba7af2412dc40a3ebdf3b8,main,c1e3590d02e42d16091c5377e87a3db16496e5a462d558dc2925887f835f9891,main,1097364178,0,123666,123644,1,0,0,DONE,DONE,719,719,1,,4.69
p3066_c001_v51,784b5c11540d3349,kaggle-environments 1.32.7,a52ba1bfe9df9dc1d504550af46744ef8d474797cdba7af2412dc40a3ebdf3b8,main,c1e3590d02e42d16091c5377e87a3db16496e5a462d558dc2925887f835f9891,main,1097364178,1,123666,123644,1,0,0,DONE,DONE,719,719,1,,4.45
p3066_c001_v51,784b5c11540d3349,kaggle-environments 1.32.7,a52ba1bfe9df9dc1d504550af46744ef8d474797cdba7af2412dc40a3ebdf3b8,main,c1e3590d02e42d16091c5377e87a3db16496e5a462d558dc2925887f835f9891,main,1099530277,0,96601,96727,0,1,0,DONE,DONE,719,719,1,,4.19
p3066_c001_v51,784b5c11540d3349,kaggle-environments 1.32.7,a52ba1bfe9df9dc1d504550af46744ef8d474797cdba7af2412dc40a3ebdf3b8,main,c1e3590d02e42d16091c5377e87a3db16496e5a462d558dc2925887f835f9891,main,1099530277,1,96727,96601,1,0,0,DONE,DONE,719,719,1,,4.23
p3066_c001_v51,784b5c11540d3349,kaggle-environments 1.32.7,a52ba1bfe9df9dc1d504550af46744ef8d474797cdba7af2412dc40a3ebdf3b8,main,c1e3590d02e42d16091c5377e87a3db16496e5a462d558dc2925887f835f9891,main,1101289592,0,115576,115607,0,1,0,DONE,DONE,719,719,1,,4.54
p3066_c001_v51,784b5c11540d3349,kaggle-environments 1.32.7,a52ba1bfe9df9dc1d504550af46744ef8d474797cdba7af2412dc40a3ebdf3b8,main,c1e3590d02e42d16091c5377e87a3db16496e5a462d558dc2925887f835f9891,main,1101289592,1,115576,115607,0,1,0,DONE,DONE,719,719,1,,4.09
p3066_c001_v51,784b5c11540d3349,kaggle-environments 1.32.7,a52ba1bfe9df9dc1d504550af46744ef8d474797cdba7af2412dc40a3ebdf3b8,main,c1e3590d02e42d16091c5377e87a3db16496e5a462d558dc2925887f835f9891,main,1109325984,0,88870,88870,0,0,1,DONE,DONE,719,719,1,,4.31
p3066_c001_v51,784b5c11540d3349,kaggle-environments 1.32.7,a52ba1bfe9df9dc1d504550af46744ef8d474797cdba7af2412dc40a3ebdf3b8,main,c1e3590d02e42d16091c5377e87a3db16496e5a462d558dc2925887f835f9891,main,1109325984,1,88870,88870,0,0,1,DONE,DONE,719,719,1,,4.54
p3066_c001_v51,784b5c11540d3349,kaggle-environments 1.32.7,a52ba1bfe9df9dc1d504550af46744ef8d474797cdba7af2412dc40a3ebdf3b8,main,c1e3590d02e42d16091c5377e87a3db16496e5a462d558dc2925887f835f9891,main,1111593401,0,61631,61570,1,0,0,DONE,DONE,719,719,1,,4.42
p3066_c001_v51,784b5c11540d3349,kaggle-environments 1.32.7,a52ba1bfe9df9dc1d504550af46744ef8d474797cdba7af2412dc40a3ebdf3b8,main,c1e3590d02e42d16091c5377e87a3db16496e5a462d558dc2925887f835f9891,main,1111593401,1,61631,61570,1,0,0,DONE,DONE,719,719,1,,4.4
p3066_c001_v51,784b5c11540d3349,kaggle-environments 1.32.7,a52ba1bfe9df9dc1d504550af46744ef8d474797cdba7af2412dc40a3ebdf3b8,main,c1e3590d02e42d16091c5377e87a3db16496e5a462d558dc2925887f835f9891,main,1113534569,0,80026,79597,1,0,0,DONE,DONE,719,719,1,,4.21
p3066_c001_v51,784b5c11540d3349,kaggle-environments 1.32.7,a52ba1bfe9df9dc1d504550af46744ef8d474797cdba7af2412dc40a3ebdf3b8,main,c1e3590d02e42d16091c5377e87a3db16496e5a462d558dc2925887f835f9891,main,1113534569,1,80026,79597,1,0,0,DONE,DONE,719,719,1,,4.11
p3066_c001_v51,784b5c11540d3349,kaggle-environments 1.32.7,a52ba1bfe9df9dc1d504550af46744ef8d474797cdba7af2412dc40a3ebdf3b8,main,c1e3590d02e42d16091c5377e87a3db16496e5a462d558dc2925887f835f9891,main,1114308355,0,80075,80069,1,0,0,DONE,DONE,719,719,1,,4.37
p3066_c001_v51,784b5c11540d3349,kaggle-environments 1.32.7,a52ba1bfe9df9dc1d504550af46744ef8d474797cdba7af2412dc40a3ebdf3b8,main,c1e3590d02e42d16091c5377e87a3db16496e5a462d558dc2925887f835f9891,main,1114308355,1,80075,80069,1,0,0,DONE,DONE,719,719,1,,4.34
p3066_c001_v51,784b5c11540d3349,kaggle-environments 1.32.7,a52ba1bfe9df9dc1d504550af46744ef8d474797cdba7af2412dc40a3ebdf3b8,main,c1e3590d02e42d16091c5377e87a3db16496e5a462d558dc2925887f835f9891,main,1115020116,0,144940,144937,1,0,0,DONE,DONE,719,719,1,,4.27
p3066_c001_v51,784b5c11540d3349,kaggle-environments 1.32.7,a52ba1bfe9df9dc1d504550af46744ef8d474797cdba7af2412dc40a3ebdf3b8,main,c1e3590d02e42d16091c5377e87a3db16496e5a462d558dc2925887f835f9891,main,1115020116,1,144940,144937,1,0,0,DONE,DONE,719,719,1,,4.21
p3066_c001_v51,784b5c11540d3349,kaggle-environments 1.32.7,a52ba1bfe9df9dc1d504550af46744ef8d474797cdba7af2412dc40a3ebdf3b8,main,c1e3590d02e42d16091c5377e87a3db16496e5a462d558dc2925887f835f9891,main,1115170125,0,82806,82753,1,0,0,DONE,DONE,719,719,1,,4.23
p3066_c001_v51,784b5c11540d3349,kaggle-environments 1.32.7,a52ba1bfe9df9dc1d504550af46744ef8d474797cdba7af2412dc40a3ebdf3b8,main,c1e3590d02e42d16091c5377e87a3db16496e5a462d558dc2925887f835f9891,main,1115170125,1,82806,82753,1,0,0,DONE,DONE,719,719,1,,4.48
p3066_c001_v51,784b5c11540d3349,kaggle-environments 1.32.7,a52ba1bfe9df9dc1d504550af46744ef8d474797cdba7af2412dc40a3ebdf3b8,main,c1e3590d02e42d16091c5377e87a3db16496e5a462d558dc2925887f835f9891,main,1115434211,0,85798,85788,1,0,0,DONE,DONE,719,719,1,,4.51
p3066_c001_v51,784b5c11540d3349,kaggle-environments 1.32.7,a52ba1bfe9df9dc1d504550af46744ef8d474797cdba7af2412dc40a3ebdf3b8,main,c1e3590d02e42d16091c5377e87a3db16496e5a462d558dc2925887f835f9891,main,1115434211,1,85798,85788,1,0,0,DONE,DONE,719,719,1,,4.14
p3066_c001_v51,784b5c11540d3349,kaggle-environments 1.32.7,a52ba1bfe9df9dc1d504550af46744ef8d474797cdba7af2412dc40a3ebdf3b8,main,c1e3590d02e42d16091c5377e87a3db16496e5a462d558dc2925887f835f9891,main,1117077517,0,85480,85440,1,0,0,DONE,DONE,719,719,1,,4.14
p3066_c001_v51,784b5c11540d3349,kaggle-environments 1.32.7,a52ba1bfe9df9dc1d504550af46744ef8d474797cdba7af2412dc40a3ebdf3b8,main,c1e3590d02e42d16091c5377e87a3db16496e5a462d558dc2925887f835f9891,main,1117077517,1,85480,85440,1,0,0,DONE,DONE,719,719,1,,4.14
p3066_c001_v51,784b5c11540d3349,kaggle-environments 1.32.7,a52ba1bfe9df9dc1d504550af46744ef8d474797cdba7af2412dc40a3ebdf3b8,main,c1e3590d02e42d16091c5377e87a3db16496e5a462d558dc2925887f835f9891,main,1122651069,0,79970,80097,0,1,0,DONE,DONE,719,719,1,,4.4
p3066_c001_v51,784b5c11540d3349,kaggle-environments 1.32.7,a52ba1bfe9df9dc1d504550af46744ef8d474797cdba7af2412dc40a3ebdf3b8,main,c1e3590d02e42d16091c5377e87a3db16496e5a462d558dc2925887f835f9891,main,1122651069,1,80092,79975,1,0,0,DONE,DONE,719,719,1,,4.51
p3066_c001_v51,784b5c11540d3349,kaggle-environments 1.32.7,a52ba1bfe9df9dc1d504550af46744ef8d474797cdba7af2412dc40a3ebdf3b8,main,c1e3590d02e42d16091c5377e87a3db16496e5a462d558dc2925887f835f9891,main,1126323244,0,89303,88805,1,0,0,DONE,DONE,719,719,1,,4.36
p3066_c001_v51,784b5c11540d3349,kaggle-environments 1.32.7,a52ba1bfe9df9dc1d504550af46744ef8d474797cdba7af2412dc40a3ebdf3b8,main,c1e3590d02e42d16091c5377e87a3db16496e5a462d558dc2925887f835f9891,main,1126323244,1,89303,88805,1,0,0,DONE,DONE,719,719,1,,4.19
p3066_c001_v51,784b5c11540d3349,kaggle-environments 1.32.7,a52ba1bfe9df9dc1d504550af46744ef8d474797cdba7af2412dc40a3ebdf3b8,main,c1e3590d02e42d16091c5377e87a3db16496e5a462d558dc2925887f835f9891,main,1126452007,0,107097,107081,1,0,0,DONE,DONE,719,719,1,,4.13
p3066_c001_v51,784b5c11540d3349,kaggle-environments 1.32.7,a52ba1bfe9df9dc1d504550af46744ef8d474797cdba7af2412dc40a3ebdf3b8,main,c1e3590d02e42d16091c5377e87a3db16496e5a462d558dc2925887f835f9891,main,1126452007,1,107097,107081,1,0,0,DONE,DONE,719,719,1,,4.22
p3066_c001_v51,784b5c11540d3349,kaggle-environments 1.32.7,a52ba1bfe9df9dc1d504550af46744ef8d474797cdba7af2412dc40a3ebdf3b8,main,c1e3590d02e42d16091c5377e87a3db16496e5a462d558dc2925887f835f9891,main,1126481514,0,100597,100593,1,0,0,DONE,DONE,719,719,1,,4.47
p3066_c001_v51,784b5c11540d3349,kaggle-environments 1.32.7,a52ba1bfe9df9dc1d504550af46744ef8d474797cdba7af2412dc40a3ebdf3b8,main,c1e3590d02e42d16091c5377e87a3db16496e5a462d558dc2925887f835f9891,main,1126481514,1,100597,100593,1,0,0,DONE,DONE,719,719,1,,4.49
p3066_c001_v51,784b5c11540d3349,kaggle-environments 1.32.7,a52ba1bfe9df9dc1d504550af46744ef8d474797cdba7af2412dc40a3ebdf3b8,main,c1e3590d02e42d16091c5377e87a3db16496e5a462d558dc2925887f835f9891,main,1126907374,0,112672,111892,1,0,0,DONE,DONE,719,719,1,,4.3
p3066_c001_v51,784b5c11540d3349,kaggle-environments 1.32.7,a52ba1bfe9df9dc1d504550af46744ef8d474797cdba7af2412dc40a3ebdf3b8,main,c1e3590d02e42d16091c5377e87a3db16496e5a462d558dc2925887f835f9891,main,1126907374,1,112672,111892,1,0,0,DONE,DONE,719,719,1,,4.24
p3066_c001_v51,784b5c11540d3349,kaggle-environments 1.32.7,a52ba1bfe9df9dc1d504550af46744ef8d474797cdba7af2412dc40a3ebdf3b8,main,c1e3590d02e42d16091c5377e87a3db16496e5a462d558dc2925887f835f9891,main,1127292416,0,96687,96687,0,0,1,DONE,DONE,719,719,1,,4.43
p3066_c001_v51,784b5c11540d3349,kaggle-environments 1.32.7,a52ba1bfe9df9dc1d504550af46744ef8d474797cdba7af2412dc40a3ebdf3b8,main,c1e3590d02e42d16091c5377e87a3db16496e5a462d558dc2925887f835f9891,main,1127292416,1,96687,96687,0,0,1,DONE,DONE,719,719,1,,4.23
p3066_c001_v51,784b5c11540d3349,kaggle-environments 1.32.7,a52ba1bfe9df9dc1d504550af46744ef8d474797cdba7af2412dc40a3ebdf3b8,main,c1e3590d02e42d16091c5377e87a3db16496e5a462d558dc2925887f835f9891,main,1129172228,0,115878,115878,0,0,1,DONE,DONE,719,719,1,,4.48
p3066_c001_v51,784b5c11540d3349,kaggle-environments 1.32.7,a52ba1bfe9df9dc1d504550af46744ef8d474797cdba7af2412dc40a3ebdf3b8,main,c1e3590d02e42d16091c5377e87a3db16496e5a462d558dc2925887f835f9891,main,1129172228,1,115878,115878,0,0,1,DONE,DONE,719,719,1,,4.19
p3066_c001_v51,784b5c11540d3349,kaggle-environments 1.32.7,a52ba1bfe9df9dc1d504550af46744ef8d474797cdba7af2412dc40a3ebdf3b8,main,c1e3590d02e42d16091c5377e87a3db16496e5a462d558dc2925887f835f9891,main,1131912892,0,88119,88119,0,0,1,DONE,DONE,719,719,1,,4.37
p3066_c001_v51,784b5c11540d3349,kaggle-environments 1.32.7,a52ba1bfe9df9dc1d504550af46744ef8d474797cdba7af2412dc40a3ebdf3b8,main,c1e3590d02e42d16091c5377e87a3db16496e5a462d558dc2925887f835f9891,main,1131912892,1,88119,88119,0,0,1,DONE,DONE,719,719,1,,4.48
p3066_c001_v51,784b5c11540d3349,kaggle-environments 1.32.7,a52ba1bfe9df9dc1d504550af46744ef8d474797cdba7af2412dc40a3ebdf3b8,main,c1e3590d02e42d16091c5377e87a3db16496e5a462d558dc2925887f835f9891,main,1132877687,0,93608,93589,1,0,0,DONE,DONE,719,719,1,,4.52
p3066_c001_v51,784b5c11540d3349,kaggle-environments 1.32.7,a52ba1bfe9df9dc1d504550af46744ef8d474797cdba7af2412dc40a3ebdf3b8,main,c1e3590d02e42d16091c5377e87a3db16496e5a462d558dc2925887f835f9891,main,1132877687,1,93608,93589,1,0,0,DONE,DONE,719,719,1,,4.35
p3066_c001_v51,784b5c11540d3349,kaggle-environments 1.32.7,a52ba1bfe9df9dc1d504550af46744ef8d474797cdba7af2412dc40a3ebdf3b8,main,c1e3590d02e42d16091c5377e87a3db16496e5a462d558dc2925887f835f9891,main,1137444326,0,148709,148705,1,0,0,DONE,DONE,719,719,1,,4.59
p3066_c001_v51,784b5c11540d3349,kaggle-environments 1.32.7,a52ba1bfe9df9dc1d504550af46744ef8d474797cdba7af2412dc40a3ebdf3b8,main,c1e3590d02e42d16091c5377e87a3db16496e5a462d558dc2925887f835f9891,main,1137444326,1,148709,148705,1,0,0,DONE,DONE,719,719,1,,4.49
p3066_c001_v51,784b5c11540d3349,kaggle-environments 1.32.7,a52ba1bfe9df9dc1d504550af46744ef8d474797cdba7af2412dc40a3ebdf3b8,main,c1e3590d02e42d16091c5377e87a3db16496e5a462d558dc2925887f835f9891,main,1138584134,0,89071,89071,0,0,1,DONE,DONE,719,719,1,,4.41
p3066_c001_v51,784b5c11540d3349,kaggle-environments 1.32.7,a52ba1bfe9df9dc1d504550af46744ef8d474797cdba7af2412dc40a3ebdf3b8,main,c1e3590d02e42d16091c5377e87a3db16496e5a462d558dc2925887f835f9891,main,1138584134,1,89071,89071,0,0,1,DONE,DONE,719,719,1,,4.51
p3066_c001_v51,784b5c11540d3349,kaggle-environments 1.32.7,a52ba1bfe9df9dc1d504550af46744ef8d474797cdba7af2412dc40a3ebdf3b8,main,c1e3590d02e42d16091c5377e87a3db16496e5a462d558dc2925887f835f9891,main,1140057583,0,75434,75417,1,0,0,DONE,DONE,719,719,1,,4.11
p3066_c001_v51,784b5c11540d3349,kaggle-environments 1.32.7,a52ba1bfe9df9dc1d504550af46744ef8d474797cdba7af2412dc40a3ebdf3b8,main,c1e3590d02e42d16091c5377e87a3db16496e5a462d558dc2925887f835f9891,main,1140057583,1,75434,75417,1,0,0,DONE,DONE,719,719,1,,4.35
p3066_c001_v51,784b5c11540d3349,kaggle-environments 1.32.7,a52ba1bfe9df9dc1d504550af46744ef8d474797cdba7af2412dc40a3ebdf3b8,main,c1e3590d02e42d16091c5377e87a3db16496e5a462d558dc2925887f835f9891,main,1142883444,0,95534,103349,0,1,0,DONE,DONE,719,719,1,,4.5
p3066_c001_v51,784b5c11540d3349,kaggle-environments 1.32.7,a52ba1bfe9df9dc1d504550af46744ef8d474797cdba7af2412dc40a3ebdf3b8,main,c1e3590d02e42d16091c5377e87a3db16496e5a462d558dc2925887f835f9891,main,1142883444,1,103346,95538,1,0,0,DONE,DONE,719,719,1,,4.33
p3066_c001_v51,784b5c11540d3349,kaggle-environments 1.32.7,a52ba1bfe9df9dc1d504550af46744ef8d474797cdba7af2412dc40a3ebdf3b8,main,c1e3590d02e42d16091c5377e87a3db16496e5a462d558dc2925887f835f9891,main,1146079968,0,110349,110283,1,0,0,DONE,DONE,719,719,1,,4.42
p3066_c001_v51,784b5c11540d3349,kaggle-environments 1.32.7,a52ba1bfe9df9dc1d504550af46744ef8d474797cdba7af2412dc40a3ebdf3b8,main,c1e3590d02e42d16091c5377e87a3db16496e5a462d558dc2925887f835f9891,main,1146079968,1,110349,110283,1,0,0,DONE,DONE,719,719,1,,4.11
p3066_c001_v51,784b5c11540d3349,kaggle-environments 1.32.7,a52ba1bfe9df9dc1d504550af46744ef8d474797cdba7af2412dc40a3ebdf3b8,main,c1e3590d02e42d16091c5377e87a3db16496e5a462d558dc2925887f835f9891,main,1146485122,0,78047,77962,1,0,0,DONE,DONE,719,719,1,,4.27
p3066_c001_v51,784b5c11540d3349,kaggle-environments 1.32.7,a52ba1bfe9df9dc1d504550af46744ef8d474797cdba7af2412dc40a3ebdf3b8,main,c1e3590d02e42d16091c5377e87a3db16496e5a462d558dc2925887f835f9891,main,1146485122,1,77967,78042,0,1,0,DONE,DONE,719,719,1,,4.26
p3066_c001_v51,784b5c11540d3349,kaggle-environments 1.32.7,a52ba1bfe9df9dc1d504550af46744ef8d474797cdba7af2412dc40a3ebdf3b8,main,c1e3590d02e42d16091c5377e87a3db16496e5a462d558dc2925887f835f9891,main,1146578822,0,74788,74809,0,1,0,DONE,DONE,719,719,1,,4.83
p3066_c001_v51,784b5c11540d3349,kaggle-environments 1.32.7,a52ba1bfe9df9dc1d504550af46744ef8d474797cdba7af2412dc40a3ebdf3b8,main,c1e3590d02e42d16091c5377e87a3db16496e5a462d558dc2925887f835f9891,main,1146578822,1,74788,74809,0,1,0,DONE,DONE,719,719,1,,4.69
p3066_c001_v51,784b5c11540d3349,kaggle-environments 1.32.7,a52ba1bfe9df9dc1d504550af46744ef8d474797cdba7af2412dc40a3ebdf3b8,main,c1e3590d02e42d16091c5377e87a3db16496e5a462d558dc2925887f835f9891,main,1147580519,0,68663,68663,0,0,1,DONE,DONE,719,719,1,,4.68
p3066_c001_v51,784b5c11540d3349,kaggle-environments 1.32.7,a52ba1bfe9df9dc1d504550af46744ef8d474797cdba7af2412dc40a3ebdf3b8,main,c1e3590d02e42d16091c5377e87a3db16496e5a462d558dc2925887f835f9891,main,1147580519,1,68663,68663,0,0,1,DONE,DONE,719,719,1,,4.28
p3066_c001_v51,784b5c11540d3349,kaggle-environments 1.32.7,a52ba1bfe9df9dc1d504550af46744ef8d474797cdba7af2412dc40a3ebdf3b8,main,c1e3590d02e42d16091c5377e87a3db16496e5a462d558dc2925887f835f9891,main,1150669065,0,102382,102380,1,0,0,DONE,DONE,719,719,1,,4.07
p3066_c001_v51,784b5c11540d3349,kaggle-environments 1.32.7,a52ba1bfe9df9dc1d504550af46744ef8d474797cdba7af2412dc40a3ebdf3b8,main,c1e3590d02e42d16091c5377e87a3db16496e5a462d558dc2925887f835f9891,main,1150669065,1,102382,102380,1,0,0,DONE,DONE,719,719,1,,4.28
p3066_c001_v51,784b5c11540d3349,kaggle-environments 1.32.7,a52ba1bfe9df9dc1d504550af46744ef8d474797cdba7af2412dc40a3ebdf3b8,main,c1e3590d02e42d16091c5377e87a3db16496e5a462d558dc2925887f835f9891,main,1153068383,0,78279,78279,0,0,1,DONE,DONE,719,719,1,,4.45
p3066_c001_v51,784b5c11540d3349,kaggle-environments 1.32.7,a52ba1bfe9df9dc1d504550af46744ef8d474797cdba7af2412dc40a3ebdf3b8,main,c1e3590d02e42d16091c5377e87a3db16496e5a462d558dc2925887f835f9891,main,1153068383,1,78279,78279,0,0,1,DONE,DONE,719,719,1,,4.38
p3066_c001_v51,784b5c11540d3349,kaggle-environments 1.32.7,a52ba1bfe9df9dc1d504550af46744ef8d474797cdba7af2412dc40a3ebdf3b8,main,c1e3590d02e42d16091c5377e87a3db16496e5a462d558dc2925887f835f9891,main,1154322938,0,73576,73581,0,1,0,DONE,DONE,719,719,1,,4.47
p3066_c001_v51,784b5c11540d3349,kaggle-environments 1.32.7,a52ba1bfe9df9dc1d504550af46744ef8d474797cdba7af2412dc40a3ebdf3b8,main,c1e3590d02e42d16091c5377e87a3db16496e5a462d558dc2925887f835f9891,main,1154322938,1,73576,73581,0,1,0,DONE,DONE,719,719,1,,4.25
p3066_c001_v51,784b5c11540d3349,kaggle-environments 1.32.7,a52ba1bfe9df9dc1d504550af46744ef8d474797cdba7af2412dc40a3ebdf3b8,main,c1e3590d02e42d16091c5377e87a3db16496e5a462d558dc2925887f835f9891,main,1154666303,0,86059,86037,1,0,0,DONE,DONE,719,719,1,,4.5
p3066_c001_v51,784b5c11540d3349,kaggle-environments 1.32.7,a52ba1bfe9df9dc1d504550af46744ef8d474797cdba7af2412dc40a3ebdf3b8,main,c1e3590d02e42d16091c5377e87a3db16496e5a462d558dc2925887f835f9891,main,1154666303,1,86059,86037,1,0,0,DONE,DONE,719,719,1,,4.38
p3066_c001_v51,784b5c11540d3349,kaggle-environments 1.32.7,a52ba1bfe9df9dc1d504550af46744ef8d474797cdba7af2412dc40a3ebdf3b8,main,c1e3590d02e42d16091c5377e87a3db16496e5a462d558dc2925887f835f9891,main,1155847751,0,102967,102966,1,0,0,DONE,DONE,719,719,1,,4.53
p3066_c001_v51,784b5c11540d3349,kaggle-environments 1.32.7,a52ba1bfe9df9dc1d504550af46744ef8d474797cdba7af2412dc40a3ebdf3b8,main,c1e3590d02e42d16091c5377e87a3db16496e5a462d558dc2925887f835f9891,main,1155847751,1,102967,102966,1,0,0,DONE,DONE,719,719,1,,4.52
p3066_c001_v51,784b5c11540d3349,kaggle-environments 1.32.7,a52ba1bfe9df9dc1d504550af46744ef8d474797cdba7af2412dc40a3ebdf3b8,main,c1e3590d02e42d16091c5377e87a3db16496e5a462d558dc2925887f835f9891,main,1156066107,0,121077,121932,0,1,0,DONE,DONE,719,719,1,,4.13
p3066_c001_v51,784b5c11540d3349,kaggle-environments 1.32.7,a52ba1bfe9df9dc1d504550af46744ef8d474797cdba7af2412dc40a3ebdf3b8,main,c1e3590d02e42d16091c5377e87a3db16496e5a462d558dc2925887f835f9891,main,1156066107,1,121995,121016,1,0,0,DONE,DONE,719,719,1,,4.28
p3066_c001_v51,784b5c11540d3349,kaggle-environments 1.32.7,a52ba1bfe9df9dc1d504550af46744ef8d474797cdba7af2412dc40a3ebdf3b8,main,c1e3590d02e42d16091c5377e87a3db16496e5a462d558dc2925887f835f9891,main,1156635626,0,105669,105658,1,0,0,DONE,DONE,719,719,1,,4.14
p3066_c001_v51,784b5c11540d3349,kaggle-environments 1.32.7,a52ba1bfe9df9dc1d504550af46744ef8d474797cdba7af2412dc40a3ebdf3b8,main,c1e3590d02e42d16091c5377e87a3db16496e5a462d558dc2925887f835f9891,main,1156635626,1,105669,105658,1,0,0,DONE,DONE,719,719,1,,4.2
p3066_c001_v51,784b5c11540d3349,kaggle-environments 1.32.7,a52ba1bfe9df9dc1d504550af46744ef8d474797cdba7af2412dc40a3ebdf3b8,main,c1e3590d02e42d16091c5377e87a3db16496e5a462d558dc2925887f835f9891,main,1165378227,0,86897,86225,1,0,0,DONE,DONE,719,719,1,,4.28
p3066_c001_v51,784b5c11540d3349,kaggle-environments 1.32.7,a52ba1bfe9df9dc1d504550af46744ef8d474797cdba7af2412dc40a3ebdf3b8,main,c1e3590d02e42d16091c5377e87a3db16496e5a462d558dc2925887f835f9891,main,1165378227,1,86229,86893,0,1,0,DONE,DONE,719,719,1,,4.53
p3066_c001_v51,784b5c11540d3349,kaggle-environments 1.32.7,a52ba1bfe9df9dc1d504550af46744ef8d474797cdba7af2412dc40a3ebdf3b8,main,c1e3590d02e42d16091c5377e87a3db16496e5a462d558dc2925887f835f9891,main,1166193151,0,80667,80663,1,0,0,DONE,DONE,719,719,1,,4.31
p3066_c001_v51,784b5c11540d3349,kaggle-environments 1.32.7,a52ba1bfe9df9dc1d504550af46744ef8d474797cdba7af2412dc40a3ebdf3b8,main,c1e3590d02e42d16091c5377e87a3db16496e5a462d558dc2925887f835f9891,main,1166193151,1,80667,80663,1,0,0,DONE,DONE,719,719,1,,4.13
p3066_c001_v51,784b5c11540d3349,kaggle-environments 1.32.7,a52ba1bfe9df9dc1d504550af46744ef8d474797cdba7af2412dc40a3ebdf3b8,main,c1e3590d02e42d16091c5377e87a3db16496e5a462d558dc2925887f835f9891,main,1168519426,0,129377,129302,1,0,0,DONE,DONE,719,719,1,,4.43
p3066_c001_v51,784b5c11540d3349,kaggle-environments 1.32.7,a52ba1bfe9df9dc1d504550af46744ef8d474797cdba7af2412dc40a3ebdf3b8,main,c1e3590d02e42d16091c5377e87a3db16496e5a462d558dc2925887f835f9891,main,1168519426,1,129377,129302,1,0,0,DONE,DONE,719,719,1,,4.2
p3066_c001_v51,784b5c11540d3349,kaggle-environments 1.32.7,a52ba1bfe9df9dc1d504550af46744ef8d474797cdba7af2412dc40a3ebdf3b8,main,c1e3590d02e42d16091c5377e87a3db16496e5a462d558dc2925887f835f9891,main,1172065882,0,119662,120324,0,1,0,DONE,DONE,719,719,1,,4.61
p3066_c001_v51,784b5c11540d3349,kaggle-environments 1.32.7,a52ba1bfe9df9dc1d504550af46744ef8d474797cdba7af2412dc40a3ebdf3b8,main,c1e3590d02e42d16091c5377e87a3db16496e5a462d558dc2925887f835f9891,main,1172065882,1,119662,120324,0,1,0,DONE,DONE,719,719,1,,4.71
p3066_c001_v51,784b5c11540d3349,kaggle-environments 1.32.7,a52ba1bfe9df9dc1d504550af46744ef8d474797cdba7af2412dc40a3ebdf3b8,main,c1e3590d02e42d16091c5377e87a3db16496e5a462d558dc2925887f835f9891,main,1174521385,0,107857,107857,0,0,1,DONE,DONE,719,719,1,,4.3
p3066_c001_v51,784b5c11540d3349,kaggle-environments 1.32.7,a52ba1bfe9df9dc1d504550af46744ef8d474797cdba7af2412dc40a3ebdf3b8,main,c1e3590d02e42d16091c5377e87a3db16496e5a462d558dc2925887f835f9891,main,1174521385,1,107857,107857,0,0,1,DONE,DONE,719,719,1,,4.49
p3066_c001_v51,784b5c11540d3349,kaggle-environments 1.32.7,a52ba1bfe9df9dc1d504550af46744ef8d474797cdba7af2412dc40a3ebdf3b8,main,c1e3590d02e42d16091c5377e87a3db16496e5a462d558dc2925887f835f9891,main,1176212392,0,100670,100697,0,1,0,DONE,DONE,719,719,1,,4.15
p3066_c001_v51,784b5c11540d3349,kaggle-environments 1.32.7,a52ba1bfe9df9dc1d504550af46744ef8d474797cdba7af2412dc40a3ebdf3b8,main,c1e3590d02e42d16091c5377e87a3db16496e5a462d558dc2925887f835f9891,main,1176212392,1,100670,100697,0,1,0,DONE,DONE,719,719,1,,4.3
p3066_c001_v51,784b5c11540d3349,kaggle-environments 1.32.7,a52ba1bfe9df9dc1d504550af46744ef8d474797cdba7af2412dc40a3ebdf3b8,main,c1e3590d02e42d16091c5377e87a3db16496e5a462d558dc2925887f835f9891,main,1180000097,0,137118,137118,0,0,1,DONE,DONE,719,719,1,,4.46
p3066_c001_v51,784b5c11540d3349,kaggle-environments 1.32.7,a52ba1bfe9df9dc1d504550af46744ef8d474797cdba7af2412dc40a3ebdf3b8,main,c1e3590d02e42d16091c5377e87a3db16496e5a462d558dc2925887f835f9891,main,1180000097,1,137118,137118,0,0,1,DONE,DONE,719,719,1,,4.4
p3066_c001_v51,784b5c11540d3349,kaggle-environments 1.32.7,a52ba1bfe9df9dc1d504550af46744ef8d474797cdba7af2412dc40a3ebdf3b8,main,c1e3590d02e42d16091c5377e87a3db16496e5a462d558dc2925887f835f9891,main,1182337222,0,124640,124208,1,0,0,DONE,DONE,719,719,1,,4.53
p3066_c001_v51,784b5c11540d3349,kaggle-environments 1.32.7,a52ba1bfe9df9dc1d504550af46744ef8d474797cdba7af2412dc40a3ebdf3b8,main,c1e3590d02e42d16091c5377e87a3db16496e5a462d558dc2925887f835f9891,main,1182337222,1,124640,124208,1,0,0,DONE,DONE,719,719,1,,4.55
p3066_c001_v51,784b5c11540d3349,kaggle-environments 1.32.7,a52ba1bfe9df9dc1d504550af46744ef8d474797cdba7af2412dc40a3ebdf3b8,main,c1e3590d02e42d16091c5377e87a3db16496e5a462d558dc2925887f835f9891,main,1182647074,0,105408,105408,0,0,1,DONE,DONE,719,719,1,,4.25
p3066_c001_v51,784b5c11540d3349,kaggle-environments 1.32.7,a52ba1bfe9df9dc1d504550af46744ef8d474797cdba7af2412dc40a3ebdf3b8,main,c1e3590d02e42d16091c5377e87a3db16496e5a462d558dc2925887f835f9891,main,1182647074,1,105408,105408,0,0,1,DONE,DONE,719,719,1,,4.31
p3066_c001_v51,784b5c11540d3349,kaggle-environments 1.32.7,a52ba1bfe9df9dc1d504550af46744ef8d474797cdba7af2412dc40a3ebdf3b8,main,c1e3590d02e42d16091c5377e87a3db16496e5a462d558dc2925887f835f9891,main,1185398040,0,101303,101303,0,0,1,DONE,DONE,719,719,1,,4.32
p3066_c001_v51,784b5c11540d3349,kaggle-environments 1.32.7,a52ba1bfe9df9dc1d504550af46744ef8d474797cdba7af2412dc40a3ebdf3b8,main,c1e3590d02e42d16091c5377e87a3db16496e5a462d558dc2925887f835f9891,main,1185398040,1,101303,101303,0,0,1,DONE,DONE,719,719,1,,4.6
p3066_c001_v51,784b5c11540d3349,kaggle-environments 1.32.7,a52ba1bfe9df9dc1d504550af46744ef8d474797cdba7af2412dc40a3ebdf3b8,main,c1e3590d02e42d16091c5377e87a3db16496e5a462d558dc2925887f835f9891,main,1189656985,0,101629,101614,1,0,0,DONE,DONE,719,719,1,,4.22
p3066_c001_v51,784b5c11540d3349,kaggle-environments 1.32.7,a52ba1bfe9df9dc1d504550af46744ef8d474797cdba7af2412dc40a3ebdf3b8,main,c1e3590d02e42d16091c5377e87a3db16496e5a462d558dc2925887f835f9891,main,1189656985,1,101629,101614,1,0,0,DONE,DONE,719,719,1,,4.29
p3066_c001_v51,784b5c11540d3349,kaggle-environments 1.32.7,a52ba1bfe9df9dc1d504550af46744ef8d474797cdba7af2412dc40a3ebdf3b8,main,c1e3590d02e42d16091c5377e87a3db16496e5a462d558dc2925887f835f9891,main,1189961213,0,97722,97683,1,0,0,DONE,DONE,719,719,1,,4.51
p3066_c001_v51,784b5c11540d3349,kaggle-environments 1.32.7,a52ba1bfe9df9dc1d504550af46744ef8d474797cdba7af2412dc40a3ebdf3b8,main,c1e3590d02e42d16091c5377e87a3db16496e5a462d558dc2925887f835f9891,main,1189961213,1,97722,97683,1,0,0,DONE,DONE,719,719,1,,4.49
p3066_c001_v51,784b5c11540d3349,kaggle-environments 1.32.7,a52ba1bfe9df9dc1d504550af46744ef8d474797cdba7af2412dc40a3ebdf3b8,main,c1e3590d02e42d16091c5377e87a3db16496e5a462d558dc2925887f835f9891,main,1196254750,0,114214,114138,1,0,0,DONE,DONE,719,719,1,,4.42
p3066_c001_v51,784b5c11540d3349,kaggle-environments 1.32.7,a52ba1bfe9df9dc1d504550af46744ef8d474797cdba7af2412dc40a3ebdf3b8,main,c1e3590d02e42d16091c5377e87a3db16496e5a462d558dc2925887f835f9891,main,1196254750,1,114214,114138,1,0,0,DONE,DONE,719,719,1,,4.37
p3066_c001_v51,784b5c11540d3349,kaggle-environments 1.32.7,a52ba1bfe9df9dc1d504550af46744ef8d474797cdba7af2412dc40a3ebdf3b8,main,c1e3590d02e42d16091c5377e87a3db16496e5a462d558dc2925887f835f9891,main,1197248316,0,59031,59016,1,0,0,DONE,DONE,719,719,1,,4.38
p3066_c001_v51,784b5c11540d3349,kaggle-environments 1.32.7,a52ba1bfe9df9dc1d504550af46744ef8d474797cdba7af2412dc40a3ebdf3b8,main,c1e3590d02e42d16091c5377e87a3db16496e5a462d558dc2925887f835f9891,main,1197248316,1,59031,59016,1,0,0,DONE,DONE,719,719,1,,4.54
p3066_c001_v51,784b5c11540d3349,kaggle-environments 1.32.7,a52ba1bfe9df9dc1d504550af46744ef8d474797cdba7af2412dc40a3ebdf3b8,main,c1e3590d02e42d16091c5377e87a3db16496e5a462d558dc2925887f835f9891,main,1201125906,0,107705,107693,1,0,0,DONE,DONE,719,719,1,,4.17
p3066_c001_v51,784b5c11540d3349,kaggle-environments 1.32.7,a52ba1bfe9df9dc1d504550af46744ef8d474797cdba7af2412dc40a3ebdf3b8,main,c1e3590d02e42d16091c5377e87a3db16496e5a462d558dc2925887f835f9891,main,1201125906,1,107705,107693,1,0,0,DONE,DONE,719,719,1,,4.34
p3066_c001_v51,784b5c11540d3349,kaggle-environments 1.32.7,a52ba1bfe9df9dc1d504550af46744ef8d474797cdba7af2412dc40a3ebdf3b8,main,c1e3590d02e42d16091c5377e87a3db16496e5a462d558dc2925887f835f9891,main,1201520119,0,73997,74086,0,1,0,DONE,DONE,719,719,1,,4.24
p3066_c001_v51,784b5c11540d3349,kaggle-environments 1.32.7,a52ba1bfe9df9dc1d504550af46744ef8d474797cdba7af2412dc40a3ebdf3b8,main,c1e3590d02e42d16091c5377e87a3db16496e5a462d558dc2925887f835f9891,main,1201520119,1,73997,74086,0,1,0,DONE,DONE,719,719,1,,4.18
p3066_c001_v51,784b5c11540d3349,kaggle-environments 1.32.7,a52ba1bfe9df9dc1d504550af46744ef8d474797cdba7af2412dc40a3ebdf3b8,main,c1e3590d02e42d16091c5377e87a3db16496e5a462d558dc2925887f835f9891,main,1202172593,0,94009,94001,1,0,0,DONE,DONE,719,719,1,,4.29
p3066_c001_v51,784b5c11540d3349,kaggle-environments 1.32.7,a52ba1bfe9df9dc1d504550af46744ef8d474797cdba7af2412dc40a3ebdf3b8,main,c1e3590d02e42d16091c5377e87a3db16496e5a462d558dc2925887f835f9891,main,1202172593,1,94009,94001,1,0,0,DONE,DONE,719,719,1,,4.24
p3066_c001_v51,784b5c11540d3349,kaggle-environments 1.32.7,a52ba1bfe9df9dc1d504550af46744ef8d474797cdba7af2412dc40a3ebdf3b8,main,c1e3590d02e42d16091c5377e87a3db16496e5a462d558dc2925887f835f9891,main,1204250044,0,89479,89567,0,1,0,DONE,DONE,719,719,1,,4.3
p3066_c001_v51,784b5c11540d3349,kaggle-environments 1.32.7,a52ba1bfe9df9dc1d504550af46744ef8d474797cdba7af2412dc40a3ebdf3b8,main,c1e3590d02e42d16091c5377e87a3db16496e5a462d558dc2925887f835f9891,main,1204250044,1,89594,89452,1,0,0,DONE,DONE,719,719,1,,4.49
p3066_c001_v51,784b5c11540d3349,kaggle-environments 1.32.7,a52ba1bfe9df9dc1d504550af46744ef8d474797cdba7af2412dc40a3ebdf3b8,main,c1e3590d02e42d16091c5377e87a3db16496e5a462d558dc2925887f835f9891,main,1209227632,0,88160,88160,0,0,1,DONE,DONE,719,719,1,,4.36
p3066_c001_v51,784b5c11540d3349,kaggle-environments 1.32.7,a52ba1bfe9df9dc1d504550af46744ef8d474797cdba7af2412dc40a3ebdf3b8,main,c1e3590d02e42d16091c5377e87a3db16496e5a462d558dc2925887f835f9891,main,1209227632,1,88160,88160,0,0,1,DONE,DONE,719,719,1,,4.49
p3066_c001_v51,784b5c11540d3349,kaggle-environments 1.32.7,a52ba1bfe9df9dc1d504550af46744ef8d474797cdba7af2412dc40a3ebdf3b8,main,c1e3590d02e42d16091c5377e87a3db16496e5a462d558dc2925887f835f9891,main,1211021166,0,82189,82189,0,0,1,DONE,DONE,719,719,1,,4.59
p3066_c001_v51,784b5c11540d3349,kaggle-environments 1.32.7,a52ba1bfe9df9dc1d504550af46744ef8d474797cdba7af2412dc40a3ebdf3b8,main,c1e3590d02e42d16091c5377e87a3db16496e5a462d558dc2925887f835f9891,main,1211021166,1,82189,82189,0,0,1,DONE,DONE,719,719,1,,4.36
p3066_c001_v51,784b5c11540d3349,kaggle-environments 1.32.7,a52ba1bfe9df9dc1d504550af46744ef8d474797cdba7af2412dc40a3ebdf3b8,main,c1e3590d02e42d16091c5377e87a3db16496e5a462d558dc2925887f835f9891,main,1215990968,0,98935,98934,1,0,0,DONE,DONE,719,719,1,,4.34
p3066_c001_v51,784b5c11540d3349,kaggle-environments 1.32.7,a52ba1bfe9df9dc1d504550af46744ef8d474797cdba7af2412dc40a3ebdf3b8,main,c1e3590d02e42d16091c5377e87a3db16496e5a462d558dc2925887f835f9891,main,1215990968,1,98935,98934,1,0,0,DONE,DONE,719,719,1,,4.68
p3066_c001_v51,784b5c11540d3349,kaggle-environments 1.32.7,a52ba1bfe9df9dc1d504550af46744ef8d474797cdba7af2412dc40a3ebdf3b8,main,c1e3590d02e42d16091c5377e87a3db16496e5a462d558dc2925887f835f9891,main,1216275486,0,82954,82932,1,0,0,DONE,DONE,719,719,1,,4.15
p3066_c001_v51,784b5c11540d3349,kaggle-environments 1.32.7,a52ba1bfe9df9dc1d504550af46744ef8d474797cdba7af2412dc40a3ebdf3b8,main,c1e3590d02e42d16091c5377e87a3db16496e5a462d558dc2925887f835f9891,main,1216275486,1,82954,82932,1,0,0,DONE,DONE,719,719,1,,4.45
p3066_c001_v51,784b5c11540d3349,kaggle-environments 1.32.7,a52ba1bfe9df9dc1d504550af46744ef8d474797cdba7af2412dc40a3ebdf3b8,main,c1e3590d02e42d16091c5377e87a3db16496e5a462d558dc2925887f835f9891,main,1220580584,0,113508,113505,1,0,0,DONE,DONE,719,719,1,,4.23
p3066_c001_v51,784b5c11540d3349,kaggle-environments 1.32.7,a52ba1bfe9df9dc1d504550af46744ef8d474797cdba7af2412dc40a3ebdf3b8,main,c1e3590d02e42d16091c5377e87a3db16496e5a462d558dc2925887f835f9891,main,1220580584,1,113508,113505,1,0,0,DONE,DONE,719,719,1,,4.35
p3066_c001_v51,784b5c11540d3349,kaggle-environments 1.32.7,a52ba1bfe9df9dc1d504550af46744ef8d474797cdba7af2412dc40a3ebdf3b8,main,c1e3590d02e42d16091c5377e87a3db16496e5a462d558dc2925887f835f9891,main,1223103005,0,74089,74089,0,0,1,DONE,DONE,719,719,1,,4.39
p3066_c001_v51,784b5c11540d3349,kaggle-environments 1.32.7,a52ba1bfe9df9dc1d504550af46744ef8d474797cdba7af2412dc40a3ebdf3b8,main,c1e3590d02e42d16091c5377e87a3db16496e5a462d558dc2925887f835f9891,main,1223103005,1,74089,74089,0,0,1,DONE,DONE,719,719,1,,4.58
p3066_c001_v51,784b5c11540d3349,kaggle-environments 1.32.7,a52ba1bfe9df9dc1d504550af46744ef8d474797cdba7af2412dc40a3ebdf3b8,main,c1e3590d02e42d16091c5377e87a3db16496e5a462d558dc2925887f835f9891,main,1223841583,0,125129,124937,1,0,0,DONE,DONE,719,719,1,,4.3
p3066_c001_v51,784b5c11540d3349,kaggle-environments 1.32.7,a52ba1bfe9df9dc1d504550af46744ef8d474797cdba7af2412dc40a3ebdf3b8,main,c1e3590d02e42d16091c5377e87a3db16496e5a462d558dc2925887f835f9891,main,1223841583,1,125129,124937,1,0,0,DONE,DONE,719,719,1,,4.23
p3066_c001_v51,784b5c11540d3349,kaggle-environments 1.32.7,a52ba1bfe9df9dc1d504550af46744ef8d474797cdba7af2412dc40a3ebdf3b8,main,c1e3590d02e42d16091c5377e87a3db16496e5a462d558dc2925887f835f9891,main,1224125569,0,98324,97879,1,0,0,DONE,DONE,719,719,1,,4.34
p3066_c001_v51,784b5c11540d3349,kaggle-environments 1.32.7,a52ba1bfe9df9dc1d504550af46744ef8d474797cdba7af2412dc40a3ebdf3b8,main,c1e3590d02e42d16091c5377e87a3db16496e5a462d558dc2925887f835f9891,main,1224125569,1,97883,98320,0,1,0,DONE,DONE,719,719,1,,4.29
p3066_c001_v51,784b5c11540d3349,kaggle-environments 1.32.7,a52ba1bfe9df9dc1d504550af46744ef8d474797cdba7af2412dc40a3ebdf3b8,main,c1e3590d02e42d16091c5377e87a3db16496e5a462d558dc2925887f835f9891,main,1224626842,0,122752,122648,1,0,0,DONE,DONE,719,719,1,,4.31
p3066_c001_v51,784b5c11540d3349,kaggle-environments 1.32.7,a52ba1bfe9df9dc1d504550af46744ef8d474797cdba7af2412dc40a3ebdf3b8,main,c1e3590d02e42d16091c5377e87a3db16496e5a462d558dc2925887f835f9891,main,1224626842,1,122672,122728,0,1,0,DONE,DONE,719,719,1,,4.5
p3066_c001_v51,784b5c11540d3349,kaggle-environments 1.32.7,a52ba1bfe9df9dc1d504550af46744ef8d474797cdba7af2412dc40a3ebdf3b8,main,c1e3590d02e42d16091c5377e87a3db16496e5a462d558dc2925887f835f9891,main,1235891984,0,100363,99401,1,0,0,DONE,DONE,719,719,1,,4.24
p3066_c001_v51,784b5c11540d3349,kaggle-environments 1.32.7,a52ba1bfe9df9dc1d504550af46744ef8d474797cdba7af2412dc40a3ebdf3b8,main,c1e3590d02e42d16091c5377e87a3db16496e5a462d558dc2925887f835f9891,main,1235891984,1,99422,100345,0,1,0,DONE,DONE,719,719,1,,4.23
p3066_c001_v51,784b5c11540d3349,kaggle-environments 1.32.7,a52ba1bfe9df9dc1d504550af46744ef8d474797cdba7af2412dc40a3ebdf3b8,main,c1e3590d02e42d16091c5377e87a3db16496e5a462d558dc2925887f835f9891,main,1236788773,0,131512,131439,1,0,0,DONE,DONE,719,719,1,,4.34
p3066_c001_v51,784b5c11540d3349,kaggle-environments 1.32.7,a52ba1bfe9df9dc1d504550af46744ef8d474797cdba7af2412dc40a3ebdf3b8,main,c1e3590d02e42d16091c5377e87a3db16496e5a462d558dc2925887f835f9891,main,1236788773,1,131512,131439,1,0,0,DONE,DONE,719,719,1,,4.54
p3066_c001_v51,784b5c11540d3349,kaggle-environments 1.32.7,a52ba1bfe9df9dc1d504550af46744ef8d474797cdba7af2412dc40a3ebdf3b8,main,c1e3590d02e42d16091c5377e87a3db16496e5a462d558dc2925887f835f9891,main,1237170890,0,105745,105739,1,0,0,DONE,DONE,719,719,1,,4.51
p3066_c001_v51,784b5c11540d3349,kaggle-environments 1.32.7,a52ba1bfe9df9dc1d504550af46744ef8d474797cdba7af2412dc40a3ebdf3b8,main,c1e3590d02e42d16091c5377e87a3db16496e5a462d558dc2925887f835f9891,main,1237170890,1,105745,105739,1,0,0,DONE,DONE,719,719,1,,4.19
p3066_c001_v51,784b5c11540d3349,kaggle-environments 1.32.7,a52ba1bfe9df9dc1d504550af46744ef8d474797cdba7af2412dc40a3ebdf3b8,main,c1e3590d02e42d16091c5377e87a3db16496e5a462d558dc2925887f835f9891,main,1242432845,0,99860,99860,0,0,1,DONE,DONE,719,719,1,,4.35
p3066_c001_v51,784b5c11540d3349,kaggle-environments 1.32.7,a52ba1bfe9df9dc1d504550af46744ef8d474797cdba7af2412dc40a3ebdf3b8,main,c1e3590d02e42d16091c5377e87a3db16496e5a462d558dc2925887f835f9891,main,1242432845,1,99860,99860,0,0,1,DONE,DONE,719,719,1,,4.37
p3066_c001_v51,784b5c11540d3349,kaggle-environments 1.32.7,a52ba1bfe9df9dc1d504550af46744ef8d474797cdba7af2412dc40a3ebdf3b8,main,c1e3590d02e42d16091c5377e87a3db16496e5a462d558dc2925887f835f9891,main,1245544970,0,99953,99582,1,0,0,DONE,DONE,719,719,1,,4.31
p3066_c001_v51,784b5c11540d3349,kaggle-environments 1.32.7,a52ba1bfe9df9dc1d504550af46744ef8d474797cdba7af2412dc40a3ebdf3b8,main,c1e3590d02e42d16091c5377e87a3db16496e5a462d558dc2925887f835f9891,main,1245544970,1,99953,99582,1,0,0,DONE,DONE,719,719,1,,4.5
p3066_c001_v51,784b5c11540d3349,kaggle-environments 1.32.7,a52ba1bfe9df9dc1d504550af46744ef8d474797cdba7af2412dc40a3ebdf3b8,main,c1e3590d02e42d16091c5377e87a3db16496e5a462d558dc2925887f835f9891,main,1246397513,0,68611,68524,1,0,0,DONE,DONE,719,719,1,,4.16
p3066_c001_v51,784b5c11540d3349,kaggle-environments 1.32.7,a52ba1bfe9df9dc1d504550af46744ef8d474797cdba7af2412dc40a3ebdf3b8,main,c1e3590d02e42d16091c5377e87a3db16496e5a462d558dc2925887f835f9891,main,1246397513,1,68611,68524,1,0,0,DONE,DONE,719,719,1,,4.16
p3066_c001_v51,784b5c11540d3349,kaggle-environments 1.32.7,a52ba1bfe9df9dc1d504550af46744ef8d474797cdba7af2412dc40a3ebdf3b8,main,c1e3590d02e42d16091c5377e87a3db16496e5a462d558dc2925887f835f9891,main,1247360483,0,131310,131364,0,1,0,DONE,DONE,719,719,1,,4.51
p3066_c001_v51,784b5c11540d3349,kaggle-environments 1.32.7,a52ba1bfe9df9dc1d504550af46744ef8d474797cdba7af2412dc40a3ebdf3b8,main,c1e3590d02e42d16091c5377e87a3db16496e5a462d558dc2925887f835f9891,main,1247360483,1,131442,131232,1,0,0,DONE,DONE,719,719,1,,4.33
p3066_c001_v51,784b5c11540d3349,kaggle-environments 1.32.7,a52ba1bfe9df9dc1d504550af46744ef8d474797cdba7af2412dc40a3ebdf3b8,main,c1e3590d02e42d16091c5377e87a3db16496e5a462d558dc2925887f835f9891,main,1250522660,0,152405,152286,1,0,0,DONE,DONE,719,719,1,,4.28
p3066_c001_v51,784b5c11540d3349,kaggle-environments 1.32.7,a52ba1bfe9df9dc1d504550af46744ef8d474797cdba7af2412dc40a3ebdf3b8,main,c1e3590d02e42d16091c5377e87a3db16496e5a462d558dc2925887f835f9891,main,1250522660,1,152405,152286,1,0,0,DONE,DONE,719,719,1,,4.43
p3066_c001_v51,784b5c11540d3349,kaggle-environments 1.32.7,a52ba1bfe9df9dc1d504550af46744ef8d474797cdba7af2412dc40a3ebdf3b8,main,c1e3590d02e42d16091c5377e87a3db16496e5a462d558dc2925887f835f9891,main,1251184041,0,84765,84760,1,0,0,DONE,DONE,719,719,1,,4.39
p3066_c001_v51,784b5c11540d3349,kaggle-environments 1.32.7,a52ba1bfe9df9dc1d504550af46744ef8d474797cdba7af2412dc40a3ebdf3b8,main,c1e3590d02e42d16091c5377e87a3db16496e5a462d558dc2925887f835f9891,main,1251184041,1,84765,84760,1,0,0,DONE,DONE,719,719,1,,4.27
p3066_c001_v51,784b5c11540d3349,kaggle-environments 1.32.7,a52ba1bfe9df9dc1d504550af46744ef8d474797cdba7af2412dc40a3ebdf3b8,main,c1e3590d02e42d16091c5377e87a3db16496e5a462d558dc2925887f835f9891,main,1253351185,0,72464,72464,0,0,1,DONE,DONE,719,719,1,,4.35
p3066_c001_v51,784b5c11540d3349,kaggle-environments 1.32.7,a52ba1bfe9df9dc1d504550af46744ef8d474797cdba7af2412dc40a3ebdf3b8,main,c1e3590d02e42d16091c5377e87a3db16496e5a462d558dc2925887f835f9891,main,1253351185,1,72464,72464,0,0,1,DONE,DONE,719,719,1,,4.54
p3066_c001_v51,784b5c11540d3349,kaggle-environments 1.32.7,a52ba1bfe9df9dc1d504550af46744ef8d474797cdba7af2412dc40a3ebdf3b8,main,c1e3590d02e42d16091c5377e87a3db16496e5a462d558dc2925887f835f9891,main,1255454976,0,95193,95170,1,0,0,DONE,DONE,719,719,1,,4.3
p3066_c001_v51,784b5c11540d3349,kaggle-environments 1.32.7,a52ba1bfe9df9dc1d504550af46744ef8d474797cdba7af2412dc40a3ebdf3b8,main,c1e3590d02e42d16091c5377e87a3db16496e5a462d558dc2925887f835f9891,main,1255454976,1,95193,95170,1,0,0,DONE,DONE,719,719,1,,4.27
p3066_c001_v51,784b5c11540d3349,kaggle-environments 1.32.7,a52ba1bfe9df9dc1d504550af46744ef8d474797cdba7af2412dc40a3ebdf3b8,main,c1e3590d02e42d16091c5377e87a3db16496e5a462d558dc2925887f835f9891,main,1258003293,0,114717,114711,1,0,0,DONE,DONE,719,719,1,,4.24
p3066_c001_v51,784b5c11540d3349,kaggle-environments 1.32.7,a52ba1bfe9df9dc1d504550af46744ef8d474797cdba7af2412dc40a3ebdf3b8,main,c1e3590d02e42d16091c5377e87a3db16496e5a462d558dc2925887f835f9891,main,1258003293,1,114717,114711,1,0,0,DONE,DONE,719,719,1,,4.77
p3066_c001_v51,784b5c11540d3349,kaggle-environments 1.32.7,a52ba1bfe9df9dc1d504550af46744ef8d474797cdba7af2412dc40a3ebdf3b8,main,c1e3590d02e42d16091c5377e87a3db16496e5a462d558dc2925887f835f9891,main,1260289665,0,77917,77917,0,0,1,DONE,DONE,719,719,1,,4.37
p3066_c001_v51,784b5c11540d3349,kaggle-environments 1.32.7,a52ba1bfe9df9dc1d504550af46744ef8d474797cdba7af2412dc40a3ebdf3b8,main,c1e3590d02e42d16091c5377e87a3db16496e5a462d558dc2925887f835f9891,main,1260289665,1,77917,77917,0,0,1,DONE,DONE,719,719,1,,4.37
p3066_c001_v51,784b5c11540d3349,kaggle-environments 1.32.7,a52ba1bfe9df9dc1d504550af46744ef8d474797cdba7af2412dc40a3ebdf3b8,main,c1e3590d02e42d16091c5377e87a3db16496e5a462d558dc2925887f835f9891,main,1264489090,0,83894,83890,1,0,0,DONE,DONE,719,719,1,,4.38
p3066_c001_v51,784b5c11540d3349,kaggle-environments 1.32.7,a52ba1bfe9df9dc1d504550af46744ef8d474797cdba7af2412dc40a3ebdf3b8,main,c1e3590d02e42d16091c5377e87a3db16496e5a462d558dc2925887f835f9891,main,1264489090,1,83894,83890,1,0,0,DONE,DONE,719,719,1,,4.72
p3066_c001_v51,784b5c11540d3349,kaggle-environments 1.32.7,a52ba1bfe9df9dc1d504550af46744ef8d474797cdba7af2412dc40a3ebdf3b8,main,c1e3590d02e42d16091c5377e87a3db16496e5a462d558dc2925887f835f9891,main,1266954856,0,98805,98807,0,1,0,DONE,DONE,719,719,1,,4.12
p3066_c001_v51,784b5c11540d3349,kaggle-environments 1.32.7,a52ba1bfe9df9dc1d504550af46744ef8d474797cdba7af2412dc40a3ebdf3b8,main,c1e3590d02e42d16091c5377e87a3db16496e5a462d558dc2925887f835f9891,main,1266954856,1,98805,98807,0,1,0,DONE,DONE,719,719,1,,4.25
p3066_c001_v51,784b5c11540d3349,kaggle-environments 1.32.7,a52ba1bfe9df9dc1d504550af46744ef8d474797cdba7af2412dc40a3ebdf3b8,main,c1e3590d02e42d16091c5377e87a3db16496e5a462d558dc2925887f835f9891,main,1270071376,0,70081,70081,0,0,1,DONE,DONE,719,719,1,,4.25
p3066_c001_v51,784b5c11540d3349,kaggle-environments 1.32.7,a52ba1bfe9df9dc1d504550af46744ef8d474797cdba7af2412dc40a3ebdf3b8,main,c1e3590d02e42d16091c5377e87a3db16496e5a462d558dc2925887f835f9891,main,1270071376,1,70081,70081,0,0,1,DONE,DONE,719,719,1,,4.24
p3066_c001_v51,784b5c11540d3349,kaggle-environments 1.32.7,a52ba1bfe9df9dc1d504550af46744ef8d474797cdba7af2412dc40a3ebdf3b8,main,c1e3590d02e42d16091c5377e87a3db16496e5a462d558dc2925887f835f9891,main,1274836878,0,105651,105601,1,0,0,DONE,DONE,719,719,1,,4.23
p3066_c001_v51,784b5c11540d3349,kaggle-environments 1.32.7,a52ba1bfe9df9dc1d504550af46744ef8d474797cdba7af2412dc40a3ebdf3b8,main,c1e3590d02e42d16091c5377e87a3db16496e5a462d558dc2925887f835f9891,main,1274836878,1,105651,105601,1,0,0,DONE,DONE,719,719,1,,4.28
p3066_c001_v51,784b5c11540d3349,kaggle-environments 1.32.7,a52ba1bfe9df9dc1d504550af46744ef8d474797cdba7af2412dc40a3ebdf3b8,main,c1e3590d02e42d16091c5377e87a3db16496e5a462d558dc2925887f835f9891,main,1277165709,0,123679,123615,1,0,0,DONE,DONE,719,719,1,,4.41
p3066_c001_v51,784b5c11540d3349,kaggle-environments 1.32.7,a52ba1bfe9df9dc1d504550af46744ef8d474797cdba7af2412dc40a3ebdf3b8,main,c1e3590d02e42d16091c5377e87a3db16496e5a462d558dc2925887f835f9891,main,1277165709,1,123679,123615,1,0,0,DONE,DONE,719,719,1,,4.64
p3066_c001_v51,784b5c11540d3349,kaggle-environments 1.32.7,a52ba1bfe9df9dc1d504550af46744ef8d474797cdba7af2412dc40a3ebdf3b8,main,c1e3590d02e42d16091c5377e87a3db16496e5a462d558dc2925887f835f9891,main,1279444284,0,57733,57721,1,0,0,DONE,DONE,719,719,1,,4.14
p3066_c001_v51,784b5c11540d3349,kaggle-environments 1.32.7,a52ba1bfe9df9dc1d504550af46744ef8d474797cdba7af2412dc40a3ebdf3b8,main,c1e3590d02e42d16091c5377e87a3db16496e5a462d558dc2925887f835f9891,main,1279444284,1,57733,57721,1,0,0,DONE,DONE,719,719,1,,4.56
p3066_c001_v51,784b5c11540d3349,kaggle-environments 1.32.7,a52ba1bfe9df9dc1d504550af46744ef8d474797cdba7af2412dc40a3ebdf3b8,main,c1e3590d02e42d16091c5377e87a3db16496e5a462d558dc2925887f835f9891,main,1281300047,0,141870,141626,1,0,0,DONE,DONE,719,719,1,,4.31
p3066_c001_v51,784b5c11540d3349,kaggle-environments 1.32.7,a52ba1bfe9df9dc1d504550af46744ef8d474797cdba7af2412dc40a3ebdf3b8,main,c1e3590d02e42d16091c5377e87a3db16496e5a462d558dc2925887f835f9891,main,1281300047,1,141870,141626,1,0,0,DONE,DONE,719,719,1,,4.2
p3066_c001_v51,784b5c11540d3349,kaggle-environments 1.32.7,a52ba1bfe9df9dc1d504550af46744ef8d474797cdba7af2412dc40a3ebdf3b8,main,c1e3590d02e42d16091c5377e87a3db16496e5a462d558dc2925887f835f9891,main,1281539027,0,99349,98617,1,0,0,DONE,DONE,719,719,1,,4.34
p3066_c001_v51,784b5c11540d3349,kaggle-environments 1.32.7,a52ba1bfe9df9dc1d504550af46744ef8d474797cdba7af2412dc40a3ebdf3b8,main,c1e3590d02e42d16091c5377e87a3db16496e5a462d558dc2925887f835f9891,main,1281539027,1,98967,98996,0,1,0,DONE,DONE,719,719,1,,4.11
p3066_c001_v51,784b5c11540d3349,kaggle-environments 1.32.7,a52ba1bfe9df9dc1d504550af46744ef8d474797cdba7af2412dc40a3ebdf3b8,main,c1e3590d02e42d16091c5377e87a3db16496e5a462d558dc2925887f835f9891,main,1281598473,0,79136,79068,1,0,0,DONE,DONE,719,719,1,,4.45
p3066_c001_v51,784b5c11540d3349,kaggle-environments 1.32.7,a52ba1bfe9df9dc1d504550af46744ef8d474797cdba7af2412dc40a3ebdf3b8,main,c1e3590d02e42d16091c5377e87a3db16496e5a462d558dc2925887f835f9891,main,1281598473,1,79136,79068,1,0,0,DONE,DONE,719,719,1,,4.48
p3066_c001_v51,784b5c11540d3349,kaggle-environments 1.32.7,a52ba1bfe9df9dc1d504550af46744ef8d474797cdba7af2412dc40a3ebdf3b8,main,c1e3590d02e42d16091c5377e87a3db16496e5a462d558dc2925887f835f9891,main,1282203475,0,73321,73314,1,0,0,DONE,DONE,719,719,1,,4.29
p3066_c001_v51,784b5c11540d3349,kaggle-environments 1.32.7,a52ba1bfe9df9dc1d504550af46744ef8d474797cdba7af2412dc40a3ebdf3b8,main,c1e3590d02e42d16091c5377e87a3db16496e5a462d558dc2925887f835f9891,main,1282203475,1,73321,73314,1,0,0,DONE,DONE,719,719,1,,4.1
p3066_c001_v51,784b5c11540d3349,kaggle-environments 1.32.7,a52ba1bfe9df9dc1d504550af46744ef8d474797cdba7af2412dc40a3ebdf3b8,main,c1e3590d02e42d16091c5377e87a3db16496e5a462d558dc2925887f835f9891,main,1284089366,0,107164,107078,1,0,0,DONE,DONE,719,719,1,,4.72
p3066_c001_v51,784b5c11540d3349,kaggle-environments 1.32.7,a52ba1bfe9df9dc1d504550af46744ef8d474797cdba7af2412dc40a3ebdf3b8,main,c1e3590d02e42d16091c5377e87a3db16496e5a462d558dc2925887f835f9891,main,1284089366,1,107082,107160,0,1,0,DONE,DONE,719,719,1,,4.45
p3066_c001_v51,784b5c11540d3349,kaggle-environments 1.32.7,a52ba1bfe9df9dc1d504550af46744ef8d474797cdba7af2412dc40a3ebdf3b8,main,c1e3590d02e42d16091c5377e87a3db16496e5a462d558dc2925887f835f9891,main,1292096431,0,83120,83145,0,1,0,DONE,DONE,719,719,1,,4.19
p3066_c001_v51,784b5c11540d3349,kaggle-environments 1.32.7,a52ba1bfe9df9dc1d504550af46744ef8d474797cdba7af2412dc40a3ebdf3b8,main,c1e3590d02e42d16091c5377e87a3db16496e5a462d558dc2925887f835f9891,main,1292096431,1,83120,83145,0,1,0,DONE,DONE,719,719,1,,4.09
p3066_c001_v51,784b5c11540d3349,kaggle-environments 1.32.7,a52ba1bfe9df9dc1d504550af46744ef8d474797cdba7af2412dc40a3ebdf3b8,main,c1e3590d02e42d16091c5377e87a3db16496e5a462d558dc2925887f835f9891,main,1294574230,0,80882,80924,0,1,0,DONE,DONE,719,719,1,,4.27
p3066_c001_v51,784b5c11540d3349,kaggle-environments 1.32.7,a52ba1bfe9df9dc1d504550af46744ef8d474797cdba7af2412dc40a3ebdf3b8,main,c1e3590d02e42d16091c5377e87a3db16496e5a462d558dc2925887f835f9891,main,1294574230,1,80882,80924,0,1,0,DONE,DONE,719,719,1,,4.57
p3066_c001_v51,784b5c11540d3349,kaggle-environments 1.32.7,a52ba1bfe9df9dc1d504550af46744ef8d474797cdba7af2412dc40a3ebdf3b8,main,c1e3590d02e42d16091c5377e87a3db16496e5a462d558dc2925887f835f9891,main,1296090817,0,57425,57322,1,0,0,DONE,DONE,719,719,1,,4.36
p3066_c001_v51,784b5c11540d3349,kaggle-environments 1.32.7,a52ba1bfe9df9dc1d504550af46744ef8d474797cdba7af2412dc40a3ebdf3b8,main,c1e3590d02e42d16091c5377e87a3db16496e5a462d558dc2925887f835f9891,main,1296090817,1,57425,57322,1,0,0,DONE,DONE,719,719,1,,4.38
p3066_c001_v51,784b5c11540d3349,kaggle-environments 1.32.7,a52ba1bfe9df9dc1d504550af46744ef8d474797cdba7af2412dc40a3ebdf3b8,main,c1e3590d02e42d16091c5377e87a3db16496e5a462d558dc2925887f835f9891,main,1296091252,0,116452,116043,1,0,0,DONE,DONE,719,719,1,,4.21
p3066_c001_v51,784b5c11540d3349,kaggle-environments 1.32.7,a52ba1bfe9df9dc1d504550af46744ef8d474797cdba7af2412dc40a3ebdf3b8,main,c1e3590d02e42d16091c5377e87a3db16496e5a462d558dc2925887f835f9891,main,1296091252,1,116452,116043,1,0,0,DONE,DONE,719,719,1,,4.33
p3066_c001_v51,784b5c11540d3349,kaggle-environments 1.32.7,a52ba1bfe9df9dc1d504550af46744ef8d474797cdba7af2412dc40a3ebdf3b8,main,c1e3590d02e42d16091c5377e87a3db16496e5a462d558dc2925887f835f9891,main,1296678227,0,100965,100965,0,0,1,DONE,DONE,719,719,1,,4.38
p3066_c001_v51,784b5c11540d3349,kaggle-environments 1.32.7,a52ba1bfe9df9dc1d504550af46744ef8d474797cdba7af2412dc40a3ebdf3b8,main,c1e3590d02e42d16091c5377e87a3db16496e5a462d558dc2925887f835f9891,main,1296678227,1,100965,100965,0,0,1,DONE,DONE,719,719,1,,4.15
p3066_c001_v51,784b5c11540d3349,kaggle-environments 1.32.7,a52ba1bfe9df9dc1d504550af46744ef8d474797cdba7af2412dc40a3ebdf3b8,main,c1e3590d02e42d16091c5377e87a3db16496e5a462d558dc2925887f835f9891,main,1298193493,0,86157,86093,1,0,0,DONE,DONE,719,719,1,,4.42
p3066_c001_v51,784b5c11540d3349,kaggle-environments 1.32.7,a52ba1bfe9df9dc1d504550af46744ef8d474797cdba7af2412dc40a3ebdf3b8,main,c1e3590d02e42d16091c5377e87a3db16496e5a462d558dc2925887f835f9891,main,1298193493,1,86108,86142,0,1,0,DONE,DONE,719,719,1,,4.34
p3066_c001_v51,784b5c11540d3349,kaggle-environments 1.32.7,a52ba1bfe9df9dc1d504550af46744ef8d474797cdba7af2412dc40a3ebdf3b8,main,c1e3590d02e42d16091c5377e87a3db16496e5a462d558dc2925887f835f9891,main,1299392854,0,125111,125111,0,0,1,DONE,DONE,719,719,1,,4.29
p3066_c001_v51,784b5c11540d3349,kaggle-environments 1.32.7,a52ba1bfe9df9dc1d504550af46744ef8d474797cdba7af2412dc40a3ebdf3b8,main,c1e3590d02e42d16091c5377e87a3db16496e5a462d558dc2925887f835f9891,main,1299392854,1,125111,125111,0,0,1,DONE,DONE,719,719,1,,4.46
p3066_c001_v51,784b5c11540d3349,kaggle-environments 1.32.7,a52ba1bfe9df9dc1d504550af46744ef8d474797cdba7af2412dc40a3ebdf3b8,main,c1e3590d02e42d16091c5377e87a3db16496e5a462d558dc2925887f835f9891,main,1301452019,0,130460,130245,1,0,0,DONE,DONE,719,719,1,,4.27
p3066_c001_v51,784b5c11540d3349,kaggle-environments 1.32.7,a52ba1bfe9df9dc1d504550af46744ef8d474797cdba7af2412dc40a3ebdf3b8,main,c1e3590d02e42d16091c5377e87a3db16496e5a462d558dc2925887f835f9891,main,1301452019,1,130460,130245,1,0,0,DONE,DONE,719,719,1,,4.57
p3066_c001_v51,784b5c11540d3349,kaggle-environments 1.32.7,a52ba1bfe9df9dc1d504550af46744ef8d474797cdba7af2412dc40a3ebdf3b8,main,c1e3590d02e42d16091c5377e87a3db16496e5a462d558dc2925887f835f9891,main,1301473796,0,65417,65446,0,1,0,DONE,DONE,719,719,1,,4.33
p3066_c001_v51,784b5c11540d3349,kaggle-environments 1.32.7,a52ba1bfe9df9dc1d504550af46744ef8d474797cdba7af2412dc40a3ebdf3b8,main,c1e3590d02e42d16091c5377e87a3db16496e5a462d558dc2925887f835f9891,main,1301473796,1,65417,65446,0,1,0,DONE,DONE,719,719,1,,4.4
p3066_c001_v51,784b5c11540d3349,kaggle-environments 1.32.7,a52ba1bfe9df9dc1d504550af46744ef8d474797cdba7af2412dc40a3ebdf3b8,main,c1e3590d02e42d16091c5377e87a3db16496e5a462d558dc2925887f835f9891,main,1303695271,0,72577,72546,1,0,0,DONE,DONE,719,719,1,,4.2
p3066_c001_v51,784b5c11540d3349,kaggle-environments 1.32.7,a52ba1bfe9df9dc1d504550af46744ef8d474797cdba7af2412dc40a3ebdf3b8,main,c1e3590d02e42d16091c5377e87a3db16496e5a462d558dc2925887f835f9891,main,1303695271,1,72577,72546,1,0,0,DONE,DONE,719,719,1,,4.64
p3066_c001_v51,784b5c11540d3349,kaggle-environments 1.32.7,a52ba1bfe9df9dc1d504550af46744ef8d474797cdba7af2412dc40a3ebdf3b8,main,c1e3590d02e42d16091c5377e87a3db16496e5a462d558dc2925887f835f9891,main,1305993005,0,139563,139435,1,0,0,DONE,DONE,719,719,1,,4.29
p3066_c001_v51,784b5c11540d3349,kaggle-environments 1.32.7,a52ba1bfe9df9dc1d504550af46744ef8d474797cdba7af2412dc40a3ebdf3b8,main,c1e3590d02e42d16091c5377e87a3db16496e5a462d558dc2925887f835f9891,main,1305993005,1,139563,139435,1,0,0,DONE,DONE,719,719,1,,4.4
p3066_c001_v51,784b5c11540d3349,kaggle-environments 1.32.7,a52ba1bfe9df9dc1d504550af46744ef8d474797cdba7af2412dc40a3ebdf3b8,main,c1e3590d02e42d16091c5377e87a3db16496e5a462d558dc2925887f835f9891,main,1307779870,0,52595,52568,1,0,0,DONE,DONE,719,719,1,,4.52
p3066_c001_v51,784b5c11540d3349,kaggle-environments 1.32.7,a52ba1bfe9df9dc1d504550af46744ef8d474797cdba7af2412dc40a3ebdf3b8,main,c1e3590d02e42d16091c5377e87a3db16496e5a462d558dc2925887f835f9891,main,1307779870,1,52595,52568,1,0,0,DONE,DONE,719,719,1,,4.2
p3066_c001_v51,784b5c11540d3349,kaggle-environments 1.32.7,a52ba1bfe9df9dc1d504550af46744ef8d474797cdba7af2412dc40a3ebdf3b8,main,c1e3590d02e42d16091c5377e87a3db16496e5a462d558dc2925887f835f9891,main,1310116083,0,72453,72439,1,0,0,DONE,DONE,719,719,1,,4.25
p3066_c001_v51,784b5c11540d3349,kaggle-environments 1.32.7,a52ba1bfe9df9dc1d504550af46744ef8d474797cdba7af2412dc40a3ebdf3b8,main,c1e3590d02e42d16091c5377e87a3db16496e5a462d558dc2925887f835f9891,main,1310116083,1,72453,72439,1,0,0,DONE,DONE,719,719,1,,4.45
p3066_c001_v51,784b5c11540d3349,kaggle-environments 1.32.7,a52ba1bfe9df9dc1d504550af46744ef8d474797cdba7af2412dc40a3ebdf3b8,main,c1e3590d02e42d16091c5377e87a3db16496e5a462d558dc2925887f835f9891,main,1311201402,0,83609,83607,1,0,0,DONE,DONE,719,719,1,,4.52
p3066_c001_v51,784b5c11540d3349,kaggle-environments 1.32.7,a52ba1bfe9df9dc1d504550af46744ef8d474797cdba7af2412dc40a3ebdf3b8,main,c1e3590d02e42d16091c5377e87a3db16496e5a462d558dc2925887f835f9891,main,1311201402,1,83609,83607,1,0,0,DONE,DONE,719,719,1,,4.54
p3066_c001_v51,784b5c11540d3349,kaggle-environments 1.32.7,a52ba1bfe9df9dc1d504550af46744ef8d474797cdba7af2412dc40a3ebdf3b8,main,c1e3590d02e42d16091c5377e87a3db16496e5a462d558dc2925887f835f9891,main,1312100992,0,94265,93952,1,0,0,DONE,DONE,719,719,1,,4.4
p3066_c001_v51,784b5c11540d3349,kaggle-environments 1.32.7,a52ba1bfe9df9dc1d504550af46744ef8d474797cdba7af2412dc40a3ebdf3b8,main,c1e3590d02e42d16091c5377e87a3db16496e5a462d558dc2925887f835f9891,main,1312100992,1,94265,93952,1,0,0,DONE,DONE,719,719,1,,4.3
p3066_c001_v51,784b5c11540d3349,kaggle-environments 1.32.7,a52ba1bfe9df9dc1d504550af46744ef8d474797cdba7af2412dc40a3ebdf3b8,main,c1e3590d02e42d16091c5377e87a3db16496e5a462d558dc2925887f835f9891,main,1312723061,0,80147,80147,0,0,1,DONE,DONE,719,719,1,,4.44
p3066_c001_v51,784b5c11540d3349,kaggle-environments 1.32.7,a52ba1bfe9df9dc1d504550af46744ef8d474797cdba7af2412dc40a3ebdf3b8,main,c1e3590d02e42d16091c5377e87a3db16496e5a462d558dc2925887f835f9891,main,1312723061,1,80147,80147,0,0,1,DONE,DONE,719,719,1,,4.26
p3066_c001_v51,784b5c11540d3349,kaggle-environments 1.32.7,a52ba1bfe9df9dc1d504550af46744ef8d474797cdba7af2412dc40a3ebdf3b8,main,c1e3590d02e42d16091c5377e87a3db16496e5a462d558dc2925887f835f9891,main,1313269224,0,118797,118797,0,0,1,DONE,DONE,719,719,1,,4.51
p3066_c001_v51,784b5c11540d3349,kaggle-environments 1.32.7,a52ba1bfe9df9dc1d504550af46744ef8d474797cdba7af2412dc40a3ebdf3b8,main,c1e3590d02e42d16091c5377e87a3db16496e5a462d558dc2925887f835f9891,main,1313269224,1,118797,118797,0,0,1,DONE,DONE,719,719,1,,4.69
p3066_c001_v51,784b5c11540d3349,kaggle-environments 1.32.7,a52ba1bfe9df9dc1d504550af46744ef8d474797cdba7af2412dc40a3ebdf3b8,main,c1e3590d02e42d16091c5377e87a3db16496e5a462d558dc2925887f835f9891,main,1313390293,0,105435,105435,0,0,1,DONE,DONE,719,719,1,,4.5
p3066_c001_v51,784b5c11540d3349,kaggle-environments 1.32.7,a52ba1bfe9df9dc1d504550af46744ef8d474797cdba7af2412dc40a3ebdf3b8,main,c1e3590d02e42d16091c5377e87a3db16496e5a462d558dc2925887f835f9891,main,1313390293,1,105435,105435,0,0,1,DONE,DONE,719,719,1,,4.38
p3066_c001_v51,784b5c11540d3349,kaggle-environments 1.32.7,a52ba1bfe9df9dc1d504550af46744ef8d474797cdba7af2412dc40a3ebdf3b8,main,c1e3590d02e42d16091c5377e87a3db16496e5a462d558dc2925887f835f9891,main,1319849724,0,158710,158514,1,0,0,DONE,DONE,719,719,1,,4.15
p3066_c001_v51,784b5c11540d3349,kaggle-environments 1.32.7,a52ba1bfe9df9dc1d504550af46744ef8d474797cdba7af2412dc40a3ebdf3b8,main,c1e3590d02e42d16091c5377e87a3db16496e5a462d558dc2925887f835f9891,main,1319849724,1,158710,158514,1,0,0,DONE,DONE,719,719,1,,4.42
p3066_c001_v51,784b5c11540d3349,kaggle-environments 1.32.7,a52ba1bfe9df9dc1d504550af46744ef8d474797cdba7af2412dc40a3ebdf3b8,main,c1e3590d02e42d16091c5377e87a3db16496e5a462d558dc2925887f835f9891,main,1320657722,0,73357,73352,1,0,0,DONE,DONE,719,719,1,,4.16
p3066_c001_v51,784b5c11540d3349,kaggle-environments 1.32.7,a52ba1bfe9df9dc1d504550af46744ef8d474797cdba7af2412dc40a3ebdf3b8,main,c1e3590d02e42d16091c5377e87a3db16496e5a462d558dc2925887f835f9891,main,1320657722,1,73357,73352,1,0,0,DONE,DONE,719,719,1,,4.55
p3066_c001_v51,784b5c11540d3349,kaggle-environments 1.32.7,a52ba1bfe9df9dc1d504550af46744ef8d474797cdba7af2412dc40a3ebdf3b8,main,c1e3590d02e42d16091c5377e87a3db16496e5a462d558dc2925887f835f9891,main,1323809478,0,80382,80392,0,1,0,DONE,DONE,719,719,1,,5.04
p3066_c001_v51,784b5c11540d3349,kaggle-environments 1.32.7,a52ba1bfe9df9dc1d504550af46744ef8d474797cdba7af2412dc40a3ebdf3b8,main,c1e3590d02e42d16091c5377e87a3db16496e5a462d558dc2925887f835f9891,main,1323809478,1,80382,80392,0,1,0,DONE,DONE,719,719,1,,4.64
p3066_c001_v51,784b5c11540d3349,kaggle-environments 1.32.7,a52ba1bfe9df9dc1d504550af46744ef8d474797cdba7af2412dc40a3ebdf3b8,main,c1e3590d02e42d16091c5377e87a3db16496e5a462d558dc2925887f835f9891,main,1326745757,0,118514,113059,1,0,0,DONE,DONE,719,719,1,,4.28
p3066_c001_v51,784b5c11540d3349,kaggle-environments 1.32.7,a52ba1bfe9df9dc1d504550af46744ef8d474797cdba7af2412dc40a3ebdf3b8,main,c1e3590d02e42d16091c5377e87a3db16496e5a462d558dc2925887f835f9891,main,1326745757,1,113122,118450,0,1,0,DONE,DONE,719,719,1,,4.29
p3066_c001_v51,784b5c11540d3349,kaggle-environments 1.32.7,a52ba1bfe9df9dc1d504550af46744ef8d474797cdba7af2412dc40a3ebdf3b8,main,c1e3590d02e42d16091c5377e87a3db16496e5a462d558dc2925887f835f9891,main,1331508381,0,68630,68529,1,0,0,DONE,DONE,719,719,1,,4.24
p3066_c001_v51,784b5c11540d3349,kaggle-environments 1.32.7,a52ba1bfe9df9dc1d504550af46744ef8d474797cdba7af2412dc40a3ebdf3b8,main,c1e3590d02e42d16091c5377e87a3db16496e5a462d558dc2925887f835f9891,main,1331508381,1,68630,68529,1,0,0,DONE,DONE,719,719,1,,4.71
p3066_c001_v51,784b5c11540d3349,kaggle-environments 1.32.7,a52ba1bfe9df9dc1d504550af46744ef8d474797cdba7af2412dc40a3ebdf3b8,main,c1e3590d02e42d16091c5377e87a3db16496e5a462d558dc2925887f835f9891,main,1331862995,0,75254,75254,0,0,1,DONE,DONE,719,719,1,,4.26
p3066_c001_v51,784b5c11540d3349,kaggle-environments 1.32.7,a52ba1bfe9df9dc1d504550af46744ef8d474797cdba7af2412dc40a3ebdf3b8,main,c1e3590d02e42d16091c5377e87a3db16496e5a462d558dc2925887f835f9891,main,1331862995,1,75254,75254,0,0,1,DONE,DONE,719,719,1,,4.72
p3066_c001_v51,784b5c11540d3349,kaggle-environments 1.32.7,a52ba1bfe9df9dc1d504550af46744ef8d474797cdba7af2412dc40a3ebdf3b8,main,c1e3590d02e42d16091c5377e87a3db16496e5a462d558dc2925887f835f9891,main,1340238959,0,102912,102886,1,0,0,DONE,DONE,719,719,1,,4.4
p3066_c001_v51,784b5c11540d3349,kaggle-environments 1.32.7,a52ba1bfe9df9dc1d504550af46744ef8d474797cdba7af2412dc40a3ebdf3b8,main,c1e3590d02e42d16091c5377e87a3db16496e5a462d558dc2925887f835f9891,main,1340238959,1,102912,102886,1,0,0,DONE,DONE,719,719,1,,4.47
p3066_c001_v51,784b5c11540d3349,kaggle-environments 1.32.7,a52ba1bfe9df9dc1d504550af46744ef8d474797cdba7af2412dc40a3ebdf3b8,main,c1e3590d02e42d16091c5377e87a3db16496e5a462d558dc2925887f835f9891,main,1341198743,0,121332,121332,0,0,1,DONE,DONE,719,719,1,,4.45
p3066_c001_v51,784b5c11540d3349,kaggle-environments 1.32.7,a52ba1bfe9df9dc1d504550af46744ef8d474797cdba7af2412dc40a3ebdf3b8,main,c1e3590d02e42d16091c5377e87a3db16496e5a462d558dc2925887f835f9891,main,1341198743,1,121332,121332,0,0,1,DONE,DONE,719,719,1,,4.45
p3066_c001_v51,784b5c11540d3349,kaggle-environments 1.32.7,a52ba1bfe9df9dc1d504550af46744ef8d474797cdba7af2412dc40a3ebdf3b8,main,c1e3590d02e42d16091c5377e87a3db16496e5a462d558dc2925887f835f9891,main,1342352135,0,67480,67479,1,0,0,DONE,DONE,719,719,1,,4.15
p3066_c001_v51,784b5c11540d3349,kaggle-environments 1.32.7,a52ba1bfe9df9dc1d504550af46744ef8d474797cdba7af2412dc40a3ebdf3b8,main,c1e3590d02e42d16091c5377e87a3db16496e5a462d558dc2925887f835f9891,main,1342352135,1,67480,67479,1,0,0,DONE,DONE,719,719,1,,4.3
p3066_c001_v51,784b5c11540d3349,kaggle-environments 1.32.7,a52ba1bfe9df9dc1d504550af46744ef8d474797cdba7af2412dc40a3ebdf3b8,main,c1e3590d02e42d16091c5377e87a3db16496e5a462d558dc2925887f835f9891,main,1343495740,0,112463,112385,1,0,0,DONE,DONE,719,719,1,,4.59
p3066_c001_v51,784b5c11540d3349,kaggle-environments 1.32.7,a52ba1bfe9df9dc1d504550af46744ef8d474797cdba7af2412dc40a3ebdf3b8,main,c1e3590d02e42d16091c5377e87a3db16496e5a462d558dc2925887f835f9891,main,1343495740,1,112463,112385,1,0,0,DONE,DONE,719,719,1,,4.41
p3066_c001_v51,784b5c11540d3349,kaggle-environments 1.32.7,a52ba1bfe9df9dc1d504550af46744ef8d474797cdba7af2412dc40a3ebdf3b8,main,c1e3590d02e42d16091c5377e87a3db16496e5a462d558dc2925887f835f9891,main,1344530761,0,61051,61043,1,0,0,DONE,DONE,719,719,1,,4.49
p3066_c001_v51,784b5c11540d3349,kaggle-environments 1.32.7,a52ba1bfe9df9dc1d504550af46744ef8d474797cdba7af2412dc40a3ebdf3b8,main,c1e3590d02e42d16091c5377e87a3db16496e5a462d558dc2925887f835f9891,main,1344530761,1,61051,61043,1,0,0,DONE,DONE,719,719,1,,4.14
p3066_c001_v51,784b5c11540d3349,kaggle-environments 1.32.7,a52ba1bfe9df9dc1d504550af46744ef8d474797cdba7af2412dc40a3ebdf3b8,main,c1e3590d02e42d16091c5377e87a3db16496e5a462d558dc2925887f835f9891,main,1344564815,0,130986,130988,0,1,0,DONE,DONE,719,719,1,,4.31
p3066_c001_v51,784b5c11540d3349,kaggle-environments 1.32.7,a52ba1bfe9df9dc1d504550af46744ef8d474797cdba7af2412dc40a3ebdf3b8,main,c1e3590d02e42d16091c5377e87a3db16496e5a462d558dc2925887f835f9891,main,1344564815,1,130986,130988,0,1,0,DONE,DONE,719,719,1,,4.51
p3066_c001_v51,784b5c11540d3349,kaggle-environments 1.32.7,a52ba1bfe9df9dc1d504550af46744ef8d474797cdba7af2412dc40a3ebdf3b8,main,c1e3590d02e42d16091c5377e87a3db16496e5a462d558dc2925887f835f9891,main,1346071502,0,106371,105901,1,0,0,DONE,DONE,719,719,1,,4.09
p3066_c001_v51,784b5c11540d3349,kaggle-environments 1.32.7,a52ba1bfe9df9dc1d504550af46744ef8d474797cdba7af2412dc40a3ebdf3b8,main,c1e3590d02e42d16091c5377e87a3db16496e5a462d558dc2925887f835f9891,main,1346071502,1,106371,105901,1,0,0,DONE,DONE,719,719,1,,4.33
p3066_c001_v51,784b5c11540d3349,kaggle-environments 1.32.7,a52ba1bfe9df9dc1d504550af46744ef8d474797cdba7af2412dc40a3ebdf3b8,main,c1e3590d02e42d16091c5377e87a3db16496e5a462d558dc2925887f835f9891,main,1347151499,0,102917,102843,1,0,0,DONE,DONE,719,719,1,,4.42
p3066_c001_v51,784b5c11540d3349,kaggle-environments 1.32.7,a52ba1bfe9df9dc1d504550af46744ef8d474797cdba7af2412dc40a3ebdf3b8,main,c1e3590d02e42d16091c5377e87a3db16496e5a462d558dc2925887f835f9891,main,1347151499,1,102917,102843,1,0,0,DONE,DONE,719,719,1,,4.11
p3066_c001_v51,784b5c11540d3349,kaggle-environments 1.32.7,a52ba1bfe9df9dc1d504550af46744ef8d474797cdba7af2412dc40a3ebdf3b8,main,c1e3590d02e42d16091c5377e87a3db16496e5a462d558dc2925887f835f9891,main,1349950299,0,107889,104404,1,0,0,DONE,DONE,719,719,1,,4.39
p3066_c001_v51,784b5c11540d3349,kaggle-environments 1.32.7,a52ba1bfe9df9dc1d504550af46744ef8d474797cdba7af2412dc40a3ebdf3b8,main,c1e3590d02e42d16091c5377e87a3db16496e5a462d558dc2925887f835f9891,main,1349950299,1,104434,107867,0,1,0,DONE,DONE,719,719,1,,4.42
p3066_c001_v51,784b5c11540d3349,kaggle-environments 1.32.7,a52ba1bfe9df9dc1d504550af46744ef8d474797cdba7af2412dc40a3ebdf3b8,main,c1e3590d02e42d16091c5377e87a3db16496e5a462d558dc2925887f835f9891,main,1353116695,0,78005,77535,1,0,0,DONE,DONE,719,719,1,,4.56
p3066_c001_v51,784b5c11540d3349,kaggle-environments 1.32.7,a52ba1bfe9df9dc1d504550af46744ef8d474797cdba7af2412dc40a3ebdf3b8,main,c1e3590d02e42d16091c5377e87a3db16496e5a462d558dc2925887f835f9891,main,1353116695,1,78005,77535,1,0,0,DONE,DONE,719,719,1,,4.23
p3066_c001_v51,784b5c11540d3349,kaggle-environments 1.32.7,a52ba1bfe9df9dc1d504550af46744ef8d474797cdba7af2412dc40a3ebdf3b8,main,c1e3590d02e42d16091c5377e87a3db16496e5a462d558dc2925887f835f9891,main,1353524928,0,104469,102860,1,0,0,DONE,DONE,719,719,1,,4.72
p3066_c001_v51,784b5c11540d3349,kaggle-environments 1.32.7,a52ba1bfe9df9dc1d504550af46744ef8d474797cdba7af2412dc40a3ebdf3b8,main,c1e3590d02e42d16091c5377e87a3db16496e5a462d558dc2925887f835f9891,main,1353524928,1,104469,102860,1,0,0,DONE,DONE,719,719,1,,4.43
p3066_c001_v51,784b5c11540d3349,kaggle-environments 1.32.7,a52ba1bfe9df9dc1d504550af46744ef8d474797cdba7af2412dc40a3ebdf3b8,main,c1e3590d02e42d16091c5377e87a3db16496e5a462d558dc2925887f835f9891,main,1355972192,0,123502,123360,1,0,0,DONE,DONE,719,719,1,,4.36
p3066_c001_v51,784b5c11540d3349,kaggle-environments 1.32.7,a52ba1bfe9df9dc1d504550af46744ef8d474797cdba7af2412dc40a3ebdf3b8,main,c1e3590d02e42d16091c5377e87a3db16496e5a462d558dc2925887f835f9891,main,1355972192,1,123502,123360,1,0,0,DONE,DONE,719,719,1,,4.5
p3066_c001_v51,784b5c11540d3349,kaggle-environments 1.32.7,a52ba1bfe9df9dc1d504550af46744ef8d474797cdba7af2412dc40a3ebdf3b8,main,c1e3590d02e42d16091c5377e87a3db16496e5a462d558dc2925887f835f9891,main,1356125848,0,109160,121312,0,1,0,DONE,DONE,719,719,1,,4.28
p3066_c001_v51,784b5c11540d3349,kaggle-environments 1.32.7,a52ba1bfe9df9dc1d504550af46744ef8d474797cdba7af2412dc40a3ebdf3b8,main,c1e3590d02e42d16091c5377e87a3db16496e5a462d558dc2925887f835f9891,main,1356125848,1,121526,108939,1,0,0,DONE,DONE,719,719,1,,4.1
p3066_c001_v51,784b5c11540d3349,kaggle-environments 1.32.7,a52ba1bfe9df9dc1d504550af46744ef8d474797cdba7af2412dc40a3ebdf3b8,main,c1e3590d02e42d16091c5377e87a3db16496e5a462d558dc2925887f835f9891,main,1361621806,0,63311,63311,0,0,1,DONE,DONE,719,719,1,,4.23
p3066_c001_v51,784b5c11540d3349,kaggle-environments 1.32.7,a52ba1bfe9df9dc1d504550af46744ef8d474797cdba7af2412dc40a3ebdf3b8,main,c1e3590d02e42d16091c5377e87a3db16496e5a462d558dc2925887f835f9891,main,1361621806,1,63311,63311,0,0,1,DONE,DONE,719,719,1,,4.37
p3066_c001_v51,784b5c11540d3349,kaggle-environments 1.32.7,a52ba1bfe9df9dc1d504550af46744ef8d474797cdba7af2412dc40a3ebdf3b8,main,c1e3590d02e42d16091c5377e87a3db16496e5a462d558dc2925887f835f9891,main,1365213930,0,123812,123940,0,1,0,DONE,DONE,719,719,1,,4.31
p3066_c001_v51,784b5c11540d3349,kaggle-environments 1.32.7,a52ba1bfe9df9dc1d504550af46744ef8d474797cdba7af2412dc40a3ebdf3b8,main,c1e3590d02e42d16091c5377e87a3db16496e5a462d558dc2925887f835f9891,main,1365213930,1,123941,123811,1,0,0,DONE,DONE,719,719,1,,4.17
p3066_c001_v51,784b5c11540d3349,kaggle-environments 1.32.7,a52ba1bfe9df9dc1d504550af46744ef8d474797cdba7af2412dc40a3ebdf3b8,main,c1e3590d02e42d16091c5377e87a3db16496e5a462d558dc2925887f835f9891,main,1367859145,0,75510,75497,1,0,0,DONE,DONE,719,719,1,,4.5
p3066_c001_v51,784b5c11540d3349,kaggle-environments 1.32.7,a52ba1bfe9df9dc1d504550af46744ef8d474797cdba7af2412dc40a3ebdf3b8,main,c1e3590d02e42d16091c5377e87a3db16496e5a462d558dc2925887f835f9891,main,1367859145,1,75510,75497,1,0,0,DONE,DONE,719,719,1,,4.35
p3066_c001_v51,784b5c11540d3349,kaggle-environments 1.32.7,a52ba1bfe9df9dc1d504550af46744ef8d474797cdba7af2412dc40a3ebdf3b8,main,c1e3590d02e42d16091c5377e87a3db16496e5a462d558dc2925887f835f9891,main,1369288684,0,75679,75731,0,1,0,DONE,DONE,719,719,1,,4.28
p3066_c001_v51,784b5c11540d3349,kaggle-environments 1.32.7,a52ba1bfe9df9dc1d504550af46744ef8d474797cdba7af2412dc40a3ebdf3b8,main,c1e3590d02e42d16091c5377e87a3db16496e5a462d558dc2925887f835f9891,main,1369288684,1,75679,75731,0,1,0,DONE,DONE,719,719,1,,4.23
p3066_c001_v51,784b5c11540d3349,kaggle-environments 1.32.7,a52ba1bfe9df9dc1d504550af46744ef8d474797cdba7af2412dc40a3ebdf3b8,main,c1e3590d02e42d16091c5377e87a3db16496e5a462d558dc2925887f835f9891,main,1374868963,0,74058,74050,1,0,0,DONE,DONE,719,719,1,,4.3
p3066_c001_v51,784b5c11540d3349,kaggle-environments 1.32.7,a52ba1bfe9df9dc1d504550af46744ef8d474797cdba7af2412dc40a3ebdf3b8,main,c1e3590d02e42d16091c5377e87a3db16496e5a462d558dc2925887f835f9891,main,1374868963,1,74058,74050,1,0,0,DONE,DONE,719,719,1,,4.38
p3066_c001_v51,784b5c11540d3349,kaggle-environments 1.32.7,a52ba1bfe9df9dc1d504550af46744ef8d474797cdba7af2412dc40a3ebdf3b8,main,c1e3590d02e42d16091c5377e87a3db16496e5a462d558dc2925887f835f9891,main,1375535283,0,86355,86341,1,0,0,DONE,DONE,719,719,1,,4.36
p3066_c001_v51,784b5c11540d3349,kaggle-environments 1.32.7,a52ba1bfe9df9dc1d504550af46744ef8d474797cdba7af2412dc40a3ebdf3b8,main,c1e3590d02e42d16091c5377e87a3db16496e5a462d558dc2925887f835f9891,main,1375535283,1,86355,86341,1,0,0,DONE,DONE,719,719,1,,4.5
p3066_c001_v51,784b5c11540d3349,kaggle-environments 1.32.7,a52ba1bfe9df9dc1d504550af46744ef8d474797cdba7af2412dc40a3ebdf3b8,main,c1e3590d02e42d16091c5377e87a3db16496e5a462d558dc2925887f835f9891,main,1375660514,0,114731,113997,1,0,0,DONE,DONE,719,719,1,,4.36
p3066_c001_v51,784b5c11540d3349,kaggle-environments 1.32.7,a52ba1bfe9df9dc1d504550af46744ef8d474797cdba7af2412dc40a3ebdf3b8,main,c1e3590d02e42d16091c5377e87a3db16496e5a462d558dc2925887f835f9891,main,1375660514,1,114731,113997,1,0,0,DONE,DONE,719,719,1,,4.4
p3066_c001_v51,784b5c11540d3349,kaggle-environments 1.32.7,a52ba1bfe9df9dc1d504550af46744ef8d474797cdba7af2412dc40a3ebdf3b8,main,c1e3590d02e42d16091c5377e87a3db16496e5a462d558dc2925887f835f9891,main,1382941652,0,136448,136194,1,0,0,DONE,DONE,719,719,1,,4.43
p3066_c001_v51,784b5c11540d3349,kaggle-environments 1.32.7,a52ba1bfe9df9dc1d504550af46744ef8d474797cdba7af2412dc40a3ebdf3b8,main,c1e3590d02e42d16091c5377e87a3db16496e5a462d558dc2925887f835f9891,main,1382941652,1,136448,136194,1,0,0,DONE,DONE,719,719,1,,4.51
p3066_c001_v51,784b5c11540d3349,kaggle-environments 1.32.7,a52ba1bfe9df9dc1d504550af46744ef8d474797cdba7af2412dc40a3ebdf3b8,main,c1e3590d02e42d16091c5377e87a3db16496e5a462d558dc2925887f835f9891,main,1384638924,0,81768,81761,1,0,0,DONE,DONE,719,719,1,,4.34
p3066_c001_v51,784b5c11540d3349,kaggle-environments 1.32.7,a52ba1bfe9df9dc1d504550af46744ef8d474797cdba7af2412dc40a3ebdf3b8,main,c1e3590d02e42d16091c5377e87a3db16496e5a462d558dc2925887f835f9891,main,1384638924,1,81768,81761,1,0,0,DONE,DONE,719,719,1,,4.29
p3066_c001_v51,784b5c11540d3349,kaggle-environments 1.32.7,a52ba1bfe9df9dc1d504550af46744ef8d474797cdba7af2412dc40a3ebdf3b8,main,c1e3590d02e42d16091c5377e87a3db16496e5a462d558dc2925887f835f9891,main,1385128067,0,75353,75353,0,0,1,DONE,DONE,719,719,1,,4.49
p3066_c001_v51,784b5c11540d3349,kaggle-environments 1.32.7,a52ba1bfe9df9dc1d504550af46744ef8d474797cdba7af2412dc40a3ebdf3b8,main,c1e3590d02e42d16091c5377e87a3db16496e5a462d558dc2925887f835f9891,main,1385128067,1,75353,75353,0,0,1,DONE,DONE,719,719,1,,4.41
p3066_c001_v51,784b5c11540d3349,kaggle-environments 1.32.7,a52ba1bfe9df9dc1d504550af46744ef8d474797cdba7af2412dc40a3ebdf3b8,main,c1e3590d02e42d16091c5377e87a3db16496e5a462d558dc2925887f835f9891,main,1386739896,0,141935,141931,1,0,0,DONE,DONE,719,719,1,,4.51
p3066_c001_v51,784b5c11540d3349,kaggle-environments 1.32.7,a52ba1bfe9df9dc1d504550af46744ef8d474797cdba7af2412dc40a3ebdf3b8,main,c1e3590d02e42d16091c5377e87a3db16496e5a462d558dc2925887f835f9891,main,1386739896,1,141935,141931,1,0,0,DONE,DONE,719,719,1,,4.21
p3066_c001_v51,784b5c11540d3349,kaggle-environments 1.32.7,a52ba1bfe9df9dc1d504550af46744ef8d474797cdba7af2412dc40a3ebdf3b8,main,c1e3590d02e42d16091c5377e87a3db16496e5a462d558dc2925887f835f9891,main,1388632395,0,94247,94245,1,0,0,DONE,DONE,719,719,1,,4.27
p3066_c001_v51,784b5c11540d3349,kaggle-environments 1.32.7,a52ba1bfe9df9dc1d504550af46744ef8d474797cdba7af2412dc40a3ebdf3b8,main,c1e3590d02e42d16091c5377e87a3db16496e5a462d558dc2925887f835f9891,main,1388632395,1,94247,94245,1,0,0,DONE,DONE,719,719,1,,4.6
p3066_c001_v51,784b5c11540d3349,kaggle-environments 1.32.7,a52ba1bfe9df9dc1d504550af46744ef8d474797cdba7af2412dc40a3ebdf3b8,main,c1e3590d02e42d16091c5377e87a3db16496e5a462d558dc2925887f835f9891,main,1388681310,0,126868,126867,1,0,0,DONE,DONE,719,719,1,,4.32
p3066_c001_v51,784b5c11540d3349,kaggle-environments 1.32.7,a52ba1bfe9df9dc1d504550af46744ef8d474797cdba7af2412dc40a3ebdf3b8,main,c1e3590d02e42d16091c5377e87a3db16496e5a462d558dc2925887f835f9891,main,1388681310,1,126868,126867,1,0,0,DONE,DONE,719,719,1,,4.29
p3066_c001_v51,784b5c11540d3349,kaggle-environments 1.32.7,a52ba1bfe9df9dc1d504550af46744ef8d474797cdba7af2412dc40a3ebdf3b8,main,c1e3590d02e42d16091c5377e87a3db16496e5a462d558dc2925887f835f9891,main,1392808100,0,104441,104429,1,0,0,DONE,DONE,719,719,1,,4.71
p3066_c001_v51,784b5c11540d3349,kaggle-environments 1.32.7,a52ba1bfe9df9dc1d504550af46744ef8d474797cdba7af2412dc40a3ebdf3b8,main,c1e3590d02e42d16091c5377e87a3db16496e5a462d558dc2925887f835f9891,main,1392808100,1,104441,104429,1,0,0,DONE,DONE,719,719,1,,5.02
p3066_c001_v51,784b5c11540d3349,kaggle-environments 1.32.7,a52ba1bfe9df9dc1d504550af46744ef8d474797cdba7af2412dc40a3ebdf3b8,main,c1e3590d02e42d16091c5377e87a3db16496e5a462d558dc2925887f835f9891,main,1393319672,0,89613,89632,0,1,0,DONE,DONE,719,719,1,,4.38
p3066_c001_v51,784b5c11540d3349,kaggle-environments 1.32.7,a52ba1bfe9df9dc1d504550af46744ef8d474797cdba7af2412dc40a3ebdf3b8,main,c1e3590d02e42d16091c5377e87a3db16496e5a462d558dc2925887f835f9891,main,1393319672,1,89613,89632,0,1,0,DONE,DONE,719,719,1,,4.68
p3066_c001_v51,784b5c11540d3349,kaggle-environments 1.32.7,a52ba1bfe9df9dc1d504550af46744ef8d474797cdba7af2412dc40a3ebdf3b8,main,c1e3590d02e42d16091c5377e87a3db16496e5a462d558dc2925887f835f9891,main,1395526966,0,94417,94415,1,0,0,DONE,DONE,719,719,1,,4.26
p3066_c001_v51,784b5c11540d3349,kaggle-environments 1.32.7,a52ba1bfe9df9dc1d504550af46744ef8d474797cdba7af2412dc40a3ebdf3b8,main,c1e3590d02e42d16091c5377e87a3db16496e5a462d558dc2925887f835f9891,main,1395526966,1,94417,94415,1,0,0,DONE,DONE,719,719,1,,4.52
p3066_c001_v51,784b5c11540d3349,kaggle-environments 1.32.7,a52ba1bfe9df9dc1d504550af46744ef8d474797cdba7af2412dc40a3ebdf3b8,main,c1e3590d02e42d16091c5377e87a3db16496e5a462d558dc2925887f835f9891,main,1396501130,0,95655,95649,1,0,0,DONE,DONE,719,719,1,,4.43
p3066_c001_v51,784b5c11540d3349,kaggle-environments 1.32.7,a52ba1bfe9df9dc1d504550af46744ef8d474797cdba7af2412dc40a3ebdf3b8,main,c1e3590d02e42d16091c5377e87a3db16496e5a462d558dc2925887f835f9891,main,1396501130,1,95655,95649,1,0,0,DONE,DONE,719,719,1,,4.46
p3066_c001_v51,784b5c11540d3349,kaggle-environments 1.32.7,a52ba1bfe9df9dc1d504550af46744ef8d474797cdba7af2412dc40a3ebdf3b8,main,c1e3590d02e42d16091c5377e87a3db16496e5a462d558dc2925887f835f9891,main,1400825693,0,109747,109932,0,1,0,DONE,DONE,719,719,1,,4.55
p3066_c001_v51,784b5c11540d3349,kaggle-environments 1.32.7,a52ba1bfe9df9dc1d504550af46744ef8d474797cdba7af2412dc40a3ebdf3b8,main,c1e3590d02e42d16091c5377e87a3db16496e5a462d558dc2925887f835f9891,main,1400825693,1,109747,109932,0,1,0,DONE,DONE,719,719,1,,4.51
p3066_c001_v51,784b5c11540d3349,kaggle-environments 1.32.7,a52ba1bfe9df9dc1d504550af46744ef8d474797cdba7af2412dc40a3ebdf3b8,main,c1e3590d02e42d16091c5377e87a3db16496e5a462d558dc2925887f835f9891,main,1405554226,0,105734,105733,1,0,0,DONE,DONE,719,719,1,,4.29
p3066_c001_v51,784b5c11540d3349,kaggle-environments 1.32.7,a52ba1bfe9df9dc1d504550af46744ef8d474797cdba7af2412dc40a3ebdf3b8,main,c1e3590d02e42d16091c5377e87a3db16496e5a462d558dc2925887f835f9891,main,1405554226,1,105734,105733,1,0,0,DONE,DONE,719,719,1,,4.65
p3066_c001_v51,784b5c11540d3349,kaggle-environments 1.32.7,a52ba1bfe9df9dc1d504550af46744ef8d474797cdba7af2412dc40a3ebdf3b8,main,c1e3590d02e42d16091c5377e87a3db16496e5a462d558dc2925887f835f9891,main,1405970485,0,108218,101801,1,0,0,DONE,DONE,719,719,1,,4.25
p3066_c001_v51,784b5c11540d3349,kaggle-environments 1.32.7,a52ba1bfe9df9dc1d504550af46744ef8d474797cdba7af2412dc40a3ebdf3b8,main,c1e3590d02e42d16091c5377e87a3db16496e5a462d558dc2925887f835f9891,main,1405970485,1,101801,108218,0,1,0,DONE,DONE,719,719,1,,4.58
p3066_c001_v51,784b5c11540d3349,kaggle-environments 1.32.7,a52ba1bfe9df9dc1d504550af46744ef8d474797cdba7af2412dc40a3ebdf3b8,main,c1e3590d02e42d16091c5377e87a3db16496e5a462d558dc2925887f835f9891,main,1407831961,0,104499,104483,1,0,0,DONE,DONE,719,719,1,,4.75
p3066_c001_v51,784b5c11540d3349,kaggle-environments 1.32.7,a52ba1bfe9df9dc1d504550af46744ef8d474797cdba7af2412dc40a3ebdf3b8,main,c1e3590d02e42d16091c5377e87a3db16496e5a462d558dc2925887f835f9891,main,1407831961,1,104499,104483,1,0,0,DONE,DONE,719,719,1,,5.03
p3066_c001_v51,784b5c11540d3349,kaggle-environments 1.32.7,a52ba1bfe9df9dc1d504550af46744ef8d474797cdba7af2412dc40a3ebdf3b8,main,c1e3590d02e42d16091c5377e87a3db16496e5a462d558dc2925887f835f9891,main,1407839569,0,121000,120994,1,0,0,DONE,DONE,719,719,1,,4.27
p3066_c001_v51,784b5c11540d3349,kaggle-environments 1.32.7,a52ba1bfe9df9dc1d504550af46744ef8d474797cdba7af2412dc40a3ebdf3b8,main,c1e3590d02e42d16091c5377e87a3db16496e5a462d558dc2925887f835f9891,main,1407839569,1,121000,120994,1,0,0,DONE,DONE,719,719,1,,4.14
p3066_c001_v51,784b5c11540d3349,kaggle-environments 1.32.7,a52ba1bfe9df9dc1d504550af46744ef8d474797cdba7af2412dc40a3ebdf3b8,main,c1e3590d02e42d16091c5377e87a3db16496e5a462d558dc2925887f835f9891,main,1407882474,0,91079,90990,1,0,0,DONE,DONE,719,719,1,,4.4
p3066_c001_v51,784b5c11540d3349,kaggle-environments 1.32.7,a52ba1bfe9df9dc1d504550af46744ef8d474797cdba7af2412dc40a3ebdf3b8,main,c1e3590d02e42d16091c5377e87a3db16496e5a462d558dc2925887f835f9891,main,1407882474,1,91079,90990,1,0,0,DONE,DONE,719,719,1,,4.15
p3066_c001_v51,784b5c11540d3349,kaggle-environments 1.32.7,a52ba1bfe9df9dc1d504550af46744ef8d474797cdba7af2412dc40a3ebdf3b8,main,c1e3590d02e42d16091c5377e87a3db16496e5a462d558dc2925887f835f9891,main,1409347334,0,87012,87012,0,0,1,DONE,DONE,719,719,1,,5.04
p3066_c001_v51,784b5c11540d3349,kaggle-environments 1.32.7,a52ba1bfe9df9dc1d504550af46744ef8d474797cdba7af2412dc40a3ebdf3b8,main,c1e3590d02e42d16091c5377e87a3db16496e5a462d558dc2925887f835f9891,main,1409347334,1,87012,87012,0,0,1,DONE,DONE,719,719,1,,4.59
p3066_c001_v51,784b5c11540d3349,kaggle-environments 1.32.7,a52ba1bfe9df9dc1d504550af46744ef8d474797cdba7af2412dc40a3ebdf3b8,main,c1e3590d02e42d16091c5377e87a3db16496e5a462d558dc2925887f835f9891,main,1409731870,0,60305,60271,1,0,0,DONE,DONE,719,719,1,,4.86
p3066_c001_v51,784b5c11540d3349,kaggle-environments 1.32.7,a52ba1bfe9df9dc1d504550af46744ef8d474797cdba7af2412dc40a3ebdf3b8,main,c1e3590d02e42d16091c5377e87a3db16496e5a462d558dc2925887f835f9891,main,1409731870,1,60305,60271,1,0,0,DONE,DONE,719,719,1,,4.57
p3066_c001_v51,784b5c11540d3349,kaggle-environments 1.32.7,a52ba1bfe9df9dc1d504550af46744ef8d474797cdba7af2412dc40a3ebdf3b8,main,c1e3590d02e42d16091c5377e87a3db16496e5a462d558dc2925887f835f9891,main,1411066117,0,110555,110555,0,0,1,DONE,DONE,719,719,1,,4.15
p3066_c001_v51,784b5c11540d3349,kaggle-environments 1.32.7,a52ba1bfe9df9dc1d504550af46744ef8d474797cdba7af2412dc40a3ebdf3b8,main,c1e3590d02e42d16091c5377e87a3db16496e5a462d558dc2925887f835f9891,main,1411066117,1,110555,110555,0,0,1,DONE,DONE,719,719,1,,4.17
p3066_c001_v51,784b5c11540d3349,kaggle-environments 1.32.7,a52ba1bfe9df9dc1d504550af46744ef8d474797cdba7af2412dc40a3ebdf3b8,main,c1e3590d02e42d16091c5377e87a3db16496e5a462d558dc2925887f835f9891,main,1413185429,0,110961,110949,1,0,0,DONE,DONE,719,719,1,,4.14
p3066_c001_v51,784b5c11540d3349,kaggle-environments 1.32.7,a52ba1bfe9df9dc1d504550af46744ef8d474797cdba7af2412dc40a3ebdf3b8,main,c1e3590d02e42d16091c5377e87a3db16496e5a462d558dc2925887f835f9891,main,1413185429,1,110961,110949,1,0,0,DONE,DONE,719,719,1,,4.33
p3066_c001_v51,784b5c11540d3349,kaggle-environments 1.32.7,a52ba1bfe9df9dc1d504550af46744ef8d474797cdba7af2412dc40a3ebdf3b8,main,c1e3590d02e42d16091c5377e87a3db16496e5a462d558dc2925887f835f9891,main,1416395867,0,90774,90773,1,0,0,DONE,DONE,719,719,1,,4.68
p3066_c001_v51,784b5c11540d3349,kaggle-environments 1.32.7,a52ba1bfe9df9dc1d504550af46744ef8d474797cdba7af2412dc40a3ebdf3b8,main,c1e3590d02e42d16091c5377e87a3db16496e5a462d558dc2925887f835f9891,main,1416395867,1,90774,90773,1,0,0,DONE,DONE,719,719,1,,4.49
p3066_c001_v51,784b5c11540d3349,kaggle-environments 1.32.7,a52ba1bfe9df9dc1d504550af46744ef8d474797cdba7af2412dc40a3ebdf3b8,main,c1e3590d02e42d16091c5377e87a3db16496e5a462d558dc2925887f835f9891,main,1418267276,0,113470,113011,1,0,0,DONE,DONE,719,719,1,,4.36
p3066_c001_v51,784b5c11540d3349,kaggle-environments 1.32.7,a52ba1bfe9df9dc1d504550af46744ef8d474797cdba7af2412dc40a3ebdf3b8,main,c1e3590d02e42d16091c5377e87a3db16496e5a462d558dc2925887f835f9891,main,1418267276,1,113470,113011,1,0,0,DONE,DONE,719,719,1,,4.31
p3066_c001_v51,784b5c11540d3349,kaggle-environments 1.32.7,a52ba1bfe9df9dc1d504550af46744ef8d474797cdba7af2412dc40a3ebdf3b8,main,c1e3590d02e42d16091c5377e87a3db16496e5a462d558dc2925887f835f9891,main,1419299350,0,67226,67137,1,0,0,DONE,DONE,719,719,1,,4.37
p3066_c001_v51,784b5c11540d3349,kaggle-environments 1.32.7,a52ba1bfe9df9dc1d504550af46744ef8d474797cdba7af2412dc40a3ebdf3b8,main,c1e3590d02e42d16091c5377e87a3db16496e5a462d558dc2925887f835f9891,main,1419299350,1,67226,67137,1,0,0,DONE,DONE,719,719,1,,4.52
p3066_c001_v51,784b5c11540d3349,kaggle-environments 1.32.7,a52ba1bfe9df9dc1d504550af46744ef8d474797cdba7af2412dc40a3ebdf3b8,main,c1e3590d02e42d16091c5377e87a3db16496e5a462d558dc2925887f835f9891,main,1424694151,0,96329,96330,0,1,0,DONE,DONE,719,719,1,,4.44
p3066_c001_v51,784b5c11540d3349,kaggle-environments 1.32.7,a52ba1bfe9df9dc1d504550af46744ef8d474797cdba7af2412dc40a3ebdf3b8,main,c1e3590d02e42d16091c5377e87a3db16496e5a462d558dc2925887f835f9891,main,1424694151,1,96329,96330,0,1,0,DONE,DONE,719,719,1,,4.52
p3066_c001_v51,784b5c11540d3349,kaggle-environments 1.32.7,a52ba1bfe9df9dc1d504550af46744ef8d474797cdba7af2412dc40a3ebdf3b8,main,c1e3590d02e42d16091c5377e87a3db16496e5a462d558dc2925887f835f9891,main,1425290674,0,83212,83210,1,0,0,DONE,DONE,719,719,1,,4.43
p3066_c001_v51,784b5c11540d3349,kaggle-environments 1.32.7,a52ba1bfe9df9dc1d504550af46744ef8d474797cdba7af2412dc40a3ebdf3b8,main,c1e3590d02e42d16091c5377e87a3db16496e5a462d558dc2925887f835f9891,main,1425290674,1,83212,83210,1,0,0,DONE,DONE,719,719,1,,4.57
p3066_c001_v51,784b5c11540d3349,kaggle-environments 1.32.7,a52ba1bfe9df9dc1d504550af46744ef8d474797cdba7af2412dc40a3ebdf3b8,main,c1e3590d02e42d16091c5377e87a3db16496e5a462d558dc2925887f835f9891,main,1425470560,0,105339,105252,1,0,0,DONE,DONE,719,719,1,,4.39
p3066_c001_v51,784b5c11540d3349,kaggle-environments 1.32.7,a52ba1bfe9df9dc1d504550af46744ef8d474797cdba7af2412dc40a3ebdf3b8,main,c1e3590d02e42d16091c5377e87a3db16496e5a462d558dc2925887f835f9891,main,1425470560,1,105339,105252,1,0,0,DONE,DONE,719,719,1,,4.24
p3066_c001_v51,784b5c11540d3349,kaggle-environments 1.32.7,a52ba1bfe9df9dc1d504550af46744ef8d474797cdba7af2412dc40a3ebdf3b8,main,c1e3590d02e42d16091c5377e87a3db16496e5a462d558dc2925887f835f9891,main,1426015880,0,82198,82138,1,0,0,DONE,DONE,719,719,1,,4.45
p3066_c001_v51,784b5c11540d3349,kaggle-environments 1.32.7,a52ba1bfe9df9dc1d504550af46744ef8d474797cdba7af2412dc40a3ebdf3b8,main,c1e3590d02e42d16091c5377e87a3db16496e5a462d558dc2925887f835f9891,main,1426015880,1,82198,82138,1,0,0,DONE,DONE,719,719,1,,4.38
p3066_c001_v51,784b5c11540d3349,kaggle-environments 1.32.7,a52ba1bfe9df9dc1d504550af46744ef8d474797cdba7af2412dc40a3ebdf3b8,main,c1e3590d02e42d16091c5377e87a3db16496e5a462d558dc2925887f835f9891,main,1426810971,0,129534,129263,1,0,0,DONE,DONE,719,719,1,,4.63
p3066_c001_v51,784b5c11540d3349,kaggle-environments 1.32.7,a52ba1bfe9df9dc1d504550af46744ef8d474797cdba7af2412dc40a3ebdf3b8,main,c1e3590d02e42d16091c5377e87a3db16496e5a462d558dc2925887f835f9891,main,1426810971,1,129534,129263,1,0,0,DONE,DONE,719,719,1,,4.51
p3066_c001_v51,784b5c11540d3349,kaggle-environments 1.32.7,a52ba1bfe9df9dc1d504550af46744ef8d474797cdba7af2412dc40a3ebdf3b8,main,c1e3590d02e42d16091c5377e87a3db16496e5a462d558dc2925887f835f9891,main,1427846289,0,81708,81700,1,0,0,DONE,DONE,719,719,1,,4.44
p3066_c001_v51,784b5c11540d3349,kaggle-environments 1.32.7,a52ba1bfe9df9dc1d504550af46744ef8d474797cdba7af2412dc40a3ebdf3b8,main,c1e3590d02e42d16091c5377e87a3db16496e5a462d558dc2925887f835f9891,main,1427846289,1,81708,81700,1,0,0,DONE,DONE,719,719,1,,4.21
p3066_c001_v51,784b5c11540d3349,kaggle-environments 1.32.7,a52ba1bfe9df9dc1d504550af46744ef8d474797cdba7af2412dc40a3ebdf3b8,main,c1e3590d02e42d16091c5377e87a3db16496e5a462d558dc2925887f835f9891,main,1430243606,0,104249,104259,0,1,0,DONE,DONE,719,719,1,,4.27
p3066_c001_v51,784b5c11540d3349,kaggle-environments 1.32.7,a52ba1bfe9df9dc1d504550af46744ef8d474797cdba7af2412dc40a3ebdf3b8,main,c1e3590d02e42d16091c5377e87a3db16496e5a462d558dc2925887f835f9891,main,1430243606,1,104249,104259,0,1,0,DONE,DONE,719,719,1,,4.23
p3066_c001_v51,784b5c11540d3349,kaggle-environments 1.32.7,a52ba1bfe9df9dc1d504550af46744ef8d474797cdba7af2412dc40a3ebdf3b8,main,c1e3590d02e42d16091c5377e87a3db16496e5a462d558dc2925887f835f9891,main,1434596872,0,127175,127114,1,0,0,DONE,DONE,719,719,1,,4.22
p3066_c001_v51,784b5c11540d3349,kaggle-environments 1.32.7,a52ba1bfe9df9dc1d504550af46744ef8d474797cdba7af2412dc40a3ebdf3b8,main,c1e3590d02e42d16091c5377e87a3db16496e5a462d558dc2925887f835f9891,main,1434596872,1,127175,127114,1,0,0,DONE,DONE,719,719,1,,4.32
p3066_c001_v51,784b5c11540d3349,kaggle-environments 1.32.7,a52ba1bfe9df9dc1d504550af46744ef8d474797cdba7af2412dc40a3ebdf3b8,main,c1e3590d02e42d16091c5377e87a3db16496e5a462d558dc2925887f835f9891,main,1436518747,0,75075,75081,0,1,0,DONE,DONE,719,719,1,,4.52
p3066_c001_v51,784b5c11540d3349,kaggle-environments 1.32.7,a52ba1bfe9df9dc1d504550af46744ef8d474797cdba7af2412dc40a3ebdf3b8,main,c1e3590d02e42d16091c5377e87a3db16496e5a462d558dc2925887f835f9891,main,1436518747,1,75075,75081,0,1,0,DONE,DONE,719,719,1,,4.38
p3066_c001_v51,784b5c11540d3349,kaggle-environments 1.32.7,a52ba1bfe9df9dc1d504550af46744ef8d474797cdba7af2412dc40a3ebdf3b8,main,c1e3590d02e42d16091c5377e87a3db16496e5a462d558dc2925887f835f9891,main,1438044967,0,111620,111618,1,0,0,DONE,DONE,719,719,1,,4.27
p3066_c001_v51,784b5c11540d3349,kaggle-environments 1.32.7,a52ba1bfe9df9dc1d504550af46744ef8d474797cdba7af2412dc40a3ebdf3b8,main,c1e3590d02e42d16091c5377e87a3db16496e5a462d558dc2925887f835f9891,main,1438044967,1,111620,111618,1,0,0,DONE,DONE,719,719,1,,4.16
p3066_c001_v51,784b5c11540d3349,kaggle-environments 1.32.7,a52ba1bfe9df9dc1d504550af46744ef8d474797cdba7af2412dc40a3ebdf3b8,main,c1e3590d02e42d16091c5377e87a3db16496e5a462d558dc2925887f835f9891,main,1438522547,0,94481,94473,1,0,0,DONE,DONE,719,719,1,,4.38
p3066_c001_v51,784b5c11540d3349,kaggle-environments 1.32.7,a52ba1bfe9df9dc1d504550af46744ef8d474797cdba7af2412dc40a3ebdf3b8,main,c1e3590d02e42d16091c5377e87a3db16496e5a462d558dc2925887f835f9891,main,1438522547,1,94481,94473,1,0,0,DONE,DONE,719,719,1,,4.54
p3066_c001_v51,784b5c11540d3349,kaggle-environments 1.32.7,a52ba1bfe9df9dc1d504550af46744ef8d474797cdba7af2412dc40a3ebdf3b8,main,c1e3590d02e42d16091c5377e87a3db16496e5a462d558dc2925887f835f9891,main,1442517611,0,96214,96210,1,0,0,DONE,DONE,719,719,1,,4.2
p3066_c001_v51,784b5c11540d3349,kaggle-environments 1.32.7,a52ba1bfe9df9dc1d504550af46744ef8d474797cdba7af2412dc40a3ebdf3b8,main,c1e3590d02e42d16091c5377e87a3db16496e5a462d558dc2925887f835f9891,main,1442517611,1,96214,96210,1,0,0,DONE,DONE,719,719,1,,4.19
p3066_c001_v51,784b5c11540d3349,kaggle-environments 1.32.7,a52ba1bfe9df9dc1d504550af46744ef8d474797cdba7af2412dc40a3ebdf3b8,main,c1e3590d02e42d16091c5377e87a3db16496e5a462d558dc2925887f835f9891,main,1446747339,0,104099,104071,1,0,0,DONE,DONE,719,719,1,,4.3
p3066_c001_v51,784b5c11540d3349,kaggle-environments 1.32.7,a52ba1bfe9df9dc1d504550af46744ef8d474797cdba7af2412dc40a3ebdf3b8,main,c1e3590d02e42d16091c5377e87a3db16496e5a462d558dc2925887f835f9891,main,1446747339,1,104099,104071,1,0,0,DONE,DONE,719,719,1,,4.58
p3066_c001_v51,784b5c11540d3349,kaggle-environments 1.32.7,a52ba1bfe9df9dc1d504550af46744ef8d474797cdba7af2412dc40a3ebdf3b8,main,c1e3590d02e42d16091c5377e87a3db16496e5a462d558dc2925887f835f9891,main,1449506962,0,73757,73761,0,1,0,DONE,DONE,719,719,1,,4.54
p3066_c001_v51,784b5c11540d3349,kaggle-environments 1.32.7,a52ba1bfe9df9dc1d504550af46744ef8d474797cdba7af2412dc40a3ebdf3b8,main,c1e3590d02e42d16091c5377e87a3db16496e5a462d558dc2925887f835f9891,main,1449506962,1,73757,73761,0,1,0,DONE,DONE,719,719,1,,4.36
p3066_c001_v51,784b5c11540d3349,kaggle-environments 1.32.7,a52ba1bfe9df9dc1d504550af46744ef8d474797cdba7af2412dc40a3ebdf3b8,main,c1e3590d02e42d16091c5377e87a3db16496e5a462d558dc2925887f835f9891,main,1449925696,0,73349,73612,0,1,0,DONE,DONE,719,719,1,,4.2
p3066_c001_v51,784b5c11540d3349,kaggle-environments 1.32.7,a52ba1bfe9df9dc1d504550af46744ef8d474797cdba7af2412dc40a3ebdf3b8,main,c1e3590d02e42d16091c5377e87a3db16496e5a462d558dc2925887f835f9891,main,1449925696,1,73619,73343,1,0,0,DONE,DONE,719,719,1,,4.2
p3066_c001_v51,784b5c11540d3349,kaggle-environments 1.32.7,a52ba1bfe9df9dc1d504550af46744ef8d474797cdba7af2412dc40a3ebdf3b8,main,c1e3590d02e42d16091c5377e87a3db16496e5a462d558dc2925887f835f9891,main,1450785780,0,89940,89915,1,0,0,DONE,DONE,719,719,1,,4.64
p3066_c001_v51,784b5c11540d3349,kaggle-environments 1.32.7,a52ba1bfe9df9dc1d504550af46744ef8d474797cdba7af2412dc40a3ebdf3b8,main,c1e3590d02e42d16091c5377e87a3db16496e5a462d558dc2925887f835f9891,main,1450785780,1,89940,89915,1,0,0,DONE,DONE,719,719,1,,4.44
p3066_c001_v51,784b5c11540d3349,kaggle-environments 1.32.7,a52ba1bfe9df9dc1d504550af46744ef8d474797cdba7af2412dc40a3ebdf3b8,main,c1e3590d02e42d16091c5377e87a3db16496e5a462d558dc2925887f835f9891,main,1451669670,0,104789,104786,1,0,0,DONE,DONE,719,719,1,,4.3
p3066_c001_v51,784b5c11540d3349,kaggle-environments 1.32.7,a52ba1bfe9df9dc1d504550af46744ef8d474797cdba7af2412dc40a3ebdf3b8,main,c1e3590d02e42d16091c5377e87a3db16496e5a462d558dc2925887f835f9891,main,1451669670,1,104789,104786,1,0,0,DONE,DONE,719,719,1,,4.18
p3066_c001_v51,784b5c11540d3349,kaggle-environments 1.32.7,a52ba1bfe9df9dc1d504550af46744ef8d474797cdba7af2412dc40a3ebdf3b8,main,c1e3590d02e42d16091c5377e87a3db16496e5a462d558dc2925887f835f9891,main,1452820545,0,67864,67885,0,1,0,DONE,DONE,719,719,1,,4.28
p3066_c001_v51,784b5c11540d3349,kaggle-environments 1.32.7,a52ba1bfe9df9dc1d504550af46744ef8d474797cdba7af2412dc40a3ebdf3b8,main,c1e3590d02e42d16091c5377e87a3db16496e5a462d558dc2925887f835f9891,main,1452820545,1,67864,67885,0,1,0,DONE,DONE,719,719,1,,4.33
p3066_c001_v51,784b5c11540d3349,kaggle-environments 1.32.7,a52ba1bfe9df9dc1d504550af46744ef8d474797cdba7af2412dc40a3ebdf3b8,main,c1e3590d02e42d16091c5377e87a3db16496e5a462d558dc2925887f835f9891,main,1458935426,0,88802,88727,1,0,0,DONE,DONE,719,719,1,,4.42
p3066_c001_v51,784b5c11540d3349,kaggle-environments 1.32.7,a52ba1bfe9df9dc1d504550af46744ef8d474797cdba7af2412dc40a3ebdf3b8,main,c1e3590d02e42d16091c5377e87a3db16496e5a462d558dc2925887f835f9891,main,1458935426,1,88802,88727,1,0,0,DONE,DONE,719,719,1,,4.61
p3066_c001_v51,784b5c11540d3349,kaggle-environments 1.32.7,a52ba1bfe9df9dc1d504550af46744ef8d474797cdba7af2412dc40a3ebdf3b8,main,c1e3590d02e42d16091c5377e87a3db16496e5a462d558dc2925887f835f9891,main,1460655205,0,96581,96529,1,0,0,DONE,DONE,719,719,1,,4.38
p3066_c001_v51,784b5c11540d3349,kaggle-environments 1.32.7,a52ba1bfe9df9dc1d504550af46744ef8d474797cdba7af2412dc40a3ebdf3b8,main,c1e3590d02e42d16091c5377e87a3db16496e5a462d558dc2925887f835f9891,main,1460655205,1,96581,96529,1,0,0,DONE,DONE,719,719,1,,4.18
p3066_c001_v51,784b5c11540d3349,kaggle-environments 1.32.7,a52ba1bfe9df9dc1d504550af46744ef8d474797cdba7af2412dc40a3ebdf3b8,main,c1e3590d02e42d16091c5377e87a3db16496e5a462d558dc2925887f835f9891,main,1461260178,0,72212,72220,0,1,0,DONE,DONE,719,719,1,,4.74
p3066_c001_v51,784b5c11540d3349,kaggle-environments 1.32.7,a52ba1bfe9df9dc1d504550af46744ef8d474797cdba7af2412dc40a3ebdf3b8,main,c1e3590d02e42d16091c5377e87a3db16496e5a462d558dc2925887f835f9891,main,1461260178,1,72212,72220,0,1,0,DONE,DONE,719,719,1,,4.79
p3066_c001_v51,784b5c11540d3349,kaggle-environments 1.32.7,a52ba1bfe9df9dc1d504550af46744ef8d474797cdba7af2412dc40a3ebdf3b8,main,c1e3590d02e42d16091c5377e87a3db16496e5a462d558dc2925887f835f9891,main,1464192060,0,101193,101193,0,0,1,DONE,DONE,719,719,1,,4.15
p3066_c001_v51,784b5c11540d3349,kaggle-environments 1.32.7,a52ba1bfe9df9dc1d504550af46744ef8d474797cdba7af2412dc40a3ebdf3b8,main,c1e3590d02e42d16091c5377e87a3db16496e5a462d558dc2925887f835f9891,main,1464192060,1,101193,101193,0,0,1,DONE,DONE,719,719,1,,4.61
p3066_c001_v51,784b5c11540d3349,kaggle-environments 1.32.7,a52ba1bfe9df9dc1d504550af46744ef8d474797cdba7af2412dc40a3ebdf3b8,main,c1e3590d02e42d16091c5377e87a3db16496e5a462d558dc2925887f835f9891,main,1472659776,0,100960,100960,0,0,1,DONE,DONE,719,719,1,,4.21
p3066_c001_v51,784b5c11540d3349,kaggle-environments 1.32.7,a52ba1bfe9df9dc1d504550af46744ef8d474797cdba7af2412dc40a3ebdf3b8,main,c1e3590d02e42d16091c5377e87a3db16496e5a462d558dc2925887f835f9891,main,1472659776,1,100960,100960,0,0,1,DONE,DONE,719,719,1,,4.46
p3066_c001_v51,784b5c11540d3349,kaggle-environments 1.32.7,a52ba1bfe9df9dc1d504550af46744ef8d474797cdba7af2412dc40a3ebdf3b8,main,c1e3590d02e42d16091c5377e87a3db16496e5a462d558dc2925887f835f9891,main,1472840234,0,66708,66708,0,0,1,DONE,DONE,719,719,1,,4.44
p3066_c001_v51,784b5c11540d3349,kaggle-environments 1.32.7,a52ba1bfe9df9dc1d504550af46744ef8d474797cdba7af2412dc40a3ebdf3b8,main,c1e3590d02e42d16091c5377e87a3db16496e5a462d558dc2925887f835f9891,main,1472840234,1,66708,66708,0,0,1,DONE,DONE,719,719,1,,4.42
p3066_c001_v51,784b5c11540d3349,kaggle-environments 1.32.7,a52ba1bfe9df9dc1d504550af46744ef8d474797cdba7af2412dc40a3ebdf3b8,main,c1e3590d02e42d16091c5377e87a3db16496e5a462d558dc2925887f835f9891,main,1474438632,0,124118,123967,1,0,0,DONE,DONE,719,719,1,,4.41
p3066_c001_v51,784b5c11540d3349,kaggle-environments 1.32.7,a52ba1bfe9df9dc1d504550af46744ef8d474797cdba7af2412dc40a3ebdf3b8,main,c1e3590d02e42d16091c5377e87a3db16496e5a462d558dc2925887f835f9891,main,1474438632,1,124118,123967,1,0,0,DONE,DONE,719,719,1,,4.16
p3066_c001_v51,784b5c11540d3349,kaggle-environments 1.32.7,a52ba1bfe9df9dc1d504550af46744ef8d474797cdba7af2412dc40a3ebdf3b8,main,c1e3590d02e42d16091c5377e87a3db16496e5a462d558dc2925887f835f9891,main,1475372659,0,65848,65848,0,0,1,DONE,DONE,719,719,1,,4.49
p3066_c001_v51,784b5c11540d3349,kaggle-environments 1.32.7,a52ba1bfe9df9dc1d504550af46744ef8d474797cdba7af2412dc40a3ebdf3b8,main,c1e3590d02e42d16091c5377e87a3db16496e5a462d558dc2925887f835f9891,main,1475372659,1,65848,65848,0,0,1,DONE,DONE,719,719,1,,4.26
p3066_c001_v51,784b5c11540d3349,kaggle-environments 1.32.7,a52ba1bfe9df9dc1d504550af46744ef8d474797cdba7af2412dc40a3ebdf3b8,main,c1e3590d02e42d16091c5377e87a3db16496e5a462d558dc2925887f835f9891,main,1485541304,0,102895,102895,0,0,1,DONE,DONE,719,719,1,,4.56
p3066_c001_v51,784b5c11540d3349,kaggle-environments 1.32.7,a52ba1bfe9df9dc1d504550af46744ef8d474797cdba7af2412dc40a3ebdf3b8,main,c1e3590d02e42d16091c5377e87a3db16496e5a462d558dc2925887f835f9891,main,1485541304,1,102895,102895,0,0,1,DONE,DONE,719,719,1,,4.5
p3066_c001_v51,784b5c11540d3349,kaggle-environments 1.32.7,a52ba1bfe9df9dc1d504550af46744ef8d474797cdba7af2412dc40a3ebdf3b8,main,c1e3590d02e42d16091c5377e87a3db16496e5a462d558dc2925887f835f9891,main,1485774974,0,84931,84935,0,1,0,DONE,DONE,719,719,1,,4.12
p3066_c001_v51,784b5c11540d3349,kaggle-environments 1.32.7,a52ba1bfe9df9dc1d504550af46744ef8d474797cdba7af2412dc40a3ebdf3b8,main,c1e3590d02e42d16091c5377e87a3db16496e5a462d558dc2925887f835f9891,main,1485774974,1,84931,84935,0,1,0,DONE,DONE,719,719,1,,4.25
p3066_c001_v51,784b5c11540d3349,kaggle-environments 1.32.7,a52ba1bfe9df9dc1d504550af46744ef8d474797cdba7af2412dc40a3ebdf3b8,main,c1e3590d02e42d16091c5377e87a3db16496e5a462d558dc2925887f835f9891,main,1486235059,0,125790,125788,1,0,0,DONE,DONE,719,719,1,,4.4
p3066_c001_v51,784b5c11540d3349,kaggle-environments 1.32.7,a52ba1bfe9df9dc1d504550af46744ef8d474797cdba7af2412dc40a3ebdf3b8,main,c1e3590d02e42d16091c5377e87a3db16496e5a462d558dc2925887f835f9891,main,1486235059,1,125790,125788,1,0,0,DONE,DONE,719,719,1,,4.52
p3066_c001_v51,784b5c11540d3349,kaggle-environments 1.32.7,a52ba1bfe9df9dc1d504550af46744ef8d474797cdba7af2412dc40a3ebdf3b8,main,c1e3590d02e42d16091c5377e87a3db16496e5a462d558dc2925887f835f9891,main,1487697149,0,77270,77069,1,0,0,DONE,DONE,719,719,1,,4.22
p3066_c001_v51,784b5c11540d3349,kaggle-environments 1.32.7,a52ba1bfe9df9dc1d504550af46744ef8d474797cdba7af2412dc40a3ebdf3b8,main,c1e3590d02e42d16091c5377e87a3db16496e5a462d558dc2925887f835f9891,main,1487697149,1,77270,77069,1,0,0,DONE,DONE,719,719,1,,4.28
p3066_c001_v51,784b5c11540d3349,kaggle-environments 1.32.7,a52ba1bfe9df9dc1d504550af46744ef8d474797cdba7af2412dc40a3ebdf3b8,main,c1e3590d02e42d16091c5377e87a3db16496e5a462d558dc2925887f835f9891,main,1491995028,0,142721,142793,0,1,0,DONE,DONE,719,719,1,,4.52
p3066_c001_v51,784b5c11540d3349,kaggle-environments 1.32.7,a52ba1bfe9df9dc1d504550af46744ef8d474797cdba7af2412dc40a3ebdf3b8,main,c1e3590d02e42d16091c5377e87a3db16496e5a462d558dc2925887f835f9891,main,1491995028,1,142853,142661,1,0,0,DONE,DONE,719,719,1,,4.6
p3066_c001_v51,784b5c11540d3349,kaggle-environments 1.32.7,a52ba1bfe9df9dc1d504550af46744ef8d474797cdba7af2412dc40a3ebdf3b8,main,c1e3590d02e42d16091c5377e87a3db16496e5a462d558dc2925887f835f9891,main,1496122202,0,86628,86628,0,0,1,DONE,DONE,719,719,1,,4.44
p3066_c001_v51,784b5c11540d3349,kaggle-environments 1.32.7,a52ba1bfe9df9dc1d504550af46744ef8d474797cdba7af2412dc40a3ebdf3b8,main,c1e3590d02e42d16091c5377e87a3db16496e5a462d558dc2925887f835f9891,main,1496122202,1,86628,86628,0,0,1,DONE,DONE,719,719,1,,4.54
p3066_c001_v51,784b5c11540d3349,kaggle-environments 1.32.7,a52ba1bfe9df9dc1d504550af46744ef8d474797cdba7af2412dc40a3ebdf3b8,main,c1e3590d02e42d16091c5377e87a3db16496e5a462d558dc2925887f835f9891,main,1496905748,0,120976,120922,1,0,0,DONE,DONE,719,719,1,,4.35
p3066_c001_v51,784b5c11540d3349,kaggle-environments 1.32.7,a52ba1bfe9df9dc1d504550af46744ef8d474797cdba7af2412dc40a3ebdf3b8,main,c1e3590d02e42d16091c5377e87a3db16496e5a462d558dc2925887f835f9891,main,1496905748,1,120976,120922,1,0,0,DONE,DONE,719,719,1,,4.24
p3066_c001_v51,784b5c11540d3349,kaggle-environments 1.32.7,a52ba1bfe9df9dc1d504550af46744ef8d474797cdba7af2412dc40a3ebdf3b8,main,c1e3590d02e42d16091c5377e87a3db16496e5a462d558dc2925887f835f9891,main,1497002581,0,62536,62338,1,0,0,DONE,DONE,719,719,1,,4.39
p3066_c001_v51,784b5c11540d3349,kaggle-environments 1.32.7,a52ba1bfe9df9dc1d504550af46744ef8d474797cdba7af2412dc40a3ebdf3b8,main,c1e3590d02e42d16091c5377e87a3db16496e5a462d558dc2925887f835f9891,main,1497002581,1,62536,62338,1,0,0,DONE,DONE,719,719,1,,4.3
p3066_c001_v51,784b5c11540d3349,kaggle-environments 1.32.7,a52ba1bfe9df9dc1d504550af46744ef8d474797cdba7af2412dc40a3ebdf3b8,main,c1e3590d02e42d16091c5377e87a3db16496e5a462d558dc2925887f835f9891,main,1497197835,0,106647,106742,0,1,0,DONE,DONE,719,719,1,,4.18
p3066_c001_v51,784b5c11540d3349,kaggle-environments 1.32.7,a52ba1bfe9df9dc1d504550af46744ef8d474797cdba7af2412dc40a3ebdf3b8,main,c1e3590d02e42d16091c5377e87a3db16496e5a462d558dc2925887f835f9891,main,1497197835,1,106767,106622,1,0,0,DONE,DONE,719,719,1,,4.4
p3066_c001_v51,784b5c11540d3349,kaggle-environments 1.32.7,a52ba1bfe9df9dc1d504550af46744ef8d474797cdba7af2412dc40a3ebdf3b8,main,c1e3590d02e42d16091c5377e87a3db16496e5a462d558dc2925887f835f9891,main,1500394033,0,70179,70179,0,0,1,DONE,DONE,719,719,1,,4.59
p3066_c001_v51,784b5c11540d3349,kaggle-environments 1.32.7,a52ba1bfe9df9dc1d504550af46744ef8d474797cdba7af2412dc40a3ebdf3b8,main,c1e3590d02e42d16091c5377e87a3db16496e5a462d558dc2925887f835f9891,main,1500394033,1,70179,70179,0,0,1,DONE,DONE,719,719,1,,4.43
p3066_c001_v51,784b5c11540d3349,kaggle-environments 1.32.7,a52ba1bfe9df9dc1d504550af46744ef8d474797cdba7af2412dc40a3ebdf3b8,main,c1e3590d02e42d16091c5377e87a3db16496e5a462d558dc2925887f835f9891,main,1502608997,0,116565,116570,0,1,0,DONE,DONE,719,719,1,,4.7
p3066_c001_v51,784b5c11540d3349,kaggle-environments 1.32.7,a52ba1bfe9df9dc1d504550af46744ef8d474797cdba7af2412dc40a3ebdf3b8,main,c1e3590d02e42d16091c5377e87a3db16496e5a462d558dc2925887f835f9891,main,1502608997,1,116565,116570,0,1,0,DONE,DONE,719,719,1,,4.82
p3066_c001_v51,784b5c11540d3349,kaggle-environments 1.32.7,a52ba1bfe9df9dc1d504550af46744ef8d474797cdba7af2412dc40a3ebdf3b8,main,c1e3590d02e42d16091c5377e87a3db16496e5a462d558dc2925887f835f9891,main,1507392138,0,59778,59772,1,0,0,DONE,DONE,719,719,1,,4.26
p3066_c001_v51,784b5c11540d3349,kaggle-environments 1.32.7,a52ba1bfe9df9dc1d504550af46744ef8d474797cdba7af2412dc40a3ebdf3b8,main,c1e3590d02e42d16091c5377e87a3db16496e5a462d558dc2925887f835f9891,main,1507392138,1,59778,59772,1,0,0,DONE,DONE,719,719,1,,4.21
p3066_c001_v51,784b5c11540d3349,kaggle-environments 1.32.7,a52ba1bfe9df9dc1d504550af46744ef8d474797cdba7af2412dc40a3ebdf3b8,main,c1e3590d02e42d16091c5377e87a3db16496e5a462d558dc2925887f835f9891,main,1508876976,0,83099,82657,1,0,0,DONE,DONE,719,719,1,,4.21
p3066_c001_v51,784b5c11540d3349,kaggle-environments 1.32.7,a52ba1bfe9df9dc1d504550af46744ef8d474797cdba7af2412dc40a3ebdf3b8,main,c1e3590d02e42d16091c5377e87a3db16496e5a462d558dc2925887f835f9891,main,1508876976,1,83099,82657,1,0,0,DONE,DONE,719,719,1,,4.49
p3066_c001_v51,784b5c11540d3349,kaggle-environments 1.32.7,a52ba1bfe9df9dc1d504550af46744ef8d474797cdba7af2412dc40a3ebdf3b8,main,c1e3590d02e42d16091c5377e87a3db16496e5a462d558dc2925887f835f9891,main,1510397106,0,116006,115876,1,0,0,DONE,DONE,719,719,1,,4.31
p3066_c001_v51,784b5c11540d3349,kaggle-environments 1.32.7,a52ba1bfe9df9dc1d504550af46744ef8d474797cdba7af2412dc40a3ebdf3b8,main,c1e3590d02e42d16091c5377e87a3db16496e5a462d558dc2925887f835f9891,main,1510397106,1,115880,116002,0,1,0,DONE,DONE,719,719,1,,4.61
p3066_c001_v51,784b5c11540d3349,kaggle-environments 1.32.7,a52ba1bfe9df9dc1d504550af46744ef8d474797cdba7af2412dc40a3ebdf3b8,main,c1e3590d02e42d16091c5377e87a3db16496e5a462d558dc2925887f835f9891,main,1510648998,0,97525,97482,1,0,0,DONE,DONE,719,719,1,,4.7
p3066_c001_v51,784b5c11540d3349,kaggle-environments 1.32.7,a52ba1bfe9df9dc1d504550af46744ef8d474797cdba7af2412dc40a3ebdf3b8,main,c1e3590d02e42d16091c5377e87a3db16496e5a462d558dc2925887f835f9891,main,1510648998,1,97525,97482,1,0,0,DONE,DONE,719,719,1,,4.22
p3066_c001_v51,784b5c11540d3349,kaggle-environments 1.32.7,a52ba1bfe9df9dc1d504550af46744ef8d474797cdba7af2412dc40a3ebdf3b8,main,c1e3590d02e42d16091c5377e87a3db16496e5a462d558dc2925887f835f9891,main,1513979105,0,64438,64442,0,1,0,DONE,DONE,719,719,1,,4.26
p3066_c001_v51,784b5c11540d3349,kaggle-environments 1.32.7,a52ba1bfe9df9dc1d504550af46744ef8d474797cdba7af2412dc40a3ebdf3b8,main,c1e3590d02e42d16091c5377e87a3db16496e5a462d558dc2925887f835f9891,main,1513979105,1,64438,64442,0,1,0,DONE,DONE,719,719,1,,4.68
p3066_c001_v51,784b5c11540d3349,kaggle-environments 1.32.7,a52ba1bfe9df9dc1d504550af46744ef8d474797cdba7af2412dc40a3ebdf3b8,main,c1e3590d02e42d16091c5377e87a3db16496e5a462d558dc2925887f835f9891,main,1518822010,0,92476,92478,0,1,0,DONE,DONE,719,719,1,,4.48
p3066_c001_v51,784b5c11540d3349,kaggle-environments 1.32.7,a52ba1bfe9df9dc1d504550af46744ef8d474797cdba7af2412dc40a3ebdf3b8,main,c1e3590d02e42d16091c5377e87a3db16496e5a462d558dc2925887f835f9891,main,1518822010,1,92476,92478,0,1,0,DONE,DONE,719,719,1,,4.46
p3066_c001_v51,784b5c11540d3349,kaggle-environments 1.32.7,a52ba1bfe9df9dc1d504550af46744ef8d474797cdba7af2412dc40a3ebdf3b8,main,c1e3590d02e42d16091c5377e87a3db16496e5a462d558dc2925887f835f9891,main,1522240202,0,74612,74612,0,0,1,DONE,DONE,719,719,1,,4.24
p3066_c001_v51,784b5c11540d3349,kaggle-environments 1.32.7,a52ba1bfe9df9dc1d504550af46744ef8d474797cdba7af2412dc40a3ebdf3b8,main,c1e3590d02e42d16091c5377e87a3db16496e5a462d558dc2925887f835f9891,main,1522240202,1,74612,74612,0,0,1,DONE,DONE,719,719,1,,4.36
p3066_c001_v51,784b5c11540d3349,kaggle-environments 1.32.7,a52ba1bfe9df9dc1d504550af46744ef8d474797cdba7af2412dc40a3ebdf3b8,main,c1e3590d02e42d16091c5377e87a3db16496e5a462d558dc2925887f835f9891,main,1523369127,0,86209,85278,1,0,0,DONE,DONE,719,719,1,,4.47
p3066_c001_v51,784b5c11540d3349,kaggle-environments 1.32.7,a52ba1bfe9df9dc1d504550af46744ef8d474797cdba7af2412dc40a3ebdf3b8,main,c1e3590d02e42d16091c5377e87a3db16496e5a462d558dc2925887f835f9891,main,1523369127,1,86209,85278,1,0,0,DONE,DONE,719,719,1,,4.67
p3066_c001_v51,784b5c11540d3349,kaggle-environments 1.32.7,a52ba1bfe9df9dc1d504550af46744ef8d474797cdba7af2412dc40a3ebdf3b8,main,c1e3590d02e42d16091c5377e87a3db16496e5a462d558dc2925887f835f9891,main,1525387308,0,103303,103303,0,0,1,DONE,DONE,719,719,1,,4.26
p3066_c001_v51,784b5c11540d3349,kaggle-environments 1.32.7,a52ba1bfe9df9dc1d504550af46744ef8d474797cdba7af2412dc40a3ebdf3b8,main,c1e3590d02e42d16091c5377e87a3db16496e5a462d558dc2925887f835f9891,main,1525387308,1,103303,103303,0,0,1,DONE,DONE,719,719,1,,4.61
p3066_c001_v51,784b5c11540d3349,kaggle-environments 1.32.7,a52ba1bfe9df9dc1d504550af46744ef8d474797cdba7af2412dc40a3ebdf3b8,main,c1e3590d02e42d16091c5377e87a3db16496e5a462d558dc2925887f835f9891,main,1526021611,0,104818,104738,1,0,0,DONE,DONE,719,719,1,,4.41
p3066_c001_v51,784b5c11540d3349,kaggle-environments 1.32.7,a52ba1bfe9df9dc1d504550af46744ef8d474797cdba7af2412dc40a3ebdf3b8,main,c1e3590d02e42d16091c5377e87a3db16496e5a462d558dc2925887f835f9891,main,1526021611,1,104818,104738,1,0,0,DONE,DONE,719,719,1,,4.33
p3066_c001_v51,784b5c11540d3349,kaggle-environments 1.32.7,a52ba1bfe9df9dc1d504550af46744ef8d474797cdba7af2412dc40a3ebdf3b8,main,c1e3590d02e42d16091c5377e87a3db16496e5a462d558dc2925887f835f9891,main,1526667042,0,123412,123416,0,1,0,DONE,DONE,719,719,1,,4.32
p3066_c001_v51,784b5c11540d3349,kaggle-environments 1.32.7,a52ba1bfe9df9dc1d504550af46744ef8d474797cdba7af2412dc40a3ebdf3b8,main,c1e3590d02e42d16091c5377e87a3db16496e5a462d558dc2925887f835f9891,main,1526667042,1,123412,123416,0,1,0,DONE,DONE,719,719,1,,4.48
p3066_c001_v51,784b5c11540d3349,kaggle-environments 1.32.7,a52ba1bfe9df9dc1d504550af46744ef8d474797cdba7af2412dc40a3ebdf3b8,main,c1e3590d02e42d16091c5377e87a3db16496e5a462d558dc2925887f835f9891,main,1527355832,0,90900,90467,1,0,0,DONE,DONE,719,719,1,,4.11
p3066_c001_v51,784b5c11540d3349,kaggle-environments 1.32.7,a52ba1bfe9df9dc1d504550af46744ef8d474797cdba7af2412dc40a3ebdf3b8,main,c1e3590d02e42d16091c5377e87a3db16496e5a462d558dc2925887f835f9891,main,1527355832,1,90900,90467,1,0,0,DONE,DONE,719,719,1,,4.09
p3066_c001_v51,784b5c11540d3349,kaggle-environments 1.32.7,a52ba1bfe9df9dc1d504550af46744ef8d474797cdba7af2412dc40a3ebdf3b8,main,c1e3590d02e42d16091c5377e87a3db16496e5a462d558dc2925887f835f9891,main,1527962693,0,103071,103052,1,0,0,DONE,DONE,719,719,1,,4.41
p3066_c001_v51,784b5c11540d3349,kaggle-environments 1.32.7,a52ba1bfe9df9dc1d504550af46744ef8d474797cdba7af2412dc40a3ebdf3b8,main,c1e3590d02e42d16091c5377e87a3db16496e5a462d558dc2925887f835f9891,main,1527962693,1,103071,103052,1,0,0,DONE,DONE,719,719,1,,4.36
p3066_c001_v51,784b5c11540d3349,kaggle-environments 1.32.7,a52ba1bfe9df9dc1d504550af46744ef8d474797cdba7af2412dc40a3ebdf3b8,main,c1e3590d02e42d16091c5377e87a3db16496e5a462d558dc2925887f835f9891,main,1528579654,0,61518,61531,0,1,0,DONE,DONE,719,719,1,,4.24
p3066_c001_v51,784b5c11540d3349,kaggle-environments 1.32.7,a52ba1bfe9df9dc1d504550af46744ef8d474797cdba7af2412dc40a3ebdf3b8,main,c1e3590d02e42d16091c5377e87a3db16496e5a462d558dc2925887f835f9891,main,1528579654,1,61518,61531,0,1,0,DONE,DONE,719,719,1,,4.23
p3066_c001_v51,784b5c11540d3349,kaggle-environments 1.32.7,a52ba1bfe9df9dc1d504550af46744ef8d474797cdba7af2412dc40a3ebdf3b8,main,c1e3590d02e42d16091c5377e87a3db16496e5a462d558dc2925887f835f9891,main,1531323391,0,122767,122779,0,1,0,DONE,DONE,719,719,1,,4.33
p3066_c001_v51,784b5c11540d3349,kaggle-environments 1.32.7,a52ba1bfe9df9dc1d504550af46744ef8d474797cdba7af2412dc40a3ebdf3b8,main,c1e3590d02e42d16091c5377e87a3db16496e5a462d558dc2925887f835f9891,main,1531323391,1,122767,122779,0,1,0,DONE,DONE,719,719,1,,4.35
p3066_c001_v51,784b5c11540d3349,kaggle-environments 1.32.7,a52ba1bfe9df9dc1d504550af46744ef8d474797cdba7af2412dc40a3ebdf3b8,main,c1e3590d02e42d16091c5377e87a3db16496e5a462d558dc2925887f835f9891,main,1532105651,0,63633,63522,1,0,0,DONE,DONE,719,719,1,,4.36
p3066_c001_v51,784b5c11540d3349,kaggle-environments 1.32.7,a52ba1bfe9df9dc1d504550af46744ef8d474797cdba7af2412dc40a3ebdf3b8,main,c1e3590d02e42d16091c5377e87a3db16496e5a462d558dc2925887f835f9891,main,1532105651,1,63633,63522,1,0,0,DONE,DONE,719,719,1,,4.35
p3066_c001_v51,784b5c11540d3349,kaggle-environments 1.32.7,a52ba1bfe9df9dc1d504550af46744ef8d474797cdba7af2412dc40a3ebdf3b8,main,c1e3590d02e42d16091c5377e87a3db16496e5a462d558dc2925887f835f9891,main,1532466200,0,117230,117217,1,0,0,DONE,DONE,719,719,1,,4.76
p3066_c001_v51,784b5c11540d3349,kaggle-environments 1.32.7,a52ba1bfe9df9dc1d504550af46744ef8d474797cdba7af2412dc40a3ebdf3b8,main,c1e3590d02e42d16091c5377e87a3db16496e5a462d558dc2925887f835f9891,main,1532466200,1,117230,117217,1,0,0,DONE,DONE,719,719,1,,4.82
p3066_c001_v51,784b5c11540d3349,kaggle-environments 1.32.7,a52ba1bfe9df9dc1d504550af46744ef8d474797cdba7af2412dc40a3ebdf3b8,main,c1e3590d02e42d16091c5377e87a3db16496e5a462d558dc2925887f835f9891,main,1535083658,0,108114,108112,1,0,0,DONE,DONE,719,719,1,,4.26
p3066_c001_v51,784b5c11540d3349,kaggle-environments 1.32.7,a52ba1bfe9df9dc1d504550af46744ef8d474797cdba7af2412dc40a3ebdf3b8,main,c1e3590d02e42d16091c5377e87a3db16496e5a462d558dc2925887f835f9891,main,1535083658,1,108114,108112,1,0,0,DONE,DONE,719,719,1,,4.3
p3066_c001_v51,784b5c11540d3349,kaggle-environments 1.32.7,a52ba1bfe9df9dc1d504550af46744ef8d474797cdba7af2412dc40a3ebdf3b8,main,c1e3590d02e42d16091c5377e87a3db16496e5a462d558dc2925887f835f9891,main,1541018321,0,71528,71501,1,0,0,DONE,DONE,719,719,1,,4.21
p3066_c001_v51,784b5c11540d3349,kaggle-environments 1.32.7,a52ba1bfe9df9dc1d504550af46744ef8d474797cdba7af2412dc40a3ebdf3b8,main,c1e3590d02e42d16091c5377e87a3db16496e5a462d558dc2925887f835f9891,main,1541018321,1,71528,71501,1,0,0,DONE,DONE,719,719,1,,4.45
p3066_c001_v51,784b5c11540d3349,kaggle-environments 1.32.7,a52ba1bfe9df9dc1d504550af46744ef8d474797cdba7af2412dc40a3ebdf3b8,main,c1e3590d02e42d16091c5377e87a3db16496e5a462d558dc2925887f835f9891,main,1541558050,0,67441,67442,0,1,0,DONE,DONE,719,719,1,,4.42
p3066_c001_v51,784b5c11540d3349,kaggle-environments 1.32.7,a52ba1bfe9df9dc1d504550af46744ef8d474797cdba7af2412dc40a3ebdf3b8,main,c1e3590d02e42d16091c5377e87a3db16496e5a462d558dc2925887f835f9891,main,1541558050,1,67441,67442,0,1,0,DONE,DONE,719,719,1,,4.16
p3066_c001_v51,784b5c11540d3349,kaggle-environments 1.32.7,a52ba1bfe9df9dc1d504550af46744ef8d474797cdba7af2412dc40a3ebdf3b8,main,c1e3590d02e42d16091c5377e87a3db16496e5a462d558dc2925887f835f9891,main,1541752811,0,129661,129661,0,0,1,DONE,DONE,719,719,1,,4.55
p3066_c001_v51,784b5c11540d3349,kaggle-environments 1.32.7,a52ba1bfe9df9dc1d504550af46744ef8d474797cdba7af2412dc40a3ebdf3b8,main,c1e3590d02e42d16091c5377e87a3db16496e5a462d558dc2925887f835f9891,main,1541752811,1,129661,129661,0,0,1,DONE,DONE,719,719,1,,4.34
p3066_c001_v51,784b5c11540d3349,kaggle-environments 1.32.7,a52ba1bfe9df9dc1d504550af46744ef8d474797cdba7af2412dc40a3ebdf3b8,main,c1e3590d02e42d16091c5377e87a3db16496e5a462d558dc2925887f835f9891,main,1543866758,0,78782,78738,1,0,0,DONE,DONE,719,719,1,,4.18
p3066_c001_v51,784b5c11540d3349,kaggle-environments 1.32.7,a52ba1bfe9df9dc1d504550af46744ef8d474797cdba7af2412dc40a3ebdf3b8,main,c1e3590d02e42d16091c5377e87a3db16496e5a462d558dc2925887f835f9891,main,1543866758,1,78782,78738,1,0,0,DONE,DONE,719,719,1,,4.39
p3066_c001_v51,784b5c11540d3349,kaggle-environments 1.32.7,a52ba1bfe9df9dc1d504550af46744ef8d474797cdba7af2412dc40a3ebdf3b8,main,c1e3590d02e42d16091c5377e87a3db16496e5a462d558dc2925887f835f9891,main,1544218211,0,84694,84692,1,0,0,DONE,DONE,719,719,1,,4.55
p3066_c001_v51,784b5c11540d3349,kaggle-environments 1.32.7,a52ba1bfe9df9dc1d504550af46744ef8d474797cdba7af2412dc40a3ebdf3b8,main,c1e3590d02e42d16091c5377e87a3db16496e5a462d558dc2925887f835f9891,main,1544218211,1,84694,84692,1,0,0,DONE,DONE,719,719,1,,4.16
p3066_c001_v51,784b5c11540d3349,kaggle-environments 1.32.7,a52ba1bfe9df9dc1d504550af46744ef8d474797cdba7af2412dc40a3ebdf3b8,main,c1e3590d02e42d16091c5377e87a3db16496e5a462d558dc2925887f835f9891,main,1545306569,0,65713,65698,1,0,0,DONE,DONE,719,719,1,,4.47
p3066_c001_v51,784b5c11540d3349,kaggle-environments 1.32.7,a52ba1bfe9df9dc1d504550af46744ef8d474797cdba7af2412dc40a3ebdf3b8,main,c1e3590d02e42d16091c5377e87a3db16496e5a462d558dc2925887f835f9891,main,1545306569,1,65713,65698,1,0,0,DONE,DONE,719,719,1,,4.34
p3066_c001_v51,784b5c11540d3349,kaggle-environments 1.32.7,a52ba1bfe9df9dc1d504550af46744ef8d474797cdba7af2412dc40a3ebdf3b8,main,c1e3590d02e42d16091c5377e87a3db16496e5a462d558dc2925887f835f9891,main,1546945990,0,100906,100891,1,0,0,DONE,DONE,719,719,1,,4.36
p3066_c001_v51,784b5c11540d3349,kaggle-environments 1.32.7,a52ba1bfe9df9dc1d504550af46744ef8d474797cdba7af2412dc40a3ebdf3b8,main,c1e3590d02e42d16091c5377e87a3db16496e5a462d558dc2925887f835f9891,main,1546945990,1,100906,100891,1,0,0,DONE,DONE,719,719,1,,4.62
p3066_c001_v51,784b5c11540d3349,kaggle-environments 1.32.7,a52ba1bfe9df9dc1d504550af46744ef8d474797cdba7af2412dc40a3ebdf3b8,main,c1e3590d02e42d16091c5377e87a3db16496e5a462d558dc2925887f835f9891,main,1547600695,0,92831,92813,1,0,0,DONE,DONE,719,719,1,,4.29
p3066_c001_v51,784b5c11540d3349,kaggle-environments 1.32.7,a52ba1bfe9df9dc1d504550af46744ef8d474797cdba7af2412dc40a3ebdf3b8,main,c1e3590d02e42d16091c5377e87a3db16496e5a462d558dc2925887f835f9891,main,1547600695,1,92831,92813,1,0,0,DONE,DONE,719,719,1,,4.34
p3066_c001_v51,784b5c11540d3349,kaggle-environments 1.32.7,a52ba1bfe9df9dc1d504550af46744ef8d474797cdba7af2412dc40a3ebdf3b8,main,c1e3590d02e42d16091c5377e87a3db16496e5a462d558dc2925887f835f9891,main,1550050350,0,91753,91753,0,0,1,DONE,DONE,719,719,1,,4.33
p3066_c001_v51,784b5c11540d3349,kaggle-environments 1.32.7,a52ba1bfe9df9dc1d504550af46744ef8d474797cdba7af2412dc40a3ebdf3b8,main,c1e3590d02e42d16091c5377e87a3db16496e5a462d558dc2925887f835f9891,main,1550050350,1,91753,91753,0,0,1,DONE,DONE,719,719,1,,4.46
p3066_c001_v51,784b5c11540d3349,kaggle-environments 1.32.7,a52ba1bfe9df9dc1d504550af46744ef8d474797cdba7af2412dc40a3ebdf3b8,main,c1e3590d02e42d16091c5377e87a3db16496e5a462d558dc2925887f835f9891,main,1550474352,0,97647,97631,1,0,0,DONE,DONE,719,719,1,,4.58
p3066_c001_v51,784b5c11540d3349,kaggle-environments 1.32.7,a52ba1bfe9df9dc1d504550af46744ef8d474797cdba7af2412dc40a3ebdf3b8,main,c1e3590d02e42d16091c5377e87a3db16496e5a462d558dc2925887f835f9891,main,1550474352,1,97647,97631,1,0,0,DONE,DONE,719,719,1,,4.24
p3066_c001_v51,784b5c11540d3349,kaggle-environments 1.32.7,a52ba1bfe9df9dc1d504550af46744ef8d474797cdba7af2412dc40a3ebdf3b8,main,c1e3590d02e42d16091c5377e87a3db16496e5a462d558dc2925887f835f9891,main,1553677118,0,103346,103322,1,0,0,DONE,DONE,719,719,1,,4.29
p3066_c001_v51,784b5c11540d3349,kaggle-environments 1.32.7,a52ba1bfe9df9dc1d504550af46744ef8d474797cdba7af2412dc40a3ebdf3b8,main,c1e3590d02e42d16091c5377e87a3db16496e5a462d558dc2925887f835f9891,main,1553677118,1,103346,103322,1,0,0,DONE,DONE,719,719,1,,4.4
p3066_c001_v51,784b5c11540d3349,kaggle-environments 1.32.7,a52ba1bfe9df9dc1d504550af46744ef8d474797cdba7af2412dc40a3ebdf3b8,main,c1e3590d02e42d16091c5377e87a3db16496e5a462d558dc2925887f835f9891,main,1557373264,0,73560,73861,0,1,0,DONE,DONE,719,719,1,,4.46
p3066_c001_v51,784b5c11540d3349,kaggle-environments 1.32.7,a52ba1bfe9df9dc1d504550af46744ef8d474797cdba7af2412dc40a3ebdf3b8,main,c1e3590d02e42d16091c5377e87a3db16496e5a462d558dc2925887f835f9891,main,1557373264,1,73895,73525,1,0,0,DONE,DONE,719,719,1,,4.56
p3066_c001_v51,784b5c11540d3349,kaggle-environments 1.32.7,a52ba1bfe9df9dc1d504550af46744ef8d474797cdba7af2412dc40a3ebdf3b8,main,c1e3590d02e42d16091c5377e87a3db16496e5a462d558dc2925887f835f9891,main,1560283664,0,107225,107210,1,0,0,DONE,DONE,719,719,1,,4.14
p3066_c001_v51,784b5c11540d3349,kaggle-environments 1.32.7,a52ba1bfe9df9dc1d504550af46744ef8d474797cdba7af2412dc40a3ebdf3b8,main,c1e3590d02e42d16091c5377e87a3db16496e5a462d558dc2925887f835f9891,main,1560283664,1,107225,107210,1,0,0,DONE,DONE,719,719,1,,4.45
p3066_c001_v51,784b5c11540d3349,kaggle-environments 1.32.7,a52ba1bfe9df9dc1d504550af46744ef8d474797cdba7af2412dc40a3ebdf3b8,main,c1e3590d02e42d16091c5377e87a3db16496e5a462d558dc2925887f835f9891,main,1562878244,0,87566,87566,0,0,1,DONE,DONE,719,719,1,,4.61
p3066_c001_v51,784b5c11540d3349,kaggle-environments 1.32.7,a52ba1bfe9df9dc1d504550af46744ef8d474797cdba7af2412dc40a3ebdf3b8,main,c1e3590d02e42d16091c5377e87a3db16496e5a462d558dc2925887f835f9891,main,1562878244,1,87566,87566,0,0,1,DONE,DONE,719,719,1,,4.74
p3066_c001_v51,784b5c11540d3349,kaggle-environments 1.32.7,a52ba1bfe9df9dc1d504550af46744ef8d474797cdba7af2412dc40a3ebdf3b8,main,c1e3590d02e42d16091c5377e87a3db16496e5a462d558dc2925887f835f9891,main,1564760745,0,91400,91400,0,0,1,DONE,DONE,719,719,1,,4.63
p3066_c001_v51,784b5c11540d3349,kaggle-environments 1.32.7,a52ba1bfe9df9dc1d504550af46744ef8d474797cdba7af2412dc40a3ebdf3b8,main,c1e3590d02e42d16091c5377e87a3db16496e5a462d558dc2925887f835f9891,main,1564760745,1,91400,91400,0,0,1,DONE,DONE,719,719,1,,4.36
p3066_c001_v51,784b5c11540d3349,kaggle-environments 1.32.7,a52ba1bfe9df9dc1d504550af46744ef8d474797cdba7af2412dc40a3ebdf3b8,main,c1e3590d02e42d16091c5377e87a3db16496e5a462d558dc2925887f835f9891,main,1568654086,0,96283,96417,0,1,0,DONE,DONE,719,719,1,,4.27
p3066_c001_v51,784b5c11540d3349,kaggle-environments 1.32.7,a52ba1bfe9df9dc1d504550af46744ef8d474797cdba7af2412dc40a3ebdf3b8,main,c1e3590d02e42d16091c5377e87a3db16496e5a462d558dc2925887f835f9891,main,1568654086,1,96283,96417,0,1,0,DONE,DONE,719,719,1,,4.18
p3066_c001_v51,784b5c11540d3349,kaggle-environments 1.32.7,a52ba1bfe9df9dc1d504550af46744ef8d474797cdba7af2412dc40a3ebdf3b8,main,c1e3590d02e42d16091c5377e87a3db16496e5a462d558dc2925887f835f9891,main,1568761845,0,104669,104645,1,0,0,DONE,DONE,719,719,1,,4.43
p3066_c001_v51,784b5c11540d3349,kaggle-environments 1.32.7,a52ba1bfe9df9dc1d504550af46744ef8d474797cdba7af2412dc40a3ebdf3b8,main,c1e3590d02e42d16091c5377e87a3db16496e5a462d558dc2925887f835f9891,main,1568761845,1,104669,104645,1,0,0,DONE,DONE,719,719,1,,4.36
p3066_c001_v51,784b5c11540d3349,kaggle-environments 1.32.7,a52ba1bfe9df9dc1d504550af46744ef8d474797cdba7af2412dc40a3ebdf3b8,main,c1e3590d02e42d16091c5377e87a3db16496e5a462d558dc2925887f835f9891,main,1573663230,0,55452,55404,1,0,0,DONE,DONE,719,719,1,,4.22
p3066_c001_v51,784b5c11540d3349,kaggle-environments 1.32.7,a52ba1bfe9df9dc1d504550af46744ef8d474797cdba7af2412dc40a3ebdf3b8,main,c1e3590d02e42d16091c5377e87a3db16496e5a462d558dc2925887f835f9891,main,1573663230,1,55452,55404,1,0,0,DONE,DONE,719,719,1,,4.18
p3066_c001_v51,784b5c11540d3349,kaggle-environments 1.32.7,a52ba1bfe9df9dc1d504550af46744ef8d474797cdba7af2412dc40a3ebdf3b8,main,c1e3590d02e42d16091c5377e87a3db16496e5a462d558dc2925887f835f9891,main,1573911855,0,58872,58858,1,0,0,DONE,DONE,719,719,1,,4.47
p3066_c001_v51,784b5c11540d3349,kaggle-environments 1.32.7,a52ba1bfe9df9dc1d504550af46744ef8d474797cdba7af2412dc40a3ebdf3b8,main,c1e3590d02e42d16091c5377e87a3db16496e5a462d558dc2925887f835f9891,main,1573911855,1,58872,58858,1,0,0,DONE,DONE,719,719,1,,4.41
p3066_c001_v51,784b5c11540d3349,kaggle-environments 1.32.7,a52ba1bfe9df9dc1d504550af46744ef8d474797cdba7af2412dc40a3ebdf3b8,main,c1e3590d02e42d16091c5377e87a3db16496e5a462d558dc2925887f835f9891,main,1577157385,0,101063,101063,0,0,1,DONE,DONE,719,719,1,,4.44
p3066_c001_v51,784b5c11540d3349,kaggle-environments 1.32.7,a52ba1bfe9df9dc1d504550af46744ef8d474797cdba7af2412dc40a3ebdf3b8,main,c1e3590d02e42d16091c5377e87a3db16496e5a462d558dc2925887f835f9891,main,1577157385,1,101063,101063,0,0,1,DONE,DONE,719,719,1,,4.62
p3066_c001_v51,784b5c11540d3349,kaggle-environments 1.32.7,a52ba1bfe9df9dc1d504550af46744ef8d474797cdba7af2412dc40a3ebdf3b8,main,c1e3590d02e42d16091c5377e87a3db16496e5a462d558dc2925887f835f9891,main,1577992634,0,134103,134034,1,0,0,DONE,DONE,719,719,1,,4.39
p3066_c001_v51,784b5c11540d3349,kaggle-environments 1.32.7,a52ba1bfe9df9dc1d504550af46744ef8d474797cdba7af2412dc40a3ebdf3b8,main,c1e3590d02e42d16091c5377e87a3db16496e5a462d558dc2925887f835f9891,main,1577992634,1,134103,134034,1,0,0,DONE,DONE,719,719,1,,4.23
p3066_c001_v51,784b5c11540d3349,kaggle-environments 1.32.7,a52ba1bfe9df9dc1d504550af46744ef8d474797cdba7af2412dc40a3ebdf3b8,main,c1e3590d02e42d16091c5377e87a3db16496e5a462d558dc2925887f835f9891,main,1579207759,0,52292,52276,1,0,0,DONE,DONE,719,719,1,,4.53
p3066_c001_v51,784b5c11540d3349,kaggle-environments 1.32.7,a52ba1bfe9df9dc1d504550af46744ef8d474797cdba7af2412dc40a3ebdf3b8,main,c1e3590d02e42d16091c5377e87a3db16496e5a462d558dc2925887f835f9891,main,1579207759,1,52292,52276,1,0,0,DONE,DONE,719,719,1,,4.32
p3066_c001_v51,784b5c11540d3349,kaggle-environments 1.32.7,a52ba1bfe9df9dc1d504550af46744ef8d474797cdba7af2412dc40a3ebdf3b8,main,c1e3590d02e42d16091c5377e87a3db16496e5a462d558dc2925887f835f9891,main,1579911563,0,121094,121083,1,0,0,DONE,DONE,719,719,1,,4.38
p3066_c001_v51,784b5c11540d3349,kaggle-environments 1.32.7,a52ba1bfe9df9dc1d504550af46744ef8d474797cdba7af2412dc40a3ebdf3b8,main,c1e3590d02e42d16091c5377e87a3db16496e5a462d558dc2925887f835f9891,main,1579911563,1,121094,121083,1,0,0,DONE,DONE,719,719,1,,4.83
p3066_c001_v51,784b5c11540d3349,kaggle-environments 1.32.7,a52ba1bfe9df9dc1d504550af46744ef8d474797cdba7af2412dc40a3ebdf3b8,main,c1e3590d02e42d16091c5377e87a3db16496e5a462d558dc2925887f835f9891,main,1580749078,0,87236,87236,0,0,1,DONE,DONE,719,719,1,,4.34
p3066_c001_v51,784b5c11540d3349,kaggle-environments 1.32.7,a52ba1bfe9df9dc1d504550af46744ef8d474797cdba7af2412dc40a3ebdf3b8,main,c1e3590d02e42d16091c5377e87a3db16496e5a462d558dc2925887f835f9891,main,1580749078,1,87236,87236,0,0,1,DONE,DONE,719,719,1,,4.52
p3066_c001_v51,784b5c11540d3349,kaggle-environments 1.32.7,a52ba1bfe9df9dc1d504550af46744ef8d474797cdba7af2412dc40a3ebdf3b8,main,c1e3590d02e42d16091c5377e87a3db16496e5a462d558dc2925887f835f9891,main,1585288624,0,89541,91080,0,1,0,DONE,DONE,719,719,1,,4.26
p3066_c001_v51,784b5c11540d3349,kaggle-environments 1.32.7,a52ba1bfe9df9dc1d504550af46744ef8d474797cdba7af2412dc40a3ebdf3b8,main,c1e3590d02e42d16091c5377e87a3db16496e5a462d558dc2925887f835f9891,main,1585288624,1,91080,89541,1,0,0,DONE,DONE,719,719,1,,4.58
p3066_c001_v51,784b5c11540d3349,kaggle-environments 1.32.7,a52ba1bfe9df9dc1d504550af46744ef8d474797cdba7af2412dc40a3ebdf3b8,main,c1e3590d02e42d16091c5377e87a3db16496e5a462d558dc2925887f835f9891,main,1590469588,0,129013,129090,0,1,0,DONE,DONE,719,719,1,,4.37
p3066_c001_v51,784b5c11540d3349,kaggle-environments 1.32.7,a52ba1bfe9df9dc1d504550af46744ef8d474797cdba7af2412dc40a3ebdf3b8,main,c1e3590d02e42d16091c5377e87a3db16496e5a462d558dc2925887f835f9891,main,1590469588,1,129013,129090,0,1,0,DONE,DONE,719,719,1,,4.23
p3066_c001_v51,784b5c11540d3349,kaggle-environments 1.32.7,a52ba1bfe9df9dc1d504550af46744ef8d474797cdba7af2412dc40a3ebdf3b8,main,c1e3590d02e42d16091c5377e87a3db16496e5a462d558dc2925887f835f9891,main,1591894075,0,107535,107642,0,1,0,DONE,DONE,719,719,1,,4.24
p3066_c001_v51,784b5c11540d3349,kaggle-environments 1.32.7,a52ba1bfe9df9dc1d504550af46744ef8d474797cdba7af2412dc40a3ebdf3b8,main,c1e3590d02e42d16091c5377e87a3db16496e5a462d558dc2925887f835f9891,main,1591894075,1,107642,107535,1,0,0,DONE,DONE,719,719,1,,4.23
p3066_c001_v51,784b5c11540d3349,kaggle-environments 1.32.7,a52ba1bfe9df9dc1d504550af46744ef8d474797cdba7af2412dc40a3ebdf3b8,main,c1e3590d02e42d16091c5377e87a3db16496e5a462d558dc2925887f835f9891,main,1597477217,0,110775,109515,1,0,0,DONE,DONE,719,719,1,,4.28
p3066_c001_v51,784b5c11540d3349,kaggle-environments 1.32.7,a52ba1bfe9df9dc1d504550af46744ef8d474797cdba7af2412dc40a3ebdf3b8,main,c1e3590d02e42d16091c5377e87a3db16496e5a462d558dc2925887f835f9891,main,1597477217,1,109516,110774,0,1,0,DONE,DONE,719,719,1,,4.54
p3066_c001_v51,784b5c11540d3349,kaggle-environments 1.32.7,a52ba1bfe9df9dc1d504550af46744ef8d474797cdba7af2412dc40a3ebdf3b8,main,c1e3590d02e42d16091c5377e87a3db16496e5a462d558dc2925887f835f9891,main,1598084331,0,116725,116725,0,0,1,DONE,DONE,719,719,1,,4.6
p3066_c001_v51,784b5c11540d3349,kaggle-environments 1.32.7,a52ba1bfe9df9dc1d504550af46744ef8d474797cdba7af2412dc40a3ebdf3b8,main,c1e3590d02e42d16091c5377e87a3db16496e5a462d558dc2925887f835f9891,main,1598084331,1,116725,116725,0,0,1,DONE,DONE,719,719,1,,4.56
p3066_c001_v51,784b5c11540d3349,kaggle-environments 1.32.7,a52ba1bfe9df9dc1d504550af46744ef8d474797cdba7af2412dc40a3ebdf3b8,main,c1e3590d02e42d16091c5377e87a3db16496e5a462d558dc2925887f835f9891,main,1599068934,0,83836,83814,1,0,0,DONE,DONE,719,719,1,,4.2
p3066_c001_v51,784b5c11540d3349,kaggle-environments 1.32.7,a52ba1bfe9df9dc1d504550af46744ef8d474797cdba7af2412dc40a3ebdf3b8,main,c1e3590d02e42d16091c5377e87a3db16496e5a462d558dc2925887f835f9891,main,1599068934,1,83836,83814,1,0,0,DONE,DONE,719,719,1,,4.46
p3066_c001_v51,784b5c11540d3349,kaggle-environments 1.32.7,a52ba1bfe9df9dc1d504550af46744ef8d474797cdba7af2412dc40a3ebdf3b8,main,c1e3590d02e42d16091c5377e87a3db16496e5a462d558dc2925887f835f9891,main,1599602802,0,116589,116589,0,0,1,DONE,DONE,719,719,1,,4.7
p3066_c001_v51,784b5c11540d3349,kaggle-environments 1.32.7,a52ba1bfe9df9dc1d504550af46744ef8d474797cdba7af2412dc40a3ebdf3b8,main,c1e3590d02e42d16091c5377e87a3db16496e5a462d558dc2925887f835f9891,main,1599602802,1,116589,116589,0,0,1,DONE,DONE,719,719,1,,4.31
p3066_c001_v51,784b5c11540d3349,kaggle-environments 1.32.7,a52ba1bfe9df9dc1d504550af46744ef8d474797cdba7af2412dc40a3ebdf3b8,main,c1e3590d02e42d16091c5377e87a3db16496e5a462d558dc2925887f835f9891,main,1601229445,0,160374,160115,1,0,0,DONE,DONE,719,719,1,,4.24
p3066_c001_v51,784b5c11540d3349,kaggle-environments 1.32.7,a52ba1bfe9df9dc1d504550af46744ef8d474797cdba7af2412dc40a3ebdf3b8,main,c1e3590d02e42d16091c5377e87a3db16496e5a462d558dc2925887f835f9891,main,1601229445,1,160374,160115,1,0,0,DONE,DONE,719,719,1,,4.15
p3066_c001_v51,784b5c11540d3349,kaggle-environments 1.32.7,a52ba1bfe9df9dc1d504550af46744ef8d474797cdba7af2412dc40a3ebdf3b8,main,c1e3590d02e42d16091c5377e87a3db16496e5a462d558dc2925887f835f9891,main,1601244365,0,132633,132558,1,0,0,DONE,DONE,719,719,1,,4.5
p3066_c001_v51,784b5c11540d3349,kaggle-environments 1.32.7,a52ba1bfe9df9dc1d504550af46744ef8d474797cdba7af2412dc40a3ebdf3b8,main,c1e3590d02e42d16091c5377e87a3db16496e5a462d558dc2925887f835f9891,main,1601244365,1,132633,132558,1,0,0,DONE,DONE,719,719,1,,4.58
p3066_c001_v51,784b5c11540d3349,kaggle-environments 1.32.7,a52ba1bfe9df9dc1d504550af46744ef8d474797cdba7af2412dc40a3ebdf3b8,main,c1e3590d02e42d16091c5377e87a3db16496e5a462d558dc2925887f835f9891,main,1602300587,0,113990,113943,1,0,0,DONE,DONE,719,719,1,,4.49
p3066_c001_v51,784b5c11540d3349,kaggle-environments 1.32.7,a52ba1bfe9df9dc1d504550af46744ef8d474797cdba7af2412dc40a3ebdf3b8,main,c1e3590d02e42d16091c5377e87a3db16496e5a462d558dc2925887f835f9891,main,1602300587,1,113990,113943,1,0,0,DONE,DONE,719,719,1,,4.59
p3066_c001_v51,784b5c11540d3349,kaggle-environments 1.32.7,a52ba1bfe9df9dc1d504550af46744ef8d474797cdba7af2412dc40a3ebdf3b8,main,c1e3590d02e42d16091c5377e87a3db16496e5a462d558dc2925887f835f9891,main,1603699095,0,111379,111377,1,0,0,DONE,DONE,719,719,1,,4.52
p3066_c001_v51,784b5c11540d3349,kaggle-environments 1.32.7,a52ba1bfe9df9dc1d504550af46744ef8d474797cdba7af2412dc40a3ebdf3b8,main,c1e3590d02e42d16091c5377e87a3db16496e5a462d558dc2925887f835f9891,main,1603699095,1,111379,111377,1,0,0,DONE,DONE,719,719,1,,4.56
p3066_c001_v51,784b5c11540d3349,kaggle-environments 1.32.7,a52ba1bfe9df9dc1d504550af46744ef8d474797cdba7af2412dc40a3ebdf3b8,main,c1e3590d02e42d16091c5377e87a3db16496e5a462d558dc2925887f835f9891,main,1603852875,0,103154,103152,1,0,0,DONE,DONE,719,719,1,,4.78
p3066_c001_v51,784b5c11540d3349,kaggle-environments 1.32.7,a52ba1bfe9df9dc1d504550af46744ef8d474797cdba7af2412dc40a3ebdf3b8,main,c1e3590d02e42d16091c5377e87a3db16496e5a462d558dc2925887f835f9891,main,1603852875,1,103154,103152,1,0,0,DONE,DONE,719,719,1,,4.57
p3066_c001_v51,784b5c11540d3349,kaggle-environments 1.32.7,a52ba1bfe9df9dc1d504550af46744ef8d474797cdba7af2412dc40a3ebdf3b8,main,c1e3590d02e42d16091c5377e87a3db16496e5a462d558dc2925887f835f9891,main,1604907440,0,113933,113933,0,0,1,DONE,DONE,719,719,1,,4.69
p3066_c001_v51,784b5c11540d3349,kaggle-environments 1.32.7,a52ba1bfe9df9dc1d504550af46744ef8d474797cdba7af2412dc40a3ebdf3b8,main,c1e3590d02e42d16091c5377e87a3db16496e5a462d558dc2925887f835f9891,main,1604907440,1,113933,113933,0,0,1,DONE,DONE,719,719,1,,4.52
p3066_c001_v51,784b5c11540d3349,kaggle-environments 1.32.7,a52ba1bfe9df9dc1d504550af46744ef8d474797cdba7af2412dc40a3ebdf3b8,main,c1e3590d02e42d16091c5377e87a3db16496e5a462d558dc2925887f835f9891,main,1606810259,0,103792,103319,1,0,0,DONE,DONE,719,719,1,,4.53
p3066_c001_v51,784b5c11540d3349,kaggle-environments 1.32.7,a52ba1bfe9df9dc1d504550af46744ef8d474797cdba7af2412dc40a3ebdf3b8,main,c1e3590d02e42d16091c5377e87a3db16496e5a462d558dc2925887f835f9891,main,1606810259,1,103792,103319,1,0,0,DONE,DONE,719,719,1,,4.25
p3066_c001_v51,784b5c11540d3349,kaggle-environments 1.32.7,a52ba1bfe9df9dc1d504550af46744ef8d474797cdba7af2412dc40a3ebdf3b8,main,c1e3590d02e42d16091c5377e87a3db16496e5a462d558dc2925887f835f9891,main,1609498403,0,130913,130841,1,0,0,DONE,DONE,719,719,1,,4.16
p3066_c001_v51,784b5c11540d3349,kaggle-environments 1.32.7,a52ba1bfe9df9dc1d504550af46744ef8d474797cdba7af2412dc40a3ebdf3b8,main,c1e3590d02e42d16091c5377e87a3db16496e5a462d558dc2925887f835f9891,main,1609498403,1,130913,130841,1,0,0,DONE,DONE,719,719,1,,4.19
p3066_c001_v51,784b5c11540d3349,kaggle-environments 1.32.7,a52ba1bfe9df9dc1d504550af46744ef8d474797cdba7af2412dc40a3ebdf3b8,main,c1e3590d02e42d16091c5377e87a3db16496e5a462d558dc2925887f835f9891,main,1615534734,0,102056,102056,0,0,1,DONE,DONE,719,719,1,,4.66
p3066_c001_v51,784b5c11540d3349,kaggle-environments 1.32.7,a52ba1bfe9df9dc1d504550af46744ef8d474797cdba7af2412dc40a3ebdf3b8,main,c1e3590d02e42d16091c5377e87a3db16496e5a462d558dc2925887f835f9891,main,1615534734,1,102056,102056,0,0,1,DONE,DONE,719,719,1,,4.66
p3066_c001_v51,784b5c11540d3349,kaggle-environments 1.32.7,a52ba1bfe9df9dc1d504550af46744ef8d474797cdba7af2412dc40a3ebdf3b8,main,c1e3590d02e42d16091c5377e87a3db16496e5a462d558dc2925887f835f9891,main,1619095011,0,77028,77004,1,0,0,DONE,DONE,719,719,1,,4.26
p3066_c001_v51,784b5c11540d3349,kaggle-environments 1.32.7,a52ba1bfe9df9dc1d504550af46744ef8d474797cdba7af2412dc40a3ebdf3b8,main,c1e3590d02e42d16091c5377e87a3db16496e5a462d558dc2925887f835f9891,main,1619095011,1,77028,77004,1,0,0,DONE,DONE,719,719,1,,4.47
p3066_c001_v51,784b5c11540d3349,kaggle-environments 1.32.7,a52ba1bfe9df9dc1d504550af46744ef8d474797cdba7af2412dc40a3ebdf3b8,main,c1e3590d02e42d16091c5377e87a3db16496e5a462d558dc2925887f835f9891,main,1620593108,0,100627,100542,1,0,0,DONE,DONE,719,719,1,,4.25
p3066_c001_v51,784b5c11540d3349,kaggle-environments 1.32.7,a52ba1bfe9df9dc1d504550af46744ef8d474797cdba7af2412dc40a3ebdf3b8,main,c1e3590d02e42d16091c5377e87a3db16496e5a462d558dc2925887f835f9891,main,1620593108,1,100627,100542,1,0,0,DONE,DONE,719,719,1,,4.6
p3066_c001_v51,784b5c11540d3349,kaggle-environments 1.32.7,a52ba1bfe9df9dc1d504550af46744ef8d474797cdba7af2412dc40a3ebdf3b8,main,c1e3590d02e42d16091c5377e87a3db16496e5a462d558dc2925887f835f9891,main,1624646389,0,76827,76820,1,0,0,DONE,DONE,719,719,1,,4.52
p3066_c001_v51,784b5c11540d3349,kaggle-environments 1.32.7,a52ba1bfe9df9dc1d504550af46744ef8d474797cdba7af2412dc40a3ebdf3b8,main,c1e3590d02e42d16091c5377e87a3db16496e5a462d558dc2925887f835f9891,main,1624646389,1,76827,76820,1,0,0,DONE,DONE,719,719,1,,4.17
p3066_c001_v51,784b5c11540d3349,kaggle-environments 1.32.7,a52ba1bfe9df9dc1d504550af46744ef8d474797cdba7af2412dc40a3ebdf3b8,main,c1e3590d02e42d16091c5377e87a3db16496e5a462d558dc2925887f835f9891,main,1624931638,0,78438,78332,1,0,0,DONE,DONE,719,719,1,,4.14
p3066_c001_v51,784b5c11540d3349,kaggle-environments 1.32.7,a52ba1bfe9df9dc1d504550af46744ef8d474797cdba7af2412dc40a3ebdf3b8,main,c1e3590d02e42d16091c5377e87a3db16496e5a462d558dc2925887f835f9891,main,1624931638,1,78438,78332,1,0,0,DONE,DONE,719,719,1,,4.14
p3066_c001_v51,784b5c11540d3349,kaggle-environments 1.32.7,a52ba1bfe9df9dc1d504550af46744ef8d474797cdba7af2412dc40a3ebdf3b8,main,c1e3590d02e42d16091c5377e87a3db16496e5a462d558dc2925887f835f9891,main,1628506399,0,129160,128953,1,0,0,DONE,DONE,719,719,1,,4.26
p3066_c001_v51,784b5c11540d3349,kaggle-environments 1.32.7,a52ba1bfe9df9dc1d504550af46744ef8d474797cdba7af2412dc40a3ebdf3b8,main,c1e3590d02e42d16091c5377e87a3db16496e5a462d558dc2925887f835f9891,main,1628506399,1,129160,128953,1,0,0,DONE,DONE,719,719,1,,4.45
p3066_c001_v51,784b5c11540d3349,kaggle-environments 1.32.7,a52ba1bfe9df9dc1d504550af46744ef8d474797cdba7af2412dc40a3ebdf3b8,main,c1e3590d02e42d16091c5377e87a3db16496e5a462d558dc2925887f835f9891,main,1629808004,0,118893,118889,1,0,0,DONE,DONE,719,719,1,,4.27
p3066_c001_v51,784b5c11540d3349,kaggle-environments 1.32.7,a52ba1bfe9df9dc1d504550af46744ef8d474797cdba7af2412dc40a3ebdf3b8,main,c1e3590d02e42d16091c5377e87a3db16496e5a462d558dc2925887f835f9891,main,1629808004,1,118893,118889,1,0,0,DONE,DONE,719,719,1,,4.2
p3066_c001_v51,784b5c11540d3349,kaggle-environments 1.32.7,a52ba1bfe9df9dc1d504550af46744ef8d474797cdba7af2412dc40a3ebdf3b8,main,c1e3590d02e42d16091c5377e87a3db16496e5a462d558dc2925887f835f9891,main,1631033643,0,86210,86198,1,0,0,DONE,DONE,719,719,1,,4.37
p3066_c001_v51,784b5c11540d3349,kaggle-environments 1.32.7,a52ba1bfe9df9dc1d504550af46744ef8d474797cdba7af2412dc40a3ebdf3b8,main,c1e3590d02e42d16091c5377e87a3db16496e5a462d558dc2925887f835f9891,main,1631033643,1,86210,86198,1,0,0,DONE,DONE,719,719,1,,4.24
p3066_c001_v51,784b5c11540d3349,kaggle-environments 1.32.7,a52ba1bfe9df9dc1d504550af46744ef8d474797cdba7af2412dc40a3ebdf3b8,main,c1e3590d02e42d16091c5377e87a3db16496e5a462d558dc2925887f835f9891,main,1637698033,0,83742,83742,0,0,1,DONE,DONE,719,719,1,,4.3
p3066_c001_v51,784b5c11540d3349,kaggle-environments 1.32.7,a52ba1bfe9df9dc1d504550af46744ef8d474797cdba7af2412dc40a3ebdf3b8,main,c1e3590d02e42d16091c5377e87a3db16496e5a462d558dc2925887f835f9891,main,1637698033,1,83742,83742,0,0,1,DONE,DONE,719,719,1,,4.36
p3066_c001_v51,784b5c11540d3349,kaggle-environments 1.32.7,a52ba1bfe9df9dc1d504550af46744ef8d474797cdba7af2412dc40a3ebdf3b8,main,c1e3590d02e42d16091c5377e87a3db16496e5a462d558dc2925887f835f9891,main,1645563884,0,82921,82934,0,1,0,DONE,DONE,719,719,1,,4.19
p3066_c001_v51,784b5c11540d3349,kaggle-environments 1.32.7,a52ba1bfe9df9dc1d504550af46744ef8d474797cdba7af2412dc40a3ebdf3b8,main,c1e3590d02e42d16091c5377e87a3db16496e5a462d558dc2925887f835f9891,main,1645563884,1,82921,82934,0,1,0,DONE,DONE,719,719,1,,4.21
p3066_c001_v51,784b5c11540d3349,kaggle-environments 1.32.7,a52ba1bfe9df9dc1d504550af46744ef8d474797cdba7af2412dc40a3ebdf3b8,main,c1e3590d02e42d16091c5377e87a3db16496e5a462d558dc2925887f835f9891,main,1646936699,0,111117,111716,0,1,0,DONE,DONE,719,719,1,,4.47
p3066_c001_v51,784b5c11540d3349,kaggle-environments 1.32.7,a52ba1bfe9df9dc1d504550af46744ef8d474797cdba7af2412dc40a3ebdf3b8,main,c1e3590d02e42d16091c5377e87a3db16496e5a462d558dc2925887f835f9891,main,1646936699,1,111744,111088,1,0,0,DONE,DONE,719,719,1,,4.58
p3066_c001_v51,784b5c11540d3349,kaggle-environments 1.32.7,a52ba1bfe9df9dc1d504550af46744ef8d474797cdba7af2412dc40a3ebdf3b8,main,c1e3590d02e42d16091c5377e87a3db16496e5a462d558dc2925887f835f9891,main,1648391834,0,78956,78956,0,0,1,DONE,DONE,719,719,1,,4.25
p3066_c001_v51,784b5c11540d3349,kaggle-environments 1.32.7,a52ba1bfe9df9dc1d504550af46744ef8d474797cdba7af2412dc40a3ebdf3b8,main,c1e3590d02e42d16091c5377e87a3db16496e5a462d558dc2925887f835f9891,main,1648391834,1,78956,78956,0,0,1,DONE,DONE,719,719,1,,4.2
p3066_c001_v51,784b5c11540d3349,kaggle-environments 1.32.7,a52ba1bfe9df9dc1d504550af46744ef8d474797cdba7af2412dc40a3ebdf3b8,main,c1e3590d02e42d16091c5377e87a3db16496e5a462d558dc2925887f835f9891,main,1651095768,0,108665,108662,1,0,0,DONE,DONE,719,719,1,,4.4
p3066_c001_v51,784b5c11540d3349,kaggle-environments 1.32.7,a52ba1bfe9df9dc1d504550af46744ef8d474797cdba7af2412dc40a3ebdf3b8,main,c1e3590d02e42d16091c5377e87a3db16496e5a462d558dc2925887f835f9891,main,1651095768,1,108665,108662,1,0,0,DONE,DONE,719,719,1,,4.27
p3066_c001_v51,784b5c11540d3349,kaggle-environments 1.32.7,a52ba1bfe9df9dc1d504550af46744ef8d474797cdba7af2412dc40a3ebdf3b8,main,c1e3590d02e42d16091c5377e87a3db16496e5a462d558dc2925887f835f9891,main,1651804318,0,101121,101117,1,0,0,DONE,DONE,719,719,1,,4.4
p3066_c001_v51,784b5c11540d3349,kaggle-environments 1.32.7,a52ba1bfe9df9dc1d504550af46744ef8d474797cdba7af2412dc40a3ebdf3b8,main,c1e3590d02e42d16091c5377e87a3db16496e5a462d558dc2925887f835f9891,main,1651804318,1,101121,101117,1,0,0,DONE,DONE,719,719,1,,4.28
p3066_c001_v51,784b5c11540d3349,kaggle-environments 1.32.7,a52ba1bfe9df9dc1d504550af46744ef8d474797cdba7af2412dc40a3ebdf3b8,main,c1e3590d02e42d16091c5377e87a3db16496e5a462d558dc2925887f835f9891,main,1653335909,0,106937,106919,1,0,0,DONE,DONE,719,719,1,,4.43
p3066_c001_v51,784b5c11540d3349,kaggle-environments 1.32.7,a52ba1bfe9df9dc1d504550af46744ef8d474797cdba7af2412dc40a3ebdf3b8,main,c1e3590d02e42d16091c5377e87a3db16496e5a462d558dc2925887f835f9891,main,1653335909,1,106937,106919,1,0,0,DONE,DONE,719,719,1,,4.3
p3066_c001_v51,784b5c11540d3349,kaggle-environments 1.32.7,a52ba1bfe9df9dc1d504550af46744ef8d474797cdba7af2412dc40a3ebdf3b8,main,c1e3590d02e42d16091c5377e87a3db16496e5a462d558dc2925887f835f9891,main,1653885178,0,86176,86184,0,1,0,DONE,DONE,719,719,1,,4.35
p3066_c001_v51,784b5c11540d3349,kaggle-environments 1.32.7,a52ba1bfe9df9dc1d504550af46744ef8d474797cdba7af2412dc40a3ebdf3b8,main,c1e3590d02e42d16091c5377e87a3db16496e5a462d558dc2925887f835f9891,main,1653885178,1,86176,86184,0,1,0,DONE,DONE,719,719,1,,4.35
p3066_c001_v51,784b5c11540d3349,kaggle-environments 1.32.7,a52ba1bfe9df9dc1d504550af46744ef8d474797cdba7af2412dc40a3ebdf3b8,main,c1e3590d02e42d16091c5377e87a3db16496e5a462d558dc2925887f835f9891,main,1654741537,0,70246,70322,0,1,0,DONE,DONE,719,719,1,,4.39
p3066_c001_v51,784b5c11540d3349,kaggle-environments 1.32.7,a52ba1bfe9df9dc1d504550af46744ef8d474797cdba7af2412dc40a3ebdf3b8,main,c1e3590d02e42d16091c5377e87a3db16496e5a462d558dc2925887f835f9891,main,1654741537,1,70322,70246,1,0,0,DONE,DONE,719,719,1,,4.63
p3066_c001_v51,784b5c11540d3349,kaggle-environments 1.32.7,a52ba1bfe9df9dc1d504550af46744ef8d474797cdba7af2412dc40a3ebdf3b8,main,c1e3590d02e42d16091c5377e87a3db16496e5a462d558dc2925887f835f9891,main,1663042059,0,96111,96119,0,1,0,DONE,DONE,719,719,1,,4.2
p3066_c001_v51,784b5c11540d3349,kaggle-environments 1.32.7,a52ba1bfe9df9dc1d504550af46744ef8d474797cdba7af2412dc40a3ebdf3b8,main,c1e3590d02e42d16091c5377e87a3db16496e5a462d558dc2925887f835f9891,main,1663042059,1,96111,96119,0,1,0,DONE,DONE,719,719,1,,4.21
p3066_c001_v51,784b5c11540d3349,kaggle-environments 1.32.7,a52ba1bfe9df9dc1d504550af46744ef8d474797cdba7af2412dc40a3ebdf3b8,main,c1e3590d02e42d16091c5377e87a3db16496e5a462d558dc2925887f835f9891,main,1665005360,0,150773,150731,1,0,0,DONE,DONE,719,719,1,,4.17
p3066_c001_v51,784b5c11540d3349,kaggle-environments 1.32.7,a52ba1bfe9df9dc1d504550af46744ef8d474797cdba7af2412dc40a3ebdf3b8,main,c1e3590d02e42d16091c5377e87a3db16496e5a462d558dc2925887f835f9891,main,1665005360,1,150773,150731,1,0,0,DONE,DONE,719,719,1,,4.31
p3066_c001_v51,784b5c11540d3349,kaggle-environments 1.32.7,a52ba1bfe9df9dc1d504550af46744ef8d474797cdba7af2412dc40a3ebdf3b8,main,c1e3590d02e42d16091c5377e87a3db16496e5a462d558dc2925887f835f9891,main,1665617441,0,94578,94578,0,0,1,DONE,DONE,719,719,1,,4.64
p3066_c001_v51,784b5c11540d3349,kaggle-environments 1.32.7,a52ba1bfe9df9dc1d504550af46744ef8d474797cdba7af2412dc40a3ebdf3b8,main,c1e3590d02e42d16091c5377e87a3db16496e5a462d558dc2925887f835f9891,main,1665617441,1,94578,94578,0,0,1,DONE,DONE,719,719,1,,4.31
p3066_c001_v51,784b5c11540d3349,kaggle-environments 1.32.7,a52ba1bfe9df9dc1d504550af46744ef8d474797cdba7af2412dc40a3ebdf3b8,main,c1e3590d02e42d16091c5377e87a3db16496e5a462d558dc2925887f835f9891,main,1667856113,0,69945,69945,0,0,1,DONE,DONE,719,719,1,,5.02
p3066_c001_v51,784b5c11540d3349,kaggle-environments 1.32.7,a52ba1bfe9df9dc1d504550af46744ef8d474797cdba7af2412dc40a3ebdf3b8,main,c1e3590d02e42d16091c5377e87a3db16496e5a462d558dc2925887f835f9891,main,1667856113,1,69945,69945,0,0,1,DONE,DONE,719,719,1,,4.62
p3066_c001_v51,784b5c11540d3349,kaggle-environments 1.32.7,a52ba1bfe9df9dc1d504550af46744ef8d474797cdba7af2412dc40a3ebdf3b8,main,c1e3590d02e42d16091c5377e87a3db16496e5a462d558dc2925887f835f9891,main,1670003808,0,104451,104422,1,0,0,DONE,DONE,719,719,1,,4.49
p3066_c001_v51,784b5c11540d3349,kaggle-environments 1.32.7,a52ba1bfe9df9dc1d504550af46744ef8d474797cdba7af2412dc40a3ebdf3b8,main,c1e3590d02e42d16091c5377e87a3db16496e5a462d558dc2925887f835f9891,main,1670003808,1,104451,104422,1,0,0,DONE,DONE,719,719,1,,4.61
p3066_c001_v51,784b5c11540d3349,kaggle-environments 1.32.7,a52ba1bfe9df9dc1d504550af46744ef8d474797cdba7af2412dc40a3ebdf3b8,main,c1e3590d02e42d16091c5377e87a3db16496e5a462d558dc2925887f835f9891,main,1670445503,0,69356,69344,1,0,0,DONE,DONE,719,719,1,,4.49
p3066_c001_v51,784b5c11540d3349,kaggle-environments 1.32.7,a52ba1bfe9df9dc1d504550af46744ef8d474797cdba7af2412dc40a3ebdf3b8,main,c1e3590d02e42d16091c5377e87a3db16496e5a462d558dc2925887f835f9891,main,1670445503,1,69356,69344,1,0,0,DONE,DONE,719,719,1,,4.48
p3066_c001_v51,784b5c11540d3349,kaggle-environments 1.32.7,a52ba1bfe9df9dc1d504550af46744ef8d474797cdba7af2412dc40a3ebdf3b8,main,c1e3590d02e42d16091c5377e87a3db16496e5a462d558dc2925887f835f9891,main,1671725465,0,76215,76288,0,1,0,DONE,DONE,719,719,1,,4.32
p3066_c001_v51,784b5c11540d3349,kaggle-environments 1.32.7,a52ba1bfe9df9dc1d504550af46744ef8d474797cdba7af2412dc40a3ebdf3b8,main,c1e3590d02e42d16091c5377e87a3db16496e5a462d558dc2925887f835f9891,main,1671725465,1,76264,76239,1,0,0,DONE,DONE,719,719,1,,4.3
p3066_c001_v51,784b5c11540d3349,kaggle-environments 1.32.7,a52ba1bfe9df9dc1d504550af46744ef8d474797cdba7af2412dc40a3ebdf3b8,main,c1e3590d02e42d16091c5377e87a3db16496e5a462d558dc2925887f835f9891,main,1672180003,0,68398,68396,1,0,0,DONE,DONE,719,719,1,,4.41
p3066_c001_v51,784b5c11540d3349,kaggle-environments 1.32.7,a52ba1bfe9df9dc1d504550af46744ef8d474797cdba7af2412dc40a3ebdf3b8,main,c1e3590d02e42d16091c5377e87a3db16496e5a462d558dc2925887f835f9891,main,1672180003,1,68398,68396,1,0,0,DONE,DONE,719,719,1,,4.42
p3066_c001_v51,784b5c11540d3349,kaggle-environments 1.32.7,a52ba1bfe9df9dc1d504550af46744ef8d474797cdba7af2412dc40a3ebdf3b8,main,c1e3590d02e42d16091c5377e87a3db16496e5a462d558dc2925887f835f9891,main,1672635849,0,104507,103979,1,0,0,DONE,DONE,719,719,1,,4.46
p3066_c001_v51,784b5c11540d3349,kaggle-environments 1.32.7,a52ba1bfe9df9dc1d504550af46744ef8d474797cdba7af2412dc40a3ebdf3b8,main,c1e3590d02e42d16091c5377e87a3db16496e5a462d558dc2925887f835f9891,main,1672635849,1,104507,103979,1,0,0,DONE,DONE,719,719,1,,4.18
p3066_c001_v51,784b5c11540d3349,kaggle-environments 1.32.7,a52ba1bfe9df9dc1d504550af46744ef8d474797cdba7af2412dc40a3ebdf3b8,main,c1e3590d02e42d16091c5377e87a3db16496e5a462d558dc2925887f835f9891,main,1673687863,0,88669,88591,1,0,0,DONE,DONE,719,719,1,,4.29
p3066_c001_v51,784b5c11540d3349,kaggle-environments 1.32.7,a52ba1bfe9df9dc1d504550af46744ef8d474797cdba7af2412dc40a3ebdf3b8,main,c1e3590d02e42d16091c5377e87a3db16496e5a462d558dc2925887f835f9891,main,1673687863,1,88669,88591,1,0,0,DONE,DONE,719,719,1,,4.25
p3066_c001_v51,784b5c11540d3349,kaggle-environments 1.32.7,a52ba1bfe9df9dc1d504550af46744ef8d474797cdba7af2412dc40a3ebdf3b8,main,c1e3590d02e42d16091c5377e87a3db16496e5a462d558dc2925887f835f9891,main,1674571474,0,138661,138582,1,0,0,DONE,DONE,719,719,1,,4.2
p3066_c001_v51,784b5c11540d3349,kaggle-environments 1.32.7,a52ba1bfe9df9dc1d504550af46744ef8d474797cdba7af2412dc40a3ebdf3b8,main,c1e3590d02e42d16091c5377e87a3db16496e5a462d558dc2925887f835f9891,main,1674571474,1,138661,138582,1,0,0,DONE,DONE,719,719,1,,4.51
p3066_c001_v51,784b5c11540d3349,kaggle-environments 1.32.7,a52ba1bfe9df9dc1d504550af46744ef8d474797cdba7af2412dc40a3ebdf3b8,main,c1e3590d02e42d16091c5377e87a3db16496e5a462d558dc2925887f835f9891,main,1675526772,0,61878,61878,0,0,1,DONE,DONE,719,719,1,,4.46
p3066_c001_v51,784b5c11540d3349,kaggle-environments 1.32.7,a52ba1bfe9df9dc1d504550af46744ef8d474797cdba7af2412dc40a3ebdf3b8,main,c1e3590d02e42d16091c5377e87a3db16496e5a462d558dc2925887f835f9891,main,1675526772,1,61878,61878,0,0,1,DONE,DONE,719,719,1,,4.47
p3066_c001_v51,784b5c11540d3349,kaggle-environments 1.32.7,a52ba1bfe9df9dc1d504550af46744ef8d474797cdba7af2412dc40a3ebdf3b8,main,c1e3590d02e42d16091c5377e87a3db16496e5a462d558dc2925887f835f9891,main,1677186078,0,125306,125065,1,0,0,DONE,DONE,719,719,1,,4.5
p3066_c001_v51,784b5c11540d3349,kaggle-environments 1.32.7,a52ba1bfe9df9dc1d504550af46744ef8d474797cdba7af2412dc40a3ebdf3b8,main,c1e3590d02e42d16091c5377e87a3db16496e5a462d558dc2925887f835f9891,main,1677186078,1,125306,125065,1,0,0,DONE,DONE,719,719,1,,4.33
p3066_c001_v51,784b5c11540d3349,kaggle-environments 1.32.7,a52ba1bfe9df9dc1d504550af46744ef8d474797cdba7af2412dc40a3ebdf3b8,main,c1e3590d02e42d16091c5377e87a3db16496e5a462d558dc2925887f835f9891,main,1677233686,0,116600,116600,0,0,1,DONE,DONE,719,719,1,,4.2
p3066_c001_v51,784b5c11540d3349,kaggle-environments 1.32.7,a52ba1bfe9df9dc1d504550af46744ef8d474797cdba7af2412dc40a3ebdf3b8,main,c1e3590d02e42d16091c5377e87a3db16496e5a462d558dc2925887f835f9891,main,1677233686,1,116600,116600,0,0,1,DONE,DONE,719,719,1,,4.39
p3066_c001_v51,784b5c11540d3349,kaggle-environments 1.32.7,a52ba1bfe9df9dc1d504550af46744ef8d474797cdba7af2412dc40a3ebdf3b8,main,c1e3590d02e42d16091c5377e87a3db16496e5a462d558dc2925887f835f9891,main,1682008880,0,125146,125145,1,0,0,DONE,DONE,719,719,1,,4.56
p3066_c001_v51,784b5c11540d3349,kaggle-environments 1.32.7,a52ba1bfe9df9dc1d504550af46744ef8d474797cdba7af2412dc40a3ebdf3b8,main,c1e3590d02e42d16091c5377e87a3db16496e5a462d558dc2925887f835f9891,main,1682008880,1,125146,125145,1,0,0,DONE,DONE,719,719,1,,4.51
p3066_c001_v51,784b5c11540d3349,kaggle-environments 1.32.7,a52ba1bfe9df9dc1d504550af46744ef8d474797cdba7af2412dc40a3ebdf3b8,main,c1e3590d02e42d16091c5377e87a3db16496e5a462d558dc2925887f835f9891,main,1683864625,0,64465,64449,1,0,0,DONE,DONE,719,719,1,,4.44
p3066_c001_v51,784b5c11540d3349,kaggle-environments 1.32.7,a52ba1bfe9df9dc1d504550af46744ef8d474797cdba7af2412dc40a3ebdf3b8,main,c1e3590d02e42d16091c5377e87a3db16496e5a462d558dc2925887f835f9891,main,1683864625,1,64465,64449,1,0,0,DONE,DONE,719,719,1,,4.25
p3066_c001_v51,784b5c11540d3349,kaggle-environments 1.32.7,a52ba1bfe9df9dc1d504550af46744ef8d474797cdba7af2412dc40a3ebdf3b8,main,c1e3590d02e42d16091c5377e87a3db16496e5a462d558dc2925887f835f9891,main,1684117665,0,78530,78535,0,1,0,DONE,DONE,719,719,1,,4.6
p3066_c001_v51,784b5c11540d3349,kaggle-environments 1.32.7,a52ba1bfe9df9dc1d504550af46744ef8d474797cdba7af2412dc40a3ebdf3b8,main,c1e3590d02e42d16091c5377e87a3db16496e5a462d558dc2925887f835f9891,main,1684117665,1,78530,78535,0,1,0,DONE,DONE,719,719,1,,4.32
p3066_c001_v51,784b5c11540d3349,kaggle-environments 1.32.7,a52ba1bfe9df9dc1d504550af46744ef8d474797cdba7af2412dc40a3ebdf3b8,main,c1e3590d02e42d16091c5377e87a3db16496e5a462d558dc2925887f835f9891,main,1688663938,0,123243,123186,1,0,0,DONE,DONE,719,719,1,,4.53
p3066_c001_v51,784b5c11540d3349,kaggle-environments 1.32.7,a52ba1bfe9df9dc1d504550af46744ef8d474797cdba7af2412dc40a3ebdf3b8,main,c1e3590d02e42d16091c5377e87a3db16496e5a462d558dc2925887f835f9891,main,1688663938,1,123243,123186,1,0,0,DONE,DONE,719,719,1,,4.31
p3066_c001_v51,784b5c11540d3349,kaggle-environments 1.32.7,a52ba1bfe9df9dc1d504550af46744ef8d474797cdba7af2412dc40a3ebdf3b8,main,c1e3590d02e42d16091c5377e87a3db16496e5a462d558dc2925887f835f9891,main,1690456494,0,68715,68648,1,0,0,DONE,DONE,719,719,1,,4.3
p3066_c001_v51,784b5c11540d3349,kaggle-environments 1.32.7,a52ba1bfe9df9dc1d504550af46744ef8d474797cdba7af2412dc40a3ebdf3b8,main,c1e3590d02e42d16091c5377e87a3db16496e5a462d558dc2925887f835f9891,main,1690456494,1,68715,68648,1,0,0,DONE,DONE,719,719,1,,4.42
p3066_c001_v51,784b5c11540d3349,kaggle-environments 1.32.7,a52ba1bfe9df9dc1d504550af46744ef8d474797cdba7af2412dc40a3ebdf3b8,main,c1e3590d02e42d16091c5377e87a3db16496e5a462d558dc2925887f835f9891,main,1696252170,0,128136,136233,0,1,0,DONE,DONE,719,719,1,,4.2
p3066_c001_v51,784b5c11540d3349,kaggle-environments 1.32.7,a52ba1bfe9df9dc1d504550af46744ef8d474797cdba7af2412dc40a3ebdf3b8,main,c1e3590d02e42d16091c5377e87a3db16496e5a462d558dc2925887f835f9891,main,1696252170,1,136293,128086,1,0,0,DONE,DONE,719,719,1,,4.55
p3066_c001_v51,784b5c11540d3349,kaggle-environments 1.32.7,a52ba1bfe9df9dc1d504550af46744ef8d474797cdba7af2412dc40a3ebdf3b8,main,c1e3590d02e42d16091c5377e87a3db16496e5a462d558dc2925887f835f9891,main,1698741370,0,143097,143095,1,0,0,DONE,DONE,719,719,1,,4.23
p3066_c001_v51,784b5c11540d3349,kaggle-environments 1.32.7,a52ba1bfe9df9dc1d504550af46744ef8d474797cdba7af2412dc40a3ebdf3b8,main,c1e3590d02e42d16091c5377e87a3db16496e5a462d558dc2925887f835f9891,main,1698741370,1,143097,143095,1,0,0,DONE,DONE,719,719,1,,4.2
p3066_c001_v51,784b5c11540d3349,kaggle-environments 1.32.7,a52ba1bfe9df9dc1d504550af46744ef8d474797cdba7af2412dc40a3ebdf3b8,main,c1e3590d02e42d16091c5377e87a3db16496e5a462d558dc2925887f835f9891,main,1706820642,0,105499,105485,1,0,0,DONE,DONE,719,719,1,,4.62
p3066_c001_v51,784b5c11540d3349,kaggle-environments 1.32.7,a52ba1bfe9df9dc1d504550af46744ef8d474797cdba7af2412dc40a3ebdf3b8,main,c1e3590d02e42d16091c5377e87a3db16496e5a462d558dc2925887f835f9891,main,1706820642,1,105499,105485,1,0,0,DONE,DONE,719,719,1,,4.54
p3066_c001_v51,784b5c11540d3349,kaggle-environments 1.32.7,a52ba1bfe9df9dc1d504550af46744ef8d474797cdba7af2412dc40a3ebdf3b8,main,c1e3590d02e42d16091c5377e87a3db16496e5a462d558dc2925887f835f9891,main,1708486063,0,124406,124406,0,0,1,DONE,DONE,719,719,1,,4.26
p3066_c001_v51,784b5c11540d3349,kaggle-environments 1.32.7,a52ba1bfe9df9dc1d504550af46744ef8d474797cdba7af2412dc40a3ebdf3b8,main,c1e3590d02e42d16091c5377e87a3db16496e5a462d558dc2925887f835f9891,main,1708486063,1,124406,124406,0,0,1,DONE,DONE,719,719,1,,4.44
p3066_c001_v51,784b5c11540d3349,kaggle-environments 1.32.7,a52ba1bfe9df9dc1d504550af46744ef8d474797cdba7af2412dc40a3ebdf3b8,main,c1e3590d02e42d16091c5377e87a3db16496e5a462d558dc2925887f835f9891,main,1709964036,0,89235,89261,0,1,0,DONE,DONE,719,719,1,,4.52
p3066_c001_v51,784b5c11540d3349,kaggle-environments 1.32.7,a52ba1bfe9df9dc1d504550af46744ef8d474797cdba7af2412dc40a3ebdf3b8,main,c1e3590d02e42d16091c5377e87a3db16496e5a462d558dc2925887f835f9891,main,1709964036,1,89235,89261,0,1,0,DONE,DONE,719,719,1,,4.45
p3066_c001_v51,784b5c11540d3349,kaggle-environments 1.32.7,a52ba1bfe9df9dc1d504550af46744ef8d474797cdba7af2412dc40a3ebdf3b8,main,c1e3590d02e42d16091c5377e87a3db16496e5a462d558dc2925887f835f9891,main,1712043213,0,91457,91453,1,0,0,DONE,DONE,719,719,1,,4.25
p3066_c001_v51,784b5c11540d3349,kaggle-environments 1.32.7,a52ba1bfe9df9dc1d504550af46744ef8d474797cdba7af2412dc40a3ebdf3b8,main,c1e3590d02e42d16091c5377e87a3db16496e5a462d558dc2925887f835f9891,main,1712043213,1,91457,91453,1,0,0,DONE,DONE,719,719,1,,4.39
p3066_c001_v51,784b5c11540d3349,kaggle-environments 1.32.7,a52ba1bfe9df9dc1d504550af46744ef8d474797cdba7af2412dc40a3ebdf3b8,main,c1e3590d02e42d16091c5377e87a3db16496e5a462d558dc2925887f835f9891,main,1713333059,0,83815,83827,0,1,0,DONE,DONE,719,719,1,,4.42
p3066_c001_v51,784b5c11540d3349,kaggle-environments 1.32.7,a52ba1bfe9df9dc1d504550af46744ef8d474797cdba7af2412dc40a3ebdf3b8,main,c1e3590d02e42d16091c5377e87a3db16496e5a462d558dc2925887f835f9891,main,1713333059,1,83815,83827,0,1,0,DONE,DONE,719,719,1,,4.63
p3066_c001_v51,784b5c11540d3349,kaggle-environments 1.32.7,a52ba1bfe9df9dc1d504550af46744ef8d474797cdba7af2412dc40a3ebdf3b8,main,c1e3590d02e42d16091c5377e87a3db16496e5a462d558dc2925887f835f9891,main,1714255828,0,72332,72332,0,0,1,DONE,DONE,719,719,1,,4.43
p3066_c001_v51,784b5c11540d3349,kaggle-environments 1.32.7,a52ba1bfe9df9dc1d504550af46744ef8d474797cdba7af2412dc40a3ebdf3b8,main,c1e3590d02e42d16091c5377e87a3db16496e5a462d558dc2925887f835f9891,main,1714255828,1,72332,72332,0,0,1,DONE,DONE,719,719,1,,4.28
p3066_c001_v51,784b5c11540d3349,kaggle-environments 1.32.7,a52ba1bfe9df9dc1d504550af46744ef8d474797cdba7af2412dc40a3ebdf3b8,main,c1e3590d02e42d16091c5377e87a3db16496e5a462d558dc2925887f835f9891,main,1714293803,0,102452,101782,1,0,0,DONE,DONE,719,719,1,,4.26
p3066_c001_v51,784b5c11540d3349,kaggle-environments 1.32.7,a52ba1bfe9df9dc1d504550af46744ef8d474797cdba7af2412dc40a3ebdf3b8,main,c1e3590d02e42d16091c5377e87a3db16496e5a462d558dc2925887f835f9891,main,1714293803,1,102452,101782,1,0,0,DONE,DONE,719,719,1,,4.65
p3066_c001_v51,784b5c11540d3349,kaggle-environments 1.32.7,a52ba1bfe9df9dc1d504550af46744ef8d474797cdba7af2412dc40a3ebdf3b8,main,c1e3590d02e42d16091c5377e87a3db16496e5a462d558dc2925887f835f9891,main,1714900559,0,96724,96706,1,0,0,DONE,DONE,719,719,1,,4.37
p3066_c001_v51,784b5c11540d3349,kaggle-environments 1.32.7,a52ba1bfe9df9dc1d504550af46744ef8d474797cdba7af2412dc40a3ebdf3b8,main,c1e3590d02e42d16091c5377e87a3db16496e5a462d558dc2925887f835f9891,main,1714900559,1,96724,96706,1,0,0,DONE,DONE,719,719,1,,4.63
p3066_c001_v51,784b5c11540d3349,kaggle-environments 1.32.7,a52ba1bfe9df9dc1d504550af46744ef8d474797cdba7af2412dc40a3ebdf3b8,main,c1e3590d02e42d16091c5377e87a3db16496e5a462d558dc2925887f835f9891,main,1721558165,0,138562,138554,1,0,0,DONE,DONE,719,719,1,,4.1
p3066_c001_v51,784b5c11540d3349,kaggle-environments 1.32.7,a52ba1bfe9df9dc1d504550af46744ef8d474797cdba7af2412dc40a3ebdf3b8,main,c1e3590d02e42d16091c5377e87a3db16496e5a462d558dc2925887f835f9891,main,1721558165,1,138562,138554,1,0,0,DONE,DONE,719,719,1,,4.38
p3066_c001_v51,784b5c11540d3349,kaggle-environments 1.32.7,a52ba1bfe9df9dc1d504550af46744ef8d474797cdba7af2412dc40a3ebdf3b8,main,c1e3590d02e42d16091c5377e87a3db16496e5a462d558dc2925887f835f9891,main,1725193956,0,81614,81632,0,1,0,DONE,DONE,719,719,1,,4.38
p3066_c001_v51,784b5c11540d3349,kaggle-environments 1.32.7,a52ba1bfe9df9dc1d504550af46744ef8d474797cdba7af2412dc40a3ebdf3b8,main,c1e3590d02e42d16091c5377e87a3db16496e5a462d558dc2925887f835f9891,main,1725193956,1,81614,81632,0,1,0,DONE,DONE,719,719,1,,4.25
p3066_c001_v51,784b5c11540d3349,kaggle-environments 1.32.7,a52ba1bfe9df9dc1d504550af46744ef8d474797cdba7af2412dc40a3ebdf3b8,main,c1e3590d02e42d16091c5377e87a3db16496e5a462d558dc2925887f835f9891,main,1733405135,0,105858,105858,0,0,1,DONE,DONE,719,719,1,,4.19
p3066_c001_v51,784b5c11540d3349,kaggle-environments 1.32.7,a52ba1bfe9df9dc1d504550af46744ef8d474797cdba7af2412dc40a3ebdf3b8,main,c1e3590d02e42d16091c5377e87a3db16496e5a462d558dc2925887f835f9891,main,1733405135,1,105858,105858,0,0,1,DONE,DONE,719,719,1,,4.53
p3066_c001_v51,784b5c11540d3349,kaggle-environments 1.32.7,a52ba1bfe9df9dc1d504550af46744ef8d474797cdba7af2412dc40a3ebdf3b8,main,c1e3590d02e42d16091c5377e87a3db16496e5a462d558dc2925887f835f9891,main,1734309416,0,103723,103718,1,0,0,DONE,DONE,719,719,1,,4.3
p3066_c001_v51,784b5c11540d3349,kaggle-environments 1.32.7,a52ba1bfe9df9dc1d504550af46744ef8d474797cdba7af2412dc40a3ebdf3b8,main,c1e3590d02e42d16091c5377e87a3db16496e5a462d558dc2925887f835f9891,main,1734309416,1,103723,103718,1,0,0,DONE,DONE,719,719,1,,4.33
p3066_c001_v51,784b5c11540d3349,kaggle-environments 1.32.7,a52ba1bfe9df9dc1d504550af46744ef8d474797cdba7af2412dc40a3ebdf3b8,main,c1e3590d02e42d16091c5377e87a3db16496e5a462d558dc2925887f835f9891,main,1735916238,0,110362,110356,1,0,0,DONE,DONE,719,719,1,,4.06
p3066_c001_v51,784b5c11540d3349,kaggle-environments 1.32.7,a52ba1bfe9df9dc1d504550af46744ef8d474797cdba7af2412dc40a3ebdf3b8,main,c1e3590d02e42d16091c5377e87a3db16496e5a462d558dc2925887f835f9891,main,1735916238,1,110362,110356,1,0,0,DONE,DONE,719,719,1,,4.39
p3066_c001_v51,784b5c11540d3349,kaggle-environments 1.32.7,a52ba1bfe9df9dc1d504550af46744ef8d474797cdba7af2412dc40a3ebdf3b8,main,c1e3590d02e42d16091c5377e87a3db16496e5a462d558dc2925887f835f9891,main,1736730354,0,87076,86967,1,0,0,DONE,DONE,719,719,1,,4.36
p3066_c001_v51,784b5c11540d3349,kaggle-environments 1.32.7,a52ba1bfe9df9dc1d504550af46744ef8d474797cdba7af2412dc40a3ebdf3b8,main,c1e3590d02e42d16091c5377e87a3db16496e5a462d558dc2925887f835f9891,main,1736730354,1,87076,86967,1,0,0,DONE,DONE,719,719,1,,4.21
p3066_c001_v51,784b5c11540d3349,kaggle-environments 1.32.7,a52ba1bfe9df9dc1d504550af46744ef8d474797cdba7af2412dc40a3ebdf3b8,main,c1e3590d02e42d16091c5377e87a3db16496e5a462d558dc2925887f835f9891,main,1743029418,0,114772,114763,1,0,0,DONE,DONE,719,719,1,,4.46
p3066_c001_v51,784b5c11540d3349,kaggle-environments 1.32.7,a52ba1bfe9df9dc1d504550af46744ef8d474797cdba7af2412dc40a3ebdf3b8,main,c1e3590d02e42d16091c5377e87a3db16496e5a462d558dc2925887f835f9891,main,1743029418,1,114772,114763,1,0,0,DONE,DONE,719,719,1,,4.18
p3066_c001_v51,784b5c11540d3349,kaggle-environments 1.32.7,a52ba1bfe9df9dc1d504550af46744ef8d474797cdba7af2412dc40a3ebdf3b8,main,c1e3590d02e42d16091c5377e87a3db16496e5a462d558dc2925887f835f9891,main,1744209587,0,87379,87318,1,0,0,DONE,DONE,719,719,1,,4.48
p3066_c001_v51,784b5c11540d3349,kaggle-environments 1.32.7,a52ba1bfe9df9dc1d504550af46744ef8d474797cdba7af2412dc40a3ebdf3b8,main,c1e3590d02e42d16091c5377e87a3db16496e5a462d558dc2925887f835f9891,main,1744209587,1,87297,87400,0,1,0,DONE,DONE,719,719,1,,4.54
p3066_c001_v51,784b5c11540d3349,kaggle-environments 1.32.7,a52ba1bfe9df9dc1d504550af46744ef8d474797cdba7af2412dc40a3ebdf3b8,main,c1e3590d02e42d16091c5377e87a3db16496e5a462d558dc2925887f835f9891,main,1745108678,0,109617,109600,1,0,0,DONE,DONE,719,719,1,,4.57
p3066_c001_v51,784b5c11540d3349,kaggle-environments 1.32.7,a52ba1bfe9df9dc1d504550af46744ef8d474797cdba7af2412dc40a3ebdf3b8,main,c1e3590d02e42d16091c5377e87a3db16496e5a462d558dc2925887f835f9891,main,1745108678,1,109617,109600,1,0,0,DONE,DONE,719,719,1,,4.47
p3066_c001_v51,784b5c11540d3349,kaggle-environments 1.32.7,a52ba1bfe9df9dc1d504550af46744ef8d474797cdba7af2412dc40a3ebdf3b8,main,c1e3590d02e42d16091c5377e87a3db16496e5a462d558dc2925887f835f9891,main,1748003280,0,146462,146465,0,1,0,DONE,DONE,719,719,1,,4.19
p3066_c001_v51,784b5c11540d3349,kaggle-environments 1.32.7,a52ba1bfe9df9dc1d504550af46744ef8d474797cdba7af2412dc40a3ebdf3b8,main,c1e3590d02e42d16091c5377e87a3db16496e5a462d558dc2925887f835f9891,main,1748003280,1,146462,146465,0,1,0,DONE,DONE,719,719,1,,4.33
p3066_c001_v51,784b5c11540d3349,kaggle-environments 1.32.7,a52ba1bfe9df9dc1d504550af46744ef8d474797cdba7af2412dc40a3ebdf3b8,main,c1e3590d02e42d16091c5377e87a3db16496e5a462d558dc2925887f835f9891,main,1759018133,0,98846,98842,1,0,0,DONE,DONE,719,719,1,,4.15
p3066_c001_v51,784b5c11540d3349,kaggle-environments 1.32.7,a52ba1bfe9df9dc1d504550af46744ef8d474797cdba7af2412dc40a3ebdf3b8,main,c1e3590d02e42d16091c5377e87a3db16496e5a462d558dc2925887f835f9891,main,1759018133,1,98846,98842,1,0,0,DONE,DONE,719,719,1,,4.41
p3066_c001_v51,784b5c11540d3349,kaggle-environments 1.32.7,a52ba1bfe9df9dc1d504550af46744ef8d474797cdba7af2412dc40a3ebdf3b8,main,c1e3590d02e42d16091c5377e87a3db16496e5a462d558dc2925887f835f9891,main,1761558589,0,113283,113283,0,0,1,DONE,DONE,719,719,1,,4.55
p3066_c001_v51,784b5c11540d3349,kaggle-environments 1.32.7,a52ba1bfe9df9dc1d504550af46744ef8d474797cdba7af2412dc40a3ebdf3b8,main,c1e3590d02e42d16091c5377e87a3db16496e5a462d558dc2925887f835f9891,main,1761558589,1,113283,113283,0,0,1,DONE,DONE,719,719,1,,4.34
p3066_c001_v51,784b5c11540d3349,kaggle-environments 1.32.7,a52ba1bfe9df9dc1d504550af46744ef8d474797cdba7af2412dc40a3ebdf3b8,main,c1e3590d02e42d16091c5377e87a3db16496e5a462d558dc2925887f835f9891,main,1763835516,0,84701,84397,1,0,0,DONE,DONE,719,719,1,,4.53
p3066_c001_v51,784b5c11540d3349,kaggle-environments 1.32.7,a52ba1bfe9df9dc1d504550af46744ef8d474797cdba7af2412dc40a3ebdf3b8,main,c1e3590d02e42d16091c5377e87a3db16496e5a462d558dc2925887f835f9891,main,1763835516,1,84701,84397,1,0,0,DONE,DONE,719,719,1,,4.39
p3066_c001_v51,784b5c11540d3349,kaggle-environments 1.32.7,a52ba1bfe9df9dc1d504550af46744ef8d474797cdba7af2412dc40a3ebdf3b8,main,c1e3590d02e42d16091c5377e87a3db16496e5a462d558dc2925887f835f9891,main,1765696770,0,114252,113814,1,0,0,DONE,DONE,719,719,1,,4.23
p3066_c001_v51,784b5c11540d3349,kaggle-environments 1.32.7,a52ba1bfe9df9dc1d504550af46744ef8d474797cdba7af2412dc40a3ebdf3b8,main,c1e3590d02e42d16091c5377e87a3db16496e5a462d558dc2925887f835f9891,main,1765696770,1,114252,113814,1,0,0,DONE,DONE,719,719,1,,4.52
p3066_c001_v51,784b5c11540d3349,kaggle-environments 1.32.7,a52ba1bfe9df9dc1d504550af46744ef8d474797cdba7af2412dc40a3ebdf3b8,main,c1e3590d02e42d16091c5377e87a3db16496e5a462d558dc2925887f835f9891,main,1770350864,0,118434,118326,1,0,0,DONE,DONE,719,719,1,,4.32
p3066_c001_v51,784b5c11540d3349,kaggle-environments 1.32.7,a52ba1bfe9df9dc1d504550af46744ef8d474797cdba7af2412dc40a3ebdf3b8,main,c1e3590d02e42d16091c5377e87a3db16496e5a462d558dc2925887f835f9891,main,1770350864,1,118434,118326,1,0,0,DONE,DONE,719,719,1,,4.59
p3066_c001_v51,784b5c11540d3349,kaggle-environments 1.32.7,a52ba1bfe9df9dc1d504550af46744ef8d474797cdba7af2412dc40a3ebdf3b8,main,c1e3590d02e42d16091c5377e87a3db16496e5a462d558dc2925887f835f9891,main,1772685646,0,89106,86473,1,0,0,DONE,DONE,719,719,1,,4.14
p3066_c001_v51,784b5c11540d3349,kaggle-environments 1.32.7,a52ba1bfe9df9dc1d504550af46744ef8d474797cdba7af2412dc40a3ebdf3b8,main,c1e3590d02e42d16091c5377e87a3db16496e5a462d558dc2925887f835f9891,main,1772685646,1,86493,89085,0,1,0,DONE,DONE,719,719,1,,4.16
p3066_c001_v51,784b5c11540d3349,kaggle-environments 1.32.7,a52ba1bfe9df9dc1d504550af46744ef8d474797cdba7af2412dc40a3ebdf3b8,main,c1e3590d02e42d16091c5377e87a3db16496e5a462d558dc2925887f835f9891,main,1774777225,0,88200,88200,0,0,1,DONE,DONE,719,719,1,,4.34
p3066_c001_v51,784b5c11540d3349,kaggle-environments 1.32.7,a52ba1bfe9df9dc1d504550af46744ef8d474797cdba7af2412dc40a3ebdf3b8,main,c1e3590d02e42d16091c5377e87a3db16496e5a462d558dc2925887f835f9891,main,1774777225,1,88200,88200,0,0,1,DONE,DONE,719,719,1,,4.39
p3066_c001_v51,784b5c11540d3349,kaggle-environments 1.32.7,a52ba1bfe9df9dc1d504550af46744ef8d474797cdba7af2412dc40a3ebdf3b8,main,c1e3590d02e42d16091c5377e87a3db16496e5a462d558dc2925887f835f9891,main,1776677497,0,85994,85994,0,0,1,DONE,DONE,719,719,1,,4.17
p3066_c001_v51,784b5c11540d3349,kaggle-environments 1.32.7,a52ba1bfe9df9dc1d504550af46744ef8d474797cdba7af2412dc40a3ebdf3b8,main,c1e3590d02e42d16091c5377e87a3db16496e5a462d558dc2925887f835f9891,main,1776677497,1,85994,85994,0,0,1,DONE,DONE,719,719,1,,4.39
p3066_c001_v51,784b5c11540d3349,kaggle-environments 1.32.7,a52ba1bfe9df9dc1d504550af46744ef8d474797cdba7af2412dc40a3ebdf3b8,main,c1e3590d02e42d16091c5377e87a3db16496e5a462d558dc2925887f835f9891,main,1780309859,0,103213,103192,1,0,0,DONE,DONE,719,719,1,,4.15
p3066_c001_v51,784b5c11540d3349,kaggle-environments 1.32.7,a52ba1bfe9df9dc1d504550af46744ef8d474797cdba7af2412dc40a3ebdf3b8,main,c1e3590d02e42d16091c5377e87a3db16496e5a462d558dc2925887f835f9891,main,1780309859,1,103213,103192,1,0,0,DONE,DONE,719,719,1,,4.13
p3066_c001_v51,784b5c11540d3349,kaggle-environments 1.32.7,a52ba1bfe9df9dc1d504550af46744ef8d474797cdba7af2412dc40a3ebdf3b8,main,c1e3590d02e42d16091c5377e87a3db16496e5a462d558dc2925887f835f9891,main,1780652827,0,76584,76564,1,0,0,DONE,DONE,719,719,1,,4.54
p3066_c001_v51,784b5c11540d3349,kaggle-environments 1.32.7,a52ba1bfe9df9dc1d504550af46744ef8d474797cdba7af2412dc40a3ebdf3b8,main,c1e3590d02e42d16091c5377e87a3db16496e5a462d558dc2925887f835f9891,main,1780652827,1,76584,76564,1,0,0,DONE,DONE,719,719,1,,4.52
p3066_c001_v51,784b5c11540d3349,kaggle-environments 1.32.7,a52ba1bfe9df9dc1d504550af46744ef8d474797cdba7af2412dc40a3ebdf3b8,main,c1e3590d02e42d16091c5377e87a3db16496e5a462d558dc2925887f835f9891,main,1782401621,0,120888,120883,1,0,0,DONE,DONE,719,719,1,,4.35
p3066_c001_v51,784b5c11540d3349,kaggle-environments 1.32.7,a52ba1bfe9df9dc1d504550af46744ef8d474797cdba7af2412dc40a3ebdf3b8,main,c1e3590d02e42d16091c5377e87a3db16496e5a462d558dc2925887f835f9891,main,1782401621,1,120888,120883,1,0,0,DONE,DONE,719,719,1,,4.72
p3066_c001_v51,784b5c11540d3349,kaggle-environments 1.32.7,a52ba1bfe9df9dc1d504550af46744ef8d474797cdba7af2412dc40a3ebdf3b8,main,c1e3590d02e42d16091c5377e87a3db16496e5a462d558dc2925887f835f9891,main,1782755185,0,96429,96431,0,1,0,DONE,DONE,719,719,1,,4.57
p3066_c001_v51,784b5c11540d3349,kaggle-environments 1.32.7,a52ba1bfe9df9dc1d504550af46744ef8d474797cdba7af2412dc40a3ebdf3b8,main,c1e3590d02e42d16091c5377e87a3db16496e5a462d558dc2925887f835f9891,main,1782755185,1,96429,96431,0,1,0,DONE,DONE,719,719,1,,4.52
p3066_c001_v51,784b5c11540d3349,kaggle-environments 1.32.7,a52ba1bfe9df9dc1d504550af46744ef8d474797cdba7af2412dc40a3ebdf3b8,main,c1e3590d02e42d16091c5377e87a3db16496e5a462d558dc2925887f835f9891,main,1783239256,0,68073,67982,1,0,0,DONE,DONE,719,719,1,,4.58
p3066_c001_v51,784b5c11540d3349,kaggle-environments 1.32.7,a52ba1bfe9df9dc1d504550af46744ef8d474797cdba7af2412dc40a3ebdf3b8,main,c1e3590d02e42d16091c5377e87a3db16496e5a462d558dc2925887f835f9891,main,1783239256,1,68073,67982,1,0,0,DONE,DONE,719,719,1,,4.42
p3066_c001_v51,784b5c11540d3349,kaggle-environments 1.32.7,a52ba1bfe9df9dc1d504550af46744ef8d474797cdba7af2412dc40a3ebdf3b8,main,c1e3590d02e42d16091c5377e87a3db16496e5a462d558dc2925887f835f9891,main,1784174829,0,78506,78505,1,0,0,DONE,DONE,719,719,1,,4.37
p3066_c001_v51,784b5c11540d3349,kaggle-environments 1.32.7,a52ba1bfe9df9dc1d504550af46744ef8d474797cdba7af2412dc40a3ebdf3b8,main,c1e3590d02e42d16091c5377e87a3db16496e5a462d558dc2925887f835f9891,main,1784174829,1,78506,78505,1,0,0,DONE,DONE,719,719,1,,4.66
p3066_c001_v51,784b5c11540d3349,kaggle-environments 1.32.7,a52ba1bfe9df9dc1d504550af46744ef8d474797cdba7af2412dc40a3ebdf3b8,main,c1e3590d02e42d16091c5377e87a3db16496e5a462d558dc2925887f835f9891,main,1785631914,0,114031,113910,1,0,0,DONE,DONE,719,719,1,,4.64
p3066_c001_v51,784b5c11540d3349,kaggle-environments 1.32.7,a52ba1bfe9df9dc1d504550af46744ef8d474797cdba7af2412dc40a3ebdf3b8,main,c1e3590d02e42d16091c5377e87a3db16496e5a462d558dc2925887f835f9891,main,1785631914,1,114031,113910,1,0,0,DONE,DONE,719,719,1,,4.27
p3066_c001_v51,784b5c11540d3349,kaggle-environments 1.32.7,a52ba1bfe9df9dc1d504550af46744ef8d474797cdba7af2412dc40a3ebdf3b8,main,c1e3590d02e42d16091c5377e87a3db16496e5a462d558dc2925887f835f9891,main,1790131202,0,154473,154468,1,0,0,DONE,DONE,719,719,1,,4.27
p3066_c001_v51,784b5c11540d3349,kaggle-environments 1.32.7,a52ba1bfe9df9dc1d504550af46744ef8d474797cdba7af2412dc40a3ebdf3b8,main,c1e3590d02e42d16091c5377e87a3db16496e5a462d558dc2925887f835f9891,main,1790131202,1,154473,154468,1,0,0,DONE,DONE,719,719,1,,4.57
p3066_c001_v51,784b5c11540d3349,kaggle-environments 1.32.7,a52ba1bfe9df9dc1d504550af46744ef8d474797cdba7af2412dc40a3ebdf3b8,main,c1e3590d02e42d16091c5377e87a3db16496e5a462d558dc2925887f835f9891,main,1793089070,0,97966,97961,1,0,0,DONE,DONE,719,719,1,,4.23
p3066_c001_v51,784b5c11540d3349,kaggle-environments 1.32.7,a52ba1bfe9df9dc1d504550af46744ef8d474797cdba7af2412dc40a3ebdf3b8,main,c1e3590d02e42d16091c5377e87a3db16496e5a462d558dc2925887f835f9891,main,1793089070,1,97966,97961,1,0,0,DONE,DONE,719,719,1,,4.15
p3066_c001_v51,784b5c11540d3349,kaggle-environments 1.32.7,a52ba1bfe9df9dc1d504550af46744ef8d474797cdba7af2412dc40a3ebdf3b8,main,c1e3590d02e42d16091c5377e87a3db16496e5a462d558dc2925887f835f9891,main,1795718138,0,84508,84508,0,0,1,DONE,DONE,719,719,1,,4.59
p3066_c001_v51,784b5c11540d3349,kaggle-environments 1.32.7,a52ba1bfe9df9dc1d504550af46744ef8d474797cdba7af2412dc40a3ebdf3b8,main,c1e3590d02e42d16091c5377e87a3db16496e5a462d558dc2925887f835f9891,main,1795718138,1,84508,84508,0,0,1,DONE,DONE,719,719,1,,4.33
p3066_c001_v51,784b5c11540d3349,kaggle-environments 1.32.7,a52ba1bfe9df9dc1d504550af46744ef8d474797cdba7af2412dc40a3ebdf3b8,main,c1e3590d02e42d16091c5377e87a3db16496e5a462d558dc2925887f835f9891,main,1798821646,0,118562,118420,1,0,0,DONE,DONE,719,719,1,,4.54
p3066_c001_v51,784b5c11540d3349,kaggle-environments 1.32.7,a52ba1bfe9df9dc1d504550af46744ef8d474797cdba7af2412dc40a3ebdf3b8,main,c1e3590d02e42d16091c5377e87a3db16496e5a462d558dc2925887f835f9891,main,1798821646,1,118446,118536,0,1,0,DONE,DONE,719,719,1,,4.36
p3066_c001_v51,784b5c11540d3349,kaggle-environments 1.32.7,a52ba1bfe9df9dc1d504550af46744ef8d474797cdba7af2412dc40a3ebdf3b8,main,c1e3590d02e42d16091c5377e87a3db16496e5a462d558dc2925887f835f9891,main,1801696520,0,117767,117764,1,0,0,DONE,DONE,719,719,1,,4.14
p3066_c001_v51,784b5c11540d3349,kaggle-environments 1.32.7,a52ba1bfe9df9dc1d504550af46744ef8d474797cdba7af2412dc40a3ebdf3b8,main,c1e3590d02e42d16091c5377e87a3db16496e5a462d558dc2925887f835f9891,main,1801696520,1,117767,117764,1,0,0,DONE,DONE,719,719,1,,4.15
p3066_c001_v51,784b5c11540d3349,kaggle-environments 1.32.7,a52ba1bfe9df9dc1d504550af46744ef8d474797cdba7af2412dc40a3ebdf3b8,main,c1e3590d02e42d16091c5377e87a3db16496e5a462d558dc2925887f835f9891,main,1806315263,0,82154,82154,0,0,1,DONE,DONE,719,719,1,,4.56
p3066_c001_v51,784b5c11540d3349,kaggle-environments 1.32.7,a52ba1bfe9df9dc1d504550af46744ef8d474797cdba7af2412dc40a3ebdf3b8,main,c1e3590d02e42d16091c5377e87a3db16496e5a462d558dc2925887f835f9891,main,1806315263,1,82154,82154,0,0,1,DONE,DONE,719,719,1,,4.62
p3066_c001_v51,784b5c11540d3349,kaggle-environments 1.32.7,a52ba1bfe9df9dc1d504550af46744ef8d474797cdba7af2412dc40a3ebdf3b8,main,c1e3590d02e42d16091c5377e87a3db16496e5a462d558dc2925887f835f9891,main,1809386608,0,91837,91836,1,0,0,DONE,DONE,719,719,1,,4.15
p3066_c001_v51,784b5c11540d3349,kaggle-environments 1.32.7,a52ba1bfe9df9dc1d504550af46744ef8d474797cdba7af2412dc40a3ebdf3b8,main,c1e3590d02e42d16091c5377e87a3db16496e5a462d558dc2925887f835f9891,main,1809386608,1,91837,91836,1,0,0,DONE,DONE,719,719,1,,4.25
p3066_c001_v51,784b5c11540d3349,kaggle-environments 1.32.7,a52ba1bfe9df9dc1d504550af46744ef8d474797cdba7af2412dc40a3ebdf3b8,main,c1e3590d02e42d16091c5377e87a3db16496e5a462d558dc2925887f835f9891,main,1812312174,0,130086,130062,1,0,0,DONE,DONE,719,719,1,,4.48
p3066_c001_v51,784b5c11540d3349,kaggle-environments 1.32.7,a52ba1bfe9df9dc1d504550af46744ef8d474797cdba7af2412dc40a3ebdf3b8,main,c1e3590d02e42d16091c5377e87a3db16496e5a462d558dc2925887f835f9891,main,1812312174,1,130086,130062,1,0,0,DONE,DONE,719,719,1,,4.22
p3066_c001_v51,784b5c11540d3349,kaggle-environments 1.32.7,a52ba1bfe9df9dc1d504550af46744ef8d474797cdba7af2412dc40a3ebdf3b8,main,c1e3590d02e42d16091c5377e87a3db16496e5a462d558dc2925887f835f9891,main,1812850897,0,61488,61488,0,0,1,DONE,DONE,719,719,1,,4.27
p3066_c001_v51,784b5c11540d3349,kaggle-environments 1.32.7,a52ba1bfe9df9dc1d504550af46744ef8d474797cdba7af2412dc40a3ebdf3b8,main,c1e3590d02e42d16091c5377e87a3db16496e5a462d558dc2925887f835f9891,main,1812850897,1,61488,61488,0,0,1,DONE,DONE,719,719,1,,4.52
p3066_c001_v51,784b5c11540d3349,kaggle-environments 1.32.7,a52ba1bfe9df9dc1d504550af46744ef8d474797cdba7af2412dc40a3ebdf3b8,main,c1e3590d02e42d16091c5377e87a3db16496e5a462d558dc2925887f835f9891,main,1814443628,0,63545,63544,1,0,0,DONE,DONE,719,719,1,,4.18
p3066_c001_v51,784b5c11540d3349,kaggle-environments 1.32.7,a52ba1bfe9df9dc1d504550af46744ef8d474797cdba7af2412dc40a3ebdf3b8,main,c1e3590d02e42d16091c5377e87a3db16496e5a462d558dc2925887f835f9891,main,1814443628,1,63545,63544,1,0,0,DONE,DONE,719,719,1,,4.33
p3066_c001_v51,784b5c11540d3349,kaggle-environments 1.32.7,a52ba1bfe9df9dc1d504550af46744ef8d474797cdba7af2412dc40a3ebdf3b8,main,c1e3590d02e42d16091c5377e87a3db16496e5a462d558dc2925887f835f9891,main,1819592771,0,76742,76731,1,0,0,DONE,DONE,719,719,1,,4.25
p3066_c001_v51,784b5c11540d3349,kaggle-environments 1.32.7,a52ba1bfe9df9dc1d504550af46744ef8d474797cdba7af2412dc40a3ebdf3b8,main,c1e3590d02e42d16091c5377e87a3db16496e5a462d558dc2925887f835f9891,main,1819592771,1,76742,76731,1,0,0,DONE,DONE,719,719,1,,4.51
p3066_c001_v51,784b5c11540d3349,kaggle-environments 1.32.7,a52ba1bfe9df9dc1d504550af46744ef8d474797cdba7af2412dc40a3ebdf3b8,main,c1e3590d02e42d16091c5377e87a3db16496e5a462d558dc2925887f835f9891,main,1820231052,0,86495,86503,0,1,0,DONE,DONE,719,719,1,,4.27
p3066_c001_v51,784b5c11540d3349,kaggle-environments 1.32.7,a52ba1bfe9df9dc1d504550af46744ef8d474797cdba7af2412dc40a3ebdf3b8,main,c1e3590d02e42d16091c5377e87a3db16496e5a462d558dc2925887f835f9891,main,1820231052,1,86495,86503,0,1,0,DONE,DONE,719,719,1,,4.4
p3066_c001_v51,784b5c11540d3349,kaggle-environments 1.32.7,a52ba1bfe9df9dc1d504550af46744ef8d474797cdba7af2412dc40a3ebdf3b8,main,c1e3590d02e42d16091c5377e87a3db16496e5a462d558dc2925887f835f9891,main,1820939474,0,134174,134107,1,0,0,DONE,DONE,719,719,1,,4.49
p3066_c001_v51,784b5c11540d3349,kaggle-environments 1.32.7,a52ba1bfe9df9dc1d504550af46744ef8d474797cdba7af2412dc40a3ebdf3b8,main,c1e3590d02e42d16091c5377e87a3db16496e5a462d558dc2925887f835f9891,main,1820939474,1,134174,134107,1,0,0,DONE,DONE,719,719,1,,4.55
p3066_c001_v51,784b5c11540d3349,kaggle-environments 1.32.7,a52ba1bfe9df9dc1d504550af46744ef8d474797cdba7af2412dc40a3ebdf3b8,main,c1e3590d02e42d16091c5377e87a3db16496e5a462d558dc2925887f835f9891,main,1822952836,0,95489,95486,1,0,0,DONE,DONE,719,719,1,,4.58
p3066_c001_v51,784b5c11540d3349,kaggle-environments 1.32.7,a52ba1bfe9df9dc1d504550af46744ef8d474797cdba7af2412dc40a3ebdf3b8,main,c1e3590d02e42d16091c5377e87a3db16496e5a462d558dc2925887f835f9891,main,1822952836,1,95489,95486,1,0,0,DONE,DONE,719,719,1,,4.53
p3066_c001_v51,784b5c11540d3349,kaggle-environments 1.32.7,a52ba1bfe9df9dc1d504550af46744ef8d474797cdba7af2412dc40a3ebdf3b8,main,c1e3590d02e42d16091c5377e87a3db16496e5a462d558dc2925887f835f9891,main,1827037592,0,104112,104093,1,0,0,DONE,DONE,719,719,1,,4.47
p3066_c001_v51,784b5c11540d3349,kaggle-environments 1.32.7,a52ba1bfe9df9dc1d504550af46744ef8d474797cdba7af2412dc40a3ebdf3b8,main,c1e3590d02e42d16091c5377e87a3db16496e5a462d558dc2925887f835f9891,main,1827037592,1,104112,104093,1,0,0,DONE,DONE,719,719,1,,4.61
p3066_c001_v51,784b5c11540d3349,kaggle-environments 1.32.7,a52ba1bfe9df9dc1d504550af46744ef8d474797cdba7af2412dc40a3ebdf3b8,main,c1e3590d02e42d16091c5377e87a3db16496e5a462d558dc2925887f835f9891,main,1828163711,0,80059,80071,0,1,0,DONE,DONE,719,719,1,,4.22
p3066_c001_v51,784b5c11540d3349,kaggle-environments 1.32.7,a52ba1bfe9df9dc1d504550af46744ef8d474797cdba7af2412dc40a3ebdf3b8,main,c1e3590d02e42d16091c5377e87a3db16496e5a462d558dc2925887f835f9891,main,1828163711,1,80059,80071,0,1,0,DONE,DONE,719,719,1,,4.47
p3066_c001_v51,784b5c11540d3349,kaggle-environments 1.32.7,a52ba1bfe9df9dc1d504550af46744ef8d474797cdba7af2412dc40a3ebdf3b8,main,c1e3590d02e42d16091c5377e87a3db16496e5a462d558dc2925887f835f9891,main,1830086930,0,148591,148572,1,0,0,DONE,DONE,719,719,1,,4.62
p3066_c001_v51,784b5c11540d3349,kaggle-environments 1.32.7,a52ba1bfe9df9dc1d504550af46744ef8d474797cdba7af2412dc40a3ebdf3b8,main,c1e3590d02e42d16091c5377e87a3db16496e5a462d558dc2925887f835f9891,main,1830086930,1,148591,148572,1,0,0,DONE,DONE,719,719,1,,4.46
p3066_c001_v51,784b5c11540d3349,kaggle-environments 1.32.7,a52ba1bfe9df9dc1d504550af46744ef8d474797cdba7af2412dc40a3ebdf3b8,main,c1e3590d02e42d16091c5377e87a3db16496e5a462d558dc2925887f835f9891,main,1831191680,0,72202,72202,0,0,1,DONE,DONE,719,719,1,,4.32
p3066_c001_v51,784b5c11540d3349,kaggle-environments 1.32.7,a52ba1bfe9df9dc1d504550af46744ef8d474797cdba7af2412dc40a3ebdf3b8,main,c1e3590d02e42d16091c5377e87a3db16496e5a462d558dc2925887f835f9891,main,1831191680,1,72202,72202,0,0,1,DONE,DONE,719,719,1,,4.47
p3066_c001_v51,784b5c11540d3349,kaggle-environments 1.32.7,a52ba1bfe9df9dc1d504550af46744ef8d474797cdba7af2412dc40a3ebdf3b8,main,c1e3590d02e42d16091c5377e87a3db16496e5a462d558dc2925887f835f9891,main,1831394426,0,120237,120200,1,0,0,DONE,DONE,719,719,1,,4.41
p3066_c001_v51,784b5c11540d3349,kaggle-environments 1.32.7,a52ba1bfe9df9dc1d504550af46744ef8d474797cdba7af2412dc40a3ebdf3b8,main,c1e3590d02e42d16091c5377e87a3db16496e5a462d558dc2925887f835f9891,main,1831394426,1,120237,120200,1,0,0,DONE,DONE,719,719,1,,4.57
p3066_c001_v51,784b5c11540d3349,kaggle-environments 1.32.7,a52ba1bfe9df9dc1d504550af46744ef8d474797cdba7af2412dc40a3ebdf3b8,main,c1e3590d02e42d16091c5377e87a3db16496e5a462d558dc2925887f835f9891,main,1835672725,0,77783,77769,1,0,0,DONE,DONE,719,719,1,,4.17
p3066_c001_v51,784b5c11540d3349,kaggle-environments 1.32.7,a52ba1bfe9df9dc1d504550af46744ef8d474797cdba7af2412dc40a3ebdf3b8,main,c1e3590d02e42d16091c5377e87a3db16496e5a462d558dc2925887f835f9891,main,1835672725,1,77783,77769,1,0,0,DONE,DONE,719,719,1,,4.46
p3066_c001_v51,784b5c11540d3349,kaggle-environments 1.32.7,a52ba1bfe9df9dc1d504550af46744ef8d474797cdba7af2412dc40a3ebdf3b8,main,c1e3590d02e42d16091c5377e87a3db16496e5a462d558dc2925887f835f9891,main,1837982454,0,105526,105526,0,0,1,DONE,DONE,719,719,1,,4.61
p3066_c001_v51,784b5c11540d3349,kaggle-environments 1.32.7,a52ba1bfe9df9dc1d504550af46744ef8d474797cdba7af2412dc40a3ebdf3b8,main,c1e3590d02e42d16091c5377e87a3db16496e5a462d558dc2925887f835f9891,main,1837982454,1,105526,105526,0,0,1,DONE,DONE,719,719,1,,4.44
p3066_c001_v51,784b5c11540d3349,kaggle-environments 1.32.7,a52ba1bfe9df9dc1d504550af46744ef8d474797cdba7af2412dc40a3ebdf3b8,main,c1e3590d02e42d16091c5377e87a3db16496e5a462d558dc2925887f835f9891,main,1841940961,0,100870,100915,0,1,0,DONE,DONE,719,719,1,,4.28
p3066_c001_v51,784b5c11540d3349,kaggle-environments 1.32.7,a52ba1bfe9df9dc1d504550af46744ef8d474797cdba7af2412dc40a3ebdf3b8,main,c1e3590d02e42d16091c5377e87a3db16496e5a462d558dc2925887f835f9891,main,1841940961,1,100870,100915,0,1,0,DONE,DONE,719,719,1,,4.35
p3066_c001_v51,784b5c11540d3349,kaggle-environments 1.32.7,a52ba1bfe9df9dc1d504550af46744ef8d474797cdba7af2412dc40a3ebdf3b8,main,c1e3590d02e42d16091c5377e87a3db16496e5a462d558dc2925887f835f9891,main,1843040388,0,110852,110633,1,0,0,DONE,DONE,719,719,1,,4.23
p3066_c001_v51,784b5c11540d3349,kaggle-environments 1.32.7,a52ba1bfe9df9dc1d504550af46744ef8d474797cdba7af2412dc40a3ebdf3b8,main,c1e3590d02e42d16091c5377e87a3db16496e5a462d558dc2925887f835f9891,main,1843040388,1,110852,110633,1,0,0,DONE,DONE,719,719,1,,4.47
p3066_c001_v51,784b5c11540d3349,kaggle-environments 1.32.7,a52ba1bfe9df9dc1d504550af46744ef8d474797cdba7af2412dc40a3ebdf3b8,main,c1e3590d02e42d16091c5377e87a3db16496e5a462d558dc2925887f835f9891,main,1844667787,0,63946,63946,0,0,1,DONE,DONE,719,719,1,,4.53
p3066_c001_v51,784b5c11540d3349,kaggle-environments 1.32.7,a52ba1bfe9df9dc1d504550af46744ef8d474797cdba7af2412dc40a3ebdf3b8,main,c1e3590d02e42d16091c5377e87a3db16496e5a462d558dc2925887f835f9891,main,1844667787,1,63946,63946,0,0,1,DONE,DONE,719,719,1,,4.69
p3066_c001_v51,784b5c11540d3349,kaggle-environments 1.32.7,a52ba1bfe9df9dc1d504550af46744ef8d474797cdba7af2412dc40a3ebdf3b8,main,c1e3590d02e42d16091c5377e87a3db16496e5a462d558dc2925887f835f9891,main,1844686588,0,120377,120372,1,0,0,DONE,DONE,719,719,1,,4.31
p3066_c001_v51,784b5c11540d3349,kaggle-environments 1.32.7,a52ba1bfe9df9dc1d504550af46744ef8d474797cdba7af2412dc40a3ebdf3b8,main,c1e3590d02e42d16091c5377e87a3db16496e5a462d558dc2925887f835f9891,main,1844686588,1,120377,120372,1,0,0,DONE,DONE,719,719,1,,4.19
p3066_c001_v51,784b5c11540d3349,kaggle-environments 1.32.7,a52ba1bfe9df9dc1d504550af46744ef8d474797cdba7af2412dc40a3ebdf3b8,main,c1e3590d02e42d16091c5377e87a3db16496e5a462d558dc2925887f835f9891,main,1846265686,0,72132,72132,0,0,1,DONE,DONE,719,719,1,,4.21
p3066_c001_v51,784b5c11540d3349,kaggle-environments 1.32.7,a52ba1bfe9df9dc1d504550af46744ef8d474797cdba7af2412dc40a3ebdf3b8,main,c1e3590d02e42d16091c5377e87a3db16496e5a462d558dc2925887f835f9891,main,1846265686,1,72132,72132,0,0,1,DONE,DONE,719,719,1,,4.25
p3066_c001_v51,784b5c11540d3349,kaggle-environments 1.32.7,a52ba1bfe9df9dc1d504550af46744ef8d474797cdba7af2412dc40a3ebdf3b8,main,c1e3590d02e42d16091c5377e87a3db16496e5a462d558dc2925887f835f9891,main,1846410192,0,113585,113582,1,0,0,DONE,DONE,719,719,1,,4.36
p3066_c001_v51,784b5c11540d3349,kaggle-environments 1.32.7,a52ba1bfe9df9dc1d504550af46744ef8d474797cdba7af2412dc40a3ebdf3b8,main,c1e3590d02e42d16091c5377e87a3db16496e5a462d558dc2925887f835f9891,main,1846410192,1,113585,113582,1,0,0,DONE,DONE,719,719,1,,4.28
p3066_c001_v51,784b5c11540d3349,kaggle-environments 1.32.7,a52ba1bfe9df9dc1d504550af46744ef8d474797cdba7af2412dc40a3ebdf3b8,main,c1e3590d02e42d16091c5377e87a3db16496e5a462d558dc2925887f835f9891,main,1849445313,0,109839,109837,1,0,0,DONE,DONE,719,719,1,,4.29
p3066_c001_v51,784b5c11540d3349,kaggle-environments 1.32.7,a52ba1bfe9df9dc1d504550af46744ef8d474797cdba7af2412dc40a3ebdf3b8,main,c1e3590d02e42d16091c5377e87a3db16496e5a462d558dc2925887f835f9891,main,1849445313,1,109839,109837,1,0,0,DONE,DONE,719,719,1,,4.49
p3066_c001_v51,784b5c11540d3349,kaggle-environments 1.32.7,a52ba1bfe9df9dc1d504550af46744ef8d474797cdba7af2412dc40a3ebdf3b8,main,c1e3590d02e42d16091c5377e87a3db16496e5a462d558dc2925887f835f9891,main,1849709954,0,114607,114606,1,0,0,DONE,DONE,719,719,1,,4.16
p3066_c001_v51,784b5c11540d3349,kaggle-environments 1.32.7,a52ba1bfe9df9dc1d504550af46744ef8d474797cdba7af2412dc40a3ebdf3b8,main,c1e3590d02e42d16091c5377e87a3db16496e5a462d558dc2925887f835f9891,main,1849709954,1,114607,114606,1,0,0,DONE,DONE,719,719,1,,4.09
p3066_c001_v51,784b5c11540d3349,kaggle-environments 1.32.7,a52ba1bfe9df9dc1d504550af46744ef8d474797cdba7af2412dc40a3ebdf3b8,main,c1e3590d02e42d16091c5377e87a3db16496e5a462d558dc2925887f835f9891,main,1851325966,0,87639,89951,0,1,0,DONE,DONE,719,719,1,,4.35
p3066_c001_v51,784b5c11540d3349,kaggle-environments 1.32.7,a52ba1bfe9df9dc1d504550af46744ef8d474797cdba7af2412dc40a3ebdf3b8,main,c1e3590d02e42d16091c5377e87a3db16496e5a462d558dc2925887f835f9891,main,1851325966,1,89951,87639,1,0,0,DONE,DONE,719,719,1,,5.07
p3066_c001_v51,784b5c11540d3349,kaggle-environments 1.32.7,a52ba1bfe9df9dc1d504550af46744ef8d474797cdba7af2412dc40a3ebdf3b8,main,c1e3590d02e42d16091c5377e87a3db16496e5a462d558dc2925887f835f9891,main,1853315236,0,134484,134482,1,0,0,DONE,DONE,719,719,1,,4.78
p3066_c001_v51,784b5c11540d3349,kaggle-environments 1.32.7,a52ba1bfe9df9dc1d504550af46744ef8d474797cdba7af2412dc40a3ebdf3b8,main,c1e3590d02e42d16091c5377e87a3db16496e5a462d558dc2925887f835f9891,main,1853315236,1,134484,134482,1,0,0,DONE,DONE,719,719,1,,5.1
p3066_c001_v51,784b5c11540d3349,kaggle-environments 1.32.7,a52ba1bfe9df9dc1d504550af46744ef8d474797cdba7af2412dc40a3ebdf3b8,main,c1e3590d02e42d16091c5377e87a3db16496e5a462d558dc2925887f835f9891,main,1854278487,0,99171,99169,1,0,0,DONE,DONE,719,719,1,,4.65
p3066_c001_v51,784b5c11540d3349,kaggle-environments 1.32.7,a52ba1bfe9df9dc1d504550af46744ef8d474797cdba7af2412dc40a3ebdf3b8,main,c1e3590d02e42d16091c5377e87a3db16496e5a462d558dc2925887f835f9891,main,1854278487,1,99171,99169,1,0,0,DONE,DONE,719,719,1,,4.78
p3066_c001_v51,784b5c11540d3349,kaggle-environments 1.32.7,a52ba1bfe9df9dc1d504550af46744ef8d474797cdba7af2412dc40a3ebdf3b8,main,c1e3590d02e42d16091c5377e87a3db16496e5a462d558dc2925887f835f9891,main,1857730104,0,79334,79334,0,0,1,DONE,DONE,719,719,1,,5.87
p3066_c001_v51,784b5c11540d3349,kaggle-environments 1.32.7,a52ba1bfe9df9dc1d504550af46744ef8d474797cdba7af2412dc40a3ebdf3b8,main,c1e3590d02e42d16091c5377e87a3db16496e5a462d558dc2925887f835f9891,main,1857730104,1,79334,79334,0,0,1,DONE,DONE,719,719,1,,5.48
p3066_c001_v51,784b5c11540d3349,kaggle-environments 1.32.7,a52ba1bfe9df9dc1d504550af46744ef8d474797cdba7af2412dc40a3ebdf3b8,main,c1e3590d02e42d16091c5377e87a3db16496e5a462d558dc2925887f835f9891,main,1859444424,0,86097,86090,1,0,0,DONE,DONE,719,719,1,,5.05
p3066_c001_v51,784b5c11540d3349,kaggle-environments 1.32.7,a52ba1bfe9df9dc1d504550af46744ef8d474797cdba7af2412dc40a3ebdf3b8,main,c1e3590d02e42d16091c5377e87a3db16496e5a462d558dc2925887f835f9891,main,1859444424,1,86097,86090,1,0,0,DONE,DONE,719,719,1,,4.9
p3066_c001_v51,784b5c11540d3349,kaggle-environments 1.32.7,a52ba1bfe9df9dc1d504550af46744ef8d474797cdba7af2412dc40a3ebdf3b8,main,c1e3590d02e42d16091c5377e87a3db16496e5a462d558dc2925887f835f9891,main,1859635584,0,107944,107941,1,0,0,DONE,DONE,719,719,1,,5.04
p3066_c001_v51,784b5c11540d3349,kaggle-environments 1.32.7,a52ba1bfe9df9dc1d504550af46744ef8d474797cdba7af2412dc40a3ebdf3b8,main,c1e3590d02e42d16091c5377e87a3db16496e5a462d558dc2925887f835f9891,main,1859635584,1,107944,107941,1,0,0,DONE,DONE,719,719,1,,4.75
p3066_c001_v51,784b5c11540d3349,kaggle-environments 1.32.7,a52ba1bfe9df9dc1d504550af46744ef8d474797cdba7af2412dc40a3ebdf3b8,main,c1e3590d02e42d16091c5377e87a3db16496e5a462d558dc2925887f835f9891,main,1861318217,0,65441,65424,1,0,0,DONE,DONE,719,719,1,,4.82
p3066_c001_v51,784b5c11540d3349,kaggle-environments 1.32.7,a52ba1bfe9df9dc1d504550af46744ef8d474797cdba7af2412dc40a3ebdf3b8,main,c1e3590d02e42d16091c5377e87a3db16496e5a462d558dc2925887f835f9891,main,1861318217,1,65441,65424,1,0,0,DONE,DONE,719,719,1,,4.66
p3066_c001_v51,784b5c11540d3349,kaggle-environments 1.32.7,a52ba1bfe9df9dc1d504550af46744ef8d474797cdba7af2412dc40a3ebdf3b8,main,c1e3590d02e42d16091c5377e87a3db16496e5a462d558dc2925887f835f9891,main,1862660560,0,94099,94866,0,1,0,DONE,DONE,719,719,1,,4.19
p3066_c001_v51,784b5c11540d3349,kaggle-environments 1.32.7,a52ba1bfe9df9dc1d504550af46744ef8d474797cdba7af2412dc40a3ebdf3b8,main,c1e3590d02e42d16091c5377e87a3db16496e5a462d558dc2925887f835f9891,main,1862660560,1,94885,94080,1,0,0,DONE,DONE,719,719,1,,4.43
p3066_c001_v51,784b5c11540d3349,kaggle-environments 1.32.7,a52ba1bfe9df9dc1d504550af46744ef8d474797cdba7af2412dc40a3ebdf3b8,main,c1e3590d02e42d16091c5377e87a3db16496e5a462d558dc2925887f835f9891,main,1864621736,0,80668,80680,0,1,0,DONE,DONE,719,719,1,,4.34
p3066_c001_v51,784b5c11540d3349,kaggle-environments 1.32.7,a52ba1bfe9df9dc1d504550af46744ef8d474797cdba7af2412dc40a3ebdf3b8,main,c1e3590d02e42d16091c5377e87a3db16496e5a462d558dc2925887f835f9891,main,1864621736,1,80668,80680,0,1,0,DONE,DONE,719,719,1,,4.65
p3066_c001_v51,784b5c11540d3349,kaggle-environments 1.32.7,a52ba1bfe9df9dc1d504550af46744ef8d474797cdba7af2412dc40a3ebdf3b8,main,c1e3590d02e42d16091c5377e87a3db16496e5a462d558dc2925887f835f9891,main,1865060141,0,78490,78489,1,0,0,DONE,DONE,719,719,1,,4.49
p3066_c001_v51,784b5c11540d3349,kaggle-environments 1.32.7,a52ba1bfe9df9dc1d504550af46744ef8d474797cdba7af2412dc40a3ebdf3b8,main,c1e3590d02e42d16091c5377e87a3db16496e5a462d558dc2925887f835f9891,main,1865060141,1,78490,78489,1,0,0,DONE,DONE,719,719,1,,4.22
p3066_c001_v51,784b5c11540d3349,kaggle-environments 1.32.7,a52ba1bfe9df9dc1d504550af46744ef8d474797cdba7af2412dc40a3ebdf3b8,main,c1e3590d02e42d16091c5377e87a3db16496e5a462d558dc2925887f835f9891,main,1872825046,0,109710,109708,1,0,0,DONE,DONE,719,719,1,,4.58
p3066_c001_v51,784b5c11540d3349,kaggle-environments 1.32.7,a52ba1bfe9df9dc1d504550af46744ef8d474797cdba7af2412dc40a3ebdf3b8,main,c1e3590d02e42d16091c5377e87a3db16496e5a462d558dc2925887f835f9891,main,1872825046,1,109710,109708,1,0,0,DONE,DONE,719,719,1,,4.79
p3066_c001_v51,784b5c11540d3349,kaggle-environments 1.32.7,a52ba1bfe9df9dc1d504550af46744ef8d474797cdba7af2412dc40a3ebdf3b8,main,c1e3590d02e42d16091c5377e87a3db16496e5a462d558dc2925887f835f9891,main,1874616600,0,68062,67705,1,0,0,DONE,DONE,719,719,1,,4.21
p3066_c001_v51,784b5c11540d3349,kaggle-environments 1.32.7,a52ba1bfe9df9dc1d504550af46744ef8d474797cdba7af2412dc40a3ebdf3b8,main,c1e3590d02e42d16091c5377e87a3db16496e5a462d558dc2925887f835f9891,main,1874616600,1,67717,68071,0,1,0,DONE,DONE,719,719,1,,4.77
p3066_c001_v51,784b5c11540d3349,kaggle-environments 1.32.7,a52ba1bfe9df9dc1d504550af46744ef8d474797cdba7af2412dc40a3ebdf3b8,main,c1e3590d02e42d16091c5377e87a3db16496e5a462d558dc2925887f835f9891,main,1880953668,0,84820,84757,1,0,0,DONE,DONE,719,719,1,,4.63
p3066_c001_v51,784b5c11540d3349,kaggle-environments 1.32.7,a52ba1bfe9df9dc1d504550af46744ef8d474797cdba7af2412dc40a3ebdf3b8,main,c1e3590d02e42d16091c5377e87a3db16496e5a462d558dc2925887f835f9891,main,1880953668,1,84820,84757,1,0,0,DONE,DONE,719,719,1,,4.41
p3066_c001_v51,784b5c11540d3349,kaggle-environments 1.32.7,a52ba1bfe9df9dc1d504550af46744ef8d474797cdba7af2412dc40a3ebdf3b8,main,c1e3590d02e42d16091c5377e87a3db16496e5a462d558dc2925887f835f9891,main,1882308548,0,97644,97640,1,0,0,DONE,DONE,719,719,1,,4.32
p3066_c001_v51,784b5c11540d3349,kaggle-environments 1.32.7,a52ba1bfe9df9dc1d504550af46744ef8d474797cdba7af2412dc40a3ebdf3b8,main,c1e3590d02e42d16091c5377e87a3db16496e5a462d558dc2925887f835f9891,main,1882308548,1,97644,97640,1,0,0,DONE,DONE,719,719,1,,4.58
p3066_c001_v51,784b5c11540d3349,kaggle-environments 1.32.7,a52ba1bfe9df9dc1d504550af46744ef8d474797cdba7af2412dc40a3ebdf3b8,main,c1e3590d02e42d16091c5377e87a3db16496e5a462d558dc2925887f835f9891,main,1884659231,0,116885,116882,1,0,0,DONE,DONE,719,719,1,,4.9
p3066_c001_v51,784b5c11540d3349,kaggle-environments 1.32.7,a52ba1bfe9df9dc1d504550af46744ef8d474797cdba7af2412dc40a3ebdf3b8,main,c1e3590d02e42d16091c5377e87a3db16496e5a462d558dc2925887f835f9891,main,1884659231,1,116885,116882,1,0,0,DONE,DONE,719,719,1,,4.31
p3066_c001_v51,784b5c11540d3349,kaggle-environments 1.32.7,a52ba1bfe9df9dc1d504550af46744ef8d474797cdba7af2412dc40a3ebdf3b8,main,c1e3590d02e42d16091c5377e87a3db16496e5a462d558dc2925887f835f9891,main,1888124174,0,69403,69406,0,1,0,DONE,DONE,719,719,1,,4.89
p3066_c001_v51,784b5c11540d3349,kaggle-environments 1.32.7,a52ba1bfe9df9dc1d504550af46744ef8d474797cdba7af2412dc40a3ebdf3b8,main,c1e3590d02e42d16091c5377e87a3db16496e5a462d558dc2925887f835f9891,main,1888124174,1,69403,69406,0,1,0,DONE,DONE,719,719,1,,4.91
p3066_c001_v51,784b5c11540d3349,kaggle-environments 1.32.7,a52ba1bfe9df9dc1d504550af46744ef8d474797cdba7af2412dc40a3ebdf3b8,main,c1e3590d02e42d16091c5377e87a3db16496e5a462d558dc2925887f835f9891,main,1889801844,0,99331,99467,0,1,0,DONE,DONE,719,719,1,,4.64
p3066_c001_v51,784b5c11540d3349,kaggle-environments 1.32.7,a52ba1bfe9df9dc1d504550af46744ef8d474797cdba7af2412dc40a3ebdf3b8,main,c1e3590d02e42d16091c5377e87a3db16496e5a462d558dc2925887f835f9891,main,1889801844,1,99469,99329,1,0,0,DONE,DONE,719,719,1,,4.31
p3066_c001_v51,784b5c11540d3349,kaggle-environments 1.32.7,a52ba1bfe9df9dc1d504550af46744ef8d474797cdba7af2412dc40a3ebdf3b8,main,c1e3590d02e42d16091c5377e87a3db16496e5a462d558dc2925887f835f9891,main,1896972902,0,119934,119939,0,1,0,DONE,DONE,719,719,1,,4.86
p3066_c001_v51,784b5c11540d3349,kaggle-environments 1.32.7,a52ba1bfe9df9dc1d504550af46744ef8d474797cdba7af2412dc40a3ebdf3b8,main,c1e3590d02e42d16091c5377e87a3db16496e5a462d558dc2925887f835f9891,main,1896972902,1,119934,119939,0,1,0,DONE,DONE,719,719,1,,4.68
p3066_c001_v51,784b5c11540d3349,kaggle-environments 1.32.7,a52ba1bfe9df9dc1d504550af46744ef8d474797cdba7af2412dc40a3ebdf3b8,main,c1e3590d02e42d16091c5377e87a3db16496e5a462d558dc2925887f835f9891,main,1897795444,0,99363,99207,1,0,0,DONE,DONE,719,719,1,,4.39
p3066_c001_v51,784b5c11540d3349,kaggle-environments 1.32.7,a52ba1bfe9df9dc1d504550af46744ef8d474797cdba7af2412dc40a3ebdf3b8,main,c1e3590d02e42d16091c5377e87a3db16496e5a462d558dc2925887f835f9891,main,1897795444,1,99363,99207,1,0,0,DONE,DONE,719,719,1,,4.52
p3066_c001_v51,784b5c11540d3349,kaggle-environments 1.32.7,a52ba1bfe9df9dc1d504550af46744ef8d474797cdba7af2412dc40a3ebdf3b8,main,c1e3590d02e42d16091c5377e87a3db16496e5a462d558dc2925887f835f9891,main,1900334171,0,102427,102413,1,0,0,DONE,DONE,719,719,1,,4.56
p3066_c001_v51,784b5c11540d3349,kaggle-environments 1.32.7,a52ba1bfe9df9dc1d504550af46744ef8d474797cdba7af2412dc40a3ebdf3b8,main,c1e3590d02e42d16091c5377e87a3db16496e5a462d558dc2925887f835f9891,main,1900334171,1,102427,102413,1,0,0,DONE,DONE,719,719,1,,4.56
p3066_c001_v51,784b5c11540d3349,kaggle-environments 1.32.7,a52ba1bfe9df9dc1d504550af46744ef8d474797cdba7af2412dc40a3ebdf3b8,main,c1e3590d02e42d16091c5377e87a3db16496e5a462d558dc2925887f835f9891,main,1906524593,0,117136,117161,0,1,0,DONE,DONE,719,719,1,,4.56
p3066_c001_v51,784b5c11540d3349,kaggle-environments 1.32.7,a52ba1bfe9df9dc1d504550af46744ef8d474797cdba7af2412dc40a3ebdf3b8,main,c1e3590d02e42d16091c5377e87a3db16496e5a462d558dc2925887f835f9891,main,1906524593,1,117136,117161,0,1,0,DONE,DONE,719,719,1,,4.5
p3066_c001_v51,784b5c11540d3349,kaggle-environments 1.32.7,a52ba1bfe9df9dc1d504550af46744ef8d474797cdba7af2412dc40a3ebdf3b8,main,c1e3590d02e42d16091c5377e87a3db16496e5a462d558dc2925887f835f9891,main,1909501233,0,102824,102824,0,0,1,DONE,DONE,719,719,1,,4.45
p3066_c001_v51,784b5c11540d3349,kaggle-environments 1.32.7,a52ba1bfe9df9dc1d504550af46744ef8d474797cdba7af2412dc40a3ebdf3b8,main,c1e3590d02e42d16091c5377e87a3db16496e5a462d558dc2925887f835f9891,main,1909501233,1,102824,102824,0,0,1,DONE,DONE,719,719,1,,4.28
p3066_c001_v51,784b5c11540d3349,kaggle-environments 1.32.7,a52ba1bfe9df9dc1d504550af46744ef8d474797cdba7af2412dc40a3ebdf3b8,main,c1e3590d02e42d16091c5377e87a3db16496e5a462d558dc2925887f835f9891,main,1909538327,0,110674,110673,1,0,0,DONE,DONE,719,719,1,,4.53
p3066_c001_v51,784b5c11540d3349,kaggle-environments 1.32.7,a52ba1bfe9df9dc1d504550af46744ef8d474797cdba7af2412dc40a3ebdf3b8,main,c1e3590d02e42d16091c5377e87a3db16496e5a462d558dc2925887f835f9891,main,1909538327,1,110674,110673,1,0,0,DONE,DONE,719,719,1,,4.36
p3066_c001_v51,784b5c11540d3349,kaggle-environments 1.32.7,a52ba1bfe9df9dc1d504550af46744ef8d474797cdba7af2412dc40a3ebdf3b8,main,c1e3590d02e42d16091c5377e87a3db16496e5a462d558dc2925887f835f9891,main,1910277844,0,129939,129853,1,0,0,DONE,DONE,719,719,1,,4.27
p3066_c001_v51,784b5c11540d3349,kaggle-environments 1.32.7,a52ba1bfe9df9dc1d504550af46744ef8d474797cdba7af2412dc40a3ebdf3b8,main,c1e3590d02e42d16091c5377e87a3db16496e5a462d558dc2925887f835f9891,main,1910277844,1,129939,129853,1,0,0,DONE,DONE,719,719,1,,4.16
p3066_c001_v51,784b5c11540d3349,kaggle-environments 1.32.7,a52ba1bfe9df9dc1d504550af46744ef8d474797cdba7af2412dc40a3ebdf3b8,main,c1e3590d02e42d16091c5377e87a3db16496e5a462d558dc2925887f835f9891,main,1911654606,0,100601,100230,1,0,0,DONE,DONE,719,719,1,,4.2
p3066_c001_v51,784b5c11540d3349,kaggle-environments 1.32.7,a52ba1bfe9df9dc1d504550af46744ef8d474797cdba7af2412dc40a3ebdf3b8,main,c1e3590d02e42d16091c5377e87a3db16496e5a462d558dc2925887f835f9891,main,1911654606,1,100601,100230,1,0,0,DONE,DONE,719,719,1,,4.3
p3066_c001_v51,784b5c11540d3349,kaggle-environments 1.32.7,a52ba1bfe9df9dc1d504550af46744ef8d474797cdba7af2412dc40a3ebdf3b8,main,c1e3590d02e42d16091c5377e87a3db16496e5a462d558dc2925887f835f9891,main,1915355132,0,81268,81259,1,0,0,DONE,DONE,719,719,1,,4.18
p3066_c001_v51,784b5c11540d3349,kaggle-environments 1.32.7,a52ba1bfe9df9dc1d504550af46744ef8d474797cdba7af2412dc40a3ebdf3b8,main,c1e3590d02e42d16091c5377e87a3db16496e5a462d558dc2925887f835f9891,main,1915355132,1,81268,81259,1,0,0,DONE,DONE,719,719,1,,4.43
p3066_c001_v51,784b5c11540d3349,kaggle-environments 1.32.7,a52ba1bfe9df9dc1d504550af46744ef8d474797cdba7af2412dc40a3ebdf3b8,main,c1e3590d02e42d16091c5377e87a3db16496e5a462d558dc2925887f835f9891,main,1918250050,0,129607,129605,1,0,0,DONE,DONE,719,719,1,,4.19
p3066_c001_v51,784b5c11540d3349,kaggle-environments 1.32.7,a52ba1bfe9df9dc1d504550af46744ef8d474797cdba7af2412dc40a3ebdf3b8,main,c1e3590d02e42d16091c5377e87a3db16496e5a462d558dc2925887f835f9891,main,1918250050,1,129607,129605,1,0,0,DONE,DONE,719,719,1,,4.23
p3066_c001_v51,784b5c11540d3349,kaggle-environments 1.32.7,a52ba1bfe9df9dc1d504550af46744ef8d474797cdba7af2412dc40a3ebdf3b8,main,c1e3590d02e42d16091c5377e87a3db16496e5a462d558dc2925887f835f9891,main,1918325611,0,80509,80383,1,0,0,DONE,DONE,719,719,1,,4.25
p3066_c001_v51,784b5c11540d3349,kaggle-environments 1.32.7,a52ba1bfe9df9dc1d504550af46744ef8d474797cdba7af2412dc40a3ebdf3b8,main,c1e3590d02e42d16091c5377e87a3db16496e5a462d558dc2925887f835f9891,main,1918325611,1,80509,80383,1,0,0,DONE,DONE,719,719,1,,4.32
p3066_c001_v51,784b5c11540d3349,kaggle-environments 1.32.7,a52ba1bfe9df9dc1d504550af46744ef8d474797cdba7af2412dc40a3ebdf3b8,main,c1e3590d02e42d16091c5377e87a3db16496e5a462d558dc2925887f835f9891,main,1918986478,0,122855,122851,1,0,0,DONE,DONE,719,719,1,,4.67
p3066_c001_v51,784b5c11540d3349,kaggle-environments 1.32.7,a52ba1bfe9df9dc1d504550af46744ef8d474797cdba7af2412dc40a3ebdf3b8,main,c1e3590d02e42d16091c5377e87a3db16496e5a462d558dc2925887f835f9891,main,1918986478,1,122855,122851,1,0,0,DONE,DONE,719,719,1,,4.55
p3066_c001_v51,784b5c11540d3349,kaggle-environments 1.32.7,a52ba1bfe9df9dc1d504550af46744ef8d474797cdba7af2412dc40a3ebdf3b8,main,c1e3590d02e42d16091c5377e87a3db16496e5a462d558dc2925887f835f9891,main,1920848494,0,147115,147114,1,0,0,DONE,DONE,719,719,1,,4.33
p3066_c001_v51,784b5c11540d3349,kaggle-environments 1.32.7,a52ba1bfe9df9dc1d504550af46744ef8d474797cdba7af2412dc40a3ebdf3b8,main,c1e3590d02e42d16091c5377e87a3db16496e5a462d558dc2925887f835f9891,main,1920848494,1,147115,147114,1,0,0,DONE,DONE,719,719,1,,4.67
p3066_c001_v51,784b5c11540d3349,kaggle-environments 1.32.7,a52ba1bfe9df9dc1d504550af46744ef8d474797cdba7af2412dc40a3ebdf3b8,main,c1e3590d02e42d16091c5377e87a3db16496e5a462d558dc2925887f835f9891,main,1923200841,0,98857,98799,1,0,0,DONE,DONE,719,719,1,,4.33
p3066_c001_v51,784b5c11540d3349,kaggle-environments 1.32.7,a52ba1bfe9df9dc1d504550af46744ef8d474797cdba7af2412dc40a3ebdf3b8,main,c1e3590d02e42d16091c5377e87a3db16496e5a462d558dc2925887f835f9891,main,1923200841,1,98857,98799,1,0,0,DONE,DONE,719,719,1,,4.62
p3066_c001_v51,784b5c11540d3349,kaggle-environments 1.32.7,a52ba1bfe9df9dc1d504550af46744ef8d474797cdba7af2412dc40a3ebdf3b8,main,c1e3590d02e42d16091c5377e87a3db16496e5a462d558dc2925887f835f9891,main,1923716506,0,129298,129200,1,0,0,DONE,DONE,719,719,1,,4.53
p3066_c001_v51,784b5c11540d3349,kaggle-environments 1.32.7,a52ba1bfe9df9dc1d504550af46744ef8d474797cdba7af2412dc40a3ebdf3b8,main,c1e3590d02e42d16091c5377e87a3db16496e5a462d558dc2925887f835f9891,main,1923716506,1,129298,129200,1,0,0,DONE,DONE,719,719,1,,4.51
p3066_c001_v51,784b5c11540d3349,kaggle-environments 1.32.7,a52ba1bfe9df9dc1d504550af46744ef8d474797cdba7af2412dc40a3ebdf3b8,main,c1e3590d02e42d16091c5377e87a3db16496e5a462d558dc2925887f835f9891,main,1924001671,0,87942,88066,0,1,0,DONE,DONE,719,719,1,,4.24
p3066_c001_v51,784b5c11540d3349,kaggle-environments 1.32.7,a52ba1bfe9df9dc1d504550af46744ef8d474797cdba7af2412dc40a3ebdf3b8,main,c1e3590d02e42d16091c5377e87a3db16496e5a462d558dc2925887f835f9891,main,1924001671,1,87942,88066,0,1,0,DONE,DONE,719,719,1,,4.22
p3066_c001_v51,784b5c11540d3349,kaggle-environments 1.32.7,a52ba1bfe9df9dc1d504550af46744ef8d474797cdba7af2412dc40a3ebdf3b8,main,c1e3590d02e42d16091c5377e87a3db16496e5a462d558dc2925887f835f9891,main,1924080008,0,128934,128934,0,0,1,DONE,DONE,719,719,1,,4.48
p3066_c001_v51,784b5c11540d3349,kaggle-environments 1.32.7,a52ba1bfe9df9dc1d504550af46744ef8d474797cdba7af2412dc40a3ebdf3b8,main,c1e3590d02e42d16091c5377e87a3db16496e5a462d558dc2925887f835f9891,main,1924080008,1,128934,128934,0,0,1,DONE,DONE,719,719,1,,4.1
p3066_c001_v51,784b5c11540d3349,kaggle-environments 1.32.7,a52ba1bfe9df9dc1d504550af46744ef8d474797cdba7af2412dc40a3ebdf3b8,main,c1e3590d02e42d16091c5377e87a3db16496e5a462d558dc2925887f835f9891,main,1928333135,0,81998,81603,1,0,0,DONE,DONE,719,719,1,,4.17
p3066_c001_v51,784b5c11540d3349,kaggle-environments 1.32.7,a52ba1bfe9df9dc1d504550af46744ef8d474797cdba7af2412dc40a3ebdf3b8,main,c1e3590d02e42d16091c5377e87a3db16496e5a462d558dc2925887f835f9891,main,1928333135,1,81998,81603,1,0,0,DONE,DONE,719,719,1,,4.76
p3066_c001_v51,784b5c11540d3349,kaggle-environments 1.32.7,a52ba1bfe9df9dc1d504550af46744ef8d474797cdba7af2412dc40a3ebdf3b8,main,c1e3590d02e42d16091c5377e87a3db16496e5a462d558dc2925887f835f9891,main,1934606441,0,75438,75369,1,0,0,DONE,DONE,719,719,1,,4.55
p3066_c001_v51,784b5c11540d3349,kaggle-environments 1.32.7,a52ba1bfe9df9dc1d504550af46744ef8d474797cdba7af2412dc40a3ebdf3b8,main,c1e3590d02e42d16091c5377e87a3db16496e5a462d558dc2925887f835f9891,main,1934606441,1,75438,75369,1,0,0,DONE,DONE,719,719,1,,4.51
p3066_c001_v51,784b5c11540d3349,kaggle-environments 1.32.7,a52ba1bfe9df9dc1d504550af46744ef8d474797cdba7af2412dc40a3ebdf3b8,main,c1e3590d02e42d16091c5377e87a3db16496e5a462d558dc2925887f835f9891,main,1935601319,0,111513,111356,1,0,0,DONE,DONE,719,719,1,,4.31
p3066_c001_v51,784b5c11540d3349,kaggle-environments 1.32.7,a52ba1bfe9df9dc1d504550af46744ef8d474797cdba7af2412dc40a3ebdf3b8,main,c1e3590d02e42d16091c5377e87a3db16496e5a462d558dc2925887f835f9891,main,1935601319,1,111513,111356,1,0,0,DONE,DONE,719,719,1,,4.33
p3066_c001_v51,784b5c11540d3349,kaggle-environments 1.32.7,a52ba1bfe9df9dc1d504550af46744ef8d474797cdba7af2412dc40a3ebdf3b8,main,c1e3590d02e42d16091c5377e87a3db16496e5a462d558dc2925887f835f9891,main,1937681946,0,143781,143710,1,0,0,DONE,DONE,719,719,1,,4.67
p3066_c001_v51,784b5c11540d3349,kaggle-environments 1.32.7,a52ba1bfe9df9dc1d504550af46744ef8d474797cdba7af2412dc40a3ebdf3b8,main,c1e3590d02e42d16091c5377e87a3db16496e5a462d558dc2925887f835f9891,main,1937681946,1,143781,143710,1,0,0,DONE,DONE,719,719,1,,4.87
p3066_c001_v51,784b5c11540d3349,kaggle-environments 1.32.7,a52ba1bfe9df9dc1d504550af46744ef8d474797cdba7af2412dc40a3ebdf3b8,main,c1e3590d02e42d16091c5377e87a3db16496e5a462d558dc2925887f835f9891,main,1939529006,0,96377,96377,0,0,1,DONE,DONE,719,719,1,,5.02
p3066_c001_v51,784b5c11540d3349,kaggle-environments 1.32.7,a52ba1bfe9df9dc1d504550af46744ef8d474797cdba7af2412dc40a3ebdf3b8,main,c1e3590d02e42d16091c5377e87a3db16496e5a462d558dc2925887f835f9891,main,1939529006,1,96377,96377,0,0,1,DONE,DONE,719,719,1,,4.79
p3066_c001_v51,784b5c11540d3349,kaggle-environments 1.32.7,a52ba1bfe9df9dc1d504550af46744ef8d474797cdba7af2412dc40a3ebdf3b8,main,c1e3590d02e42d16091c5377e87a3db16496e5a462d558dc2925887f835f9891,main,1940251935,0,76050,76045,1,0,0,DONE,DONE,719,719,1,,4.47
p3066_c001_v51,784b5c11540d3349,kaggle-environments 1.32.7,a52ba1bfe9df9dc1d504550af46744ef8d474797cdba7af2412dc40a3ebdf3b8,main,c1e3590d02e42d16091c5377e87a3db16496e5a462d558dc2925887f835f9891,main,1940251935,1,76050,76045,1,0,0,DONE,DONE,719,719,1,,4.16
p3066_c001_v51,784b5c11540d3349,kaggle-environments 1.32.7,a52ba1bfe9df9dc1d504550af46744ef8d474797cdba7af2412dc40a3ebdf3b8,main,c1e3590d02e42d16091c5377e87a3db16496e5a462d558dc2925887f835f9891,main,1941943788,0,69096,69024,1,0,0,DONE,DONE,719,719,1,,4.44
p3066_c001_v51,784b5c11540d3349,kaggle-environments 1.32.7,a52ba1bfe9df9dc1d504550af46744ef8d474797cdba7af2412dc40a3ebdf3b8,main,c1e3590d02e42d16091c5377e87a3db16496e5a462d558dc2925887f835f9891,main,1941943788,1,69096,69024,1,0,0,DONE,DONE,719,719,1,,4.23
p3066_c001_v51,784b5c11540d3349,kaggle-environments 1.32.7,a52ba1bfe9df9dc1d504550af46744ef8d474797cdba7af2412dc40a3ebdf3b8,main,c1e3590d02e42d16091c5377e87a3db16496e5a462d558dc2925887f835f9891,main,1942131171,0,76695,76672,1,0,0,DONE,DONE,719,719,1,,4.36
p3066_c001_v51,784b5c11540d3349,kaggle-environments 1.32.7,a52ba1bfe9df9dc1d504550af46744ef8d474797cdba7af2412dc40a3ebdf3b8,main,c1e3590d02e42d16091c5377e87a3db16496e5a462d558dc2925887f835f9891,main,1942131171,1,76695,76672,1,0,0,DONE,DONE,719,719,1,,4.31
p3066_c001_v51,784b5c11540d3349,kaggle-environments 1.32.7,a52ba1bfe9df9dc1d504550af46744ef8d474797cdba7af2412dc40a3ebdf3b8,main,c1e3590d02e42d16091c5377e87a3db16496e5a462d558dc2925887f835f9891,main,1942962811,0,80651,80583,1,0,0,DONE,DONE,719,719,1,,4.27
p3066_c001_v51,784b5c11540d3349,kaggle-environments 1.32.7,a52ba1bfe9df9dc1d504550af46744ef8d474797cdba7af2412dc40a3ebdf3b8,main,c1e3590d02e42d16091c5377e87a3db16496e5a462d558dc2925887f835f9891,main,1942962811,1,80651,80583,1,0,0,DONE,DONE,719,719,1,,4.19
p3066_c001_v51,784b5c11540d3349,kaggle-environments 1.32.7,a52ba1bfe9df9dc1d504550af46744ef8d474797cdba7af2412dc40a3ebdf3b8,main,c1e3590d02e42d16091c5377e87a3db16496e5a462d558dc2925887f835f9891,main,1944037458,0,115780,115775,1,0,0,DONE,DONE,719,719,1,,4.72
p3066_c001_v51,784b5c11540d3349,kaggle-environments 1.32.7,a52ba1bfe9df9dc1d504550af46744ef8d474797cdba7af2412dc40a3ebdf3b8,main,c1e3590d02e42d16091c5377e87a3db16496e5a462d558dc2925887f835f9891,main,1944037458,1,115780,115775,1,0,0,DONE,DONE,719,719,1,,4.52
p3066_c001_v51,784b5c11540d3349,kaggle-environments 1.32.7,a52ba1bfe9df9dc1d504550af46744ef8d474797cdba7af2412dc40a3ebdf3b8,main,c1e3590d02e42d16091c5377e87a3db16496e5a462d558dc2925887f835f9891,main,1944981006,0,75273,75260,1,0,0,DONE,DONE,719,719,1,,4.73
p3066_c001_v51,784b5c11540d3349,kaggle-environments 1.32.7,a52ba1bfe9df9dc1d504550af46744ef8d474797cdba7af2412dc40a3ebdf3b8,main,c1e3590d02e42d16091c5377e87a3db16496e5a462d558dc2925887f835f9891,main,1944981006,1,75273,75260,1,0,0,DONE,DONE,719,719,1,,4.44
p3066_c001_v51,784b5c11540d3349,kaggle-environments 1.32.7,a52ba1bfe9df9dc1d504550af46744ef8d474797cdba7af2412dc40a3ebdf3b8,main,c1e3590d02e42d16091c5377e87a3db16496e5a462d558dc2925887f835f9891,main,1945596006,0,66805,66793,1,0,0,DONE,DONE,719,719,1,,4.22
p3066_c001_v51,784b5c11540d3349,kaggle-environments 1.32.7,a52ba1bfe9df9dc1d504550af46744ef8d474797cdba7af2412dc40a3ebdf3b8,main,c1e3590d02e42d16091c5377e87a3db16496e5a462d558dc2925887f835f9891,main,1945596006,1,66805,66793,1,0,0,DONE,DONE,719,719,1,,4.34
p3066_c001_v51,784b5c11540d3349,kaggle-environments 1.32.7,a52ba1bfe9df9dc1d504550af46744ef8d474797cdba7af2412dc40a3ebdf3b8,main,c1e3590d02e42d16091c5377e87a3db16496e5a462d558dc2925887f835f9891,main,1946555584,0,81442,81433,1,0,0,DONE,DONE,719,719,1,,4.49
p3066_c001_v51,784b5c11540d3349,kaggle-environments 1.32.7,a52ba1bfe9df9dc1d504550af46744ef8d474797cdba7af2412dc40a3ebdf3b8,main,c1e3590d02e42d16091c5377e87a3db16496e5a462d558dc2925887f835f9891,main,1946555584,1,81442,81433,1,0,0,DONE,DONE,719,719,1,,4.11
p3066_c001_v51,784b5c11540d3349,kaggle-environments 1.32.7,a52ba1bfe9df9dc1d504550af46744ef8d474797cdba7af2412dc40a3ebdf3b8,main,c1e3590d02e42d16091c5377e87a3db16496e5a462d558dc2925887f835f9891,main,1948579491,0,112257,112257,0,0,1,DONE,DONE,719,719,1,,4.52
p3066_c001_v51,784b5c11540d3349,kaggle-environments 1.32.7,a52ba1bfe9df9dc1d504550af46744ef8d474797cdba7af2412dc40a3ebdf3b8,main,c1e3590d02e42d16091c5377e87a3db16496e5a462d558dc2925887f835f9891,main,1948579491,1,112257,112257,0,0,1,DONE,DONE,719,719,1,,4.72
p3066_c001_v51,784b5c11540d3349,kaggle-environments 1.32.7,a52ba1bfe9df9dc1d504550af46744ef8d474797cdba7af2412dc40a3ebdf3b8,main,c1e3590d02e42d16091c5377e87a3db16496e5a462d558dc2925887f835f9891,main,1949985298,0,119455,119369,1,0,0,DONE,DONE,719,719,1,,4.17
p3066_c001_v51,784b5c11540d3349,kaggle-environments 1.32.7,a52ba1bfe9df9dc1d504550af46744ef8d474797cdba7af2412dc40a3ebdf3b8,main,c1e3590d02e42d16091c5377e87a3db16496e5a462d558dc2925887f835f9891,main,1949985298,1,119455,119369,1,0,0,DONE,DONE,719,719,1,,4.59
p3066_c001_v51,784b5c11540d3349,kaggle-environments 1.32.7,a52ba1bfe9df9dc1d504550af46744ef8d474797cdba7af2412dc40a3ebdf3b8,main,c1e3590d02e42d16091c5377e87a3db16496e5a462d558dc2925887f835f9891,main,1950419587,0,100498,100498,0,0,1,DONE,DONE,719,719,1,,4.4
p3066_c001_v51,784b5c11540d3349,kaggle-environments 1.32.7,a52ba1bfe9df9dc1d504550af46744ef8d474797cdba7af2412dc40a3ebdf3b8,main,c1e3590d02e42d16091c5377e87a3db16496e5a462d558dc2925887f835f9891,main,1950419587,1,100498,100498,0,0,1,DONE,DONE,719,719,1,,4.16
p3066_c001_v51,784b5c11540d3349,kaggle-environments 1.32.7,a52ba1bfe9df9dc1d504550af46744ef8d474797cdba7af2412dc40a3ebdf3b8,main,c1e3590d02e42d16091c5377e87a3db16496e5a462d558dc2925887f835f9891,main,1954164361,0,96669,96508,1,0,0,DONE,DONE,719,719,1,,4.19
p3066_c001_v51,784b5c11540d3349,kaggle-environments 1.32.7,a52ba1bfe9df9dc1d504550af46744ef8d474797cdba7af2412dc40a3ebdf3b8,main,c1e3590d02e42d16091c5377e87a3db16496e5a462d558dc2925887f835f9891,main,1954164361,1,96669,96508,1,0,0,DONE,DONE,719,719,1,,4.55
p3066_c001_v51,784b5c11540d3349,kaggle-environments 1.32.7,a52ba1bfe9df9dc1d504550af46744ef8d474797cdba7af2412dc40a3ebdf3b8,main,c1e3590d02e42d16091c5377e87a3db16496e5a462d558dc2925887f835f9891,main,1955411943,0,87808,87808,0,0,1,DONE,DONE,719,719,1,,4.48
p3066_c001_v51,784b5c11540d3349,kaggle-environments 1.32.7,a52ba1bfe9df9dc1d504550af46744ef8d474797cdba7af2412dc40a3ebdf3b8,main,c1e3590d02e42d16091c5377e87a3db16496e5a462d558dc2925887f835f9891,main,1955411943,1,87808,87808,0,0,1,DONE,DONE,719,719,1,,4.16
p3066_c001_v51,784b5c11540d3349,kaggle-environments 1.32.7,a52ba1bfe9df9dc1d504550af46744ef8d474797cdba7af2412dc40a3ebdf3b8,main,c1e3590d02e42d16091c5377e87a3db16496e5a462d558dc2925887f835f9891,main,1958632470,0,80233,80233,0,0,1,DONE,DONE,719,719,1,,4.54
p3066_c001_v51,784b5c11540d3349,kaggle-environments 1.32.7,a52ba1bfe9df9dc1d504550af46744ef8d474797cdba7af2412dc40a3ebdf3b8,main,c1e3590d02e42d16091c5377e87a3db16496e5a462d558dc2925887f835f9891,main,1958632470,1,80233,80233,0,0,1,DONE,DONE,719,719,1,,4.21
p3066_c001_v51,784b5c11540d3349,kaggle-environments 1.32.7,a52ba1bfe9df9dc1d504550af46744ef8d474797cdba7af2412dc40a3ebdf3b8,main,c1e3590d02e42d16091c5377e87a3db16496e5a462d558dc2925887f835f9891,main,1962918975,0,117005,117000,1,0,0,DONE,DONE,719,719,1,,4.73
p3066_c001_v51,784b5c11540d3349,kaggle-environments 1.32.7,a52ba1bfe9df9dc1d504550af46744ef8d474797cdba7af2412dc40a3ebdf3b8,main,c1e3590d02e42d16091c5377e87a3db16496e5a462d558dc2925887f835f9891,main,1962918975,1,117005,117000,1,0,0,DONE,DONE,719,719,1,,4.41
p3066_c001_v51,784b5c11540d3349,kaggle-environments 1.32.7,a52ba1bfe9df9dc1d504550af46744ef8d474797cdba7af2412dc40a3ebdf3b8,main,c1e3590d02e42d16091c5377e87a3db16496e5a462d558dc2925887f835f9891,main,1967155822,0,104196,103809,1,0,0,DONE,DONE,719,719,1,,4.5
p3066_c001_v51,784b5c11540d3349,kaggle-environments 1.32.7,a52ba1bfe9df9dc1d504550af46744ef8d474797cdba7af2412dc40a3ebdf3b8,main,c1e3590d02e42d16091c5377e87a3db16496e5a462d558dc2925887f835f9891,main,1967155822,1,104196,103809,1,0,0,DONE,DONE,719,719,1,,4.21
p3066_c001_v51,784b5c11540d3349,kaggle-environments 1.32.7,a52ba1bfe9df9dc1d504550af46744ef8d474797cdba7af2412dc40a3ebdf3b8,main,c1e3590d02e42d16091c5377e87a3db16496e5a462d558dc2925887f835f9891,main,1967383473,0,72800,72795,1,0,0,DONE,DONE,719,719,1,,4.15
p3066_c001_v51,784b5c11540d3349,kaggle-environments 1.32.7,a52ba1bfe9df9dc1d504550af46744ef8d474797cdba7af2412dc40a3ebdf3b8,main,c1e3590d02e42d16091c5377e87a3db16496e5a462d558dc2925887f835f9891,main,1967383473,1,72800,72795,1,0,0,DONE,DONE,719,719,1,,4.25
p3066_c001_v51,784b5c11540d3349,kaggle-environments 1.32.7,a52ba1bfe9df9dc1d504550af46744ef8d474797cdba7af2412dc40a3ebdf3b8,main,c1e3590d02e42d16091c5377e87a3db16496e5a462d558dc2925887f835f9891,main,1968456369,0,85665,85676,0,1,0,DONE,DONE,719,719,1,,4.4
p3066_c001_v51,784b5c11540d3349,kaggle-environments 1.32.7,a52ba1bfe9df9dc1d504550af46744ef8d474797cdba7af2412dc40a3ebdf3b8,main,c1e3590d02e42d16091c5377e87a3db16496e5a462d558dc2925887f835f9891,main,1968456369,1,85665,85676,0,1,0,DONE,DONE,719,719,1,,4.42
p3066_c001_v51,784b5c11540d3349,kaggle-environments 1.32.7,a52ba1bfe9df9dc1d504550af46744ef8d474797cdba7af2412dc40a3ebdf3b8,main,c1e3590d02e42d16091c5377e87a3db16496e5a462d558dc2925887f835f9891,main,1968747490,0,100420,100430,0,1,0,DONE,DONE,719,719,1,,4.2
p3066_c001_v51,784b5c11540d3349,kaggle-environments 1.32.7,a52ba1bfe9df9dc1d504550af46744ef8d474797cdba7af2412dc40a3ebdf3b8,main,c1e3590d02e42d16091c5377e87a3db16496e5a462d558dc2925887f835f9891,main,1968747490,1,100420,100430,0,1,0,DONE,DONE,719,719,1,,4.51
p3066_c001_v51,784b5c11540d3349,kaggle-environments 1.32.7,a52ba1bfe9df9dc1d504550af46744ef8d474797cdba7af2412dc40a3ebdf3b8,main,c1e3590d02e42d16091c5377e87a3db16496e5a462d558dc2925887f835f9891,main,1969266225,0,116957,116950,1,0,0,DONE,DONE,719,719,1,,4.27
p3066_c001_v51,784b5c11540d3349,kaggle-environments 1.32.7,a52ba1bfe9df9dc1d504550af46744ef8d474797cdba7af2412dc40a3ebdf3b8,main,c1e3590d02e42d16091c5377e87a3db16496e5a462d558dc2925887f835f9891,main,1969266225,1,116957,116950,1,0,0,DONE,DONE,719,719,1,,4.28
p3066_c001_v51,784b5c11540d3349,kaggle-environments 1.32.7,a52ba1bfe9df9dc1d504550af46744ef8d474797cdba7af2412dc40a3ebdf3b8,main,c1e3590d02e42d16091c5377e87a3db16496e5a462d558dc2925887f835f9891,main,1973698364,0,93753,93711,1,0,0,DONE,DONE,719,719,1,,4.52
p3066_c001_v51,784b5c11540d3349,kaggle-environments 1.32.7,a52ba1bfe9df9dc1d504550af46744ef8d474797cdba7af2412dc40a3ebdf3b8,main,c1e3590d02e42d16091c5377e87a3db16496e5a462d558dc2925887f835f9891,main,1973698364,1,93753,93711,1,0,0,DONE,DONE,719,719,1,,4.44
p3066_c001_v51,784b5c11540d3349,kaggle-environments 1.32.7,a52ba1bfe9df9dc1d504550af46744ef8d474797cdba7af2412dc40a3ebdf3b8,main,c1e3590d02e42d16091c5377e87a3db16496e5a462d558dc2925887f835f9891,main,1974766388,0,77418,77496,0,1,0,DONE,DONE,719,719,1,,4.38
p3066_c001_v51,784b5c11540d3349,kaggle-environments 1.32.7,a52ba1bfe9df9dc1d504550af46744ef8d474797cdba7af2412dc40a3ebdf3b8,main,c1e3590d02e42d16091c5377e87a3db16496e5a462d558dc2925887f835f9891,main,1974766388,1,77496,77418,1,0,0,DONE,DONE,719,719,1,,4.5
p3066_c001_v51,784b5c11540d3349,kaggle-environments 1.32.7,a52ba1bfe9df9dc1d504550af46744ef8d474797cdba7af2412dc40a3ebdf3b8,main,c1e3590d02e42d16091c5377e87a3db16496e5a462d558dc2925887f835f9891,main,1978728992,0,105748,105669,1,0,0,DONE,DONE,719,719,1,,4.67
p3066_c001_v51,784b5c11540d3349,kaggle-environments 1.32.7,a52ba1bfe9df9dc1d504550af46744ef8d474797cdba7af2412dc40a3ebdf3b8,main,c1e3590d02e42d16091c5377e87a3db16496e5a462d558dc2925887f835f9891,main,1978728992,1,105748,105669,1,0,0,DONE,DONE,719,719,1,,4.51
p3066_c001_v51,784b5c11540d3349,kaggle-environments 1.32.7,a52ba1bfe9df9dc1d504550af46744ef8d474797cdba7af2412dc40a3ebdf3b8,main,c1e3590d02e42d16091c5377e87a3db16496e5a462d558dc2925887f835f9891,main,1979387390,0,97153,97152,1,0,0,DONE,DONE,719,719,1,,4.3
p3066_c001_v51,784b5c11540d3349,kaggle-environments 1.32.7,a52ba1bfe9df9dc1d504550af46744ef8d474797cdba7af2412dc40a3ebdf3b8,main,c1e3590d02e42d16091c5377e87a3db16496e5a462d558dc2925887f835f9891,main,1979387390,1,97153,97152,1,0,0,DONE,DONE,719,719,1,,4.41
p3066_c001_v51,784b5c11540d3349,kaggle-environments 1.32.7,a52ba1bfe9df9dc1d504550af46744ef8d474797cdba7af2412dc40a3ebdf3b8,main,c1e3590d02e42d16091c5377e87a3db16496e5a462d558dc2925887f835f9891,main,1980437913,0,117220,117219,1,0,0,DONE,DONE,719,719,1,,4.59
p3066_c001_v51,784b5c11540d3349,kaggle-environments 1.32.7,a52ba1bfe9df9dc1d504550af46744ef8d474797cdba7af2412dc40a3ebdf3b8,main,c1e3590d02e42d16091c5377e87a3db16496e5a462d558dc2925887f835f9891,main,1980437913,1,117220,117219,1,0,0,DONE,DONE,719,719,1,,4.23
p3066_c001_v51,784b5c11540d3349,kaggle-environments 1.32.7,a52ba1bfe9df9dc1d504550af46744ef8d474797cdba7af2412dc40a3ebdf3b8,main,c1e3590d02e42d16091c5377e87a3db16496e5a462d558dc2925887f835f9891,main,1980993103,0,67871,66696,1,0,0,DONE,DONE,719,719,1,,4.2
p3066_c001_v51,784b5c11540d3349,kaggle-environments 1.32.7,a52ba1bfe9df9dc1d504550af46744ef8d474797cdba7af2412dc40a3ebdf3b8,main,c1e3590d02e42d16091c5377e87a3db16496e5a462d558dc2925887f835f9891,main,1980993103,1,66993,67723,0,1,0,DONE,DONE,719,719,1,,4.32
p3066_c001_v51,784b5c11540d3349,kaggle-environments 1.32.7,a52ba1bfe9df9dc1d504550af46744ef8d474797cdba7af2412dc40a3ebdf3b8,main,c1e3590d02e42d16091c5377e87a3db16496e5a462d558dc2925887f835f9891,main,1983689840,0,73630,73764,0,1,0,DONE,DONE,719,719,1,,5.05
p3066_c001_v51,784b5c11540d3349,kaggle-environments 1.32.7,a52ba1bfe9df9dc1d504550af46744ef8d474797cdba7af2412dc40a3ebdf3b8,main,c1e3590d02e42d16091c5377e87a3db16496e5a462d558dc2925887f835f9891,main,1983689840,1,73766,73628,1,0,0,DONE,DONE,719,719,1,,4.38
p3066_c001_v51,784b5c11540d3349,kaggle-environments 1.32.7,a52ba1bfe9df9dc1d504550af46744ef8d474797cdba7af2412dc40a3ebdf3b8,main,c1e3590d02e42d16091c5377e87a3db16496e5a462d558dc2925887f835f9891,main,1988539648,0,131245,131178,1,0,0,DONE,DONE,719,719,1,,4.89
p3066_c001_v51,784b5c11540d3349,kaggle-environments 1.32.7,a52ba1bfe9df9dc1d504550af46744ef8d474797cdba7af2412dc40a3ebdf3b8,main,c1e3590d02e42d16091c5377e87a3db16496e5a462d558dc2925887f835f9891,main,1988539648,1,131245,131178,1,0,0,DONE,DONE,719,719,1,,4.8
p3066_c001_v51,784b5c11540d3349,kaggle-environments 1.32.7,a52ba1bfe9df9dc1d504550af46744ef8d474797cdba7af2412dc40a3ebdf3b8,main,c1e3590d02e42d16091c5377e87a3db16496e5a462d558dc2925887f835f9891,main,1989558819,0,139401,139349,1,0,0,DONE,DONE,719,719,1,,4.79
p3066_c001_v51,784b5c11540d3349,kaggle-environments 1.32.7,a52ba1bfe9df9dc1d504550af46744ef8d474797cdba7af2412dc40a3ebdf3b8,main,c1e3590d02e42d16091c5377e87a3db16496e5a462d558dc2925887f835f9891,main,1989558819,1,139401,139349,1,0,0,DONE,DONE,719,719,1,,4.28
p3066_c001_v51,784b5c11540d3349,kaggle-environments 1.32.7,a52ba1bfe9df9dc1d504550af46744ef8d474797cdba7af2412dc40a3ebdf3b8,main,c1e3590d02e42d16091c5377e87a3db16496e5a462d558dc2925887f835f9891,main,1990720536,0,113703,113694,1,0,0,DONE,DONE,719,719,1,,4.31
p3066_c001_v51,784b5c11540d3349,kaggle-environments 1.32.7,a52ba1bfe9df9dc1d504550af46744ef8d474797cdba7af2412dc40a3ebdf3b8,main,c1e3590d02e42d16091c5377e87a3db16496e5a462d558dc2925887f835f9891,main,1990720536,1,113703,113694,1,0,0,DONE,DONE,719,719,1,,4.31
p3066_c001_v51,784b5c11540d3349,kaggle-environments 1.32.7,a52ba1bfe9df9dc1d504550af46744ef8d474797cdba7af2412dc40a3ebdf3b8,main,c1e3590d02e42d16091c5377e87a3db16496e5a462d558dc2925887f835f9891,main,1991596290,0,91488,91411,1,0,0,DONE,DONE,719,719,1,,4.42
p3066_c001_v51,784b5c11540d3349,kaggle-environments 1.32.7,a52ba1bfe9df9dc1d504550af46744ef8d474797cdba7af2412dc40a3ebdf3b8,main,c1e3590d02e42d16091c5377e87a3db16496e5a462d558dc2925887f835f9891,main,1991596290,1,91488,91411,1,0,0,DONE,DONE,719,719,1,,4.38
p3066_c001_v51,784b5c11540d3349,kaggle-environments 1.32.7,a52ba1bfe9df9dc1d504550af46744ef8d474797cdba7af2412dc40a3ebdf3b8,main,c1e3590d02e42d16091c5377e87a3db16496e5a462d558dc2925887f835f9891,main,1996616432,0,130926,130906,1,0,0,DONE,DONE,719,719,1,,4.44
p3066_c001_v51,784b5c11540d3349,kaggle-environments 1.32.7,a52ba1bfe9df9dc1d504550af46744ef8d474797cdba7af2412dc40a3ebdf3b8,main,c1e3590d02e42d16091c5377e87a3db16496e5a462d558dc2925887f835f9891,main,1996616432,1,130926,130906,1,0,0,DONE,DONE,719,719,1,,4.15
p3066_c001_v51,784b5c11540d3349,kaggle-environments 1.32.7,a52ba1bfe9df9dc1d504550af46744ef8d474797cdba7af2412dc40a3ebdf3b8,main,c1e3590d02e42d16091c5377e87a3db16496e5a462d558dc2925887f835f9891,main,1998008853,0,108307,108303,1,0,0,DONE,DONE,719,719,1,,4.65
p3066_c001_v51,784b5c11540d3349,kaggle-environments 1.32.7,a52ba1bfe9df9dc1d504550af46744ef8d474797cdba7af2412dc40a3ebdf3b8,main,c1e3590d02e42d16091c5377e87a3db16496e5a462d558dc2925887f835f9891,main,1998008853,1,108307,108303,1,0,0,DONE,DONE,719,719,1,,4.34
p3066_c001_v51,784b5c11540d3349,kaggle-environments 1.32.7,a52ba1bfe9df9dc1d504550af46744ef8d474797cdba7af2412dc40a3ebdf3b8,main,c1e3590d02e42d16091c5377e87a3db16496e5a462d558dc2925887f835f9891,main,1999240025,0,82517,82516,1,0,0,DONE,DONE,719,719,1,,4.56
p3066_c001_v51,784b5c11540d3349,kaggle-environments 1.32.7,a52ba1bfe9df9dc1d504550af46744ef8d474797cdba7af2412dc40a3ebdf3b8,main,c1e3590d02e42d16091c5377e87a3db16496e5a462d558dc2925887f835f9891,main,1999240025,1,82517,82516,1,0,0,DONE,DONE,719,719,1,,4.91
p3066_c001_v51,784b5c11540d3349,kaggle-environments 1.32.7,a52ba1bfe9df9dc1d504550af46744ef8d474797cdba7af2412dc40a3ebdf3b8,main,c1e3590d02e42d16091c5377e87a3db16496e5a462d558dc2925887f835f9891,main,1999415674,0,94663,94663,0,0,1,DONE,DONE,719,719,1,,4.8
p3066_c001_v51,784b5c11540d3349,kaggle-environments 1.32.7,a52ba1bfe9df9dc1d504550af46744ef8d474797cdba7af2412dc40a3ebdf3b8,main,c1e3590d02e42d16091c5377e87a3db16496e5a462d558dc2925887f835f9891,main,1999415674,1,94663,94663,0,0,1,DONE,DONE,719,719,1,,4.46
p3066_c001_v51,784b5c11540d3349,kaggle-environments 1.32.7,a52ba1bfe9df9dc1d504550af46744ef8d474797cdba7af2412dc40a3ebdf3b8,main,c1e3590d02e42d16091c5377e87a3db16496e5a462d558dc2925887f835f9891,main,2000008076,0,116549,116549,0,0,1,DONE,DONE,719,719,1,,5.24
p3066_c001_v51,784b5c11540d3349,kaggle-environments 1.32.7,a52ba1bfe9df9dc1d504550af46744ef8d474797cdba7af2412dc40a3ebdf3b8,main,c1e3590d02e42d16091c5377e87a3db16496e5a462d558dc2925887f835f9891,main,2000008076,1,116549,116549,0,0,1,DONE,DONE,719,719,1,,4.78
p3066_c001_v51,784b5c11540d3349,kaggle-environments 1.32.7,a52ba1bfe9df9dc1d504550af46744ef8d474797cdba7af2412dc40a3ebdf3b8,main,c1e3590d02e42d16091c5377e87a3db16496e5a462d558dc2925887f835f9891,main,2000658955,0,106253,106253,0,0,1,DONE,DONE,719,719,1,,4.81
p3066_c001_v51,784b5c11540d3349,kaggle-environments 1.32.7,a52ba1bfe9df9dc1d504550af46744ef8d474797cdba7af2412dc40a3ebdf3b8,main,c1e3590d02e42d16091c5377e87a3db16496e5a462d558dc2925887f835f9891,main,2000658955,1,106253,106253,0,0,1,DONE,DONE,719,719,1,,4.38
p3066_c001_v51,784b5c11540d3349,kaggle-environments 1.32.7,a52ba1bfe9df9dc1d504550af46744ef8d474797cdba7af2412dc40a3ebdf3b8,main,c1e3590d02e42d16091c5377e87a3db16496e5a462d558dc2925887f835f9891,main,2002258695,0,77966,77965,1,0,0,DONE,DONE,719,719,1,,5.11
p3066_c001_v51,784b5c11540d3349,kaggle-environments 1.32.7,a52ba1bfe9df9dc1d504550af46744ef8d474797cdba7af2412dc40a3ebdf3b8,main,c1e3590d02e42d16091c5377e87a3db16496e5a462d558dc2925887f835f9891,main,2002258695,1,77966,77965,1,0,0,DONE,DONE,719,719,1,,5.2
p3066_c001_v51,784b5c11540d3349,kaggle-environments 1.32.7,a52ba1bfe9df9dc1d504550af46744ef8d474797cdba7af2412dc40a3ebdf3b8,main,c1e3590d02e42d16091c5377e87a3db16496e5a462d558dc2925887f835f9891,main,2005354132,0,126745,126746,0,1,0,DONE,DONE,719,719,1,,4.67
p3066_c001_v51,784b5c11540d3349,kaggle-environments 1.32.7,a52ba1bfe9df9dc1d504550af46744ef8d474797cdba7af2412dc40a3ebdf3b8,main,c1e3590d02e42d16091c5377e87a3db16496e5a462d558dc2925887f835f9891,main,2005354132,1,126745,126746,0,1,0,DONE,DONE,719,719,1,,4.5
p3066_c001_v51,784b5c11540d3349,kaggle-environments 1.32.7,a52ba1bfe9df9dc1d504550af46744ef8d474797cdba7af2412dc40a3ebdf3b8,main,c1e3590d02e42d16091c5377e87a3db16496e5a462d558dc2925887f835f9891,main,2006164934,0,107986,107986,0,0,1,DONE,DONE,719,719,1,,4.9
p3066_c001_v51,784b5c11540d3349,kaggle-environments 1.32.7,a52ba1bfe9df9dc1d504550af46744ef8d474797cdba7af2412dc40a3ebdf3b8,main,c1e3590d02e42d16091c5377e87a3db16496e5a462d558dc2925887f835f9891,main,2006164934,1,107986,107986,0,0,1,DONE,DONE,719,719,1,,4.55
p3066_c001_v51,784b5c11540d3349,kaggle-environments 1.32.7,a52ba1bfe9df9dc1d504550af46744ef8d474797cdba7af2412dc40a3ebdf3b8,main,c1e3590d02e42d16091c5377e87a3db16496e5a462d558dc2925887f835f9891,main,2007359464,0,92309,92108,1,0,0,DONE,DONE,719,719,1,,4.21
p3066_c001_v51,784b5c11540d3349,kaggle-environments 1.32.7,a52ba1bfe9df9dc1d504550af46744ef8d474797cdba7af2412dc40a3ebdf3b8,main,c1e3590d02e42d16091c5377e87a3db16496e5a462d558dc2925887f835f9891,main,2007359464,1,92309,92108,1,0,0,DONE,DONE,719,719,1,,4.61
p3066_c001_v51,784b5c11540d3349,kaggle-environments 1.32.7,a52ba1bfe9df9dc1d504550af46744ef8d474797cdba7af2412dc40a3ebdf3b8,main,c1e3590d02e42d16091c5377e87a3db16496e5a462d558dc2925887f835f9891,main,2009364386,0,115471,115349,1,0,0,DONE,DONE,719,719,1,,4.51
p3066_c001_v51,784b5c11540d3349,kaggle-environments 1.32.7,a52ba1bfe9df9dc1d504550af46744ef8d474797cdba7af2412dc40a3ebdf3b8,main,c1e3590d02e42d16091c5377e87a3db16496e5a462d558dc2925887f835f9891,main,2009364386,1,115471,115349,1,0,0,DONE,DONE,719,719,1,,4.47
p3066_c001_v51,784b5c11540d3349,kaggle-environments 1.32.7,a52ba1bfe9df9dc1d504550af46744ef8d474797cdba7af2412dc40a3ebdf3b8,main,c1e3590d02e42d16091c5377e87a3db16496e5a462d558dc2925887f835f9891,main,2012408240,0,115660,115659,1,0,0,DONE,DONE,719,719,1,,4.27
p3066_c001_v51,784b5c11540d3349,kaggle-environments 1.32.7,a52ba1bfe9df9dc1d504550af46744ef8d474797cdba7af2412dc40a3ebdf3b8,main,c1e3590d02e42d16091c5377e87a3db16496e5a462d558dc2925887f835f9891,main,2012408240,1,115660,115659,1,0,0,DONE,DONE,719,719,1,,4.28
p3066_c001_v51,784b5c11540d3349,kaggle-environments 1.32.7,a52ba1bfe9df9dc1d504550af46744ef8d474797cdba7af2412dc40a3ebdf3b8,main,c1e3590d02e42d16091c5377e87a3db16496e5a462d558dc2925887f835f9891,main,2012478187,0,54648,54648,0,0,1,DONE,DONE,719,719,1,,4.32
p3066_c001_v51,784b5c11540d3349,kaggle-environments 1.32.7,a52ba1bfe9df9dc1d504550af46744ef8d474797cdba7af2412dc40a3ebdf3b8,main,c1e3590d02e42d16091c5377e87a3db16496e5a462d558dc2925887f835f9891,main,2012478187,1,54648,54648,0,0,1,DONE,DONE,719,719,1,,4.42
p3066_c001_v51,784b5c11540d3349,kaggle-environments 1.32.7,a52ba1bfe9df9dc1d504550af46744ef8d474797cdba7af2412dc40a3ebdf3b8,main,c1e3590d02e42d16091c5377e87a3db16496e5a462d558dc2925887f835f9891,main,2012914649,0,73304,73302,1,0,0,DONE,DONE,719,719,1,,4.32
p3066_c001_v51,784b5c11540d3349,kaggle-environments 1.32.7,a52ba1bfe9df9dc1d504550af46744ef8d474797cdba7af2412dc40a3ebdf3b8,main,c1e3590d02e42d16091c5377e87a3db16496e5a462d558dc2925887f835f9891,main,2012914649,1,73304,73302,1,0,0,DONE,DONE,719,719,1,,4.5
p3066_c001_v51,784b5c11540d3349,kaggle-environments 1.32.7,a52ba1bfe9df9dc1d504550af46744ef8d474797cdba7af2412dc40a3ebdf3b8,main,c1e3590d02e42d16091c5377e87a3db16496e5a462d558dc2925887f835f9891,main,2020358158,0,108598,108598,0,0,1,DONE,DONE,719,719,1,,4.3
p3066_c001_v51,784b5c11540d3349,kaggle-environments 1.32.7,a52ba1bfe9df9dc1d504550af46744ef8d474797cdba7af2412dc40a3ebdf3b8,main,c1e3590d02e42d16091c5377e87a3db16496e5a462d558dc2925887f835f9891,main,2020358158,1,108598,108598,0,0,1,DONE,DONE,719,719,1,,4.31
p3066_c001_v51,784b5c11540d3349,kaggle-environments 1.32.7,a52ba1bfe9df9dc1d504550af46744ef8d474797cdba7af2412dc40a3ebdf3b8,main,c1e3590d02e42d16091c5377e87a3db16496e5a462d558dc2925887f835f9891,main,2021197906,0,91130,91129,1,0,0,DONE,DONE,719,719,1,,4.47
p3066_c001_v51,784b5c11540d3349,kaggle-environments 1.32.7,a52ba1bfe9df9dc1d504550af46744ef8d474797cdba7af2412dc40a3ebdf3b8,main,c1e3590d02e42d16091c5377e87a3db16496e5a462d558dc2925887f835f9891,main,2021197906,1,91130,91129,1,0,0,DONE,DONE,719,719,1,,4.22
p3066_c001_v51,784b5c11540d3349,kaggle-environments 1.32.7,a52ba1bfe9df9dc1d504550af46744ef8d474797cdba7af2412dc40a3ebdf3b8,main,c1e3590d02e42d16091c5377e87a3db16496e5a462d558dc2925887f835f9891,main,2026637712,0,117810,117810,0,0,1,DONE,DONE,719,719,1,,4.38
p3066_c001_v51,784b5c11540d3349,kaggle-environments 1.32.7,a52ba1bfe9df9dc1d504550af46744ef8d474797cdba7af2412dc40a3ebdf3b8,main,c1e3590d02e42d16091c5377e87a3db16496e5a462d558dc2925887f835f9891,main,2026637712,1,117810,117810,0,0,1,DONE,DONE,719,719,1,,4.13
p3066_c001_v51,784b5c11540d3349,kaggle-environments 1.32.7,a52ba1bfe9df9dc1d504550af46744ef8d474797cdba7af2412dc40a3ebdf3b8,main,c1e3590d02e42d16091c5377e87a3db16496e5a462d558dc2925887f835f9891,main,2027455185,0,103897,103819,1,0,0,DONE,DONE,719,719,1,,4.62
p3066_c001_v51,784b5c11540d3349,kaggle-environments 1.32.7,a52ba1bfe9df9dc1d504550af46744ef8d474797cdba7af2412dc40a3ebdf3b8,main,c1e3590d02e42d16091c5377e87a3db16496e5a462d558dc2925887f835f9891,main,2027455185,1,103897,103819,1,0,0,DONE,DONE,719,719,1,,4.36
p3066_c001_v51,784b5c11540d3349,kaggle-environments 1.32.7,a52ba1bfe9df9dc1d504550af46744ef8d474797cdba7af2412dc40a3ebdf3b8,main,c1e3590d02e42d16091c5377e87a3db16496e5a462d558dc2925887f835f9891,main,2028953090,0,103185,103182,1,0,0,DONE,DONE,719,719,1,,4.19
p3066_c001_v51,784b5c11540d3349,kaggle-environments 1.32.7,a52ba1bfe9df9dc1d504550af46744ef8d474797cdba7af2412dc40a3ebdf3b8,main,c1e3590d02e42d16091c5377e87a3db16496e5a462d558dc2925887f835f9891,main,2028953090,1,103185,103182,1,0,0,DONE,DONE,719,719,1,,4.23
p3066_c001_v51,784b5c11540d3349,kaggle-environments 1.32.7,a52ba1bfe9df9dc1d504550af46744ef8d474797cdba7af2412dc40a3ebdf3b8,main,c1e3590d02e42d16091c5377e87a3db16496e5a462d558dc2925887f835f9891,main,2030266242,0,116857,116852,1,0,0,DONE,DONE,719,719,1,,4.37
p3066_c001_v51,784b5c11540d3349,kaggle-environments 1.32.7,a52ba1bfe9df9dc1d504550af46744ef8d474797cdba7af2412dc40a3ebdf3b8,main,c1e3590d02e42d16091c5377e87a3db16496e5a462d558dc2925887f835f9891,main,2030266242,1,116857,116852,1,0,0,DONE,DONE,719,719,1,,4.13
p3066_c001_v51,784b5c11540d3349,kaggle-environments 1.32.7,a52ba1bfe9df9dc1d504550af46744ef8d474797cdba7af2412dc40a3ebdf3b8,main,c1e3590d02e42d16091c5377e87a3db16496e5a462d558dc2925887f835f9891,main,2033495350,0,126877,126412,1,0,0,DONE,DONE,719,719,1,,4.24
p3066_c001_v51,784b5c11540d3349,kaggle-environments 1.32.7,a52ba1bfe9df9dc1d504550af46744ef8d474797cdba7af2412dc40a3ebdf3b8,main,c1e3590d02e42d16091c5377e87a3db16496e5a462d558dc2925887f835f9891,main,2033495350,1,126877,126412,1,0,0,DONE,DONE,719,719,1,,4.09
p3066_c001_v51,784b5c11540d3349,kaggle-environments 1.32.7,a52ba1bfe9df9dc1d504550af46744ef8d474797cdba7af2412dc40a3ebdf3b8,main,c1e3590d02e42d16091c5377e87a3db16496e5a462d558dc2925887f835f9891,main,2034380530,0,101772,101676,1,0,0,DONE,DONE,719,719,1,,4.62
p3066_c001_v51,784b5c11540d3349,kaggle-environments 1.32.7,a52ba1bfe9df9dc1d504550af46744ef8d474797cdba7af2412dc40a3ebdf3b8,main,c1e3590d02e42d16091c5377e87a3db16496e5a462d558dc2925887f835f9891,main,2034380530,1,101696,101752,0,1,0,DONE,DONE,719,719,1,,4.63
p3066_c001_v51,784b5c11540d3349,kaggle-environments 1.32.7,a52ba1bfe9df9dc1d504550af46744ef8d474797cdba7af2412dc40a3ebdf3b8,main,c1e3590d02e42d16091c5377e87a3db16496e5a462d558dc2925887f835f9891,main,2038884264,0,93681,93680,1,0,0,DONE,DONE,719,719,1,,4.64
p3066_c001_v51,784b5c11540d3349,kaggle-environments 1.32.7,a52ba1bfe9df9dc1d504550af46744ef8d474797cdba7af2412dc40a3ebdf3b8,main,c1e3590d02e42d16091c5377e87a3db16496e5a462d558dc2925887f835f9891,main,2038884264,1,93681,93680,1,0,0,DONE,DONE,719,719,1,,4.34
p3066_c001_v51,784b5c11540d3349,kaggle-environments 1.32.7,a52ba1bfe9df9dc1d504550af46744ef8d474797cdba7af2412dc40a3ebdf3b8,main,c1e3590d02e42d16091c5377e87a3db16496e5a462d558dc2925887f835f9891,main,2040903013,0,84970,84974,0,1,0,DONE,DONE,719,719,1,,4.35
p3066_c001_v51,784b5c11540d3349,kaggle-environments 1.32.7,a52ba1bfe9df9dc1d504550af46744ef8d474797cdba7af2412dc40a3ebdf3b8,main,c1e3590d02e42d16091c5377e87a3db16496e5a462d558dc2925887f835f9891,main,2040903013,1,84970,84974,0,1,0,DONE,DONE,719,719,1,,4.19
p3066_c001_v51,784b5c11540d3349,kaggle-environments 1.32.7,a52ba1bfe9df9dc1d504550af46744ef8d474797cdba7af2412dc40a3ebdf3b8,main,c1e3590d02e42d16091c5377e87a3db16496e5a462d558dc2925887f835f9891,main,2041641243,0,94570,94570,0,0,1,DONE,DONE,719,719,1,,4.28
p3066_c001_v51,784b5c11540d3349,kaggle-environments 1.32.7,a52ba1bfe9df9dc1d504550af46744ef8d474797cdba7af2412dc40a3ebdf3b8,main,c1e3590d02e42d16091c5377e87a3db16496e5a462d558dc2925887f835f9891,main,2041641243,1,94570,94570,0,0,1,DONE,DONE,719,719,1,,4.29
p3066_c001_v51,784b5c11540d3349,kaggle-environments 1.32.7,a52ba1bfe9df9dc1d504550af46744ef8d474797cdba7af2412dc40a3ebdf3b8,main,c1e3590d02e42d16091c5377e87a3db16496e5a462d558dc2925887f835f9891,main,2047466907,0,105916,105487,1,0,0,DONE,DONE,719,719,1,,4.45
p3066_c001_v51,784b5c11540d3349,kaggle-environments 1.32.7,a52ba1bfe9df9dc1d504550af46744ef8d474797cdba7af2412dc40a3ebdf3b8,main,c1e3590d02e42d16091c5377e87a3db16496e5a462d558dc2925887f835f9891,main,2047466907,1,105916,105487,1,0,0,DONE,DONE,719,719,1,,4.23
p3066_c001_v51,784b5c11540d3349,kaggle-environments 1.32.7,a52ba1bfe9df9dc1d504550af46744ef8d474797cdba7af2412dc40a3ebdf3b8,main,c1e3590d02e42d16091c5377e87a3db16496e5a462d558dc2925887f835f9891,main,2050162861,0,104612,104169,1,0,0,DONE,DONE,719,719,1,,4.21
p3066_c001_v51,784b5c11540d3349,kaggle-environments 1.32.7,a52ba1bfe9df9dc1d504550af46744ef8d474797cdba7af2412dc40a3ebdf3b8,main,c1e3590d02e42d16091c5377e87a3db16496e5a462d558dc2925887f835f9891,main,2050162861,1,104612,104169,1,0,0,DONE,DONE,719,719,1,,4.43
p3066_c001_v51,784b5c11540d3349,kaggle-environments 1.32.7,a52ba1bfe9df9dc1d504550af46744ef8d474797cdba7af2412dc40a3ebdf3b8,main,c1e3590d02e42d16091c5377e87a3db16496e5a462d558dc2925887f835f9891,main,2052219246,0,126780,115672,1,0,0,DONE,DONE,719,719,1,,4.35
p3066_c001_v51,784b5c11540d3349,kaggle-environments 1.32.7,a52ba1bfe9df9dc1d504550af46744ef8d474797cdba7af2412dc40a3ebdf3b8,main,c1e3590d02e42d16091c5377e87a3db16496e5a462d558dc2925887f835f9891,main,2052219246,1,115745,126694,0,1,0,DONE,DONE,719,719,1,,4.56
p3066_c001_v51,784b5c11540d3349,kaggle-environments 1.32.7,a52ba1bfe9df9dc1d504550af46744ef8d474797cdba7af2412dc40a3ebdf3b8,main,c1e3590d02e42d16091c5377e87a3db16496e5a462d558dc2925887f835f9891,main,2052575634,0,119075,118996,1,0,0,DONE,DONE,719,719,1,,4.11
p3066_c001_v51,784b5c11540d3349,kaggle-environments 1.32.7,a52ba1bfe9df9dc1d504550af46744ef8d474797cdba7af2412dc40a3ebdf3b8,main,c1e3590d02e42d16091c5377e87a3db16496e5a462d558dc2925887f835f9891,main,2052575634,1,119075,118996,1,0,0,DONE,DONE,719,719,1,,4.18
p3066_c001_v51,784b5c11540d3349,kaggle-environments 1.32.7,a52ba1bfe9df9dc1d504550af46744ef8d474797cdba7af2412dc40a3ebdf3b8,main,c1e3590d02e42d16091c5377e87a3db16496e5a462d558dc2925887f835f9891,main,2053937780,0,80795,80409,1,0,0,DONE,DONE,719,719,1,,4.49
p3066_c001_v51,784b5c11540d3349,kaggle-environments 1.32.7,a52ba1bfe9df9dc1d504550af46744ef8d474797cdba7af2412dc40a3ebdf3b8,main,c1e3590d02e42d16091c5377e87a3db16496e5a462d558dc2925887f835f9891,main,2053937780,1,80795,80409,1,0,0,DONE,DONE,719,719,1,,4.29
p3066_c001_v51,784b5c11540d3349,kaggle-environments 1.32.7,a52ba1bfe9df9dc1d504550af46744ef8d474797cdba7af2412dc40a3ebdf3b8,main,c1e3590d02e42d16091c5377e87a3db16496e5a462d558dc2925887f835f9891,main,2058732850,0,137717,137718,0,1,0,DONE,DONE,719,719,1,,4.41
p3066_c001_v51,784b5c11540d3349,kaggle-environments 1.32.7,a52ba1bfe9df9dc1d504550af46744ef8d474797cdba7af2412dc40a3ebdf3b8,main,c1e3590d02e42d16091c5377e87a3db16496e5a462d558dc2925887f835f9891,main,2058732850,1,137717,137718,0,1,0,DONE,DONE,719,719,1,,4.38
p3066_c001_v51,784b5c11540d3349,kaggle-environments 1.32.7,a52ba1bfe9df9dc1d504550af46744ef8d474797cdba7af2412dc40a3ebdf3b8,main,c1e3590d02e42d16091c5377e87a3db16496e5a462d558dc2925887f835f9891,main,2063263451,0,124750,124733,1,0,0,DONE,DONE,719,719,1,,4.27
p3066_c001_v51,784b5c11540d3349,kaggle-environments 1.32.7,a52ba1bfe9df9dc1d504550af46744ef8d474797cdba7af2412dc40a3ebdf3b8,main,c1e3590d02e42d16091c5377e87a3db16496e5a462d558dc2925887f835f9891,main,2063263451,1,124750,124733,1,0,0,DONE,DONE,719,719,1,,4.5
p3066_c001_v51,784b5c11540d3349,kaggle-environments 1.32.7,a52ba1bfe9df9dc1d504550af46744ef8d474797cdba7af2412dc40a3ebdf3b8,main,c1e3590d02e42d16091c5377e87a3db16496e5a462d558dc2925887f835f9891,main,2063505627,0,118596,118590,1,0,0,DONE,DONE,719,719,1,,4.55
p3066_c001_v51,784b5c11540d3349,kaggle-environments 1.32.7,a52ba1bfe9df9dc1d504550af46744ef8d474797cdba7af2412dc40a3ebdf3b8,main,c1e3590d02e42d16091c5377e87a3db16496e5a462d558dc2925887f835f9891,main,2063505627,1,118596,118590,1,0,0,DONE,DONE,719,719,1,,4.88
p3066_c001_v51,784b5c11540d3349,kaggle-environments 1.32.7,a52ba1bfe9df9dc1d504550af46744ef8d474797cdba7af2412dc40a3ebdf3b8,main,c1e3590d02e42d16091c5377e87a3db16496e5a462d558dc2925887f835f9891,main,2064075356,0,110043,111370,0,1,0,DONE,DONE,719,719,1,,4.71
p3066_c001_v51,784b5c11540d3349,kaggle-environments 1.32.7,a52ba1bfe9df9dc1d504550af46744ef8d474797cdba7af2412dc40a3ebdf3b8,main,c1e3590d02e42d16091c5377e87a3db16496e5a462d558dc2925887f835f9891,main,2064075356,1,110043,111370,0,1,0,DONE,DONE,719,719,1,,4.41
p3066_c001_v51,784b5c11540d3349,kaggle-environments 1.32.7,a52ba1bfe9df9dc1d504550af46744ef8d474797cdba7af2412dc40a3ebdf3b8,main,c1e3590d02e42d16091c5377e87a3db16496e5a462d558dc2925887f835f9891,main,2065258008,0,78978,78957,1,0,0,DONE,DONE,719,719,1,,4.3
p3066_c001_v51,784b5c11540d3349,kaggle-environments 1.32.7,a52ba1bfe9df9dc1d504550af46744ef8d474797cdba7af2412dc40a3ebdf3b8,main,c1e3590d02e42d16091c5377e87a3db16496e5a462d558dc2925887f835f9891,main,2065258008,1,78978,78957,1,0,0,DONE,DONE,719,719,1,,4.41
p3066_c001_v51,784b5c11540d3349,kaggle-environments 1.32.7,a52ba1bfe9df9dc1d504550af46744ef8d474797cdba7af2412dc40a3ebdf3b8,main,c1e3590d02e42d16091c5377e87a3db16496e5a462d558dc2925887f835f9891,main,2065508615,0,82447,82433,1,0,0,DONE,DONE,719,719,1,,4.21
p3066_c001_v51,784b5c11540d3349,kaggle-environments 1.32.7,a52ba1bfe9df9dc1d504550af46744ef8d474797cdba7af2412dc40a3ebdf3b8,main,c1e3590d02e42d16091c5377e87a3db16496e5a462d558dc2925887f835f9891,main,2065508615,1,82447,82433,1,0,0,DONE,DONE,719,719,1,,4.14
p3066_c001_v51,784b5c11540d3349,kaggle-environments 1.32.7,a52ba1bfe9df9dc1d504550af46744ef8d474797cdba7af2412dc40a3ebdf3b8,main,c1e3590d02e42d16091c5377e87a3db16496e5a462d558dc2925887f835f9891,main,2067419362,0,86919,86893,1,0,0,DONE,DONE,719,719,1,,4.27
p3066_c001_v51,784b5c11540d3349,kaggle-environments 1.32.7,a52ba1bfe9df9dc1d504550af46744ef8d474797cdba7af2412dc40a3ebdf3b8,main,c1e3590d02e42d16091c5377e87a3db16496e5a462d558dc2925887f835f9891,main,2067419362,1,86919,86893,1,0,0,DONE,DONE,719,719,1,,4.3
p3066_c001_v51,784b5c11540d3349,kaggle-environments 1.32.7,a52ba1bfe9df9dc1d504550af46744ef8d474797cdba7af2412dc40a3ebdf3b8,main,c1e3590d02e42d16091c5377e87a3db16496e5a462d558dc2925887f835f9891,main,2068079998,0,97273,97273,0,0,1,DONE,DONE,719,719,1,,4.46
p3066_c001_v51,784b5c11540d3349,kaggle-environments 1.32.7,a52ba1bfe9df9dc1d504550af46744ef8d474797cdba7af2412dc40a3ebdf3b8,main,c1e3590d02e42d16091c5377e87a3db16496e5a462d558dc2925887f835f9891,main,2068079998,1,97273,97273,0,0,1,DONE,DONE,719,719,1,,4.05
p3066_c001_v51,784b5c11540d3349,kaggle-environments 1.32.7,a52ba1bfe9df9dc1d504550af46744ef8d474797cdba7af2412dc40a3ebdf3b8,main,c1e3590d02e42d16091c5377e87a3db16496e5a462d558dc2925887f835f9891,main,2068334364,0,122261,122257,1,0,0,DONE,DONE,719,719,1,,4.45
p3066_c001_v51,784b5c11540d3349,kaggle-environments 1.32.7,a52ba1bfe9df9dc1d504550af46744ef8d474797cdba7af2412dc40a3ebdf3b8,main,c1e3590d02e42d16091c5377e87a3db16496e5a462d558dc2925887f835f9891,main,2068334364,1,122261,122257,1,0,0,DONE,DONE,719,719,1,,4.1
p3066_c001_v51,784b5c11540d3349,kaggle-environments 1.32.7,a52ba1bfe9df9dc1d504550af46744ef8d474797cdba7af2412dc40a3ebdf3b8,main,c1e3590d02e42d16091c5377e87a3db16496e5a462d558dc2925887f835f9891,main,2069937048,0,92116,92115,1,0,0,DONE,DONE,719,719,1,,4.51
p3066_c001_v51,784b5c11540d3349,kaggle-environments 1.32.7,a52ba1bfe9df9dc1d504550af46744ef8d474797cdba7af2412dc40a3ebdf3b8,main,c1e3590d02e42d16091c5377e87a3db16496e5a462d558dc2925887f835f9891,main,2069937048,1,92116,92115,1,0,0,DONE,DONE,719,719,1,,4.25
p3066_c001_v51,784b5c11540d3349,kaggle-environments 1.32.7,a52ba1bfe9df9dc1d504550af46744ef8d474797cdba7af2412dc40a3ebdf3b8,main,c1e3590d02e42d16091c5377e87a3db16496e5a462d558dc2925887f835f9891,main,2070337862,0,114364,114410,0,1,0,DONE,DONE,719,719,1,,4.14
p3066_c001_v51,784b5c11540d3349,kaggle-environments 1.32.7,a52ba1bfe9df9dc1d504550af46744ef8d474797cdba7af2412dc40a3ebdf3b8,main,c1e3590d02e42d16091c5377e87a3db16496e5a462d558dc2925887f835f9891,main,2070337862,1,114487,114287,1,0,0,DONE,DONE,719,719,1,,4.46
p3066_c001_v51,784b5c11540d3349,kaggle-environments 1.32.7,a52ba1bfe9df9dc1d504550af46744ef8d474797cdba7af2412dc40a3ebdf3b8,main,c1e3590d02e42d16091c5377e87a3db16496e5a462d558dc2925887f835f9891,main,2074222084,0,88789,88789,0,0,1,DONE,DONE,719,719,1,,4.11
p3066_c001_v51,784b5c11540d3349,kaggle-environments 1.32.7,a52ba1bfe9df9dc1d504550af46744ef8d474797cdba7af2412dc40a3ebdf3b8,main,c1e3590d02e42d16091c5377e87a3db16496e5a462d558dc2925887f835f9891,main,2074222084,1,88789,88789,0,0,1,DONE,DONE,719,719,1,,4.23
p3066_c001_v51,784b5c11540d3349,kaggle-environments 1.32.7,a52ba1bfe9df9dc1d504550af46744ef8d474797cdba7af2412dc40a3ebdf3b8,main,c1e3590d02e42d16091c5377e87a3db16496e5a462d558dc2925887f835f9891,main,2077299412,0,104547,104521,1,0,0,DONE,DONE,719,719,1,,4.55
p3066_c001_v51,784b5c11540d3349,kaggle-environments 1.32.7,a52ba1bfe9df9dc1d504550af46744ef8d474797cdba7af2412dc40a3ebdf3b8,main,c1e3590d02e42d16091c5377e87a3db16496e5a462d558dc2925887f835f9891,main,2077299412,1,104547,104521,1,0,0,DONE,DONE,719,719,1,,4.32
p3066_c001_v51,784b5c11540d3349,kaggle-environments 1.32.7,a52ba1bfe9df9dc1d504550af46744ef8d474797cdba7af2412dc40a3ebdf3b8,main,c1e3590d02e42d16091c5377e87a3db16496e5a462d558dc2925887f835f9891,main,2082420758,0,86504,86497,1,0,0,DONE,DONE,719,719,1,,4.25
p3066_c001_v51,784b5c11540d3349,kaggle-environments 1.32.7,a52ba1bfe9df9dc1d504550af46744ef8d474797cdba7af2412dc40a3ebdf3b8,main,c1e3590d02e42d16091c5377e87a3db16496e5a462d558dc2925887f835f9891,main,2082420758,1,86504,86497,1,0,0,DONE,DONE,719,719,1,,4.47
p3066_c001_v51,784b5c11540d3349,kaggle-environments 1.32.7,a52ba1bfe9df9dc1d504550af46744ef8d474797cdba7af2412dc40a3ebdf3b8,main,c1e3590d02e42d16091c5377e87a3db16496e5a462d558dc2925887f835f9891,main,2083494011,0,98252,98251,1,0,0,DONE,DONE,719,719,1,,4.22
p3066_c001_v51,784b5c11540d3349,kaggle-environments 1.32.7,a52ba1bfe9df9dc1d504550af46744ef8d474797cdba7af2412dc40a3ebdf3b8,main,c1e3590d02e42d16091c5377e87a3db16496e5a462d558dc2925887f835f9891,main,2083494011,1,98252,98251,1,0,0,DONE,DONE,719,719,1,,4.29
p3066_c001_v51,784b5c11540d3349,kaggle-environments 1.32.7,a52ba1bfe9df9dc1d504550af46744ef8d474797cdba7af2412dc40a3ebdf3b8,main,c1e3590d02e42d16091c5377e87a3db16496e5a462d558dc2925887f835f9891,main,2085530814,0,100822,100804,1,0,0,DONE,DONE,719,719,1,,4.15
p3066_c001_v51,784b5c11540d3349,kaggle-environments 1.32.7,a52ba1bfe9df9dc1d504550af46744ef8d474797cdba7af2412dc40a3ebdf3b8,main,c1e3590d02e42d16091c5377e87a3db16496e5a462d558dc2925887f835f9891,main,2085530814,1,100822,100804,1,0,0,DONE,DONE,719,719,1,,4.46
p3066_c001_v51,784b5c11540d3349,kaggle-environments 1.32.7,a52ba1bfe9df9dc1d504550af46744ef8d474797cdba7af2412dc40a3ebdf3b8,main,c1e3590d02e42d16091c5377e87a3db16496e5a462d558dc2925887f835f9891,main,2086410268,0,71182,71258,0,1,0,DONE,DONE,719,719,1,,4.37
p3066_c001_v51,784b5c11540d3349,kaggle-environments 1.32.7,a52ba1bfe9df9dc1d504550af46744ef8d474797cdba7af2412dc40a3ebdf3b8,main,c1e3590d02e42d16091c5377e87a3db16496e5a462d558dc2925887f835f9891,main,2086410268,1,71258,71182,1,0,0,DONE,DONE,719,719,1,,4.46
p3066_c001_v51,784b5c11540d3349,kaggle-environments 1.32.7,a52ba1bfe9df9dc1d504550af46744ef8d474797cdba7af2412dc40a3ebdf3b8,main,c1e3590d02e42d16091c5377e87a3db16496e5a462d558dc2925887f835f9891,main,2090628389,0,99143,99075,1,0,0,DONE,DONE,719,719,1,,4.27
p3066_c001_v51,784b5c11540d3349,kaggle-environments 1.32.7,a52ba1bfe9df9dc1d504550af46744ef8d474797cdba7af2412dc40a3ebdf3b8,main,c1e3590d02e42d16091c5377e87a3db16496e5a462d558dc2925887f835f9891,main,2090628389,1,99143,99075,1,0,0,DONE,DONE,719,719,1,,4.08
p3066_c001_v51,784b5c11540d3349,kaggle-environments 1.32.7,a52ba1bfe9df9dc1d504550af46744ef8d474797cdba7af2412dc40a3ebdf3b8,main,c1e3590d02e42d16091c5377e87a3db16496e5a462d558dc2925887f835f9891,main,2091317854,0,108929,108929,0,0,1,DONE,DONE,719,719,1,,4.24
p3066_c001_v51,784b5c11540d3349,kaggle-environments 1.32.7,a52ba1bfe9df9dc1d504550af46744ef8d474797cdba7af2412dc40a3ebdf3b8,main,c1e3590d02e42d16091c5377e87a3db16496e5a462d558dc2925887f835f9891,main,2091317854,1,108929,108929,0,0,1,DONE,DONE,719,719,1,,4.71
p3066_c001_v51,784b5c11540d3349,kaggle-environments 1.32.7,a52ba1bfe9df9dc1d504550af46744ef8d474797cdba7af2412dc40a3ebdf3b8,main,c1e3590d02e42d16091c5377e87a3db16496e5a462d558dc2925887f835f9891,main,2098451129,0,95424,95417,1,0,0,DONE,DONE,719,719,1,,4.56
p3066_c001_v51,784b5c11540d3349,kaggle-environments 1.32.7,a52ba1bfe9df9dc1d504550af46744ef8d474797cdba7af2412dc40a3ebdf3b8,main,c1e3590d02e42d16091c5377e87a3db16496e5a462d558dc2925887f835f9891,main,2098451129,1,95424,95417,1,0,0,DONE,DONE,719,719,1,,4.52
p3066_c001_v51,784b5c11540d3349,kaggle-environments 1.32.7,a52ba1bfe9df9dc1d504550af46744ef8d474797cdba7af2412dc40a3ebdf3b8,main,c1e3590d02e42d16091c5377e87a3db16496e5a462d558dc2925887f835f9891,main,2099715200,0,95396,95331,1,0,0,DONE,DONE,719,719,1,,4.38
p3066_c001_v51,784b5c11540d3349,kaggle-environments 1.32.7,a52ba1bfe9df9dc1d504550af46744ef8d474797cdba7af2412dc40a3ebdf3b8,main,c1e3590d02e42d16091c5377e87a3db16496e5a462d558dc2925887f835f9891,main,2099715200,1,95396,95331,1,0,0,DONE,DONE,719,719,1,,4.68
p3066_c001_v51,784b5c11540d3349,kaggle-environments 1.32.7,a52ba1bfe9df9dc1d504550af46744ef8d474797cdba7af2412dc40a3ebdf3b8,main,c1e3590d02e42d16091c5377e87a3db16496e5a462d558dc2925887f835f9891,main,2105474781,0,116786,116786,0,0,1,DONE,DONE,719,719,1,,4.55
p3066_c001_v51,784b5c11540d3349,kaggle-environments 1.32.7,a52ba1bfe9df9dc1d504550af46744ef8d474797cdba7af2412dc40a3ebdf3b8,main,c1e3590d02e42d16091c5377e87a3db16496e5a462d558dc2925887f835f9891,main,2105474781,1,116786,116786,0,0,1,DONE,DONE,719,719,1,,4.28
p3066_c001_v51,784b5c11540d3349,kaggle-environments 1.32.7,a52ba1bfe9df9dc1d504550af46744ef8d474797cdba7af2412dc40a3ebdf3b8,main,c1e3590d02e42d16091c5377e87a3db16496e5a462d558dc2925887f835f9891,main,2108409020,0,84180,84179,1,0,0,DONE,DONE,719,719,1,,4.32
p3066_c001_v51,784b5c11540d3349,kaggle-environments 1.32.7,a52ba1bfe9df9dc1d504550af46744ef8d474797cdba7af2412dc40a3ebdf3b8,main,c1e3590d02e42d16091c5377e87a3db16496e5a462d558dc2925887f835f9891,main,2108409020,1,84180,84179,1,0,0,DONE,DONE,719,719,1,,4.3
p3066_c001_v51,784b5c11540d3349,kaggle-environments 1.32.7,a52ba1bfe9df9dc1d504550af46744ef8d474797cdba7af2412dc40a3ebdf3b8,main,c1e3590d02e42d16091c5377e87a3db16496e5a462d558dc2925887f835f9891,main,2108876349,0,93643,93642,1,0,0,DONE,DONE,719,719,1,,4.2
p3066_c001_v51,784b5c11540d3349,kaggle-environments 1.32.7,a52ba1bfe9df9dc1d504550af46744ef8d474797cdba7af2412dc40a3ebdf3b8,main,c1e3590d02e42d16091c5377e87a3db16496e5a462d558dc2925887f835f9891,main,2108876349,1,93643,93642,1,0,0,DONE,DONE,719,719,1,,4.25
p3066_c001_v51,784b5c11540d3349,kaggle-environments 1.32.7,a52ba1bfe9df9dc1d504550af46744ef8d474797cdba7af2412dc40a3ebdf3b8,main,c1e3590d02e42d16091c5377e87a3db16496e5a462d558dc2925887f835f9891,main,2120704474,0,81053,81053,0,0,1,DONE,DONE,719,719,1,,4.38
p3066_c001_v51,784b5c11540d3349,kaggle-environments 1.32.7,a52ba1bfe9df9dc1d504550af46744ef8d474797cdba7af2412dc40a3ebdf3b8,main,c1e3590d02e42d16091c5377e87a3db16496e5a462d558dc2925887f835f9891,main,2120704474,1,81053,81053,0,0,1,DONE,DONE,719,719,1,,4.36
p3066_c001_v51,784b5c11540d3349,kaggle-environments 1.32.7,a52ba1bfe9df9dc1d504550af46744ef8d474797cdba7af2412dc40a3ebdf3b8,main,c1e3590d02e42d16091c5377e87a3db16496e5a462d558dc2925887f835f9891,main,2124225188,0,148617,148556,1,0,0,DONE,DONE,719,719,1,,4.23
p3066_c001_v51,784b5c11540d3349,kaggle-environments 1.32.7,a52ba1bfe9df9dc1d504550af46744ef8d474797cdba7af2412dc40a3ebdf3b8,main,c1e3590d02e42d16091c5377e87a3db16496e5a462d558dc2925887f835f9891,main,2124225188,1,148617,148556,1,0,0,DONE,DONE,719,719,1,,4.63
p3066_c001_v51,784b5c11540d3349,kaggle-environments 1.32.7,a52ba1bfe9df9dc1d504550af46744ef8d474797cdba7af2412dc40a3ebdf3b8,main,c1e3590d02e42d16091c5377e87a3db16496e5a462d558dc2925887f835f9891,main,2129116347,0,106487,106389,1,0,0,DONE,DONE,719,719,1,,4.26
p3066_c001_v51,784b5c11540d3349,kaggle-environments 1.32.7,a52ba1bfe9df9dc1d504550af46744ef8d474797cdba7af2412dc40a3ebdf3b8,main,c1e3590d02e42d16091c5377e87a3db16496e5a462d558dc2925887f835f9891,main,2129116347,1,106487,106389,1,0,0,DONE,DONE,719,719,1,,4.42
p3066_c001_v51,784b5c11540d3349,kaggle-environments 1.32.7,a52ba1bfe9df9dc1d504550af46744ef8d474797cdba7af2412dc40a3ebdf3b8,main,c1e3590d02e42d16091c5377e87a3db16496e5a462d558dc2925887f835f9891,main,2131214686,0,98983,98982,1,0,0,DONE,DONE,719,719,1,,4.51
p3066_c001_v51,784b5c11540d3349,kaggle-environments 1.32.7,a52ba1bfe9df9dc1d504550af46744ef8d474797cdba7af2412dc40a3ebdf3b8,main,c1e3590d02e42d16091c5377e87a3db16496e5a462d558dc2925887f835f9891,main,2131214686,1,98983,98982,1,0,0,DONE,DONE,719,719,1,,4.28
p3066_c001_v51,784b5c11540d3349,kaggle-environments 1.32.7,a52ba1bfe9df9dc1d504550af46744ef8d474797cdba7af2412dc40a3ebdf3b8,main,c1e3590d02e42d16091c5377e87a3db16496e5a462d558dc2925887f835f9891,main,2132570827,0,121654,121595,1,0,0,DONE,DONE,719,719,1,,4.36
p3066_c001_v51,784b5c11540d3349,kaggle-environments 1.32.7,a52ba1bfe9df9dc1d504550af46744ef8d474797cdba7af2412dc40a3ebdf3b8,main,c1e3590d02e42d16091c5377e87a3db16496e5a462d558dc2925887f835f9891,main,2132570827,1,121654,121595,1,0,0,DONE,DONE,719,719,1,,4.73
p3066_c001_v51,784b5c11540d3349,kaggle-environments 1.32.7,a52ba1bfe9df9dc1d504550af46744ef8d474797cdba7af2412dc40a3ebdf3b8,main,c1e3590d02e42d16091c5377e87a3db16496e5a462d558dc2925887f835f9891,main,2140755395,0,82339,81917,1,0,0,DONE,DONE,719,719,1,,4.34
p3066_c001_v51,784b5c11540d3349,kaggle-environments 1.32.7,a52ba1bfe9df9dc1d504550af46744ef8d474797cdba7af2412dc40a3ebdf3b8,main,c1e3590d02e42d16091c5377e87a3db16496e5a462d558dc2925887f835f9891,main,2140755395,1,82339,81917,1,0,0,DONE,DONE,719,719,1,,4.43
p3066_c001_v51,784b5c11540d3349,kaggle-environments 1.32.7,a52ba1bfe9df9dc1d504550af46744ef8d474797cdba7af2412dc40a3ebdf3b8,main,c1e3590d02e42d16091c5377e87a3db16496e5a462d558dc2925887f835f9891,main,2140927225,0,111819,111703,1,0,0,DONE,DONE,719,719,1,,4.42
p3066_c001_v51,784b5c11540d3349,kaggle-environments 1.32.7,a52ba1bfe9df9dc1d504550af46744ef8d474797cdba7af2412dc40a3ebdf3b8,main,c1e3590d02e42d16091c5377e87a3db16496e5a462d558dc2925887f835f9891,main,2140927225,1,111819,111703,1,0,0,DONE,DONE,719,719,1,,4.05
p3066_c001_v51,784b5c11540d3349,kaggle-environments 1.32.7,a52ba1bfe9df9dc1d504550af46744ef8d474797cdba7af2412dc40a3ebdf3b8,main,c1e3590d02e42d16091c5377e87a3db16496e5a462d558dc2925887f835f9891,main,2141012495,0,125213,125212,1,0,0,DONE,DONE,719,719,1,,4.08
p3066_c001_v51,784b5c11540d3349,kaggle-environments 1.32.7,a52ba1bfe9df9dc1d504550af46744ef8d474797cdba7af2412dc40a3ebdf3b8,main,c1e3590d02e42d16091c5377e87a3db16496e5a462d558dc2925887f835f9891,main,2141012495,1,125213,125212,1,0,0,DONE,DONE,719,719,1,,4.12
p3066_c001_v51,784b5c11540d3349,kaggle-environments 1.32.7,a52ba1bfe9df9dc1d504550af46744ef8d474797cdba7af2412dc40a3ebdf3b8,main,c1e3590d02e42d16091c5377e87a3db16496e5a462d558dc2925887f835f9891,main,2141442848,0,71583,71580,1,0,0,DONE,DONE,719,719,1,,4.35
p3066_c001_v51,784b5c11540d3349,kaggle-environments 1.32.7,a52ba1bfe9df9dc1d504550af46744ef8d474797cdba7af2412dc40a3ebdf3b8,main,c1e3590d02e42d16091c5377e87a3db16496e5a462d558dc2925887f835f9891,main,2141442848,1,71583,71580,1,0,0,DONE,DONE,719,719,1,,4.23
p3066_c001_v51,784b5c11540d3349,kaggle-environments 1.32.7,a52ba1bfe9df9dc1d504550af46744ef8d474797cdba7af2412dc40a3ebdf3b8,main,c1e3590d02e42d16091c5377e87a3db16496e5a462d558dc2925887f835f9891,main,2141864372,0,108940,108739,1,0,0,DONE,DONE,719,719,1,,4.39
p3066_c001_v51,784b5c11540d3349,kaggle-environments 1.32.7,a52ba1bfe9df9dc1d504550af46744ef8d474797cdba7af2412dc40a3ebdf3b8,main,c1e3590d02e42d16091c5377e87a3db16496e5a462d558dc2925887f835f9891,main,2141864372,1,108940,108739,1,0,0,DONE,DONE,719,719,1,,4.34
p3066_c001_v51,784b5c11540d3349,kaggle-environments 1.32.7,a52ba1bfe9df9dc1d504550af46744ef8d474797cdba7af2412dc40a3ebdf3b8,main,c1e3590d02e42d16091c5377e87a3db16496e5a462d558dc2925887f835f9891,main,2142117982,0,115395,115366,1,0,0,DONE,DONE,719,719,1,,4.29
p3066_c001_v51,784b5c11540d3349,kaggle-environments 1.32.7,a52ba1bfe9df9dc1d504550af46744ef8d474797cdba7af2412dc40a3ebdf3b8,main,c1e3590d02e42d16091c5377e87a3db16496e5a462d558dc2925887f835f9891,main,2142117982,1,115395,115366,1,0,0,DONE,DONE,719,719,1,,4.27
p3066_c001_v51,784b5c11540d3349,kaggle-environments 1.32.7,a52ba1bfe9df9dc1d504550af46744ef8d474797cdba7af2412dc40a3ebdf3b8,main,c1e3590d02e42d16091c5377e87a3db16496e5a462d558dc2925887f835f9891,main,2142534215,0,137707,137623,1,0,0,DONE,DONE,719,719,1,,4.13
p3066_c001_v51,784b5c11540d3349,kaggle-environments 1.32.7,a52ba1bfe9df9dc1d504550af46744ef8d474797cdba7af2412dc40a3ebdf3b8,main,c1e3590d02e42d16091c5377e87a3db16496e5a462d558dc2925887f835f9891,main,2142534215,1,137707,137623,1,0,0,DONE,DONE,719,719,1,,4.17
