experiment_id,run_id,environment_version,candidate_sha,candidate_name,opponent_sha,opponent_name,seed,seat,candidate_cash,opponent_cash,win,loss,tie,candidate_status,opponent_status,candidate_calls,opponent_calls,candidate_actions,opponent_actions,candidate_runtime_max,opponent_runtime_max,valid,invalid_reason,wall_s
p3066_moon,b723ad3a44acc9fb,kaggle-environments 1.32.7,a52ba1bfe9df9dc1d504550af46744ef8d474797cdba7af2412dc40a3ebdf3b8,main,d987c83ae779e5de7e4888a0ab6af52ed20af2903d4755f5b148800c2d5f06f5,kaggriculture-r88-rivals__moon_q13_mg,1589371,0,85376,86862,0,1,0,DONE,DONE,719,719,653,652,66.035,34.015,1,,4.88
p3066_moon,b723ad3a44acc9fb,kaggle-environments 1.32.7,a52ba1bfe9df9dc1d504550af46744ef8d474797cdba7af2412dc40a3ebdf3b8,main,d987c83ae779e5de7e4888a0ab6af52ed20af2903d4755f5b148800c2d5f06f5,kaggriculture-r88-rivals__moon_q13_mg,1589371,1,85376,86862,0,1,0,DONE,DONE,719,719,653,652,122.734,32.961,1,,4.99
p3066_moon,b723ad3a44acc9fb,kaggle-environments 1.32.7,a52ba1bfe9df9dc1d504550af46744ef8d474797cdba7af2412dc40a3ebdf3b8,main,d987c83ae779e5de7e4888a0ab6af52ed20af2903d4755f5b148800c2d5f06f5,kaggriculture-r88-rivals__moon_q13_mg,2527947,0,114174,115770,0,1,0,DONE,DONE,719,719,665,638,6.238,31.553,1,,5.09
p3066_moon,b723ad3a44acc9fb,kaggle-environments 1.32.7,a52ba1bfe9df9dc1d504550af46744ef8d474797cdba7af2412dc40a3ebdf3b8,main,d987c83ae779e5de7e4888a0ab6af52ed20af2903d4755f5b148800c2d5f06f5,kaggriculture-r88-rivals__moon_q13_mg,2527947,1,116516,119495,0,1,0,DONE,DONE,719,719,665,640,113.038,32.665,1,,5.49
p3066_moon,b723ad3a44acc9fb,kaggle-environments 1.32.7,a52ba1bfe9df9dc1d504550af46744ef8d474797cdba7af2412dc40a3ebdf3b8,main,d987c83ae779e5de7e4888a0ab6af52ed20af2903d4755f5b148800c2d5f06f5,kaggriculture-r88-rivals__moon_q13_mg,2530515,0,91023,91635,0,1,0,DONE,DONE,719,719,650,649,16.441,32.291,1,,5.14
p3066_moon,b723ad3a44acc9fb,kaggle-environments 1.32.7,a52ba1bfe9df9dc1d504550af46744ef8d474797cdba7af2412dc40a3ebdf3b8,main,d987c83ae779e5de7e4888a0ab6af52ed20af2903d4755f5b148800c2d5f06f5,kaggriculture-r88-rivals__moon_q13_mg,2530515,1,91023,91635,0,1,0,DONE,DONE,719,719,650,649,79.22,32.408,1,,5.14
p3066_moon,b723ad3a44acc9fb,kaggle-environments 1.32.7,a52ba1bfe9df9dc1d504550af46744ef8d474797cdba7af2412dc40a3ebdf3b8,main,d987c83ae779e5de7e4888a0ab6af52ed20af2903d4755f5b148800c2d5f06f5,kaggriculture-r88-rivals__moon_q13_mg,2684125,0,118358,119645,0,1,0,DONE,DONE,719,719,655,654,16.352,31.836,1,,4.93
p3066_moon,b723ad3a44acc9fb,kaggle-environments 1.32.7,a52ba1bfe9df9dc1d504550af46744ef8d474797cdba7af2412dc40a3ebdf3b8,main,d987c83ae779e5de7e4888a0ab6af52ed20af2903d4755f5b148800c2d5f06f5,kaggriculture-r88-rivals__moon_q13_mg,2684125,1,118358,119645,0,1,0,DONE,DONE,719,719,655,654,16.172,32.487,1,,5.18
p3066_moon,b723ad3a44acc9fb,kaggle-environments 1.32.7,a52ba1bfe9df9dc1d504550af46744ef8d474797cdba7af2412dc40a3ebdf3b8,main,d987c83ae779e5de7e4888a0ab6af52ed20af2903d4755f5b148800c2d5f06f5,kaggriculture-r88-rivals__moon_q13_mg,2704029,0,93636,94806,0,1,0,DONE,DONE,719,719,659,659,51.981,30.797,1,,4.26
p3066_moon,b723ad3a44acc9fb,kaggle-environments 1.32.7,a52ba1bfe9df9dc1d504550af46744ef8d474797cdba7af2412dc40a3ebdf3b8,main,d987c83ae779e5de7e4888a0ab6af52ed20af2903d4755f5b148800c2d5f06f5,kaggriculture-r88-rivals__moon_q13_mg,2704029,1,93636,94806,0,1,0,DONE,DONE,719,719,659,659,86.64,42.193,1,,4.63
p3066_moon,b723ad3a44acc9fb,kaggle-environments 1.32.7,a52ba1bfe9df9dc1d504550af46744ef8d474797cdba7af2412dc40a3ebdf3b8,main,d987c83ae779e5de7e4888a0ab6af52ed20af2903d4755f5b148800c2d5f06f5,kaggriculture-r88-rivals__moon_q13_mg,3468142,0,97501,97440,1,0,0,DONE,DONE,719,719,657,657,53.948,31.069,1,,4.47
p3066_moon,b723ad3a44acc9fb,kaggle-environments 1.32.7,a52ba1bfe9df9dc1d504550af46744ef8d474797cdba7af2412dc40a3ebdf3b8,main,d987c83ae779e5de7e4888a0ab6af52ed20af2903d4755f5b148800c2d5f06f5,kaggriculture-r88-rivals__moon_q13_mg,3468142,1,97501,97440,1,0,0,DONE,DONE,719,719,658,656,10.69,30.996,1,,4.48
p3066_moon,b723ad3a44acc9fb,kaggle-environments 1.32.7,a52ba1bfe9df9dc1d504550af46744ef8d474797cdba7af2412dc40a3ebdf3b8,main,d987c83ae779e5de7e4888a0ab6af52ed20af2903d4755f5b148800c2d5f06f5,kaggriculture-r88-rivals__moon_q13_mg,5521358,0,77307,77805,0,1,0,DONE,DONE,719,719,634,634,72.081,32.105,1,,4.53
p3066_moon,b723ad3a44acc9fb,kaggle-environments 1.32.7,a52ba1bfe9df9dc1d504550af46744ef8d474797cdba7af2412dc40a3ebdf3b8,main,d987c83ae779e5de7e4888a0ab6af52ed20af2903d4755f5b148800c2d5f06f5,kaggriculture-r88-rivals__moon_q13_mg,5521358,1,77307,77805,0,1,0,DONE,DONE,719,719,634,634,142.973,32.922,1,,4.39
p3066_moon,b723ad3a44acc9fb,kaggle-environments 1.32.7,a52ba1bfe9df9dc1d504550af46744ef8d474797cdba7af2412dc40a3ebdf3b8,main,d987c83ae779e5de7e4888a0ab6af52ed20af2903d4755f5b148800c2d5f06f5,kaggriculture-r88-rivals__moon_q13_mg,7923960,0,112855,113999,0,1,0,DONE,DONE,719,719,656,656,25.434,32.379,1,,4.54
p3066_moon,b723ad3a44acc9fb,kaggle-environments 1.32.7,a52ba1bfe9df9dc1d504550af46744ef8d474797cdba7af2412dc40a3ebdf3b8,main,d987c83ae779e5de7e4888a0ab6af52ed20af2903d4755f5b148800c2d5f06f5,kaggriculture-r88-rivals__moon_q13_mg,7923960,1,112855,113999,0,1,0,DONE,DONE,719,719,656,656,16.1,51.019,1,,4.44
p3066_moon,b723ad3a44acc9fb,kaggle-environments 1.32.7,a52ba1bfe9df9dc1d504550af46744ef8d474797cdba7af2412dc40a3ebdf3b8,main,d987c83ae779e5de7e4888a0ab6af52ed20af2903d4755f5b148800c2d5f06f5,kaggriculture-r88-rivals__moon_q13_mg,9421863,0,115012,115894,0,1,0,DONE,DONE,719,719,657,656,83.024,31.618,1,,4.51
p3066_moon,b723ad3a44acc9fb,kaggle-environments 1.32.7,a52ba1bfe9df9dc1d504550af46744ef8d474797cdba7af2412dc40a3ebdf3b8,main,d987c83ae779e5de7e4888a0ab6af52ed20af2903d4755f5b148800c2d5f06f5,kaggriculture-r88-rivals__moon_q13_mg,9421863,1,115012,115894,0,1,0,DONE,DONE,719,719,657,656,15.612,80.826,1,,4.76
p3066_moon,b723ad3a44acc9fb,kaggle-environments 1.32.7,a52ba1bfe9df9dc1d504550af46744ef8d474797cdba7af2412dc40a3ebdf3b8,main,d987c83ae779e5de7e4888a0ab6af52ed20af2903d4755f5b148800c2d5f06f5,kaggriculture-r88-rivals__moon_q13_mg,11791344,0,87434,85104,1,0,0,DONE,DONE,719,719,650,639,44.311,30.857,1,,4.63
p3066_moon,b723ad3a44acc9fb,kaggle-environments 1.32.7,a52ba1bfe9df9dc1d504550af46744ef8d474797cdba7af2412dc40a3ebdf3b8,main,d987c83ae779e5de7e4888a0ab6af52ed20af2903d4755f5b148800c2d5f06f5,kaggriculture-r88-rivals__moon_q13_mg,11791344,1,87434,85104,1,0,0,DONE,DONE,719,719,650,639,5.473,42.348,1,,5.04
p3066_moon,b723ad3a44acc9fb,kaggle-environments 1.32.7,a52ba1bfe9df9dc1d504550af46744ef8d474797cdba7af2412dc40a3ebdf3b8,main,d987c83ae779e5de7e4888a0ab6af52ed20af2903d4755f5b148800c2d5f06f5,kaggriculture-r88-rivals__moon_q13_mg,11837966,0,75245,77382,0,1,0,DONE,DONE,719,719,657,657,15.962,77.319,1,,4.84
p3066_moon,b723ad3a44acc9fb,kaggle-environments 1.32.7,a52ba1bfe9df9dc1d504550af46744ef8d474797cdba7af2412dc40a3ebdf3b8,main,d987c83ae779e5de7e4888a0ab6af52ed20af2903d4755f5b148800c2d5f06f5,kaggriculture-r88-rivals__moon_q13_mg,11837966,1,75245,77382,0,1,0,DONE,DONE,719,719,657,657,15.887,30.589,1,,4.41
p3066_moon,b723ad3a44acc9fb,kaggle-environments 1.32.7,a52ba1bfe9df9dc1d504550af46744ef8d474797cdba7af2412dc40a3ebdf3b8,main,d987c83ae779e5de7e4888a0ab6af52ed20af2903d4755f5b148800c2d5f06f5,kaggriculture-r88-rivals__moon_q13_mg,11961457,0,124653,126527,0,1,0,DONE,DONE,719,719,653,652,55.666,30.418,1,,4.5
p3066_moon,b723ad3a44acc9fb,kaggle-environments 1.32.7,a52ba1bfe9df9dc1d504550af46744ef8d474797cdba7af2412dc40a3ebdf3b8,main,d987c83ae779e5de7e4888a0ab6af52ed20af2903d4755f5b148800c2d5f06f5,kaggriculture-r88-rivals__moon_q13_mg,11961457,1,125698,125456,1,0,0,DONE,DONE,719,719,653,652,43.844,108.525,1,,4.83
p3066_moon,b723ad3a44acc9fb,kaggle-environments 1.32.7,a52ba1bfe9df9dc1d504550af46744ef8d474797cdba7af2412dc40a3ebdf3b8,main,d987c83ae779e5de7e4888a0ab6af52ed20af2903d4755f5b148800c2d5f06f5,kaggriculture-r88-rivals__moon_q13_mg,15332070,0,86997,87956,0,1,0,DONE,DONE,719,719,652,651,42.773,87.789,1,,4.39
p3066_moon,b723ad3a44acc9fb,kaggle-environments 1.32.7,a52ba1bfe9df9dc1d504550af46744ef8d474797cdba7af2412dc40a3ebdf3b8,main,d987c83ae779e5de7e4888a0ab6af52ed20af2903d4755f5b148800c2d5f06f5,kaggriculture-r88-rivals__moon_q13_mg,15332070,1,86997,87956,0,1,0,DONE,DONE,719,719,652,651,109.146,138.349,1,,4.75
p3066_moon,b723ad3a44acc9fb,kaggle-environments 1.32.7,a52ba1bfe9df9dc1d504550af46744ef8d474797cdba7af2412dc40a3ebdf3b8,main,d987c83ae779e5de7e4888a0ab6af52ed20af2903d4755f5b148800c2d5f06f5,kaggriculture-r88-rivals__moon_q13_mg,20365933,0,62927,65023,0,1,0,DONE,DONE,719,719,653,653,136.386,31.194,1,,4.61
p3066_moon,b723ad3a44acc9fb,kaggle-environments 1.32.7,a52ba1bfe9df9dc1d504550af46744ef8d474797cdba7af2412dc40a3ebdf3b8,main,d987c83ae779e5de7e4888a0ab6af52ed20af2903d4755f5b148800c2d5f06f5,kaggriculture-r88-rivals__moon_q13_mg,20365933,1,62927,65023,0,1,0,DONE,DONE,719,719,653,653,16.939,31.242,1,,4.86
p3066_moon,b723ad3a44acc9fb,kaggle-environments 1.32.7,a52ba1bfe9df9dc1d504550af46744ef8d474797cdba7af2412dc40a3ebdf3b8,main,d987c83ae779e5de7e4888a0ab6af52ed20af2903d4755f5b148800c2d5f06f5,kaggriculture-r88-rivals__moon_q13_mg,20666293,0,71890,73298,0,1,0,DONE,DONE,719,719,649,649,16.614,31.197,1,,4.32
p3066_moon,b723ad3a44acc9fb,kaggle-environments 1.32.7,a52ba1bfe9df9dc1d504550af46744ef8d474797cdba7af2412dc40a3ebdf3b8,main,d987c83ae779e5de7e4888a0ab6af52ed20af2903d4755f5b148800c2d5f06f5,kaggriculture-r88-rivals__moon_q13_mg,20666293,1,71890,73298,0,1,0,DONE,DONE,719,719,649,649,82.064,31.41,1,,4.76
p3066_moon,b723ad3a44acc9fb,kaggle-environments 1.32.7,a52ba1bfe9df9dc1d504550af46744ef8d474797cdba7af2412dc40a3ebdf3b8,main,d987c83ae779e5de7e4888a0ab6af52ed20af2903d4755f5b148800c2d5f06f5,kaggriculture-r88-rivals__moon_q13_mg,20772491,0,138928,139923,0,1,0,DONE,DONE,719,719,656,655,11.587,30.903,1,,4.42
p3066_moon,b723ad3a44acc9fb,kaggle-environments 1.32.7,a52ba1bfe9df9dc1d504550af46744ef8d474797cdba7af2412dc40a3ebdf3b8,main,d987c83ae779e5de7e4888a0ab6af52ed20af2903d4755f5b148800c2d5f06f5,kaggriculture-r88-rivals__moon_q13_mg,20772491,1,138928,139923,0,1,0,DONE,DONE,719,719,656,655,50.03,121.666,1,,4.73
p3066_moon,b723ad3a44acc9fb,kaggle-environments 1.32.7,a52ba1bfe9df9dc1d504550af46744ef8d474797cdba7af2412dc40a3ebdf3b8,main,d987c83ae779e5de7e4888a0ab6af52ed20af2903d4755f5b148800c2d5f06f5,kaggriculture-r88-rivals__moon_q13_mg,22791941,0,98635,100670,0,1,0,DONE,DONE,719,719,651,650,5.208,31.686,1,,4.78
p3066_moon,b723ad3a44acc9fb,kaggle-environments 1.32.7,a52ba1bfe9df9dc1d504550af46744ef8d474797cdba7af2412dc40a3ebdf3b8,main,d987c83ae779e5de7e4888a0ab6af52ed20af2903d4755f5b148800c2d5f06f5,kaggriculture-r88-rivals__moon_q13_mg,22791941,1,98635,100670,0,1,0,DONE,DONE,719,719,651,650,4.305,56.779,1,,4.55
p3066_moon,b723ad3a44acc9fb,kaggle-environments 1.32.7,a52ba1bfe9df9dc1d504550af46744ef8d474797cdba7af2412dc40a3ebdf3b8,main,d987c83ae779e5de7e4888a0ab6af52ed20af2903d4755f5b148800c2d5f06f5,kaggriculture-r88-rivals__moon_q13_mg,24577019,0,95823,96508,0,1,0,DONE,DONE,719,719,654,654,81.211,30.862,1,,4.45
p3066_moon,b723ad3a44acc9fb,kaggle-environments 1.32.7,a52ba1bfe9df9dc1d504550af46744ef8d474797cdba7af2412dc40a3ebdf3b8,main,d987c83ae779e5de7e4888a0ab6af52ed20af2903d4755f5b148800c2d5f06f5,kaggriculture-r88-rivals__moon_q13_mg,24577019,1,95823,96508,0,1,0,DONE,DONE,719,719,654,654,25.964,32.247,1,,4.6
p3066_moon,b723ad3a44acc9fb,kaggle-environments 1.32.7,a52ba1bfe9df9dc1d504550af46744ef8d474797cdba7af2412dc40a3ebdf3b8,main,d987c83ae779e5de7e4888a0ab6af52ed20af2903d4755f5b148800c2d5f06f5,kaggriculture-r88-rivals__moon_q13_mg,25490548,0,61716,62773,0,1,0,DONE,DONE,719,719,649,648,16.155,37.427,1,,4.71
p3066_moon,b723ad3a44acc9fb,kaggle-environments 1.32.7,a52ba1bfe9df9dc1d504550af46744ef8d474797cdba7af2412dc40a3ebdf3b8,main,d987c83ae779e5de7e4888a0ab6af52ed20af2903d4755f5b148800c2d5f06f5,kaggriculture-r88-rivals__moon_q13_mg,25490548,1,61716,62773,0,1,0,DONE,DONE,719,719,649,648,15.94,49.217,1,,4.64
p3066_moon,b723ad3a44acc9fb,kaggle-environments 1.32.7,a52ba1bfe9df9dc1d504550af46744ef8d474797cdba7af2412dc40a3ebdf3b8,main,d987c83ae779e5de7e4888a0ab6af52ed20af2903d4755f5b148800c2d5f06f5,kaggriculture-r88-rivals__moon_q13_mg,26407067,0,121499,127446,0,1,0,DONE,DONE,719,719,639,639,86.62,67.126,1,,4.58
p3066_moon,b723ad3a44acc9fb,kaggle-environments 1.32.7,a52ba1bfe9df9dc1d504550af46744ef8d474797cdba7af2412dc40a3ebdf3b8,main,d987c83ae779e5de7e4888a0ab6af52ed20af2903d4755f5b148800c2d5f06f5,kaggriculture-r88-rivals__moon_q13_mg,26407067,1,121499,127446,0,1,0,DONE,DONE,719,719,639,639,6.281,64.441,1,,4.82
p3066_moon,b723ad3a44acc9fb,kaggle-environments 1.32.7,a52ba1bfe9df9dc1d504550af46744ef8d474797cdba7af2412dc40a3ebdf3b8,main,d987c83ae779e5de7e4888a0ab6af52ed20af2903d4755f5b148800c2d5f06f5,kaggriculture-r88-rivals__moon_q13_mg,28510988,0,105293,107041,0,1,0,DONE,DONE,719,719,654,653,68.459,30.482,1,,4.27
p3066_moon,b723ad3a44acc9fb,kaggle-environments 1.32.7,a52ba1bfe9df9dc1d504550af46744ef8d474797cdba7af2412dc40a3ebdf3b8,main,d987c83ae779e5de7e4888a0ab6af52ed20af2903d4755f5b148800c2d5f06f5,kaggriculture-r88-rivals__moon_q13_mg,28510988,1,106354,105981,1,0,0,DONE,DONE,719,719,654,653,16.291,101.599,1,,4.59
p3066_moon,b723ad3a44acc9fb,kaggle-environments 1.32.7,a52ba1bfe9df9dc1d504550af46744ef8d474797cdba7af2412dc40a3ebdf3b8,main,d987c83ae779e5de7e4888a0ab6af52ed20af2903d4755f5b148800c2d5f06f5,kaggriculture-r88-rivals__moon_q13_mg,29394016,0,91136,94011,0,1,0,DONE,DONE,719,719,653,653,70.455,31.054,1,,4.56
p3066_moon,b723ad3a44acc9fb,kaggle-environments 1.32.7,a52ba1bfe9df9dc1d504550af46744ef8d474797cdba7af2412dc40a3ebdf3b8,main,d987c83ae779e5de7e4888a0ab6af52ed20af2903d4755f5b148800c2d5f06f5,kaggriculture-r88-rivals__moon_q13_mg,29394016,1,91136,94011,0,1,0,DONE,DONE,719,719,653,653,16.175,112.651,1,,4.39
p3066_moon,b723ad3a44acc9fb,kaggle-environments 1.32.7,a52ba1bfe9df9dc1d504550af46744ef8d474797cdba7af2412dc40a3ebdf3b8,main,d987c83ae779e5de7e4888a0ab6af52ed20af2903d4755f5b148800c2d5f06f5,kaggriculture-r88-rivals__moon_q13_mg,30998681,0,94617,95868,0,1,0,DONE,DONE,719,719,638,638,15.493,31.903,1,,4.28
p3066_moon,b723ad3a44acc9fb,kaggle-environments 1.32.7,a52ba1bfe9df9dc1d504550af46744ef8d474797cdba7af2412dc40a3ebdf3b8,main,d987c83ae779e5de7e4888a0ab6af52ed20af2903d4755f5b148800c2d5f06f5,kaggriculture-r88-rivals__moon_q13_mg,30998681,1,94617,95868,0,1,0,DONE,DONE,719,719,638,638,15.016,31.058,1,,4.57
p3066_moon,b723ad3a44acc9fb,kaggle-environments 1.32.7,a52ba1bfe9df9dc1d504550af46744ef8d474797cdba7af2412dc40a3ebdf3b8,main,d987c83ae779e5de7e4888a0ab6af52ed20af2903d4755f5b148800c2d5f06f5,kaggriculture-r88-rivals__moon_q13_mg,31863189,0,75213,77110,0,1,0,DONE,DONE,719,719,649,649,22.021,35.404,1,,4.9
p3066_moon,b723ad3a44acc9fb,kaggle-environments 1.32.7,a52ba1bfe9df9dc1d504550af46744ef8d474797cdba7af2412dc40a3ebdf3b8,main,d987c83ae779e5de7e4888a0ab6af52ed20af2903d4755f5b148800c2d5f06f5,kaggriculture-r88-rivals__moon_q13_mg,31863189,1,75213,77110,0,1,0,DONE,DONE,719,719,649,649,15.811,46.171,1,,4.66
p3066_moon,b723ad3a44acc9fb,kaggle-environments 1.32.7,a52ba1bfe9df9dc1d504550af46744ef8d474797cdba7af2412dc40a3ebdf3b8,main,d987c83ae779e5de7e4888a0ab6af52ed20af2903d4755f5b148800c2d5f06f5,kaggriculture-r88-rivals__moon_q13_mg,33394953,0,72615,76283,0,1,0,DONE,DONE,719,719,649,633,15.716,31.114,1,,4.31
p3066_moon,b723ad3a44acc9fb,kaggle-environments 1.32.7,a52ba1bfe9df9dc1d504550af46744ef8d474797cdba7af2412dc40a3ebdf3b8,main,d987c83ae779e5de7e4888a0ab6af52ed20af2903d4755f5b148800c2d5f06f5,kaggriculture-r88-rivals__moon_q13_mg,33394953,1,72615,76283,0,1,0,DONE,DONE,719,719,649,633,15.777,40.315,1,,4.6
p3066_moon,b723ad3a44acc9fb,kaggle-environments 1.32.7,a52ba1bfe9df9dc1d504550af46744ef8d474797cdba7af2412dc40a3ebdf3b8,main,d987c83ae779e5de7e4888a0ab6af52ed20af2903d4755f5b148800c2d5f06f5,kaggriculture-r88-rivals__moon_q13_mg,36001919,0,96849,96782,1,0,0,DONE,DONE,719,719,656,655,14.584,41.891,1,,5.54
p3066_moon,b723ad3a44acc9fb,kaggle-environments 1.32.7,a52ba1bfe9df9dc1d504550af46744ef8d474797cdba7af2412dc40a3ebdf3b8,main,d987c83ae779e5de7e4888a0ab6af52ed20af2903d4755f5b148800c2d5f06f5,kaggriculture-r88-rivals__moon_q13_mg,36001919,1,96849,96782,1,0,0,DONE,DONE,719,719,656,655,16.256,40.656,1,,6.31
p3066_moon,b723ad3a44acc9fb,kaggle-environments 1.32.7,a52ba1bfe9df9dc1d504550af46744ef8d474797cdba7af2412dc40a3ebdf3b8,main,d987c83ae779e5de7e4888a0ab6af52ed20af2903d4755f5b148800c2d5f06f5,kaggriculture-r88-rivals__moon_q13_mg,39134138,0,100981,103083,0,1,0,DONE,DONE,719,719,654,654,60.098,30.721,1,,4.41
p3066_moon,b723ad3a44acc9fb,kaggle-environments 1.32.7,a52ba1bfe9df9dc1d504550af46744ef8d474797cdba7af2412dc40a3ebdf3b8,main,d987c83ae779e5de7e4888a0ab6af52ed20af2903d4755f5b148800c2d5f06f5,kaggriculture-r88-rivals__moon_q13_mg,39134138,1,100981,103083,0,1,0,DONE,DONE,719,719,654,654,27.465,45.604,1,,6.05
p3066_moon,b723ad3a44acc9fb,kaggle-environments 1.32.7,a52ba1bfe9df9dc1d504550af46744ef8d474797cdba7af2412dc40a3ebdf3b8,main,d987c83ae779e5de7e4888a0ab6af52ed20af2903d4755f5b148800c2d5f06f5,kaggriculture-r88-rivals__moon_q13_mg,43999691,0,74688,76882,0,1,0,DONE,DONE,719,719,653,653,181.041,46.282,1,,6.31
p3066_moon,b723ad3a44acc9fb,kaggle-environments 1.32.7,a52ba1bfe9df9dc1d504550af46744ef8d474797cdba7af2412dc40a3ebdf3b8,main,d987c83ae779e5de7e4888a0ab6af52ed20af2903d4755f5b148800c2d5f06f5,kaggriculture-r88-rivals__moon_q13_mg,43999691,1,74688,76882,0,1,0,DONE,DONE,719,719,653,653,13.904,40.424,1,,5.58
p3066_moon,b723ad3a44acc9fb,kaggle-environments 1.32.7,a52ba1bfe9df9dc1d504550af46744ef8d474797cdba7af2412dc40a3ebdf3b8,main,d987c83ae779e5de7e4888a0ab6af52ed20af2903d4755f5b148800c2d5f06f5,kaggriculture-r88-rivals__moon_q13_mg,44085303,0,103227,104200,0,1,0,DONE,DONE,719,719,656,655,103.512,38.96,1,,5.53
p3066_moon,b723ad3a44acc9fb,kaggle-environments 1.32.7,a52ba1bfe9df9dc1d504550af46744ef8d474797cdba7af2412dc40a3ebdf3b8,main,d987c83ae779e5de7e4888a0ab6af52ed20af2903d4755f5b148800c2d5f06f5,kaggriculture-r88-rivals__moon_q13_mg,44085303,1,103227,104200,0,1,0,DONE,DONE,719,719,656,655,15.631,30.133,1,,4.2
p3066_moon,b723ad3a44acc9fb,kaggle-environments 1.32.7,a52ba1bfe9df9dc1d504550af46744ef8d474797cdba7af2412dc40a3ebdf3b8,main,d987c83ae779e5de7e4888a0ab6af52ed20af2903d4755f5b148800c2d5f06f5,kaggriculture-r88-rivals__moon_q13_mg,46152523,0,88246,90473,0,1,0,DONE,DONE,719,719,637,637,33.685,36.743,1,,4.47
p3066_moon,b723ad3a44acc9fb,kaggle-environments 1.32.7,a52ba1bfe9df9dc1d504550af46744ef8d474797cdba7af2412dc40a3ebdf3b8,main,d987c83ae779e5de7e4888a0ab6af52ed20af2903d4755f5b148800c2d5f06f5,kaggriculture-r88-rivals__moon_q13_mg,46152523,1,88246,90473,0,1,0,DONE,DONE,719,719,637,637,15.114,80.437,1,,4.97
p3066_moon,b723ad3a44acc9fb,kaggle-environments 1.32.7,a52ba1bfe9df9dc1d504550af46744ef8d474797cdba7af2412dc40a3ebdf3b8,main,d987c83ae779e5de7e4888a0ab6af52ed20af2903d4755f5b148800c2d5f06f5,kaggriculture-r88-rivals__moon_q13_mg,47794640,0,58026,60955,0,1,0,DONE,DONE,719,719,648,633,112.628,42.078,1,,4.68
p3066_moon,b723ad3a44acc9fb,kaggle-environments 1.32.7,a52ba1bfe9df9dc1d504550af46744ef8d474797cdba7af2412dc40a3ebdf3b8,main,d987c83ae779e5de7e4888a0ab6af52ed20af2903d4755f5b148800c2d5f06f5,kaggriculture-r88-rivals__moon_q13_mg,47794640,1,58026,60955,0,1,0,DONE,DONE,719,719,648,633,16.45,49.187,1,,4.32
p3066_moon,b723ad3a44acc9fb,kaggle-environments 1.32.7,a52ba1bfe9df9dc1d504550af46744ef8d474797cdba7af2412dc40a3ebdf3b8,main,d987c83ae779e5de7e4888a0ab6af52ed20af2903d4755f5b148800c2d5f06f5,kaggriculture-r88-rivals__moon_q13_mg,48301656,0,65517,65974,0,1,0,DONE,DONE,719,719,651,650,72.989,39.917,1,,4.88
p3066_moon,b723ad3a44acc9fb,kaggle-environments 1.32.7,a52ba1bfe9df9dc1d504550af46744ef8d474797cdba7af2412dc40a3ebdf3b8,main,d987c83ae779e5de7e4888a0ab6af52ed20af2903d4755f5b148800c2d5f06f5,kaggriculture-r88-rivals__moon_q13_mg,48301656,1,65517,65974,0,1,0,DONE,DONE,719,719,651,650,19.025,48.905,1,,4.99
p3066_moon,b723ad3a44acc9fb,kaggle-environments 1.32.7,a52ba1bfe9df9dc1d504550af46744ef8d474797cdba7af2412dc40a3ebdf3b8,main,d987c83ae779e5de7e4888a0ab6af52ed20af2903d4755f5b148800c2d5f06f5,kaggriculture-r88-rivals__moon_q13_mg,51213129,0,130302,131694,0,1,0,DONE,DONE,719,719,656,655,16.535,31.465,1,,4.27
p3066_moon,b723ad3a44acc9fb,kaggle-environments 1.32.7,a52ba1bfe9df9dc1d504550af46744ef8d474797cdba7af2412dc40a3ebdf3b8,main,d987c83ae779e5de7e4888a0ab6af52ed20af2903d4755f5b148800c2d5f06f5,kaggriculture-r88-rivals__moon_q13_mg,51213129,1,130302,131694,0,1,0,DONE,DONE,719,719,656,655,16.181,32.818,1,,4.42
p3066_moon,b723ad3a44acc9fb,kaggle-environments 1.32.7,a52ba1bfe9df9dc1d504550af46744ef8d474797cdba7af2412dc40a3ebdf3b8,main,d987c83ae779e5de7e4888a0ab6af52ed20af2903d4755f5b148800c2d5f06f5,kaggriculture-r88-rivals__moon_q13_mg,51822627,0,136664,138917,0,1,0,DONE,DONE,719,719,658,657,82.639,32.475,1,,4.95
p3066_moon,b723ad3a44acc9fb,kaggle-environments 1.32.7,a52ba1bfe9df9dc1d504550af46744ef8d474797cdba7af2412dc40a3ebdf3b8,main,d987c83ae779e5de7e4888a0ab6af52ed20af2903d4755f5b148800c2d5f06f5,kaggriculture-r88-rivals__moon_q13_mg,51822627,1,136664,138917,0,1,0,DONE,DONE,719,719,658,657,18.712,37.699,1,,4.65
p3066_moon,b723ad3a44acc9fb,kaggle-environments 1.32.7,a52ba1bfe9df9dc1d504550af46744ef8d474797cdba7af2412dc40a3ebdf3b8,main,d987c83ae779e5de7e4888a0ab6af52ed20af2903d4755f5b148800c2d5f06f5,kaggriculture-r88-rivals__moon_q13_mg,55431633,0,94904,101790,0,1,0,DONE,DONE,719,719,650,639,68.363,31.386,1,,4.61
p3066_moon,b723ad3a44acc9fb,kaggle-environments 1.32.7,a52ba1bfe9df9dc1d504550af46744ef8d474797cdba7af2412dc40a3ebdf3b8,main,d987c83ae779e5de7e4888a0ab6af52ed20af2903d4755f5b148800c2d5f06f5,kaggriculture-r88-rivals__moon_q13_mg,55431633,1,95027,101671,0,1,0,DONE,DONE,719,719,650,639,6.919,66.484,1,,4.9
p3066_moon,b723ad3a44acc9fb,kaggle-environments 1.32.7,a52ba1bfe9df9dc1d504550af46744ef8d474797cdba7af2412dc40a3ebdf3b8,main,d987c83ae779e5de7e4888a0ab6af52ed20af2903d4755f5b148800c2d5f06f5,kaggriculture-r88-rivals__moon_q13_mg,56558750,0,108884,111733,0,1,0,DONE,DONE,719,719,649,637,68.057,32.668,1,,4.87
p3066_moon,b723ad3a44acc9fb,kaggle-environments 1.32.7,a52ba1bfe9df9dc1d504550af46744ef8d474797cdba7af2412dc40a3ebdf3b8,main,d987c83ae779e5de7e4888a0ab6af52ed20af2903d4755f5b148800c2d5f06f5,kaggriculture-r88-rivals__moon_q13_mg,56558750,1,108884,111733,0,1,0,DONE,DONE,719,719,649,637,11.873,110.138,1,,4.89
p3066_moon,b723ad3a44acc9fb,kaggle-environments 1.32.7,a52ba1bfe9df9dc1d504550af46744ef8d474797cdba7af2412dc40a3ebdf3b8,main,d987c83ae779e5de7e4888a0ab6af52ed20af2903d4755f5b148800c2d5f06f5,kaggriculture-r88-rivals__moon_q13_mg,58108362,0,84382,86626,0,1,0,DONE,DONE,719,719,652,651,15.84,31.39,1,,4.33
p3066_moon,b723ad3a44acc9fb,kaggle-environments 1.32.7,a52ba1bfe9df9dc1d504550af46744ef8d474797cdba7af2412dc40a3ebdf3b8,main,d987c83ae779e5de7e4888a0ab6af52ed20af2903d4755f5b148800c2d5f06f5,kaggriculture-r88-rivals__moon_q13_mg,58108362,1,84382,86626,0,1,0,DONE,DONE,719,719,652,651,78.256,41.532,1,,4.65
p3066_moon,b723ad3a44acc9fb,kaggle-environments 1.32.7,a52ba1bfe9df9dc1d504550af46744ef8d474797cdba7af2412dc40a3ebdf3b8,main,d987c83ae779e5de7e4888a0ab6af52ed20af2903d4755f5b148800c2d5f06f5,kaggriculture-r88-rivals__moon_q13_mg,63541042,0,120234,120319,0,1,0,DONE,DONE,719,719,657,656,15.206,35.999,1,,4.5
p3066_moon,b723ad3a44acc9fb,kaggle-environments 1.32.7,a52ba1bfe9df9dc1d504550af46744ef8d474797cdba7af2412dc40a3ebdf3b8,main,d987c83ae779e5de7e4888a0ab6af52ed20af2903d4755f5b148800c2d5f06f5,kaggriculture-r88-rivals__moon_q13_mg,63541042,1,120234,120319,0,1,0,DONE,DONE,719,719,657,656,90.665,63.46,1,,4.45
p3066_moon,b723ad3a44acc9fb,kaggle-environments 1.32.7,a52ba1bfe9df9dc1d504550af46744ef8d474797cdba7af2412dc40a3ebdf3b8,main,d987c83ae779e5de7e4888a0ab6af52ed20af2903d4755f5b148800c2d5f06f5,kaggriculture-r88-rivals__moon_q13_mg,65259409,0,110541,111984,0,1,0,DONE,DONE,719,719,653,652,58.373,31.226,1,,4.46
p3066_moon,b723ad3a44acc9fb,kaggle-environments 1.32.7,a52ba1bfe9df9dc1d504550af46744ef8d474797cdba7af2412dc40a3ebdf3b8,main,d987c83ae779e5de7e4888a0ab6af52ed20af2903d4755f5b148800c2d5f06f5,kaggriculture-r88-rivals__moon_q13_mg,65259409,1,110541,111984,0,1,0,DONE,DONE,719,719,653,652,121.686,33.545,1,,4.8
p3066_moon,b723ad3a44acc9fb,kaggle-environments 1.32.7,a52ba1bfe9df9dc1d504550af46744ef8d474797cdba7af2412dc40a3ebdf3b8,main,d987c83ae779e5de7e4888a0ab6af52ed20af2903d4755f5b148800c2d5f06f5,kaggriculture-r88-rivals__moon_q13_mg,66449875,0,102559,103532,0,1,0,DONE,DONE,719,719,649,648,17.539,39.795,1,,4.7
p3066_moon,b723ad3a44acc9fb,kaggle-environments 1.32.7,a52ba1bfe9df9dc1d504550af46744ef8d474797cdba7af2412dc40a3ebdf3b8,main,d987c83ae779e5de7e4888a0ab6af52ed20af2903d4755f5b148800c2d5f06f5,kaggriculture-r88-rivals__moon_q13_mg,66449875,1,102559,103532,0,1,0,DONE,DONE,719,719,649,648,79.934,31.995,1,,4.51
p3066_moon,b723ad3a44acc9fb,kaggle-environments 1.32.7,a52ba1bfe9df9dc1d504550af46744ef8d474797cdba7af2412dc40a3ebdf3b8,main,d987c83ae779e5de7e4888a0ab6af52ed20af2903d4755f5b148800c2d5f06f5,kaggriculture-r88-rivals__moon_q13_mg,71346262,0,110389,111582,0,1,0,DONE,DONE,719,719,657,656,58.091,32.02,1,,4.24
p3066_moon,b723ad3a44acc9fb,kaggle-environments 1.32.7,a52ba1bfe9df9dc1d504550af46744ef8d474797cdba7af2412dc40a3ebdf3b8,main,d987c83ae779e5de7e4888a0ab6af52ed20af2903d4755f5b148800c2d5f06f5,kaggriculture-r88-rivals__moon_q13_mg,71346262,1,111505,110517,1,0,0,DONE,DONE,719,719,657,656,16.16,34.314,1,,4.25
p3066_moon,b723ad3a44acc9fb,kaggle-environments 1.32.7,a52ba1bfe9df9dc1d504550af46744ef8d474797cdba7af2412dc40a3ebdf3b8,main,d987c83ae779e5de7e4888a0ab6af52ed20af2903d4755f5b148800c2d5f06f5,kaggriculture-r88-rivals__moon_q13_mg,74493709,0,73569,75506,0,1,0,DONE,DONE,719,719,640,635,109.653,32.105,1,,4.48
p3066_moon,b723ad3a44acc9fb,kaggle-environments 1.32.7,a52ba1bfe9df9dc1d504550af46744ef8d474797cdba7af2412dc40a3ebdf3b8,main,d987c83ae779e5de7e4888a0ab6af52ed20af2903d4755f5b148800c2d5f06f5,kaggriculture-r88-rivals__moon_q13_mg,74493709,1,73569,75506,0,1,0,DONE,DONE,719,719,640,635,16.077,64.693,1,,4.45
p3066_moon,b723ad3a44acc9fb,kaggle-environments 1.32.7,a52ba1bfe9df9dc1d504550af46744ef8d474797cdba7af2412dc40a3ebdf3b8,main,d987c83ae779e5de7e4888a0ab6af52ed20af2903d4755f5b148800c2d5f06f5,kaggriculture-r88-rivals__moon_q13_mg,77307889,0,110805,112682,0,1,0,DONE,DONE,719,719,651,640,5.533,31.933,1,,4.66
p3066_moon,b723ad3a44acc9fb,kaggle-environments 1.32.7,a52ba1bfe9df9dc1d504550af46744ef8d474797cdba7af2412dc40a3ebdf3b8,main,d987c83ae779e5de7e4888a0ab6af52ed20af2903d4755f5b148800c2d5f06f5,kaggriculture-r88-rivals__moon_q13_mg,77307889,1,110805,112682,0,1,0,DONE,DONE,719,719,651,640,6.381,59.585,1,,4.89
p3066_moon,b723ad3a44acc9fb,kaggle-environments 1.32.7,a52ba1bfe9df9dc1d504550af46744ef8d474797cdba7af2412dc40a3ebdf3b8,main,d987c83ae779e5de7e4888a0ab6af52ed20af2903d4755f5b148800c2d5f06f5,kaggriculture-r88-rivals__moon_q13_mg,78039233,0,129363,131005,0,1,0,DONE,DONE,719,719,643,641,125.532,31.74,1,,4.71
p3066_moon,b723ad3a44acc9fb,kaggle-environments 1.32.7,a52ba1bfe9df9dc1d504550af46744ef8d474797cdba7af2412dc40a3ebdf3b8,main,d987c83ae779e5de7e4888a0ab6af52ed20af2903d4755f5b148800c2d5f06f5,kaggriculture-r88-rivals__moon_q13_mg,78039233,1,129363,131005,0,1,0,DONE,DONE,719,719,643,641,87.351,31.548,1,,4.43
p3066_moon,b723ad3a44acc9fb,kaggle-environments 1.32.7,a52ba1bfe9df9dc1d504550af46744ef8d474797cdba7af2412dc40a3ebdf3b8,main,d987c83ae779e5de7e4888a0ab6af52ed20af2903d4755f5b148800c2d5f06f5,kaggriculture-r88-rivals__moon_q13_mg,80843786,0,93770,97240,0,1,0,DONE,DONE,719,719,649,638,90.543,30.455,1,,4.43
p3066_moon,b723ad3a44acc9fb,kaggle-environments 1.32.7,a52ba1bfe9df9dc1d504550af46744ef8d474797cdba7af2412dc40a3ebdf3b8,main,d987c83ae779e5de7e4888a0ab6af52ed20af2903d4755f5b148800c2d5f06f5,kaggriculture-r88-rivals__moon_q13_mg,80843786,1,93770,97240,0,1,0,DONE,DONE,719,719,649,638,15.899,33.77,1,,4.48
p3066_moon,b723ad3a44acc9fb,kaggle-environments 1.32.7,a52ba1bfe9df9dc1d504550af46744ef8d474797cdba7af2412dc40a3ebdf3b8,main,d987c83ae779e5de7e4888a0ab6af52ed20af2903d4755f5b148800c2d5f06f5,kaggriculture-r88-rivals__moon_q13_mg,82578275,0,111705,112063,0,1,0,DONE,DONE,719,719,653,652,15.873,31.469,1,,4.57
p3066_moon,b723ad3a44acc9fb,kaggle-environments 1.32.7,a52ba1bfe9df9dc1d504550af46744ef8d474797cdba7af2412dc40a3ebdf3b8,main,d987c83ae779e5de7e4888a0ab6af52ed20af2903d4755f5b148800c2d5f06f5,kaggriculture-r88-rivals__moon_q13_mg,82578275,1,111705,112063,0,1,0,DONE,DONE,719,719,653,652,15.906,78.705,1,,4.54
p3066_moon,b723ad3a44acc9fb,kaggle-environments 1.32.7,a52ba1bfe9df9dc1d504550af46744ef8d474797cdba7af2412dc40a3ebdf3b8,main,d987c83ae779e5de7e4888a0ab6af52ed20af2903d4755f5b148800c2d5f06f5,kaggriculture-r88-rivals__moon_q13_mg,84320987,0,125885,128826,0,1,0,DONE,DONE,719,719,649,637,11.169,31.545,1,,4.86
p3066_moon,b723ad3a44acc9fb,kaggle-environments 1.32.7,a52ba1bfe9df9dc1d504550af46744ef8d474797cdba7af2412dc40a3ebdf3b8,main,d987c83ae779e5de7e4888a0ab6af52ed20af2903d4755f5b148800c2d5f06f5,kaggriculture-r88-rivals__moon_q13_mg,84320987,1,125885,128826,0,1,0,DONE,DONE,719,719,649,637,12.746,33.944,1,,4.69
p3066_moon,b723ad3a44acc9fb,kaggle-environments 1.32.7,a52ba1bfe9df9dc1d504550af46744ef8d474797cdba7af2412dc40a3ebdf3b8,main,d987c83ae779e5de7e4888a0ab6af52ed20af2903d4755f5b148800c2d5f06f5,kaggriculture-r88-rivals__moon_q13_mg,94043888,0,88039,89889,0,1,0,DONE,DONE,719,719,653,653,11.194,30.759,1,,4.53
p3066_moon,b723ad3a44acc9fb,kaggle-environments 1.32.7,a52ba1bfe9df9dc1d504550af46744ef8d474797cdba7af2412dc40a3ebdf3b8,main,d987c83ae779e5de7e4888a0ab6af52ed20af2903d4755f5b148800c2d5f06f5,kaggriculture-r88-rivals__moon_q13_mg,94043888,1,88039,89889,0,1,0,DONE,DONE,719,719,653,653,10.779,87.792,1,,4.73
p3066_moon,b723ad3a44acc9fb,kaggle-environments 1.32.7,a52ba1bfe9df9dc1d504550af46744ef8d474797cdba7af2412dc40a3ebdf3b8,main,d987c83ae779e5de7e4888a0ab6af52ed20af2903d4755f5b148800c2d5f06f5,kaggriculture-r88-rivals__moon_q13_mg,96364528,0,157385,158298,0,1,0,DONE,DONE,719,719,656,655,128.594,31.025,1,,4.65
p3066_moon,b723ad3a44acc9fb,kaggle-environments 1.32.7,a52ba1bfe9df9dc1d504550af46744ef8d474797cdba7af2412dc40a3ebdf3b8,main,d987c83ae779e5de7e4888a0ab6af52ed20af2903d4755f5b148800c2d5f06f5,kaggriculture-r88-rivals__moon_q13_mg,96364528,1,157385,158298,0,1,0,DONE,DONE,719,719,656,655,15.905,31.953,1,,4.45
p3066_moon,b723ad3a44acc9fb,kaggle-environments 1.32.7,a52ba1bfe9df9dc1d504550af46744ef8d474797cdba7af2412dc40a3ebdf3b8,main,d987c83ae779e5de7e4888a0ab6af52ed20af2903d4755f5b148800c2d5f06f5,kaggriculture-r88-rivals__moon_q13_mg,102279838,0,79138,79879,0,1,0,DONE,DONE,719,719,651,650,19.784,31.777,1,,4.71
p3066_moon,b723ad3a44acc9fb,kaggle-environments 1.32.7,a52ba1bfe9df9dc1d504550af46744ef8d474797cdba7af2412dc40a3ebdf3b8,main,d987c83ae779e5de7e4888a0ab6af52ed20af2903d4755f5b148800c2d5f06f5,kaggriculture-r88-rivals__moon_q13_mg,102279838,1,79138,79879,0,1,0,DONE,DONE,719,719,651,650,16.235,65.566,1,,4.54
p3066_moon,b723ad3a44acc9fb,kaggle-environments 1.32.7,a52ba1bfe9df9dc1d504550af46744ef8d474797cdba7af2412dc40a3ebdf3b8,main,d987c83ae779e5de7e4888a0ab6af52ed20af2903d4755f5b148800c2d5f06f5,kaggriculture-r88-rivals__moon_q13_mg,104574611,0,68275,69005,0,1,0,DONE,DONE,719,719,653,653,78.678,33.944,1,,4.42
p3066_moon,b723ad3a44acc9fb,kaggle-environments 1.32.7,a52ba1bfe9df9dc1d504550af46744ef8d474797cdba7af2412dc40a3ebdf3b8,main,d987c83ae779e5de7e4888a0ab6af52ed20af2903d4755f5b148800c2d5f06f5,kaggriculture-r88-rivals__moon_q13_mg,104574611,1,68275,69005,0,1,0,DONE,DONE,719,719,653,653,84.318,108.466,1,,4.3
p3066_moon,b723ad3a44acc9fb,kaggle-environments 1.32.7,a52ba1bfe9df9dc1d504550af46744ef8d474797cdba7af2412dc40a3ebdf3b8,main,d987c83ae779e5de7e4888a0ab6af52ed20af2903d4755f5b148800c2d5f06f5,kaggriculture-r88-rivals__moon_q13_mg,105234131,0,133010,133909,0,1,0,DONE,DONE,719,719,654,653,72.49,32.343,1,,4.71
p3066_moon,b723ad3a44acc9fb,kaggle-environments 1.32.7,a52ba1bfe9df9dc1d504550af46744ef8d474797cdba7af2412dc40a3ebdf3b8,main,d987c83ae779e5de7e4888a0ab6af52ed20af2903d4755f5b148800c2d5f06f5,kaggriculture-r88-rivals__moon_q13_mg,105234131,1,133010,133909,0,1,0,DONE,DONE,719,719,654,653,56.078,30.151,1,,4.32
p3066_moon,b723ad3a44acc9fb,kaggle-environments 1.32.7,a52ba1bfe9df9dc1d504550af46744ef8d474797cdba7af2412dc40a3ebdf3b8,main,d987c83ae779e5de7e4888a0ab6af52ed20af2903d4755f5b148800c2d5f06f5,kaggriculture-r88-rivals__moon_q13_mg,105290679,0,68435,70515,0,1,0,DONE,DONE,719,719,656,656,16.324,79.79,1,,4.93
p3066_moon,b723ad3a44acc9fb,kaggle-environments 1.32.7,a52ba1bfe9df9dc1d504550af46744ef8d474797cdba7af2412dc40a3ebdf3b8,main,d987c83ae779e5de7e4888a0ab6af52ed20af2903d4755f5b148800c2d5f06f5,kaggriculture-r88-rivals__moon_q13_mg,105290679,1,68435,70515,0,1,0,DONE,DONE,719,719,656,656,141.534,31.684,1,,4.76
p3066_moon,b723ad3a44acc9fb,kaggle-environments 1.32.7,a52ba1bfe9df9dc1d504550af46744ef8d474797cdba7af2412dc40a3ebdf3b8,main,d987c83ae779e5de7e4888a0ab6af52ed20af2903d4755f5b148800c2d5f06f5,kaggriculture-r88-rivals__moon_q13_mg,106081126,0,110760,111973,0,1,0,DONE,DONE,719,719,642,637,15.327,34.482,1,,4.59
p3066_moon,b723ad3a44acc9fb,kaggle-environments 1.32.7,a52ba1bfe9df9dc1d504550af46744ef8d474797cdba7af2412dc40a3ebdf3b8,main,d987c83ae779e5de7e4888a0ab6af52ed20af2903d4755f5b148800c2d5f06f5,kaggriculture-r88-rivals__moon_q13_mg,106081126,1,110760,111973,0,1,0,DONE,DONE,719,719,642,637,15.821,39.518,1,,4.4
p3066_moon,b723ad3a44acc9fb,kaggle-environments 1.32.7,a52ba1bfe9df9dc1d504550af46744ef8d474797cdba7af2412dc40a3ebdf3b8,main,d987c83ae779e5de7e4888a0ab6af52ed20af2903d4755f5b148800c2d5f06f5,kaggriculture-r88-rivals__moon_q13_mg,106245702,0,130799,132187,0,1,0,DONE,DONE,719,719,643,639,56.918,31.68,1,,4.33
p3066_moon,b723ad3a44acc9fb,kaggle-environments 1.32.7,a52ba1bfe9df9dc1d504550af46744ef8d474797cdba7af2412dc40a3ebdf3b8,main,d987c83ae779e5de7e4888a0ab6af52ed20af2903d4755f5b148800c2d5f06f5,kaggriculture-r88-rivals__moon_q13_mg,106245702,1,130799,132187,0,1,0,DONE,DONE,719,719,643,639,15.5,32.554,1,,4.24
p3066_moon,b723ad3a44acc9fb,kaggle-environments 1.32.7,a52ba1bfe9df9dc1d504550af46744ef8d474797cdba7af2412dc40a3ebdf3b8,main,d987c83ae779e5de7e4888a0ab6af52ed20af2903d4755f5b148800c2d5f06f5,kaggriculture-r88-rivals__moon_q13_mg,107640478,0,69821,70419,0,1,0,DONE,DONE,719,719,653,652,104.321,32.001,1,,4.63
p3066_moon,b723ad3a44acc9fb,kaggle-environments 1.32.7,a52ba1bfe9df9dc1d504550af46744ef8d474797cdba7af2412dc40a3ebdf3b8,main,d987c83ae779e5de7e4888a0ab6af52ed20af2903d4755f5b148800c2d5f06f5,kaggriculture-r88-rivals__moon_q13_mg,107640478,1,69821,70419,0,1,0,DONE,DONE,719,719,653,652,65.504,33.359,1,,4.5
p3066_moon,b723ad3a44acc9fb,kaggle-environments 1.32.7,a52ba1bfe9df9dc1d504550af46744ef8d474797cdba7af2412dc40a3ebdf3b8,main,d987c83ae779e5de7e4888a0ab6af52ed20af2903d4755f5b148800c2d5f06f5,kaggriculture-r88-rivals__moon_q13_mg,110571895,0,84024,84336,0,1,0,DONE,DONE,719,719,653,653,101.894,32.534,1,,4.37
p3066_moon,b723ad3a44acc9fb,kaggle-environments 1.32.7,a52ba1bfe9df9dc1d504550af46744ef8d474797cdba7af2412dc40a3ebdf3b8,main,d987c83ae779e5de7e4888a0ab6af52ed20af2903d4755f5b148800c2d5f06f5,kaggriculture-r88-rivals__moon_q13_mg,110571895,1,84024,84336,0,1,0,DONE,DONE,719,719,653,653,16.452,30.877,1,,4.43
p3066_moon,b723ad3a44acc9fb,kaggle-environments 1.32.7,a52ba1bfe9df9dc1d504550af46744ef8d474797cdba7af2412dc40a3ebdf3b8,main,d987c83ae779e5de7e4888a0ab6af52ed20af2903d4755f5b148800c2d5f06f5,kaggriculture-r88-rivals__moon_q13_mg,111719538,0,77363,77441,0,1,0,DONE,DONE,719,719,651,650,61.174,70.948,1,,4.51
p3066_moon,b723ad3a44acc9fb,kaggle-environments 1.32.7,a52ba1bfe9df9dc1d504550af46744ef8d474797cdba7af2412dc40a3ebdf3b8,main,d987c83ae779e5de7e4888a0ab6af52ed20af2903d4755f5b148800c2d5f06f5,kaggriculture-r88-rivals__moon_q13_mg,111719538,1,77363,77441,0,1,0,DONE,DONE,719,719,651,650,18.821,39.787,1,,4.87
p3066_moon,b723ad3a44acc9fb,kaggle-environments 1.32.7,a52ba1bfe9df9dc1d504550af46744ef8d474797cdba7af2412dc40a3ebdf3b8,main,d987c83ae779e5de7e4888a0ab6af52ed20af2903d4755f5b148800c2d5f06f5,kaggriculture-r88-rivals__moon_q13_mg,112234035,0,103386,108899,0,1,0,DONE,DONE,719,719,650,637,89.384,33.517,1,,5.0
p3066_moon,b723ad3a44acc9fb,kaggle-environments 1.32.7,a52ba1bfe9df9dc1d504550af46744ef8d474797cdba7af2412dc40a3ebdf3b8,main,d987c83ae779e5de7e4888a0ab6af52ed20af2903d4755f5b148800c2d5f06f5,kaggriculture-r88-rivals__moon_q13_mg,112234035,1,103386,108899,0,1,0,DONE,DONE,719,719,650,637,7.547,30.943,1,,4.66
p3066_moon,b723ad3a44acc9fb,kaggle-environments 1.32.7,a52ba1bfe9df9dc1d504550af46744ef8d474797cdba7af2412dc40a3ebdf3b8,main,d987c83ae779e5de7e4888a0ab6af52ed20af2903d4755f5b148800c2d5f06f5,kaggriculture-r88-rivals__moon_q13_mg,112896507,0,95195,95779,0,1,0,DONE,DONE,719,719,652,652,77.553,66.79,1,,4.45
p3066_moon,b723ad3a44acc9fb,kaggle-environments 1.32.7,a52ba1bfe9df9dc1d504550af46744ef8d474797cdba7af2412dc40a3ebdf3b8,main,d987c83ae779e5de7e4888a0ab6af52ed20af2903d4755f5b148800c2d5f06f5,kaggriculture-r88-rivals__moon_q13_mg,112896507,1,95195,95779,0,1,0,DONE,DONE,719,719,652,652,67.519,34.747,1,,4.9
p3066_moon,b723ad3a44acc9fb,kaggle-environments 1.32.7,a52ba1bfe9df9dc1d504550af46744ef8d474797cdba7af2412dc40a3ebdf3b8,main,d987c83ae779e5de7e4888a0ab6af52ed20af2903d4755f5b148800c2d5f06f5,kaggriculture-r88-rivals__moon_q13_mg,112953244,0,98445,99727,0,1,0,DONE,DONE,719,719,652,651,51.528,31.238,1,,4.38
p3066_moon,b723ad3a44acc9fb,kaggle-environments 1.32.7,a52ba1bfe9df9dc1d504550af46744ef8d474797cdba7af2412dc40a3ebdf3b8,main,d987c83ae779e5de7e4888a0ab6af52ed20af2903d4755f5b148800c2d5f06f5,kaggriculture-r88-rivals__moon_q13_mg,112953244,1,98445,99727,0,1,0,DONE,DONE,719,719,652,651,16.147,32.847,1,,4.39
p3066_moon,b723ad3a44acc9fb,kaggle-environments 1.32.7,a52ba1bfe9df9dc1d504550af46744ef8d474797cdba7af2412dc40a3ebdf3b8,main,d987c83ae779e5de7e4888a0ab6af52ed20af2903d4755f5b148800c2d5f06f5,kaggriculture-r88-rivals__moon_q13_mg,114605881,0,67718,70076,0,1,0,DONE,DONE,719,719,653,652,106.775,42.765,1,,4.93
p3066_moon,b723ad3a44acc9fb,kaggle-environments 1.32.7,a52ba1bfe9df9dc1d504550af46744ef8d474797cdba7af2412dc40a3ebdf3b8,main,d987c83ae779e5de7e4888a0ab6af52ed20af2903d4755f5b148800c2d5f06f5,kaggriculture-r88-rivals__moon_q13_mg,114605881,1,67718,70076,0,1,0,DONE,DONE,719,719,653,652,83.304,31.709,1,,4.64
p3066_moon,b723ad3a44acc9fb,kaggle-environments 1.32.7,a52ba1bfe9df9dc1d504550af46744ef8d474797cdba7af2412dc40a3ebdf3b8,main,d987c83ae779e5de7e4888a0ab6af52ed20af2903d4755f5b148800c2d5f06f5,kaggriculture-r88-rivals__moon_q13_mg,114669855,0,123295,127214,0,1,0,DONE,DONE,719,719,665,640,6.72,31.373,1,,4.59
p3066_moon,b723ad3a44acc9fb,kaggle-environments 1.32.7,a52ba1bfe9df9dc1d504550af46744ef8d474797cdba7af2412dc40a3ebdf3b8,main,d987c83ae779e5de7e4888a0ab6af52ed20af2903d4755f5b148800c2d5f06f5,kaggriculture-r88-rivals__moon_q13_mg,114669855,1,123295,127214,0,1,0,DONE,DONE,719,719,665,640,7.828,43.227,1,,4.84
p3066_moon,b723ad3a44acc9fb,kaggle-environments 1.32.7,a52ba1bfe9df9dc1d504550af46744ef8d474797cdba7af2412dc40a3ebdf3b8,main,d987c83ae779e5de7e4888a0ab6af52ed20af2903d4755f5b148800c2d5f06f5,kaggriculture-r88-rivals__moon_q13_mg,116292242,0,92361,93659,0,1,0,DONE,DONE,719,719,655,654,20.163,30.636,1,,4.28
p3066_moon,b723ad3a44acc9fb,kaggle-environments 1.32.7,a52ba1bfe9df9dc1d504550af46744ef8d474797cdba7af2412dc40a3ebdf3b8,main,d987c83ae779e5de7e4888a0ab6af52ed20af2903d4755f5b148800c2d5f06f5,kaggriculture-r88-rivals__moon_q13_mg,116292242,1,92361,93659,0,1,0,DONE,DONE,719,719,655,654,58.416,125.642,1,,4.37
p3066_moon,b723ad3a44acc9fb,kaggle-environments 1.32.7,a52ba1bfe9df9dc1d504550af46744ef8d474797cdba7af2412dc40a3ebdf3b8,main,d987c83ae779e5de7e4888a0ab6af52ed20af2903d4755f5b148800c2d5f06f5,kaggriculture-r88-rivals__moon_q13_mg,119787912,0,115151,116796,0,1,0,DONE,DONE,719,719,653,652,129.221,33.157,1,,4.54
p3066_moon,b723ad3a44acc9fb,kaggle-environments 1.32.7,a52ba1bfe9df9dc1d504550af46744ef8d474797cdba7af2412dc40a3ebdf3b8,main,d987c83ae779e5de7e4888a0ab6af52ed20af2903d4755f5b148800c2d5f06f5,kaggriculture-r88-rivals__moon_q13_mg,119787912,1,115151,116796,0,1,0,DONE,DONE,719,719,653,652,15.556,31.557,1,,4.58
p3066_moon,b723ad3a44acc9fb,kaggle-environments 1.32.7,a52ba1bfe9df9dc1d504550af46744ef8d474797cdba7af2412dc40a3ebdf3b8,main,d987c83ae779e5de7e4888a0ab6af52ed20af2903d4755f5b148800c2d5f06f5,kaggriculture-r88-rivals__moon_q13_mg,121405986,0,95285,97949,0,1,0,DONE,DONE,719,719,650,637,15.797,32.345,1,,4.51
p3066_moon,b723ad3a44acc9fb,kaggle-environments 1.32.7,a52ba1bfe9df9dc1d504550af46744ef8d474797cdba7af2412dc40a3ebdf3b8,main,d987c83ae779e5de7e4888a0ab6af52ed20af2903d4755f5b148800c2d5f06f5,kaggriculture-r88-rivals__moon_q13_mg,121405986,1,95285,97949,0,1,0,DONE,DONE,719,719,650,637,88.203,33.032,1,,4.41
p3066_moon,b723ad3a44acc9fb,kaggle-environments 1.32.7,a52ba1bfe9df9dc1d504550af46744ef8d474797cdba7af2412dc40a3ebdf3b8,main,d987c83ae779e5de7e4888a0ab6af52ed20af2903d4755f5b148800c2d5f06f5,kaggriculture-r88-rivals__moon_q13_mg,123984975,0,129012,131030,0,1,0,DONE,DONE,719,719,659,659,96.083,31.949,1,,4.66
p3066_moon,b723ad3a44acc9fb,kaggle-environments 1.32.7,a52ba1bfe9df9dc1d504550af46744ef8d474797cdba7af2412dc40a3ebdf3b8,main,d987c83ae779e5de7e4888a0ab6af52ed20af2903d4755f5b148800c2d5f06f5,kaggriculture-r88-rivals__moon_q13_mg,123984975,1,129012,131030,0,1,0,DONE,DONE,719,719,659,659,3.856,93.216,1,,4.57
p3066_moon,b723ad3a44acc9fb,kaggle-environments 1.32.7,a52ba1bfe9df9dc1d504550af46744ef8d474797cdba7af2412dc40a3ebdf3b8,main,d987c83ae779e5de7e4888a0ab6af52ed20af2903d4755f5b148800c2d5f06f5,kaggriculture-r88-rivals__moon_q13_mg,129963012,0,63513,64425,0,1,0,DONE,DONE,719,719,649,649,85.783,36.157,1,,4.59
p3066_moon,b723ad3a44acc9fb,kaggle-environments 1.32.7,a52ba1bfe9df9dc1d504550af46744ef8d474797cdba7af2412dc40a3ebdf3b8,main,d987c83ae779e5de7e4888a0ab6af52ed20af2903d4755f5b148800c2d5f06f5,kaggriculture-r88-rivals__moon_q13_mg,129963012,1,63513,64425,0,1,0,DONE,DONE,719,719,649,649,15.987,66.962,1,,4.48
p3066_moon,b723ad3a44acc9fb,kaggle-environments 1.32.7,a52ba1bfe9df9dc1d504550af46744ef8d474797cdba7af2412dc40a3ebdf3b8,main,d987c83ae779e5de7e4888a0ab6af52ed20af2903d4755f5b148800c2d5f06f5,kaggriculture-r88-rivals__moon_q13_mg,130304827,0,109965,110542,0,1,0,DONE,DONE,719,719,654,654,67.386,82.76,1,,4.74
p3066_moon,b723ad3a44acc9fb,kaggle-environments 1.32.7,a52ba1bfe9df9dc1d504550af46744ef8d474797cdba7af2412dc40a3ebdf3b8,main,d987c83ae779e5de7e4888a0ab6af52ed20af2903d4755f5b148800c2d5f06f5,kaggriculture-r88-rivals__moon_q13_mg,130304827,1,109965,110542,0,1,0,DONE,DONE,719,719,655,653,15.519,53.329,1,,4.56
p3066_moon,b723ad3a44acc9fb,kaggle-environments 1.32.7,a52ba1bfe9df9dc1d504550af46744ef8d474797cdba7af2412dc40a3ebdf3b8,main,d987c83ae779e5de7e4888a0ab6af52ed20af2903d4755f5b148800c2d5f06f5,kaggriculture-r88-rivals__moon_q13_mg,130689514,0,104227,106047,0,1,0,DONE,DONE,719,719,650,638,103.067,32.099,1,,4.95
p3066_moon,b723ad3a44acc9fb,kaggle-environments 1.32.7,a52ba1bfe9df9dc1d504550af46744ef8d474797cdba7af2412dc40a3ebdf3b8,main,d987c83ae779e5de7e4888a0ab6af52ed20af2903d4755f5b148800c2d5f06f5,kaggriculture-r88-rivals__moon_q13_mg,130689514,1,104227,106047,0,1,0,DONE,DONE,719,719,650,638,76.111,110.353,1,,4.56
p3066_moon,b723ad3a44acc9fb,kaggle-environments 1.32.7,a52ba1bfe9df9dc1d504550af46744ef8d474797cdba7af2412dc40a3ebdf3b8,main,d987c83ae779e5de7e4888a0ab6af52ed20af2903d4755f5b148800c2d5f06f5,kaggriculture-r88-rivals__moon_q13_mg,133824799,0,118320,120894,0,1,0,DONE,DONE,719,719,665,639,7.214,33.291,1,,4.71
p3066_moon,b723ad3a44acc9fb,kaggle-environments 1.32.7,a52ba1bfe9df9dc1d504550af46744ef8d474797cdba7af2412dc40a3ebdf3b8,main,d987c83ae779e5de7e4888a0ab6af52ed20af2903d4755f5b148800c2d5f06f5,kaggriculture-r88-rivals__moon_q13_mg,133824799,1,118320,120894,0,1,0,DONE,DONE,719,719,665,639,6.41,32.53,1,,4.64
p3066_moon,b723ad3a44acc9fb,kaggle-environments 1.32.7,a52ba1bfe9df9dc1d504550af46744ef8d474797cdba7af2412dc40a3ebdf3b8,main,d987c83ae779e5de7e4888a0ab6af52ed20af2903d4755f5b148800c2d5f06f5,kaggriculture-r88-rivals__moon_q13_mg,137224113,0,84927,84796,1,0,0,DONE,DONE,719,719,651,650,82.393,31.626,1,,4.57
p3066_moon,b723ad3a44acc9fb,kaggle-environments 1.32.7,a52ba1bfe9df9dc1d504550af46744ef8d474797cdba7af2412dc40a3ebdf3b8,main,d987c83ae779e5de7e4888a0ab6af52ed20af2903d4755f5b148800c2d5f06f5,kaggriculture-r88-rivals__moon_q13_mg,137224113,1,84927,84796,1,0,0,DONE,DONE,719,719,651,650,78.076,33.388,1,,4.86
p3066_moon,b723ad3a44acc9fb,kaggle-environments 1.32.7,a52ba1bfe9df9dc1d504550af46744ef8d474797cdba7af2412dc40a3ebdf3b8,main,d987c83ae779e5de7e4888a0ab6af52ed20af2903d4755f5b148800c2d5f06f5,kaggriculture-r88-rivals__moon_q13_mg,140246070,0,79906,80571,0,1,0,DONE,DONE,719,719,656,655,105.154,36.988,1,,4.76
p3066_moon,b723ad3a44acc9fb,kaggle-environments 1.32.7,a52ba1bfe9df9dc1d504550af46744ef8d474797cdba7af2412dc40a3ebdf3b8,main,d987c83ae779e5de7e4888a0ab6af52ed20af2903d4755f5b148800c2d5f06f5,kaggriculture-r88-rivals__moon_q13_mg,140246070,1,79906,80571,0,1,0,DONE,DONE,719,719,656,655,61.249,31.134,1,,4.71
p3066_moon,b723ad3a44acc9fb,kaggle-environments 1.32.7,a52ba1bfe9df9dc1d504550af46744ef8d474797cdba7af2412dc40a3ebdf3b8,main,d987c83ae779e5de7e4888a0ab6af52ed20af2903d4755f5b148800c2d5f06f5,kaggriculture-r88-rivals__moon_q13_mg,149822769,0,141296,142087,0,1,0,DONE,DONE,719,719,655,654,16.324,34.355,1,,4.34
p3066_moon,b723ad3a44acc9fb,kaggle-environments 1.32.7,a52ba1bfe9df9dc1d504550af46744ef8d474797cdba7af2412dc40a3ebdf3b8,main,d987c83ae779e5de7e4888a0ab6af52ed20af2903d4755f5b148800c2d5f06f5,kaggriculture-r88-rivals__moon_q13_mg,149822769,1,141296,142087,0,1,0,DONE,DONE,719,719,655,654,122.108,31.567,1,,4.71
p3066_moon,b723ad3a44acc9fb,kaggle-environments 1.32.7,a52ba1bfe9df9dc1d504550af46744ef8d474797cdba7af2412dc40a3ebdf3b8,main,d987c83ae779e5de7e4888a0ab6af52ed20af2903d4755f5b148800c2d5f06f5,kaggriculture-r88-rivals__moon_q13_mg,153492778,0,143650,143433,1,0,0,DONE,DONE,719,719,657,656,74.004,32.105,1,,4.25
p3066_moon,b723ad3a44acc9fb,kaggle-environments 1.32.7,a52ba1bfe9df9dc1d504550af46744ef8d474797cdba7af2412dc40a3ebdf3b8,main,d987c83ae779e5de7e4888a0ab6af52ed20af2903d4755f5b148800c2d5f06f5,kaggriculture-r88-rivals__moon_q13_mg,153492778,1,143650,143433,1,0,0,DONE,DONE,719,719,657,656,16.036,31.152,1,,4.21
p3066_moon,b723ad3a44acc9fb,kaggle-environments 1.32.7,a52ba1bfe9df9dc1d504550af46744ef8d474797cdba7af2412dc40a3ebdf3b8,main,d987c83ae779e5de7e4888a0ab6af52ed20af2903d4755f5b148800c2d5f06f5,kaggriculture-r88-rivals__moon_q13_mg,156167617,0,110890,109524,1,0,0,DONE,DONE,719,719,640,640,110.735,31.982,1,,5.0
p3066_moon,b723ad3a44acc9fb,kaggle-environments 1.32.7,a52ba1bfe9df9dc1d504550af46744ef8d474797cdba7af2412dc40a3ebdf3b8,main,d987c83ae779e5de7e4888a0ab6af52ed20af2903d4755f5b148800c2d5f06f5,kaggriculture-r88-rivals__moon_q13_mg,156167617,1,110890,109524,1,0,0,DONE,DONE,719,719,640,640,6.778,69.566,1,,4.67
p3066_moon,b723ad3a44acc9fb,kaggle-environments 1.32.7,a52ba1bfe9df9dc1d504550af46744ef8d474797cdba7af2412dc40a3ebdf3b8,main,d987c83ae779e5de7e4888a0ab6af52ed20af2903d4755f5b148800c2d5f06f5,kaggriculture-r88-rivals__moon_q13_mg,156571513,0,136606,137460,0,1,0,DONE,DONE,719,719,656,655,16.707,30.817,1,,4.33
p3066_moon,b723ad3a44acc9fb,kaggle-environments 1.32.7,a52ba1bfe9df9dc1d504550af46744ef8d474797cdba7af2412dc40a3ebdf3b8,main,d987c83ae779e5de7e4888a0ab6af52ed20af2903d4755f5b148800c2d5f06f5,kaggriculture-r88-rivals__moon_q13_mg,156571513,1,136606,137460,0,1,0,DONE,DONE,719,719,656,655,16.761,31.515,1,,4.7
p3066_moon,b723ad3a44acc9fb,kaggle-environments 1.32.7,a52ba1bfe9df9dc1d504550af46744ef8d474797cdba7af2412dc40a3ebdf3b8,main,d987c83ae779e5de7e4888a0ab6af52ed20af2903d4755f5b148800c2d5f06f5,kaggriculture-r88-rivals__moon_q13_mg,157051273,0,106269,106857,0,1,0,DONE,DONE,719,719,654,653,15.973,33.102,1,,4.59
p3066_moon,b723ad3a44acc9fb,kaggle-environments 1.32.7,a52ba1bfe9df9dc1d504550af46744ef8d474797cdba7af2412dc40a3ebdf3b8,main,d987c83ae779e5de7e4888a0ab6af52ed20af2903d4755f5b148800c2d5f06f5,kaggriculture-r88-rivals__moon_q13_mg,157051273,1,106269,106857,0,1,0,DONE,DONE,719,719,654,653,15.359,31.172,1,,4.54
p3066_moon,b723ad3a44acc9fb,kaggle-environments 1.32.7,a52ba1bfe9df9dc1d504550af46744ef8d474797cdba7af2412dc40a3ebdf3b8,main,d987c83ae779e5de7e4888a0ab6af52ed20af2903d4755f5b148800c2d5f06f5,kaggriculture-r88-rivals__moon_q13_mg,161145024,0,109366,111882,0,1,0,DONE,DONE,719,719,652,652,84.374,32.082,1,,4.61
p3066_moon,b723ad3a44acc9fb,kaggle-environments 1.32.7,a52ba1bfe9df9dc1d504550af46744ef8d474797cdba7af2412dc40a3ebdf3b8,main,d987c83ae779e5de7e4888a0ab6af52ed20af2903d4755f5b148800c2d5f06f5,kaggriculture-r88-rivals__moon_q13_mg,161145024,1,109366,111882,0,1,0,DONE,DONE,719,719,652,652,53.729,38.904,1,,4.94
p3066_moon,b723ad3a44acc9fb,kaggle-environments 1.32.7,a52ba1bfe9df9dc1d504550af46744ef8d474797cdba7af2412dc40a3ebdf3b8,main,d987c83ae779e5de7e4888a0ab6af52ed20af2903d4755f5b148800c2d5f06f5,kaggriculture-r88-rivals__moon_q13_mg,161552403,0,96519,97145,0,1,0,DONE,DONE,719,719,659,658,19.406,33.323,1,,4.83
p3066_moon,b723ad3a44acc9fb,kaggle-environments 1.32.7,a52ba1bfe9df9dc1d504550af46744ef8d474797cdba7af2412dc40a3ebdf3b8,main,d987c83ae779e5de7e4888a0ab6af52ed20af2903d4755f5b148800c2d5f06f5,kaggriculture-r88-rivals__moon_q13_mg,161552403,1,96519,97145,0,1,0,DONE,DONE,719,719,659,658,82.985,125.412,1,,4.47
p3066_moon,b723ad3a44acc9fb,kaggle-environments 1.32.7,a52ba1bfe9df9dc1d504550af46744ef8d474797cdba7af2412dc40a3ebdf3b8,main,d987c83ae779e5de7e4888a0ab6af52ed20af2903d4755f5b148800c2d5f06f5,kaggriculture-r88-rivals__moon_q13_mg,164001958,0,63410,63943,0,1,0,DONE,DONE,719,719,652,651,15.838,33.016,1,,4.42
p3066_moon,b723ad3a44acc9fb,kaggle-environments 1.32.7,a52ba1bfe9df9dc1d504550af46744ef8d474797cdba7af2412dc40a3ebdf3b8,main,d987c83ae779e5de7e4888a0ab6af52ed20af2903d4755f5b148800c2d5f06f5,kaggriculture-r88-rivals__moon_q13_mg,164001958,1,63410,63943,0,1,0,DONE,DONE,719,719,652,651,15.372,43.181,1,,4.6
p3066_moon,b723ad3a44acc9fb,kaggle-environments 1.32.7,a52ba1bfe9df9dc1d504550af46744ef8d474797cdba7af2412dc40a3ebdf3b8,main,d987c83ae779e5de7e4888a0ab6af52ed20af2903d4755f5b148800c2d5f06f5,kaggriculture-r88-rivals__moon_q13_mg,164785683,0,104719,102895,1,0,0,DONE,DONE,719,719,637,637,85.202,32.385,1,,4.82
p3066_moon,b723ad3a44acc9fb,kaggle-environments 1.32.7,a52ba1bfe9df9dc1d504550af46744ef8d474797cdba7af2412dc40a3ebdf3b8,main,d987c83ae779e5de7e4888a0ab6af52ed20af2903d4755f5b148800c2d5f06f5,kaggriculture-r88-rivals__moon_q13_mg,164785683,1,104290,103648,1,0,0,DONE,DONE,719,719,637,637,6.353,70.522,1,,4.67
p3066_moon,b723ad3a44acc9fb,kaggle-environments 1.32.7,a52ba1bfe9df9dc1d504550af46744ef8d474797cdba7af2412dc40a3ebdf3b8,main,d987c83ae779e5de7e4888a0ab6af52ed20af2903d4755f5b148800c2d5f06f5,kaggriculture-r88-rivals__moon_q13_mg,166422427,0,100185,101664,0,1,0,DONE,DONE,719,719,648,647,122.927,42.166,1,,4.57
p3066_moon,b723ad3a44acc9fb,kaggle-environments 1.32.7,a52ba1bfe9df9dc1d504550af46744ef8d474797cdba7af2412dc40a3ebdf3b8,main,d987c83ae779e5de7e4888a0ab6af52ed20af2903d4755f5b148800c2d5f06f5,kaggriculture-r88-rivals__moon_q13_mg,166422427,1,100185,101664,0,1,0,DONE,DONE,719,719,648,647,16.049,98.733,1,,4.39
p3066_moon,b723ad3a44acc9fb,kaggle-environments 1.32.7,a52ba1bfe9df9dc1d504550af46744ef8d474797cdba7af2412dc40a3ebdf3b8,main,d987c83ae779e5de7e4888a0ab6af52ed20af2903d4755f5b148800c2d5f06f5,kaggriculture-r88-rivals__moon_q13_mg,166651423,0,113729,124646,0,1,0,DONE,DONE,719,719,648,637,86.19,94.949,1,,4.58
p3066_moon,b723ad3a44acc9fb,kaggle-environments 1.32.7,a52ba1bfe9df9dc1d504550af46744ef8d474797cdba7af2412dc40a3ebdf3b8,main,d987c83ae779e5de7e4888a0ab6af52ed20af2903d4755f5b148800c2d5f06f5,kaggriculture-r88-rivals__moon_q13_mg,166651423,1,113729,124646,0,1,0,DONE,DONE,719,719,648,637,5.654,53.715,1,,4.66
p3066_moon,b723ad3a44acc9fb,kaggle-environments 1.32.7,a52ba1bfe9df9dc1d504550af46744ef8d474797cdba7af2412dc40a3ebdf3b8,main,d987c83ae779e5de7e4888a0ab6af52ed20af2903d4755f5b148800c2d5f06f5,kaggriculture-r88-rivals__moon_q13_mg,174255558,0,121229,122037,0,1,0,DONE,DONE,719,719,658,657,62.359,33.869,1,,4.87
p3066_moon,b723ad3a44acc9fb,kaggle-environments 1.32.7,a52ba1bfe9df9dc1d504550af46744ef8d474797cdba7af2412dc40a3ebdf3b8,main,d987c83ae779e5de7e4888a0ab6af52ed20af2903d4755f5b148800c2d5f06f5,kaggriculture-r88-rivals__moon_q13_mg,174255558,1,121236,122075,0,1,0,DONE,DONE,719,719,658,657,4.307,57.879,1,,5.03
p3066_moon,b723ad3a44acc9fb,kaggle-environments 1.32.7,a52ba1bfe9df9dc1d504550af46744ef8d474797cdba7af2412dc40a3ebdf3b8,main,d987c83ae779e5de7e4888a0ab6af52ed20af2903d4755f5b148800c2d5f06f5,kaggriculture-r88-rivals__moon_q13_mg,174529659,0,101747,102071,0,1,0,DONE,DONE,719,719,651,650,91.49,32.708,1,,4.52
p3066_moon,b723ad3a44acc9fb,kaggle-environments 1.32.7,a52ba1bfe9df9dc1d504550af46744ef8d474797cdba7af2412dc40a3ebdf3b8,main,d987c83ae779e5de7e4888a0ab6af52ed20af2903d4755f5b148800c2d5f06f5,kaggriculture-r88-rivals__moon_q13_mg,174529659,1,101747,102071,0,1,0,DONE,DONE,719,719,651,650,21.115,32.556,1,,4.51
p3066_moon,b723ad3a44acc9fb,kaggle-environments 1.32.7,a52ba1bfe9df9dc1d504550af46744ef8d474797cdba7af2412dc40a3ebdf3b8,main,d987c83ae779e5de7e4888a0ab6af52ed20af2903d4755f5b148800c2d5f06f5,kaggriculture-r88-rivals__moon_q13_mg,176712803,0,77961,78215,0,1,0,DONE,DONE,719,719,652,651,63.965,37.894,1,,5.09
p3066_moon,b723ad3a44acc9fb,kaggle-environments 1.32.7,a52ba1bfe9df9dc1d504550af46744ef8d474797cdba7af2412dc40a3ebdf3b8,main,d987c83ae779e5de7e4888a0ab6af52ed20af2903d4755f5b148800c2d5f06f5,kaggriculture-r88-rivals__moon_q13_mg,176712803,1,78041,78145,0,1,0,DONE,DONE,719,719,652,651,11.475,31.434,1,,4.76
p3066_moon,b723ad3a44acc9fb,kaggle-environments 1.32.7,a52ba1bfe9df9dc1d504550af46744ef8d474797cdba7af2412dc40a3ebdf3b8,main,d987c83ae779e5de7e4888a0ab6af52ed20af2903d4755f5b148800c2d5f06f5,kaggriculture-r88-rivals__moon_q13_mg,178973695,0,134588,135461,0,1,0,DONE,DONE,719,719,656,655,17.133,32.042,1,,4.74
p3066_moon,b723ad3a44acc9fb,kaggle-environments 1.32.7,a52ba1bfe9df9dc1d504550af46744ef8d474797cdba7af2412dc40a3ebdf3b8,main,d987c83ae779e5de7e4888a0ab6af52ed20af2903d4755f5b148800c2d5f06f5,kaggriculture-r88-rivals__moon_q13_mg,178973695,1,134588,135461,0,1,0,DONE,DONE,719,719,656,655,16.287,73.641,1,,4.39
p3066_moon,b723ad3a44acc9fb,kaggle-environments 1.32.7,a52ba1bfe9df9dc1d504550af46744ef8d474797cdba7af2412dc40a3ebdf3b8,main,d987c83ae779e5de7e4888a0ab6af52ed20af2903d4755f5b148800c2d5f06f5,kaggriculture-r88-rivals__moon_q13_mg,179227834,0,96280,96744,0,1,0,DONE,DONE,719,719,646,646,82.004,33.078,1,,4.6
p3066_moon,b723ad3a44acc9fb,kaggle-environments 1.32.7,a52ba1bfe9df9dc1d504550af46744ef8d474797cdba7af2412dc40a3ebdf3b8,main,d987c83ae779e5de7e4888a0ab6af52ed20af2903d4755f5b148800c2d5f06f5,kaggriculture-r88-rivals__moon_q13_mg,179227834,1,96280,96744,0,1,0,DONE,DONE,719,719,646,646,95.117,98.961,1,,4.54
p3066_moon,b723ad3a44acc9fb,kaggle-environments 1.32.7,a52ba1bfe9df9dc1d504550af46744ef8d474797cdba7af2412dc40a3ebdf3b8,main,d987c83ae779e5de7e4888a0ab6af52ed20af2903d4755f5b148800c2d5f06f5,kaggriculture-r88-rivals__moon_q13_mg,182031983,0,133046,133821,0,1,0,DONE,DONE,719,719,658,657,16.113,32.033,1,,4.53
p3066_moon,b723ad3a44acc9fb,kaggle-environments 1.32.7,a52ba1bfe9df9dc1d504550af46744ef8d474797cdba7af2412dc40a3ebdf3b8,main,d987c83ae779e5de7e4888a0ab6af52ed20af2903d4755f5b148800c2d5f06f5,kaggriculture-r88-rivals__moon_q13_mg,182031983,1,133046,133821,0,1,0,DONE,DONE,719,719,658,657,16.777,31.852,1,,4.57
p3066_moon,b723ad3a44acc9fb,kaggle-environments 1.32.7,a52ba1bfe9df9dc1d504550af46744ef8d474797cdba7af2412dc40a3ebdf3b8,main,d987c83ae779e5de7e4888a0ab6af52ed20af2903d4755f5b148800c2d5f06f5,kaggriculture-r88-rivals__moon_q13_mg,186064628,0,60224,62748,0,1,0,DONE,DONE,719,719,646,646,14.475,36.65,1,,4.55
p3066_moon,b723ad3a44acc9fb,kaggle-environments 1.32.7,a52ba1bfe9df9dc1d504550af46744ef8d474797cdba7af2412dc40a3ebdf3b8,main,d987c83ae779e5de7e4888a0ab6af52ed20af2903d4755f5b148800c2d5f06f5,kaggriculture-r88-rivals__moon_q13_mg,186064628,1,60341,62630,0,1,0,DONE,DONE,719,719,646,646,14.269,61.029,1,,4.57
p3066_moon,b723ad3a44acc9fb,kaggle-environments 1.32.7,a52ba1bfe9df9dc1d504550af46744ef8d474797cdba7af2412dc40a3ebdf3b8,main,d987c83ae779e5de7e4888a0ab6af52ed20af2903d4755f5b148800c2d5f06f5,kaggriculture-r88-rivals__moon_q13_mg,195295841,0,120551,120880,0,1,0,DONE,DONE,719,719,656,655,55.429,122.735,1,,4.54
p3066_moon,b723ad3a44acc9fb,kaggle-environments 1.32.7,a52ba1bfe9df9dc1d504550af46744ef8d474797cdba7af2412dc40a3ebdf3b8,main,d987c83ae779e5de7e4888a0ab6af52ed20af2903d4755f5b148800c2d5f06f5,kaggriculture-r88-rivals__moon_q13_mg,195295841,1,120551,120880,0,1,0,DONE,DONE,719,719,656,655,76.477,96.684,1,,4.49
p3066_moon,b723ad3a44acc9fb,kaggle-environments 1.32.7,a52ba1bfe9df9dc1d504550af46744ef8d474797cdba7af2412dc40a3ebdf3b8,main,d987c83ae779e5de7e4888a0ab6af52ed20af2903d4755f5b148800c2d5f06f5,kaggriculture-r88-rivals__moon_q13_mg,198262943,0,61176,63105,0,1,0,DONE,DONE,719,719,655,655,75.216,31.706,1,,4.68
p3066_moon,b723ad3a44acc9fb,kaggle-environments 1.32.7,a52ba1bfe9df9dc1d504550af46744ef8d474797cdba7af2412dc40a3ebdf3b8,main,d987c83ae779e5de7e4888a0ab6af52ed20af2903d4755f5b148800c2d5f06f5,kaggriculture-r88-rivals__moon_q13_mg,198262943,1,61176,63105,0,1,0,DONE,DONE,719,719,655,655,61.552,67.648,1,,4.49
p3066_moon,b723ad3a44acc9fb,kaggle-environments 1.32.7,a52ba1bfe9df9dc1d504550af46744ef8d474797cdba7af2412dc40a3ebdf3b8,main,d987c83ae779e5de7e4888a0ab6af52ed20af2903d4755f5b148800c2d5f06f5,kaggriculture-r88-rivals__moon_q13_mg,198710176,0,64632,66463,0,1,0,DONE,DONE,719,719,651,651,37.556,91.771,1,,4.61
p3066_moon,b723ad3a44acc9fb,kaggle-environments 1.32.7,a52ba1bfe9df9dc1d504550af46744ef8d474797cdba7af2412dc40a3ebdf3b8,main,d987c83ae779e5de7e4888a0ab6af52ed20af2903d4755f5b148800c2d5f06f5,kaggriculture-r88-rivals__moon_q13_mg,198710176,1,64632,66463,0,1,0,DONE,DONE,719,719,651,651,72.019,36.578,1,,4.54
p3066_moon,b723ad3a44acc9fb,kaggle-environments 1.32.7,a52ba1bfe9df9dc1d504550af46744ef8d474797cdba7af2412dc40a3ebdf3b8,main,d987c83ae779e5de7e4888a0ab6af52ed20af2903d4755f5b148800c2d5f06f5,kaggriculture-r88-rivals__moon_q13_mg,200695914,0,104132,105062,0,1,0,DONE,DONE,719,719,654,654,90.422,31.094,1,,4.53
p3066_moon,b723ad3a44acc9fb,kaggle-environments 1.32.7,a52ba1bfe9df9dc1d504550af46744ef8d474797cdba7af2412dc40a3ebdf3b8,main,d987c83ae779e5de7e4888a0ab6af52ed20af2903d4755f5b148800c2d5f06f5,kaggriculture-r88-rivals__moon_q13_mg,200695914,1,104132,105062,0,1,0,DONE,DONE,719,719,654,654,15.731,98.634,1,,4.59
p3066_moon,b723ad3a44acc9fb,kaggle-environments 1.32.7,a52ba1bfe9df9dc1d504550af46744ef8d474797cdba7af2412dc40a3ebdf3b8,main,d987c83ae779e5de7e4888a0ab6af52ed20af2903d4755f5b148800c2d5f06f5,kaggriculture-r88-rivals__moon_q13_mg,206928626,0,125112,125065,1,0,0,DONE,DONE,719,719,641,641,92.406,32.72,1,,4.91
p3066_moon,b723ad3a44acc9fb,kaggle-environments 1.32.7,a52ba1bfe9df9dc1d504550af46744ef8d474797cdba7af2412dc40a3ebdf3b8,main,d987c83ae779e5de7e4888a0ab6af52ed20af2903d4755f5b148800c2d5f06f5,kaggriculture-r88-rivals__moon_q13_mg,206928626,1,125112,125065,1,0,0,DONE,DONE,719,719,641,641,6.216,32.18,1,,4.59
p3066_moon,b723ad3a44acc9fb,kaggle-environments 1.32.7,a52ba1bfe9df9dc1d504550af46744ef8d474797cdba7af2412dc40a3ebdf3b8,main,d987c83ae779e5de7e4888a0ab6af52ed20af2903d4755f5b148800c2d5f06f5,kaggriculture-r88-rivals__moon_q13_mg,207746303,0,79640,80572,0,1,0,DONE,DONE,719,719,657,656,76.658,31.633,1,,4.42
p3066_moon,b723ad3a44acc9fb,kaggle-environments 1.32.7,a52ba1bfe9df9dc1d504550af46744ef8d474797cdba7af2412dc40a3ebdf3b8,main,d987c83ae779e5de7e4888a0ab6af52ed20af2903d4755f5b148800c2d5f06f5,kaggriculture-r88-rivals__moon_q13_mg,207746303,1,79640,80572,0,1,0,DONE,DONE,719,719,657,656,66.364,60.47,1,,4.65
p3066_moon,b723ad3a44acc9fb,kaggle-environments 1.32.7,a52ba1bfe9df9dc1d504550af46744ef8d474797cdba7af2412dc40a3ebdf3b8,main,d987c83ae779e5de7e4888a0ab6af52ed20af2903d4755f5b148800c2d5f06f5,kaggriculture-r88-rivals__moon_q13_mg,207824845,0,132839,134931,0,1,0,DONE,DONE,719,719,657,656,15.336,30.857,1,,4.4
p3066_moon,b723ad3a44acc9fb,kaggle-environments 1.32.7,a52ba1bfe9df9dc1d504550af46744ef8d474797cdba7af2412dc40a3ebdf3b8,main,d987c83ae779e5de7e4888a0ab6af52ed20af2903d4755f5b148800c2d5f06f5,kaggriculture-r88-rivals__moon_q13_mg,207824845,1,132839,134931,0,1,0,DONE,DONE,719,719,657,656,90.014,75.953,1,,4.5
p3066_moon,b723ad3a44acc9fb,kaggle-environments 1.32.7,a52ba1bfe9df9dc1d504550af46744ef8d474797cdba7af2412dc40a3ebdf3b8,main,d987c83ae779e5de7e4888a0ab6af52ed20af2903d4755f5b148800c2d5f06f5,kaggriculture-r88-rivals__moon_q13_mg,207882427,0,92363,93315,0,1,0,DONE,DONE,719,719,651,640,6.073,37.595,1,,4.89
p3066_moon,b723ad3a44acc9fb,kaggle-environments 1.32.7,a52ba1bfe9df9dc1d504550af46744ef8d474797cdba7af2412dc40a3ebdf3b8,main,d987c83ae779e5de7e4888a0ab6af52ed20af2903d4755f5b148800c2d5f06f5,kaggriculture-r88-rivals__moon_q13_mg,207882427,1,92363,93315,0,1,0,DONE,DONE,719,719,651,640,98.064,30.639,1,,4.67
p3066_moon,b723ad3a44acc9fb,kaggle-environments 1.32.7,a52ba1bfe9df9dc1d504550af46744ef8d474797cdba7af2412dc40a3ebdf3b8,main,d987c83ae779e5de7e4888a0ab6af52ed20af2903d4755f5b148800c2d5f06f5,kaggriculture-r88-rivals__moon_q13_mg,208481455,0,87872,87961,0,1,0,DONE,DONE,719,719,659,658,62.63,148.648,1,,4.71
p3066_moon,b723ad3a44acc9fb,kaggle-environments 1.32.7,a52ba1bfe9df9dc1d504550af46744ef8d474797cdba7af2412dc40a3ebdf3b8,main,d987c83ae779e5de7e4888a0ab6af52ed20af2903d4755f5b148800c2d5f06f5,kaggriculture-r88-rivals__moon_q13_mg,208481455,1,87872,87961,0,1,0,DONE,DONE,719,719,659,658,89.328,31.126,1,,4.6
p3066_moon,b723ad3a44acc9fb,kaggle-environments 1.32.7,a52ba1bfe9df9dc1d504550af46744ef8d474797cdba7af2412dc40a3ebdf3b8,main,d987c83ae779e5de7e4888a0ab6af52ed20af2903d4755f5b148800c2d5f06f5,kaggriculture-r88-rivals__moon_q13_mg,211179053,0,81244,83198,0,1,0,DONE,DONE,719,719,651,650,50.058,32.38,1,,4.4
p3066_moon,b723ad3a44acc9fb,kaggle-environments 1.32.7,a52ba1bfe9df9dc1d504550af46744ef8d474797cdba7af2412dc40a3ebdf3b8,main,d987c83ae779e5de7e4888a0ab6af52ed20af2903d4755f5b148800c2d5f06f5,kaggriculture-r88-rivals__moon_q13_mg,211179053,1,81244,83198,0,1,0,DONE,DONE,719,719,651,650,53.578,38.832,1,,4.68
p3066_moon,b723ad3a44acc9fb,kaggle-environments 1.32.7,a52ba1bfe9df9dc1d504550af46744ef8d474797cdba7af2412dc40a3ebdf3b8,main,d987c83ae779e5de7e4888a0ab6af52ed20af2903d4755f5b148800c2d5f06f5,kaggriculture-r88-rivals__moon_q13_mg,211633960,0,81774,82518,0,1,0,DONE,DONE,719,719,655,654,42.296,30.739,1,,4.45
p3066_moon,b723ad3a44acc9fb,kaggle-environments 1.32.7,a52ba1bfe9df9dc1d504550af46744ef8d474797cdba7af2412dc40a3ebdf3b8,main,d987c83ae779e5de7e4888a0ab6af52ed20af2903d4755f5b148800c2d5f06f5,kaggriculture-r88-rivals__moon_q13_mg,211633960,1,81774,82518,0,1,0,DONE,DONE,719,719,655,654,15.875,32.815,1,,4.66
p3066_moon,b723ad3a44acc9fb,kaggle-environments 1.32.7,a52ba1bfe9df9dc1d504550af46744ef8d474797cdba7af2412dc40a3ebdf3b8,main,d987c83ae779e5de7e4888a0ab6af52ed20af2903d4755f5b148800c2d5f06f5,kaggriculture-r88-rivals__moon_q13_mg,212349113,0,64693,65248,0,1,0,DONE,DONE,719,719,649,648,109.464,31.417,1,,4.54
p3066_moon,b723ad3a44acc9fb,kaggle-environments 1.32.7,a52ba1bfe9df9dc1d504550af46744ef8d474797cdba7af2412dc40a3ebdf3b8,main,d987c83ae779e5de7e4888a0ab6af52ed20af2903d4755f5b148800c2d5f06f5,kaggriculture-r88-rivals__moon_q13_mg,212349113,1,64693,65248,0,1,0,DONE,DONE,719,719,649,648,110.602,32.552,1,,4.6
p3066_moon,b723ad3a44acc9fb,kaggle-environments 1.32.7,a52ba1bfe9df9dc1d504550af46744ef8d474797cdba7af2412dc40a3ebdf3b8,main,d987c83ae779e5de7e4888a0ab6af52ed20af2903d4755f5b148800c2d5f06f5,kaggriculture-r88-rivals__moon_q13_mg,213629769,0,78332,79050,0,1,0,DONE,DONE,719,719,652,651,89.729,32.965,1,,5.15
p3066_moon,b723ad3a44acc9fb,kaggle-environments 1.32.7,a52ba1bfe9df9dc1d504550af46744ef8d474797cdba7af2412dc40a3ebdf3b8,main,d987c83ae779e5de7e4888a0ab6af52ed20af2903d4755f5b148800c2d5f06f5,kaggriculture-r88-rivals__moon_q13_mg,213629769,1,78332,79050,0,1,0,DONE,DONE,719,719,652,651,10.646,113.47,1,,4.62
p3066_moon,b723ad3a44acc9fb,kaggle-environments 1.32.7,a52ba1bfe9df9dc1d504550af46744ef8d474797cdba7af2412dc40a3ebdf3b8,main,d987c83ae779e5de7e4888a0ab6af52ed20af2903d4755f5b148800c2d5f06f5,kaggriculture-r88-rivals__moon_q13_mg,215483609,0,67419,67450,0,1,0,DONE,DONE,719,719,657,656,47.357,32.586,1,,5.01
p3066_moon,b723ad3a44acc9fb,kaggle-environments 1.32.7,a52ba1bfe9df9dc1d504550af46744ef8d474797cdba7af2412dc40a3ebdf3b8,main,d987c83ae779e5de7e4888a0ab6af52ed20af2903d4755f5b148800c2d5f06f5,kaggriculture-r88-rivals__moon_q13_mg,215483609,1,67199,67757,0,1,0,DONE,DONE,719,719,657,656,15.93,126.397,1,,4.79
p3066_moon,b723ad3a44acc9fb,kaggle-environments 1.32.7,a52ba1bfe9df9dc1d504550af46744ef8d474797cdba7af2412dc40a3ebdf3b8,main,d987c83ae779e5de7e4888a0ab6af52ed20af2903d4755f5b148800c2d5f06f5,kaggriculture-r88-rivals__moon_q13_mg,218536939,0,85630,86005,0,1,0,DONE,DONE,719,719,650,649,20.789,30.217,1,,4.47
p3066_moon,b723ad3a44acc9fb,kaggle-environments 1.32.7,a52ba1bfe9df9dc1d504550af46744ef8d474797cdba7af2412dc40a3ebdf3b8,main,d987c83ae779e5de7e4888a0ab6af52ed20af2903d4755f5b148800c2d5f06f5,kaggriculture-r88-rivals__moon_q13_mg,218536939,1,85630,86005,0,1,0,DONE,DONE,719,719,650,649,17.002,36.534,1,,4.55
p3066_moon,b723ad3a44acc9fb,kaggle-environments 1.32.7,a52ba1bfe9df9dc1d504550af46744ef8d474797cdba7af2412dc40a3ebdf3b8,main,d987c83ae779e5de7e4888a0ab6af52ed20af2903d4755f5b148800c2d5f06f5,kaggriculture-r88-rivals__moon_q13_mg,223961500,0,80099,81160,0,1,0,DONE,DONE,719,719,655,654,97.234,42.573,1,,4.64
p3066_moon,b723ad3a44acc9fb,kaggle-environments 1.32.7,a52ba1bfe9df9dc1d504550af46744ef8d474797cdba7af2412dc40a3ebdf3b8,main,d987c83ae779e5de7e4888a0ab6af52ed20af2903d4755f5b148800c2d5f06f5,kaggriculture-r88-rivals__moon_q13_mg,223961500,1,80099,81160,0,1,0,DONE,DONE,719,719,655,654,16.45,33.677,1,,4.59
p3066_moon,b723ad3a44acc9fb,kaggle-environments 1.32.7,a52ba1bfe9df9dc1d504550af46744ef8d474797cdba7af2412dc40a3ebdf3b8,main,d987c83ae779e5de7e4888a0ab6af52ed20af2903d4755f5b148800c2d5f06f5,kaggriculture-r88-rivals__moon_q13_mg,224020109,0,85025,87565,0,1,0,DONE,DONE,719,719,658,657,115.289,165.513,1,,4.82
p3066_moon,b723ad3a44acc9fb,kaggle-environments 1.32.7,a52ba1bfe9df9dc1d504550af46744ef8d474797cdba7af2412dc40a3ebdf3b8,main,d987c83ae779e5de7e4888a0ab6af52ed20af2903d4755f5b148800c2d5f06f5,kaggriculture-r88-rivals__moon_q13_mg,224020109,1,85025,87565,0,1,0,DONE,DONE,719,719,658,657,148.885,32.32,1,,4.62
p3066_moon,b723ad3a44acc9fb,kaggle-environments 1.32.7,a52ba1bfe9df9dc1d504550af46744ef8d474797cdba7af2412dc40a3ebdf3b8,main,d987c83ae779e5de7e4888a0ab6af52ed20af2903d4755f5b148800c2d5f06f5,kaggriculture-r88-rivals__moon_q13_mg,224179274,0,109144,111242,0,1,0,DONE,DONE,719,719,652,651,15.324,31.366,1,,4.87
p3066_moon,b723ad3a44acc9fb,kaggle-environments 1.32.7,a52ba1bfe9df9dc1d504550af46744ef8d474797cdba7af2412dc40a3ebdf3b8,main,d987c83ae779e5de7e4888a0ab6af52ed20af2903d4755f5b148800c2d5f06f5,kaggriculture-r88-rivals__moon_q13_mg,224179274,1,109144,111242,0,1,0,DONE,DONE,719,719,652,651,47.874,34.846,1,,4.6
p3066_moon,b723ad3a44acc9fb,kaggle-environments 1.32.7,a52ba1bfe9df9dc1d504550af46744ef8d474797cdba7af2412dc40a3ebdf3b8,main,d987c83ae779e5de7e4888a0ab6af52ed20af2903d4755f5b148800c2d5f06f5,kaggriculture-r88-rivals__moon_q13_mg,227591570,0,107825,108809,0,1,0,DONE,DONE,719,719,653,652,15.869,31.308,1,,4.6
p3066_moon,b723ad3a44acc9fb,kaggle-environments 1.32.7,a52ba1bfe9df9dc1d504550af46744ef8d474797cdba7af2412dc40a3ebdf3b8,main,d987c83ae779e5de7e4888a0ab6af52ed20af2903d4755f5b148800c2d5f06f5,kaggriculture-r88-rivals__moon_q13_mg,227591570,1,107825,108809,0,1,0,DONE,DONE,719,719,653,652,14.97,34.236,1,,4.53
p3066_moon,b723ad3a44acc9fb,kaggle-environments 1.32.7,a52ba1bfe9df9dc1d504550af46744ef8d474797cdba7af2412dc40a3ebdf3b8,main,d987c83ae779e5de7e4888a0ab6af52ed20af2903d4755f5b148800c2d5f06f5,kaggriculture-r88-rivals__moon_q13_mg,228346312,0,110253,111123,0,1,0,DONE,DONE,719,719,654,653,16.18,32.555,1,,4.76
p3066_moon,b723ad3a44acc9fb,kaggle-environments 1.32.7,a52ba1bfe9df9dc1d504550af46744ef8d474797cdba7af2412dc40a3ebdf3b8,main,d987c83ae779e5de7e4888a0ab6af52ed20af2903d4755f5b148800c2d5f06f5,kaggriculture-r88-rivals__moon_q13_mg,228346312,1,110253,111123,0,1,0,DONE,DONE,719,719,654,653,22.043,30.941,1,,4.46
p3066_moon,b723ad3a44acc9fb,kaggle-environments 1.32.7,a52ba1bfe9df9dc1d504550af46744ef8d474797cdba7af2412dc40a3ebdf3b8,main,d987c83ae779e5de7e4888a0ab6af52ed20af2903d4755f5b148800c2d5f06f5,kaggriculture-r88-rivals__moon_q13_mg,237455159,0,91126,92048,0,1,0,DONE,DONE,719,719,657,657,78.895,31.618,1,,4.4
p3066_moon,b723ad3a44acc9fb,kaggle-environments 1.32.7,a52ba1bfe9df9dc1d504550af46744ef8d474797cdba7af2412dc40a3ebdf3b8,main,d987c83ae779e5de7e4888a0ab6af52ed20af2903d4755f5b148800c2d5f06f5,kaggriculture-r88-rivals__moon_q13_mg,237455159,1,91126,92048,0,1,0,DONE,DONE,719,719,658,656,17.87,33.084,1,,4.77
p3066_moon,b723ad3a44acc9fb,kaggle-environments 1.32.7,a52ba1bfe9df9dc1d504550af46744ef8d474797cdba7af2412dc40a3ebdf3b8,main,d987c83ae779e5de7e4888a0ab6af52ed20af2903d4755f5b148800c2d5f06f5,kaggriculture-r88-rivals__moon_q13_mg,237977933,0,63814,64376,0,1,0,DONE,DONE,719,719,648,647,72.87,32.258,1,,4.53
p3066_moon,b723ad3a44acc9fb,kaggle-environments 1.32.7,a52ba1bfe9df9dc1d504550af46744ef8d474797cdba7af2412dc40a3ebdf3b8,main,d987c83ae779e5de7e4888a0ab6af52ed20af2903d4755f5b148800c2d5f06f5,kaggriculture-r88-rivals__moon_q13_mg,237977933,1,63814,64376,0,1,0,DONE,DONE,719,719,648,647,17.695,39.917,1,,4.51
p3066_moon,b723ad3a44acc9fb,kaggle-environments 1.32.7,a52ba1bfe9df9dc1d504550af46744ef8d474797cdba7af2412dc40a3ebdf3b8,main,d987c83ae779e5de7e4888a0ab6af52ed20af2903d4755f5b148800c2d5f06f5,kaggriculture-r88-rivals__moon_q13_mg,242100432,0,83893,84508,0,1,0,DONE,DONE,719,719,657,657,40.671,32.598,1,,4.7
p3066_moon,b723ad3a44acc9fb,kaggle-environments 1.32.7,a52ba1bfe9df9dc1d504550af46744ef8d474797cdba7af2412dc40a3ebdf3b8,main,d987c83ae779e5de7e4888a0ab6af52ed20af2903d4755f5b148800c2d5f06f5,kaggriculture-r88-rivals__moon_q13_mg,242100432,1,83893,84508,0,1,0,DONE,DONE,719,719,657,657,16.16,31.234,1,,4.7
p3066_moon,b723ad3a44acc9fb,kaggle-environments 1.32.7,a52ba1bfe9df9dc1d504550af46744ef8d474797cdba7af2412dc40a3ebdf3b8,main,d987c83ae779e5de7e4888a0ab6af52ed20af2903d4755f5b148800c2d5f06f5,kaggriculture-r88-rivals__moon_q13_mg,243646532,0,86329,87266,0,1,0,DONE,DONE,719,719,658,658,16.584,32.008,1,,4.37
p3066_moon,b723ad3a44acc9fb,kaggle-environments 1.32.7,a52ba1bfe9df9dc1d504550af46744ef8d474797cdba7af2412dc40a3ebdf3b8,main,d987c83ae779e5de7e4888a0ab6af52ed20af2903d4755f5b148800c2d5f06f5,kaggriculture-r88-rivals__moon_q13_mg,243646532,1,86329,87266,0,1,0,DONE,DONE,719,719,658,658,93.591,61.698,1,,4.37
p3066_moon,b723ad3a44acc9fb,kaggle-environments 1.32.7,a52ba1bfe9df9dc1d504550af46744ef8d474797cdba7af2412dc40a3ebdf3b8,main,d987c83ae779e5de7e4888a0ab6af52ed20af2903d4755f5b148800c2d5f06f5,kaggriculture-r88-rivals__moon_q13_mg,244488030,0,67481,68813,0,1,0,DONE,DONE,719,719,649,635,71.662,34.368,1,,4.52
p3066_moon,b723ad3a44acc9fb,kaggle-environments 1.32.7,a52ba1bfe9df9dc1d504550af46744ef8d474797cdba7af2412dc40a3ebdf3b8,main,d987c83ae779e5de7e4888a0ab6af52ed20af2903d4755f5b148800c2d5f06f5,kaggriculture-r88-rivals__moon_q13_mg,244488030,1,67481,68813,0,1,0,DONE,DONE,719,719,649,635,116.17,81.611,1,,4.52
p3066_moon,b723ad3a44acc9fb,kaggle-environments 1.32.7,a52ba1bfe9df9dc1d504550af46744ef8d474797cdba7af2412dc40a3ebdf3b8,main,d987c83ae779e5de7e4888a0ab6af52ed20af2903d4755f5b148800c2d5f06f5,kaggriculture-r88-rivals__moon_q13_mg,244579335,0,81769,84162,0,1,0,DONE,DONE,719,719,648,636,108.154,31.094,1,,4.65
p3066_moon,b723ad3a44acc9fb,kaggle-environments 1.32.7,a52ba1bfe9df9dc1d504550af46744ef8d474797cdba7af2412dc40a3ebdf3b8,main,d987c83ae779e5de7e4888a0ab6af52ed20af2903d4755f5b148800c2d5f06f5,kaggriculture-r88-rivals__moon_q13_mg,244579335,1,81688,84237,0,1,0,DONE,DONE,719,719,648,636,100.394,33.59,1,,4.34
p3066_moon,b723ad3a44acc9fb,kaggle-environments 1.32.7,a52ba1bfe9df9dc1d504550af46744ef8d474797cdba7af2412dc40a3ebdf3b8,main,d987c83ae779e5de7e4888a0ab6af52ed20af2903d4755f5b148800c2d5f06f5,kaggriculture-r88-rivals__moon_q13_mg,245669593,0,87138,88431,0,1,0,DONE,DONE,719,719,655,654,113.338,31.716,1,,4.83
p3066_moon,b723ad3a44acc9fb,kaggle-environments 1.32.7,a52ba1bfe9df9dc1d504550af46744ef8d474797cdba7af2412dc40a3ebdf3b8,main,d987c83ae779e5de7e4888a0ab6af52ed20af2903d4755f5b148800c2d5f06f5,kaggriculture-r88-rivals__moon_q13_mg,245669593,1,87138,88431,0,1,0,DONE,DONE,719,719,655,654,10.86,79.162,1,,4.67
p3066_moon,b723ad3a44acc9fb,kaggle-environments 1.32.7,a52ba1bfe9df9dc1d504550af46744ef8d474797cdba7af2412dc40a3ebdf3b8,main,d987c83ae779e5de7e4888a0ab6af52ed20af2903d4755f5b148800c2d5f06f5,kaggriculture-r88-rivals__moon_q13_mg,247027353,0,117197,119418,0,1,0,DONE,DONE,719,719,649,648,10.307,32.638,1,,4.8
p3066_moon,b723ad3a44acc9fb,kaggle-environments 1.32.7,a52ba1bfe9df9dc1d504550af46744ef8d474797cdba7af2412dc40a3ebdf3b8,main,d987c83ae779e5de7e4888a0ab6af52ed20af2903d4755f5b148800c2d5f06f5,kaggriculture-r88-rivals__moon_q13_mg,247027353,1,117197,119418,0,1,0,DONE,DONE,719,719,649,648,11.056,50.487,1,,4.7
p3066_moon,b723ad3a44acc9fb,kaggle-environments 1.32.7,a52ba1bfe9df9dc1d504550af46744ef8d474797cdba7af2412dc40a3ebdf3b8,main,d987c83ae779e5de7e4888a0ab6af52ed20af2903d4755f5b148800c2d5f06f5,kaggriculture-r88-rivals__moon_q13_mg,248168242,0,92472,93204,0,1,0,DONE,DONE,719,719,656,656,44.876,33.65,1,,4.48
p3066_moon,b723ad3a44acc9fb,kaggle-environments 1.32.7,a52ba1bfe9df9dc1d504550af46744ef8d474797cdba7af2412dc40a3ebdf3b8,main,d987c83ae779e5de7e4888a0ab6af52ed20af2903d4755f5b148800c2d5f06f5,kaggriculture-r88-rivals__moon_q13_mg,248168242,1,92472,93204,0,1,0,DONE,DONE,719,719,656,656,95.117,31.843,1,,4.45
p3066_moon,b723ad3a44acc9fb,kaggle-environments 1.32.7,a52ba1bfe9df9dc1d504550af46744ef8d474797cdba7af2412dc40a3ebdf3b8,main,d987c83ae779e5de7e4888a0ab6af52ed20af2903d4755f5b148800c2d5f06f5,kaggriculture-r88-rivals__moon_q13_mg,252426730,0,106936,111002,0,1,0,DONE,DONE,719,719,642,640,139.729,30.838,1,,4.58
p3066_moon,b723ad3a44acc9fb,kaggle-environments 1.32.7,a52ba1bfe9df9dc1d504550af46744ef8d474797cdba7af2412dc40a3ebdf3b8,main,d987c83ae779e5de7e4888a0ab6af52ed20af2903d4755f5b148800c2d5f06f5,kaggriculture-r88-rivals__moon_q13_mg,252426730,1,106936,111002,0,1,0,DONE,DONE,719,719,642,640,5.458,127.033,1,,4.8
p3066_moon,b723ad3a44acc9fb,kaggle-environments 1.32.7,a52ba1bfe9df9dc1d504550af46744ef8d474797cdba7af2412dc40a3ebdf3b8,main,d987c83ae779e5de7e4888a0ab6af52ed20af2903d4755f5b148800c2d5f06f5,kaggriculture-r88-rivals__moon_q13_mg,253976472,0,95897,97021,0,1,0,DONE,DONE,719,719,653,652,15.87,32.465,1,,4.48
p3066_moon,b723ad3a44acc9fb,kaggle-environments 1.32.7,a52ba1bfe9df9dc1d504550af46744ef8d474797cdba7af2412dc40a3ebdf3b8,main,d987c83ae779e5de7e4888a0ab6af52ed20af2903d4755f5b148800c2d5f06f5,kaggriculture-r88-rivals__moon_q13_mg,253976472,1,95897,97021,0,1,0,DONE,DONE,719,719,653,652,17.596,31.346,1,,4.74
p3066_moon,b723ad3a44acc9fb,kaggle-environments 1.32.7,a52ba1bfe9df9dc1d504550af46744ef8d474797cdba7af2412dc40a3ebdf3b8,main,d987c83ae779e5de7e4888a0ab6af52ed20af2903d4755f5b148800c2d5f06f5,kaggriculture-r88-rivals__moon_q13_mg,255806317,0,75072,76590,0,1,0,DONE,DONE,719,719,650,649,141.556,31.115,1,,4.67
p3066_moon,b723ad3a44acc9fb,kaggle-environments 1.32.7,a52ba1bfe9df9dc1d504550af46744ef8d474797cdba7af2412dc40a3ebdf3b8,main,d987c83ae779e5de7e4888a0ab6af52ed20af2903d4755f5b148800c2d5f06f5,kaggriculture-r88-rivals__moon_q13_mg,255806317,1,75072,76590,0,1,0,DONE,DONE,719,719,650,649,20.101,76.137,1,,4.72
p3066_moon,b723ad3a44acc9fb,kaggle-environments 1.32.7,a52ba1bfe9df9dc1d504550af46744ef8d474797cdba7af2412dc40a3ebdf3b8,main,d987c83ae779e5de7e4888a0ab6af52ed20af2903d4755f5b148800c2d5f06f5,kaggriculture-r88-rivals__moon_q13_mg,258798443,0,66752,68435,0,1,0,DONE,DONE,719,719,657,657,85.091,41.953,1,,4.67
p3066_moon,b723ad3a44acc9fb,kaggle-environments 1.32.7,a52ba1bfe9df9dc1d504550af46744ef8d474797cdba7af2412dc40a3ebdf3b8,main,d987c83ae779e5de7e4888a0ab6af52ed20af2903d4755f5b148800c2d5f06f5,kaggriculture-r88-rivals__moon_q13_mg,258798443,1,66752,68435,0,1,0,DONE,DONE,719,719,657,657,11.411,109.657,1,,4.69
p3066_moon,b723ad3a44acc9fb,kaggle-environments 1.32.7,a52ba1bfe9df9dc1d504550af46744ef8d474797cdba7af2412dc40a3ebdf3b8,main,d987c83ae779e5de7e4888a0ab6af52ed20af2903d4755f5b148800c2d5f06f5,kaggriculture-r88-rivals__moon_q13_mg,262383157,0,103716,104431,0,1,0,DONE,DONE,719,719,648,647,13.474,47.404,1,,4.77
p3066_moon,b723ad3a44acc9fb,kaggle-environments 1.32.7,a52ba1bfe9df9dc1d504550af46744ef8d474797cdba7af2412dc40a3ebdf3b8,main,d987c83ae779e5de7e4888a0ab6af52ed20af2903d4755f5b148800c2d5f06f5,kaggriculture-r88-rivals__moon_q13_mg,262383157,1,103716,104431,0,1,0,DONE,DONE,719,719,648,647,10.515,105.262,1,,4.62
p3066_moon,b723ad3a44acc9fb,kaggle-environments 1.32.7,a52ba1bfe9df9dc1d504550af46744ef8d474797cdba7af2412dc40a3ebdf3b8,main,d987c83ae779e5de7e4888a0ab6af52ed20af2903d4755f5b148800c2d5f06f5,kaggriculture-r88-rivals__moon_q13_mg,263967034,0,66851,69497,0,1,0,DONE,DONE,719,719,649,649,102.23,32.058,1,,4.7
p3066_moon,b723ad3a44acc9fb,kaggle-environments 1.32.7,a52ba1bfe9df9dc1d504550af46744ef8d474797cdba7af2412dc40a3ebdf3b8,main,d987c83ae779e5de7e4888a0ab6af52ed20af2903d4755f5b148800c2d5f06f5,kaggriculture-r88-rivals__moon_q13_mg,263967034,1,66851,69497,0,1,0,DONE,DONE,719,719,649,649,11.964,106.252,1,,5.13
p3066_moon,b723ad3a44acc9fb,kaggle-environments 1.32.7,a52ba1bfe9df9dc1d504550af46744ef8d474797cdba7af2412dc40a3ebdf3b8,main,d987c83ae779e5de7e4888a0ab6af52ed20af2903d4755f5b148800c2d5f06f5,kaggriculture-r88-rivals__moon_q13_mg,266064978,0,95957,96867,0,1,0,DONE,DONE,719,719,654,653,64.107,31.264,1,,5.08
p3066_moon,b723ad3a44acc9fb,kaggle-environments 1.32.7,a52ba1bfe9df9dc1d504550af46744ef8d474797cdba7af2412dc40a3ebdf3b8,main,d987c83ae779e5de7e4888a0ab6af52ed20af2903d4755f5b148800c2d5f06f5,kaggriculture-r88-rivals__moon_q13_mg,266064978,1,95957,96867,0,1,0,DONE,DONE,719,719,654,653,10.606,88.806,1,,4.51
p3066_moon,b723ad3a44acc9fb,kaggle-environments 1.32.7,a52ba1bfe9df9dc1d504550af46744ef8d474797cdba7af2412dc40a3ebdf3b8,main,d987c83ae779e5de7e4888a0ab6af52ed20af2903d4755f5b148800c2d5f06f5,kaggriculture-r88-rivals__moon_q13_mg,267865996,0,141049,141892,0,1,0,DONE,DONE,719,719,656,655,15.907,33.473,1,,4.9
p3066_moon,b723ad3a44acc9fb,kaggle-environments 1.32.7,a52ba1bfe9df9dc1d504550af46744ef8d474797cdba7af2412dc40a3ebdf3b8,main,d987c83ae779e5de7e4888a0ab6af52ed20af2903d4755f5b148800c2d5f06f5,kaggriculture-r88-rivals__moon_q13_mg,267865996,1,141049,141892,0,1,0,DONE,DONE,719,719,656,655,88.493,58.074,1,,4.27
p3066_moon,b723ad3a44acc9fb,kaggle-environments 1.32.7,a52ba1bfe9df9dc1d504550af46744ef8d474797cdba7af2412dc40a3ebdf3b8,main,d987c83ae779e5de7e4888a0ab6af52ed20af2903d4755f5b148800c2d5f06f5,kaggriculture-r88-rivals__moon_q13_mg,268416285,0,130217,131764,0,1,0,DONE,DONE,719,719,659,659,17.395,30.886,1,,4.21
p3066_moon,b723ad3a44acc9fb,kaggle-environments 1.32.7,a52ba1bfe9df9dc1d504550af46744ef8d474797cdba7af2412dc40a3ebdf3b8,main,d987c83ae779e5de7e4888a0ab6af52ed20af2903d4755f5b148800c2d5f06f5,kaggriculture-r88-rivals__moon_q13_mg,268416285,1,130217,131764,0,1,0,DONE,DONE,719,719,659,659,16.484,82.361,1,,4.8
p3066_moon,b723ad3a44acc9fb,kaggle-environments 1.32.7,a52ba1bfe9df9dc1d504550af46744ef8d474797cdba7af2412dc40a3ebdf3b8,main,d987c83ae779e5de7e4888a0ab6af52ed20af2903d4755f5b148800c2d5f06f5,kaggriculture-r88-rivals__moon_q13_mg,270212011,0,115667,118429,0,1,0,DONE,DONE,719,719,649,637,101.557,33.91,1,,4.8
p3066_moon,b723ad3a44acc9fb,kaggle-environments 1.32.7,a52ba1bfe9df9dc1d504550af46744ef8d474797cdba7af2412dc40a3ebdf3b8,main,d987c83ae779e5de7e4888a0ab6af52ed20af2903d4755f5b148800c2d5f06f5,kaggriculture-r88-rivals__moon_q13_mg,270212011,1,115667,118429,0,1,0,DONE,DONE,719,719,649,637,10.785,72.568,1,,4.67
p3066_moon,b723ad3a44acc9fb,kaggle-environments 1.32.7,a52ba1bfe9df9dc1d504550af46744ef8d474797cdba7af2412dc40a3ebdf3b8,main,d987c83ae779e5de7e4888a0ab6af52ed20af2903d4755f5b148800c2d5f06f5,kaggriculture-r88-rivals__moon_q13_mg,271213467,0,84479,85329,0,1,0,DONE,DONE,719,719,655,654,15.929,33.348,1,,4.48
p3066_moon,b723ad3a44acc9fb,kaggle-environments 1.32.7,a52ba1bfe9df9dc1d504550af46744ef8d474797cdba7af2412dc40a3ebdf3b8,main,d987c83ae779e5de7e4888a0ab6af52ed20af2903d4755f5b148800c2d5f06f5,kaggriculture-r88-rivals__moon_q13_mg,271213467,1,84479,85329,0,1,0,DONE,DONE,719,719,655,654,112.793,71.576,1,,4.65
p3066_moon,b723ad3a44acc9fb,kaggle-environments 1.32.7,a52ba1bfe9df9dc1d504550af46744ef8d474797cdba7af2412dc40a3ebdf3b8,main,d987c83ae779e5de7e4888a0ab6af52ed20af2903d4755f5b148800c2d5f06f5,kaggriculture-r88-rivals__moon_q13_mg,272752417,0,101753,103524,0,1,0,DONE,DONE,719,719,652,652,86.441,31.103,1,,4.68
p3066_moon,b723ad3a44acc9fb,kaggle-environments 1.32.7,a52ba1bfe9df9dc1d504550af46744ef8d474797cdba7af2412dc40a3ebdf3b8,main,d987c83ae779e5de7e4888a0ab6af52ed20af2903d4755f5b148800c2d5f06f5,kaggriculture-r88-rivals__moon_q13_mg,272752417,1,101753,103524,0,1,0,DONE,DONE,719,719,652,652,43.684,45.086,1,,4.61
p3066_moon,b723ad3a44acc9fb,kaggle-environments 1.32.7,a52ba1bfe9df9dc1d504550af46744ef8d474797cdba7af2412dc40a3ebdf3b8,main,d987c83ae779e5de7e4888a0ab6af52ed20af2903d4755f5b148800c2d5f06f5,kaggriculture-r88-rivals__moon_q13_mg,276129185,0,125631,127579,0,1,0,DONE,DONE,719,719,641,641,39.175,30.778,1,,4.51
p3066_moon,b723ad3a44acc9fb,kaggle-environments 1.32.7,a52ba1bfe9df9dc1d504550af46744ef8d474797cdba7af2412dc40a3ebdf3b8,main,d987c83ae779e5de7e4888a0ab6af52ed20af2903d4755f5b148800c2d5f06f5,kaggriculture-r88-rivals__moon_q13_mg,276129185,1,125631,127579,0,1,0,DONE,DONE,719,719,641,641,16.525,33.557,1,,4.6
p3066_moon,b723ad3a44acc9fb,kaggle-environments 1.32.7,a52ba1bfe9df9dc1d504550af46744ef8d474797cdba7af2412dc40a3ebdf3b8,main,d987c83ae779e5de7e4888a0ab6af52ed20af2903d4755f5b148800c2d5f06f5,kaggriculture-r88-rivals__moon_q13_mg,280994253,0,101144,106330,0,1,0,DONE,DONE,719,719,650,637,89.288,113.596,1,,4.85
p3066_moon,b723ad3a44acc9fb,kaggle-environments 1.32.7,a52ba1bfe9df9dc1d504550af46744ef8d474797cdba7af2412dc40a3ebdf3b8,main,d987c83ae779e5de7e4888a0ab6af52ed20af2903d4755f5b148800c2d5f06f5,kaggriculture-r88-rivals__moon_q13_mg,280994253,1,101144,106330,0,1,0,DONE,DONE,719,719,650,637,15.039,34.563,1,,4.43
p3066_moon,b723ad3a44acc9fb,kaggle-environments 1.32.7,a52ba1bfe9df9dc1d504550af46744ef8d474797cdba7af2412dc40a3ebdf3b8,main,d987c83ae779e5de7e4888a0ab6af52ed20af2903d4755f5b148800c2d5f06f5,kaggriculture-r88-rivals__moon_q13_mg,284050073,0,73394,73612,0,1,0,DONE,DONE,719,719,634,634,16.407,30.647,1,,4.62
p3066_moon,b723ad3a44acc9fb,kaggle-environments 1.32.7,a52ba1bfe9df9dc1d504550af46744ef8d474797cdba7af2412dc40a3ebdf3b8,main,d987c83ae779e5de7e4888a0ab6af52ed20af2903d4755f5b148800c2d5f06f5,kaggriculture-r88-rivals__moon_q13_mg,284050073,1,73394,73612,0,1,0,DONE,DONE,719,719,634,634,16.176,31.54,1,,4.39
p3066_moon,b723ad3a44acc9fb,kaggle-environments 1.32.7,a52ba1bfe9df9dc1d504550af46744ef8d474797cdba7af2412dc40a3ebdf3b8,main,d987c83ae779e5de7e4888a0ab6af52ed20af2903d4755f5b148800c2d5f06f5,kaggriculture-r88-rivals__moon_q13_mg,286469594,0,85125,88795,0,1,0,DONE,DONE,719,719,654,653,78.532,29.534,1,,4.44
p3066_moon,b723ad3a44acc9fb,kaggle-environments 1.32.7,a52ba1bfe9df9dc1d504550af46744ef8d474797cdba7af2412dc40a3ebdf3b8,main,d987c83ae779e5de7e4888a0ab6af52ed20af2903d4755f5b148800c2d5f06f5,kaggriculture-r88-rivals__moon_q13_mg,286469594,1,85057,89388,0,1,0,DONE,DONE,719,719,655,653,90.099,30.752,1,,4.49
p3066_moon,b723ad3a44acc9fb,kaggle-environments 1.32.7,a52ba1bfe9df9dc1d504550af46744ef8d474797cdba7af2412dc40a3ebdf3b8,main,d987c83ae779e5de7e4888a0ab6af52ed20af2903d4755f5b148800c2d5f06f5,kaggriculture-r88-rivals__moon_q13_mg,290144135,0,78604,79397,0,1,0,DONE,DONE,719,719,654,653,86.408,32.552,1,,4.45
p3066_moon,b723ad3a44acc9fb,kaggle-environments 1.32.7,a52ba1bfe9df9dc1d504550af46744ef8d474797cdba7af2412dc40a3ebdf3b8,main,d987c83ae779e5de7e4888a0ab6af52ed20af2903d4755f5b148800c2d5f06f5,kaggriculture-r88-rivals__moon_q13_mg,290144135,1,78604,79397,0,1,0,DONE,DONE,719,719,654,653,15.701,31.905,1,,4.6
p3066_moon,b723ad3a44acc9fb,kaggle-environments 1.32.7,a52ba1bfe9df9dc1d504550af46744ef8d474797cdba7af2412dc40a3ebdf3b8,main,d987c83ae779e5de7e4888a0ab6af52ed20af2903d4755f5b148800c2d5f06f5,kaggriculture-r88-rivals__moon_q13_mg,291481271,0,78961,84826,0,1,0,DONE,DONE,719,719,650,636,91.948,31.913,1,,4.76
p3066_moon,b723ad3a44acc9fb,kaggle-environments 1.32.7,a52ba1bfe9df9dc1d504550af46744ef8d474797cdba7af2412dc40a3ebdf3b8,main,d987c83ae779e5de7e4888a0ab6af52ed20af2903d4755f5b148800c2d5f06f5,kaggriculture-r88-rivals__moon_q13_mg,291481271,1,78961,84826,0,1,0,DONE,DONE,719,719,650,636,19.762,31.493,1,,4.54
p3066_moon,b723ad3a44acc9fb,kaggle-environments 1.32.7,a52ba1bfe9df9dc1d504550af46744ef8d474797cdba7af2412dc40a3ebdf3b8,main,d987c83ae779e5de7e4888a0ab6af52ed20af2903d4755f5b148800c2d5f06f5,kaggriculture-r88-rivals__moon_q13_mg,295497128,0,99054,99966,0,1,0,DONE,DONE,719,719,654,653,41.47,30.602,1,,4.43
p3066_moon,b723ad3a44acc9fb,kaggle-environments 1.32.7,a52ba1bfe9df9dc1d504550af46744ef8d474797cdba7af2412dc40a3ebdf3b8,main,d987c83ae779e5de7e4888a0ab6af52ed20af2903d4755f5b148800c2d5f06f5,kaggriculture-r88-rivals__moon_q13_mg,295497128,1,99054,99966,0,1,0,DONE,DONE,719,719,654,653,110.536,37.282,1,,4.52
p3066_moon,b723ad3a44acc9fb,kaggle-environments 1.32.7,a52ba1bfe9df9dc1d504550af46744ef8d474797cdba7af2412dc40a3ebdf3b8,main,d987c83ae779e5de7e4888a0ab6af52ed20af2903d4755f5b148800c2d5f06f5,kaggriculture-r88-rivals__moon_q13_mg,297167139,0,88576,91011,0,1,0,DONE,DONE,719,719,655,655,53.869,31.541,1,,4.73
p3066_moon,b723ad3a44acc9fb,kaggle-environments 1.32.7,a52ba1bfe9df9dc1d504550af46744ef8d474797cdba7af2412dc40a3ebdf3b8,main,d987c83ae779e5de7e4888a0ab6af52ed20af2903d4755f5b148800c2d5f06f5,kaggriculture-r88-rivals__moon_q13_mg,297167139,1,88576,91011,0,1,0,DONE,DONE,719,719,655,655,15.762,142.939,1,,4.84
p3066_moon,b723ad3a44acc9fb,kaggle-environments 1.32.7,a52ba1bfe9df9dc1d504550af46744ef8d474797cdba7af2412dc40a3ebdf3b8,main,d987c83ae779e5de7e4888a0ab6af52ed20af2903d4755f5b148800c2d5f06f5,kaggriculture-r88-rivals__moon_q13_mg,298942269,0,77707,79178,0,1,0,DONE,DONE,719,719,651,650,84.623,30.899,1,,4.72
p3066_moon,b723ad3a44acc9fb,kaggle-environments 1.32.7,a52ba1bfe9df9dc1d504550af46744ef8d474797cdba7af2412dc40a3ebdf3b8,main,d987c83ae779e5de7e4888a0ab6af52ed20af2903d4755f5b148800c2d5f06f5,kaggriculture-r88-rivals__moon_q13_mg,298942269,1,77707,79178,0,1,0,DONE,DONE,719,719,651,650,15.898,31.143,1,,4.6
p3066_moon,b723ad3a44acc9fb,kaggle-environments 1.32.7,a52ba1bfe9df9dc1d504550af46744ef8d474797cdba7af2412dc40a3ebdf3b8,main,d987c83ae779e5de7e4888a0ab6af52ed20af2903d4755f5b148800c2d5f06f5,kaggriculture-r88-rivals__moon_q13_mg,304187692,0,85353,86986,0,1,0,DONE,DONE,719,719,650,651,94.972,32.917,1,,4.73
p3066_moon,b723ad3a44acc9fb,kaggle-environments 1.32.7,a52ba1bfe9df9dc1d504550af46744ef8d474797cdba7af2412dc40a3ebdf3b8,main,d987c83ae779e5de7e4888a0ab6af52ed20af2903d4755f5b148800c2d5f06f5,kaggriculture-r88-rivals__moon_q13_mg,304187692,1,85353,86986,0,1,0,DONE,DONE,719,719,651,650,16.712,90.826,1,,4.58
p3066_moon,b723ad3a44acc9fb,kaggle-environments 1.32.7,a52ba1bfe9df9dc1d504550af46744ef8d474797cdba7af2412dc40a3ebdf3b8,main,d987c83ae779e5de7e4888a0ab6af52ed20af2903d4755f5b148800c2d5f06f5,kaggriculture-r88-rivals__moon_q13_mg,304305137,0,92547,93460,0,1,0,DONE,DONE,719,719,659,658,87.073,30.768,1,,4.51
p3066_moon,b723ad3a44acc9fb,kaggle-environments 1.32.7,a52ba1bfe9df9dc1d504550af46744ef8d474797cdba7af2412dc40a3ebdf3b8,main,d987c83ae779e5de7e4888a0ab6af52ed20af2903d4755f5b148800c2d5f06f5,kaggriculture-r88-rivals__moon_q13_mg,304305137,1,92547,93460,0,1,0,DONE,DONE,719,719,659,658,16.44,85.406,1,,4.75
p3066_moon,b723ad3a44acc9fb,kaggle-environments 1.32.7,a52ba1bfe9df9dc1d504550af46744ef8d474797cdba7af2412dc40a3ebdf3b8,main,d987c83ae779e5de7e4888a0ab6af52ed20af2903d4755f5b148800c2d5f06f5,kaggriculture-r88-rivals__moon_q13_mg,306982199,0,116314,117302,0,1,0,DONE,DONE,719,719,652,651,67.566,31.728,1,,4.4
p3066_moon,b723ad3a44acc9fb,kaggle-environments 1.32.7,a52ba1bfe9df9dc1d504550af46744ef8d474797cdba7af2412dc40a3ebdf3b8,main,d987c83ae779e5de7e4888a0ab6af52ed20af2903d4755f5b148800c2d5f06f5,kaggriculture-r88-rivals__moon_q13_mg,306982199,1,116314,117302,0,1,0,DONE,DONE,719,719,652,651,73.639,35.597,1,,4.63
p3066_moon,b723ad3a44acc9fb,kaggle-environments 1.32.7,a52ba1bfe9df9dc1d504550af46744ef8d474797cdba7af2412dc40a3ebdf3b8,main,d987c83ae779e5de7e4888a0ab6af52ed20af2903d4755f5b148800c2d5f06f5,kaggriculture-r88-rivals__moon_q13_mg,311994045,0,116200,116140,1,0,0,DONE,DONE,719,719,656,655,83.881,33.247,1,,4.49
p3066_moon,b723ad3a44acc9fb,kaggle-environments 1.32.7,a52ba1bfe9df9dc1d504550af46744ef8d474797cdba7af2412dc40a3ebdf3b8,main,d987c83ae779e5de7e4888a0ab6af52ed20af2903d4755f5b148800c2d5f06f5,kaggriculture-r88-rivals__moon_q13_mg,311994045,1,116200,116140,1,0,0,DONE,DONE,719,719,656,655,16.433,86.212,1,,4.43
p3066_moon,b723ad3a44acc9fb,kaggle-environments 1.32.7,a52ba1bfe9df9dc1d504550af46744ef8d474797cdba7af2412dc40a3ebdf3b8,main,d987c83ae779e5de7e4888a0ab6af52ed20af2903d4755f5b148800c2d5f06f5,kaggriculture-r88-rivals__moon_q13_mg,313460815,0,113468,114830,0,1,0,DONE,DONE,719,719,641,638,102.098,40.705,1,,4.82
p3066_moon,b723ad3a44acc9fb,kaggle-environments 1.32.7,a52ba1bfe9df9dc1d504550af46744ef8d474797cdba7af2412dc40a3ebdf3b8,main,d987c83ae779e5de7e4888a0ab6af52ed20af2903d4755f5b148800c2d5f06f5,kaggriculture-r88-rivals__moon_q13_mg,313460815,1,113509,114831,0,1,0,DONE,DONE,719,719,641,638,16.908,146.544,1,,4.78
p3066_moon,b723ad3a44acc9fb,kaggle-environments 1.32.7,a52ba1bfe9df9dc1d504550af46744ef8d474797cdba7af2412dc40a3ebdf3b8,main,d987c83ae779e5de7e4888a0ab6af52ed20af2903d4755f5b148800c2d5f06f5,kaggriculture-r88-rivals__moon_q13_mg,314816792,0,76304,78857,0,1,0,DONE,DONE,719,719,655,655,16.039,30.137,1,,4.38
p3066_moon,b723ad3a44acc9fb,kaggle-environments 1.32.7,a52ba1bfe9df9dc1d504550af46744ef8d474797cdba7af2412dc40a3ebdf3b8,main,d987c83ae779e5de7e4888a0ab6af52ed20af2903d4755f5b148800c2d5f06f5,kaggriculture-r88-rivals__moon_q13_mg,314816792,1,76304,78857,0,1,0,DONE,DONE,719,719,655,655,17.539,41.214,1,,4.53
p3066_moon,b723ad3a44acc9fb,kaggle-environments 1.32.7,a52ba1bfe9df9dc1d504550af46744ef8d474797cdba7af2412dc40a3ebdf3b8,main,d987c83ae779e5de7e4888a0ab6af52ed20af2903d4755f5b148800c2d5f06f5,kaggriculture-r88-rivals__moon_q13_mg,314863912,0,80628,82263,0,1,0,DONE,DONE,719,719,635,635,15.883,31.121,1,,4.43
p3066_moon,b723ad3a44acc9fb,kaggle-environments 1.32.7,a52ba1bfe9df9dc1d504550af46744ef8d474797cdba7af2412dc40a3ebdf3b8,main,d987c83ae779e5de7e4888a0ab6af52ed20af2903d4755f5b148800c2d5f06f5,kaggriculture-r88-rivals__moon_q13_mg,314863912,1,80628,82263,0,1,0,DONE,DONE,719,719,635,635,118.224,32.172,1,,4.5
p3066_moon,b723ad3a44acc9fb,kaggle-environments 1.32.7,a52ba1bfe9df9dc1d504550af46744ef8d474797cdba7af2412dc40a3ebdf3b8,main,d987c83ae779e5de7e4888a0ab6af52ed20af2903d4755f5b148800c2d5f06f5,kaggriculture-r88-rivals__moon_q13_mg,315410585,0,86388,88541,0,1,0,DONE,DONE,719,719,651,651,117.334,31.045,1,,4.71
p3066_moon,b723ad3a44acc9fb,kaggle-environments 1.32.7,a52ba1bfe9df9dc1d504550af46744ef8d474797cdba7af2412dc40a3ebdf3b8,main,d987c83ae779e5de7e4888a0ab6af52ed20af2903d4755f5b148800c2d5f06f5,kaggriculture-r88-rivals__moon_q13_mg,315410585,1,86388,88541,0,1,0,DONE,DONE,719,719,651,651,17.149,100.546,1,,4.88
p3066_moon,b723ad3a44acc9fb,kaggle-environments 1.32.7,a52ba1bfe9df9dc1d504550af46744ef8d474797cdba7af2412dc40a3ebdf3b8,main,d987c83ae779e5de7e4888a0ab6af52ed20af2903d4755f5b148800c2d5f06f5,kaggriculture-r88-rivals__moon_q13_mg,316995331,0,112865,112887,0,1,0,DONE,DONE,719,719,662,662,96.684,32.074,1,,4.37
p3066_moon,b723ad3a44acc9fb,kaggle-environments 1.32.7,a52ba1bfe9df9dc1d504550af46744ef8d474797cdba7af2412dc40a3ebdf3b8,main,d987c83ae779e5de7e4888a0ab6af52ed20af2903d4755f5b148800c2d5f06f5,kaggriculture-r88-rivals__moon_q13_mg,316995331,1,112730,113012,0,1,0,DONE,DONE,719,719,662,662,110.742,56.406,1,,4.83
p3066_moon,b723ad3a44acc9fb,kaggle-environments 1.32.7,a52ba1bfe9df9dc1d504550af46744ef8d474797cdba7af2412dc40a3ebdf3b8,main,d987c83ae779e5de7e4888a0ab6af52ed20af2903d4755f5b148800c2d5f06f5,kaggriculture-r88-rivals__moon_q13_mg,317969597,0,83640,85200,0,1,0,DONE,DONE,719,719,660,660,16.609,31.358,1,,4.57
p3066_moon,b723ad3a44acc9fb,kaggle-environments 1.32.7,a52ba1bfe9df9dc1d504550af46744ef8d474797cdba7af2412dc40a3ebdf3b8,main,d987c83ae779e5de7e4888a0ab6af52ed20af2903d4755f5b148800c2d5f06f5,kaggriculture-r88-rivals__moon_q13_mg,317969597,1,83640,85200,0,1,0,DONE,DONE,719,719,660,660,16.23,31.444,1,,4.53
p3066_moon,b723ad3a44acc9fb,kaggle-environments 1.32.7,a52ba1bfe9df9dc1d504550af46744ef8d474797cdba7af2412dc40a3ebdf3b8,main,d987c83ae779e5de7e4888a0ab6af52ed20af2903d4755f5b148800c2d5f06f5,kaggriculture-r88-rivals__moon_q13_mg,320999821,0,86598,87312,0,1,0,DONE,DONE,719,719,654,653,15.624,30.411,1,,4.78
p3066_moon,b723ad3a44acc9fb,kaggle-environments 1.32.7,a52ba1bfe9df9dc1d504550af46744ef8d474797cdba7af2412dc40a3ebdf3b8,main,d987c83ae779e5de7e4888a0ab6af52ed20af2903d4755f5b148800c2d5f06f5,kaggriculture-r88-rivals__moon_q13_mg,320999821,1,86598,87312,0,1,0,DONE,DONE,719,719,654,653,10.623,31.884,1,,4.5
p3066_moon,b723ad3a44acc9fb,kaggle-environments 1.32.7,a52ba1bfe9df9dc1d504550af46744ef8d474797cdba7af2412dc40a3ebdf3b8,main,d987c83ae779e5de7e4888a0ab6af52ed20af2903d4755f5b148800c2d5f06f5,kaggriculture-r88-rivals__moon_q13_mg,321492174,0,77662,78639,0,1,0,DONE,DONE,719,719,652,652,82.318,31.397,1,,4.64
p3066_moon,b723ad3a44acc9fb,kaggle-environments 1.32.7,a52ba1bfe9df9dc1d504550af46744ef8d474797cdba7af2412dc40a3ebdf3b8,main,d987c83ae779e5de7e4888a0ab6af52ed20af2903d4755f5b148800c2d5f06f5,kaggriculture-r88-rivals__moon_q13_mg,321492174,1,77662,78639,0,1,0,DONE,DONE,719,719,652,652,80.432,111.736,1,,4.67
p3066_moon,b723ad3a44acc9fb,kaggle-environments 1.32.7,a52ba1bfe9df9dc1d504550af46744ef8d474797cdba7af2412dc40a3ebdf3b8,main,d987c83ae779e5de7e4888a0ab6af52ed20af2903d4755f5b148800c2d5f06f5,kaggriculture-r88-rivals__moon_q13_mg,322729294,0,91458,93539,0,1,0,DONE,DONE,719,719,654,653,19.899,31.662,1,,4.46
p3066_moon,b723ad3a44acc9fb,kaggle-environments 1.32.7,a52ba1bfe9df9dc1d504550af46744ef8d474797cdba7af2412dc40a3ebdf3b8,main,d987c83ae779e5de7e4888a0ab6af52ed20af2903d4755f5b148800c2d5f06f5,kaggriculture-r88-rivals__moon_q13_mg,322729294,1,91458,93539,0,1,0,DONE,DONE,719,719,654,653,98.246,32.338,1,,4.66
p3066_moon,b723ad3a44acc9fb,kaggle-environments 1.32.7,a52ba1bfe9df9dc1d504550af46744ef8d474797cdba7af2412dc40a3ebdf3b8,main,d987c83ae779e5de7e4888a0ab6af52ed20af2903d4755f5b148800c2d5f06f5,kaggriculture-r88-rivals__moon_q13_mg,326180350,0,75430,77754,0,1,0,DONE,DONE,719,719,653,653,16.427,32.314,1,,4.37
p3066_moon,b723ad3a44acc9fb,kaggle-environments 1.32.7,a52ba1bfe9df9dc1d504550af46744ef8d474797cdba7af2412dc40a3ebdf3b8,main,d987c83ae779e5de7e4888a0ab6af52ed20af2903d4755f5b148800c2d5f06f5,kaggriculture-r88-rivals__moon_q13_mg,326180350,1,75430,77754,0,1,0,DONE,DONE,719,719,653,653,77.9,34.03,1,,4.72
p3066_moon,b723ad3a44acc9fb,kaggle-environments 1.32.7,a52ba1bfe9df9dc1d504550af46744ef8d474797cdba7af2412dc40a3ebdf3b8,main,d987c83ae779e5de7e4888a0ab6af52ed20af2903d4755f5b148800c2d5f06f5,kaggriculture-r88-rivals__moon_q13_mg,326301111,0,122417,123705,0,1,0,DONE,DONE,719,719,656,655,51.881,32.431,1,,4.4
p3066_moon,b723ad3a44acc9fb,kaggle-environments 1.32.7,a52ba1bfe9df9dc1d504550af46744ef8d474797cdba7af2412dc40a3ebdf3b8,main,d987c83ae779e5de7e4888a0ab6af52ed20af2903d4755f5b148800c2d5f06f5,kaggriculture-r88-rivals__moon_q13_mg,326301111,1,122417,123705,0,1,0,DONE,DONE,719,719,656,655,116.208,34.678,1,,4.35
p3066_moon,b723ad3a44acc9fb,kaggle-environments 1.32.7,a52ba1bfe9df9dc1d504550af46744ef8d474797cdba7af2412dc40a3ebdf3b8,main,d987c83ae779e5de7e4888a0ab6af52ed20af2903d4755f5b148800c2d5f06f5,kaggriculture-r88-rivals__moon_q13_mg,326817610,0,108295,109343,0,1,0,DONE,DONE,719,719,656,655,42.955,32.276,1,,4.66
p3066_moon,b723ad3a44acc9fb,kaggle-environments 1.32.7,a52ba1bfe9df9dc1d504550af46744ef8d474797cdba7af2412dc40a3ebdf3b8,main,d987c83ae779e5de7e4888a0ab6af52ed20af2903d4755f5b148800c2d5f06f5,kaggriculture-r88-rivals__moon_q13_mg,326817610,1,108295,109343,0,1,0,DONE,DONE,719,719,656,655,15.551,39.089,1,,4.55
p3066_moon,b723ad3a44acc9fb,kaggle-environments 1.32.7,a52ba1bfe9df9dc1d504550af46744ef8d474797cdba7af2412dc40a3ebdf3b8,main,d987c83ae779e5de7e4888a0ab6af52ed20af2903d4755f5b148800c2d5f06f5,kaggriculture-r88-rivals__moon_q13_mg,329948488,0,102785,105401,0,1,0,DONE,DONE,719,719,650,638,113.623,33.0,1,,4.66
p3066_moon,b723ad3a44acc9fb,kaggle-environments 1.32.7,a52ba1bfe9df9dc1d504550af46744ef8d474797cdba7af2412dc40a3ebdf3b8,main,d987c83ae779e5de7e4888a0ab6af52ed20af2903d4755f5b148800c2d5f06f5,kaggriculture-r88-rivals__moon_q13_mg,329948488,1,102785,105401,0,1,0,DONE,DONE,719,719,650,638,10.68,30.683,1,,4.74
p3066_moon,b723ad3a44acc9fb,kaggle-environments 1.32.7,a52ba1bfe9df9dc1d504550af46744ef8d474797cdba7af2412dc40a3ebdf3b8,main,d987c83ae779e5de7e4888a0ab6af52ed20af2903d4755f5b148800c2d5f06f5,kaggriculture-r88-rivals__moon_q13_mg,330231434,0,91794,93316,0,1,0,DONE,DONE,719,719,651,650,75.267,30.721,1,,4.47
p3066_moon,b723ad3a44acc9fb,kaggle-environments 1.32.7,a52ba1bfe9df9dc1d504550af46744ef8d474797cdba7af2412dc40a3ebdf3b8,main,d987c83ae779e5de7e4888a0ab6af52ed20af2903d4755f5b148800c2d5f06f5,kaggriculture-r88-rivals__moon_q13_mg,330231434,1,91794,93316,0,1,0,DONE,DONE,719,719,651,650,86.498,96.436,1,,4.75
p3066_moon,b723ad3a44acc9fb,kaggle-environments 1.32.7,a52ba1bfe9df9dc1d504550af46744ef8d474797cdba7af2412dc40a3ebdf3b8,main,d987c83ae779e5de7e4888a0ab6af52ed20af2903d4755f5b148800c2d5f06f5,kaggriculture-r88-rivals__moon_q13_mg,330744118,0,72814,75022,0,1,0,DONE,DONE,719,719,636,636,15.036,31.97,1,,4.5
p3066_moon,b723ad3a44acc9fb,kaggle-environments 1.32.7,a52ba1bfe9df9dc1d504550af46744ef8d474797cdba7af2412dc40a3ebdf3b8,main,d987c83ae779e5de7e4888a0ab6af52ed20af2903d4755f5b148800c2d5f06f5,kaggriculture-r88-rivals__moon_q13_mg,330744118,1,72697,75129,0,1,0,DONE,DONE,719,719,636,636,76.246,33.277,1,,4.53
p3066_moon,b723ad3a44acc9fb,kaggle-environments 1.32.7,a52ba1bfe9df9dc1d504550af46744ef8d474797cdba7af2412dc40a3ebdf3b8,main,d987c83ae779e5de7e4888a0ab6af52ed20af2903d4755f5b148800c2d5f06f5,kaggriculture-r88-rivals__moon_q13_mg,333410233,0,85197,86384,0,1,0,DONE,DONE,719,719,654,653,11.09,31.428,1,,4.76
p3066_moon,b723ad3a44acc9fb,kaggle-environments 1.32.7,a52ba1bfe9df9dc1d504550af46744ef8d474797cdba7af2412dc40a3ebdf3b8,main,d987c83ae779e5de7e4888a0ab6af52ed20af2903d4755f5b148800c2d5f06f5,kaggriculture-r88-rivals__moon_q13_mg,333410233,1,85197,86384,0,1,0,DONE,DONE,719,719,654,653,11.642,73.267,1,,4.77
p3066_moon,b723ad3a44acc9fb,kaggle-environments 1.32.7,a52ba1bfe9df9dc1d504550af46744ef8d474797cdba7af2412dc40a3ebdf3b8,main,d987c83ae779e5de7e4888a0ab6af52ed20af2903d4755f5b148800c2d5f06f5,kaggriculture-r88-rivals__moon_q13_mg,335769314,0,62217,62794,0,1,0,DONE,DONE,719,719,648,647,89.815,31.099,1,,4.71
p3066_moon,b723ad3a44acc9fb,kaggle-environments 1.32.7,a52ba1bfe9df9dc1d504550af46744ef8d474797cdba7af2412dc40a3ebdf3b8,main,d987c83ae779e5de7e4888a0ab6af52ed20af2903d4755f5b148800c2d5f06f5,kaggriculture-r88-rivals__moon_q13_mg,335769314,1,62217,62794,0,1,0,DONE,DONE,719,719,648,647,127.734,29.865,1,,4.43
p3066_moon,b723ad3a44acc9fb,kaggle-environments 1.32.7,a52ba1bfe9df9dc1d504550af46744ef8d474797cdba7af2412dc40a3ebdf3b8,main,d987c83ae779e5de7e4888a0ab6af52ed20af2903d4755f5b148800c2d5f06f5,kaggriculture-r88-rivals__moon_q13_mg,343874067,0,71380,72803,0,1,0,DONE,DONE,719,719,650,649,79.526,36.786,1,,4.47
p3066_moon,b723ad3a44acc9fb,kaggle-environments 1.32.7,a52ba1bfe9df9dc1d504550af46744ef8d474797cdba7af2412dc40a3ebdf3b8,main,d987c83ae779e5de7e4888a0ab6af52ed20af2903d4755f5b148800c2d5f06f5,kaggriculture-r88-rivals__moon_q13_mg,343874067,1,71380,72803,0,1,0,DONE,DONE,719,719,650,649,60.291,41.895,1,,4.84
p3066_moon,b723ad3a44acc9fb,kaggle-environments 1.32.7,a52ba1bfe9df9dc1d504550af46744ef8d474797cdba7af2412dc40a3ebdf3b8,main,d987c83ae779e5de7e4888a0ab6af52ed20af2903d4755f5b148800c2d5f06f5,kaggriculture-r88-rivals__moon_q13_mg,344606943,0,86680,90931,0,1,0,DONE,DONE,719,719,665,640,6.26,31.376,1,,4.61
p3066_moon,b723ad3a44acc9fb,kaggle-environments 1.32.7,a52ba1bfe9df9dc1d504550af46744ef8d474797cdba7af2412dc40a3ebdf3b8,main,d987c83ae779e5de7e4888a0ab6af52ed20af2903d4755f5b148800c2d5f06f5,kaggriculture-r88-rivals__moon_q13_mg,344606943,1,86680,90931,0,1,0,DONE,DONE,719,719,665,640,43.082,84.386,1,,4.77
p3066_moon,b723ad3a44acc9fb,kaggle-environments 1.32.7,a52ba1bfe9df9dc1d504550af46744ef8d474797cdba7af2412dc40a3ebdf3b8,main,d987c83ae779e5de7e4888a0ab6af52ed20af2903d4755f5b148800c2d5f06f5,kaggriculture-r88-rivals__moon_q13_mg,347753166,0,78207,81508,0,1,0,DONE,DONE,719,719,649,638,77.79,34.556,1,,4.41
p3066_moon,b723ad3a44acc9fb,kaggle-environments 1.32.7,a52ba1bfe9df9dc1d504550af46744ef8d474797cdba7af2412dc40a3ebdf3b8,main,d987c83ae779e5de7e4888a0ab6af52ed20af2903d4755f5b148800c2d5f06f5,kaggriculture-r88-rivals__moon_q13_mg,347753166,1,78207,81508,0,1,0,DONE,DONE,719,719,649,638,99.8,103.365,1,,4.28
p3066_moon,b723ad3a44acc9fb,kaggle-environments 1.32.7,a52ba1bfe9df9dc1d504550af46744ef8d474797cdba7af2412dc40a3ebdf3b8,main,d987c83ae779e5de7e4888a0ab6af52ed20af2903d4755f5b148800c2d5f06f5,kaggriculture-r88-rivals__moon_q13_mg,349696718,0,123098,122931,1,0,0,DONE,DONE,719,719,656,655,98.661,94.04,1,,4.78
p3066_moon,b723ad3a44acc9fb,kaggle-environments 1.32.7,a52ba1bfe9df9dc1d504550af46744ef8d474797cdba7af2412dc40a3ebdf3b8,main,d987c83ae779e5de7e4888a0ab6af52ed20af2903d4755f5b148800c2d5f06f5,kaggriculture-r88-rivals__moon_q13_mg,349696718,1,123098,122931,1,0,0,DONE,DONE,719,719,656,655,83.532,117.865,1,,4.81
p3066_moon,b723ad3a44acc9fb,kaggle-environments 1.32.7,a52ba1bfe9df9dc1d504550af46744ef8d474797cdba7af2412dc40a3ebdf3b8,main,d987c83ae779e5de7e4888a0ab6af52ed20af2903d4755f5b148800c2d5f06f5,kaggriculture-r88-rivals__moon_q13_mg,352662196,0,89468,91006,0,1,0,DONE,DONE,719,719,649,649,47.155,42.515,1,,4.62
p3066_moon,b723ad3a44acc9fb,kaggle-environments 1.32.7,a52ba1bfe9df9dc1d504550af46744ef8d474797cdba7af2412dc40a3ebdf3b8,main,d987c83ae779e5de7e4888a0ab6af52ed20af2903d4755f5b148800c2d5f06f5,kaggriculture-r88-rivals__moon_q13_mg,352662196,1,89468,91006,0,1,0,DONE,DONE,719,719,649,649,110.453,30.792,1,,4.41
p3066_moon,b723ad3a44acc9fb,kaggle-environments 1.32.7,a52ba1bfe9df9dc1d504550af46744ef8d474797cdba7af2412dc40a3ebdf3b8,main,d987c83ae779e5de7e4888a0ab6af52ed20af2903d4755f5b148800c2d5f06f5,kaggriculture-r88-rivals__moon_q13_mg,354162115,0,88900,88984,0,1,0,DONE,DONE,719,719,657,657,39.086,32.352,1,,4.76
p3066_moon,b723ad3a44acc9fb,kaggle-environments 1.32.7,a52ba1bfe9df9dc1d504550af46744ef8d474797cdba7af2412dc40a3ebdf3b8,main,d987c83ae779e5de7e4888a0ab6af52ed20af2903d4755f5b148800c2d5f06f5,kaggriculture-r88-rivals__moon_q13_mg,354162115,1,88771,89103,0,1,0,DONE,DONE,719,719,657,657,11.488,31.444,1,,4.65
p3066_moon,b723ad3a44acc9fb,kaggle-environments 1.32.7,a52ba1bfe9df9dc1d504550af46744ef8d474797cdba7af2412dc40a3ebdf3b8,main,d987c83ae779e5de7e4888a0ab6af52ed20af2903d4755f5b148800c2d5f06f5,kaggriculture-r88-rivals__moon_q13_mg,354922960,0,94128,94781,0,1,0,DONE,DONE,719,719,655,654,10.838,30.569,1,,4.73
p3066_moon,b723ad3a44acc9fb,kaggle-environments 1.32.7,a52ba1bfe9df9dc1d504550af46744ef8d474797cdba7af2412dc40a3ebdf3b8,main,d987c83ae779e5de7e4888a0ab6af52ed20af2903d4755f5b148800c2d5f06f5,kaggriculture-r88-rivals__moon_q13_mg,354922960,1,94128,94781,0,1,0,DONE,DONE,719,719,655,654,51.586,123.42,1,,4.61
p3066_moon,b723ad3a44acc9fb,kaggle-environments 1.32.7,a52ba1bfe9df9dc1d504550af46744ef8d474797cdba7af2412dc40a3ebdf3b8,main,d987c83ae779e5de7e4888a0ab6af52ed20af2903d4755f5b148800c2d5f06f5,kaggriculture-r88-rivals__moon_q13_mg,357147783,0,126897,129756,0,1,0,DONE,DONE,719,719,657,656,122.318,34.287,1,,4.88
p3066_moon,b723ad3a44acc9fb,kaggle-environments 1.32.7,a52ba1bfe9df9dc1d504550af46744ef8d474797cdba7af2412dc40a3ebdf3b8,main,d987c83ae779e5de7e4888a0ab6af52ed20af2903d4755f5b148800c2d5f06f5,kaggriculture-r88-rivals__moon_q13_mg,357147783,1,126897,129756,0,1,0,DONE,DONE,719,719,657,656,10.855,113.376,1,,4.85
p3066_moon,b723ad3a44acc9fb,kaggle-environments 1.32.7,a52ba1bfe9df9dc1d504550af46744ef8d474797cdba7af2412dc40a3ebdf3b8,main,d987c83ae779e5de7e4888a0ab6af52ed20af2903d4755f5b148800c2d5f06f5,kaggriculture-r88-rivals__moon_q13_mg,359335025,0,58701,60309,0,1,0,DONE,DONE,719,719,647,647,67.525,31.751,1,,4.67
p3066_moon,b723ad3a44acc9fb,kaggle-environments 1.32.7,a52ba1bfe9df9dc1d504550af46744ef8d474797cdba7af2412dc40a3ebdf3b8,main,d987c83ae779e5de7e4888a0ab6af52ed20af2903d4755f5b148800c2d5f06f5,kaggriculture-r88-rivals__moon_q13_mg,359335025,1,58701,60309,0,1,0,DONE,DONE,719,719,647,647,16.086,63.741,1,,4.34
p3066_moon,b723ad3a44acc9fb,kaggle-environments 1.32.7,a52ba1bfe9df9dc1d504550af46744ef8d474797cdba7af2412dc40a3ebdf3b8,main,d987c83ae779e5de7e4888a0ab6af52ed20af2903d4755f5b148800c2d5f06f5,kaggriculture-r88-rivals__moon_q13_mg,360429910,0,71103,73294,0,1,0,DONE,DONE,719,719,651,651,16.321,30.267,1,,4.65
p3066_moon,b723ad3a44acc9fb,kaggle-environments 1.32.7,a52ba1bfe9df9dc1d504550af46744ef8d474797cdba7af2412dc40a3ebdf3b8,main,d987c83ae779e5de7e4888a0ab6af52ed20af2903d4755f5b148800c2d5f06f5,kaggriculture-r88-rivals__moon_q13_mg,360429910,1,71103,73294,0,1,0,DONE,DONE,719,719,651,651,61.898,30.722,1,,4.43
p3066_moon,b723ad3a44acc9fb,kaggle-environments 1.32.7,a52ba1bfe9df9dc1d504550af46744ef8d474797cdba7af2412dc40a3ebdf3b8,main,d987c83ae779e5de7e4888a0ab6af52ed20af2903d4755f5b148800c2d5f06f5,kaggriculture-r88-rivals__moon_q13_mg,362578649,0,70673,72787,0,1,0,DONE,DONE,719,719,650,649,63.393,30.224,1,,4.37
p3066_moon,b723ad3a44acc9fb,kaggle-environments 1.32.7,a52ba1bfe9df9dc1d504550af46744ef8d474797cdba7af2412dc40a3ebdf3b8,main,d987c83ae779e5de7e4888a0ab6af52ed20af2903d4755f5b148800c2d5f06f5,kaggriculture-r88-rivals__moon_q13_mg,362578649,1,70673,72787,0,1,0,DONE,DONE,719,719,650,649,15.517,41.878,1,,4.36
p3066_moon,b723ad3a44acc9fb,kaggle-environments 1.32.7,a52ba1bfe9df9dc1d504550af46744ef8d474797cdba7af2412dc40a3ebdf3b8,main,d987c83ae779e5de7e4888a0ab6af52ed20af2903d4755f5b148800c2d5f06f5,kaggriculture-r88-rivals__moon_q13_mg,367822176,0,62414,64084,0,1,0,DONE,DONE,719,719,653,653,16.163,31.718,1,,4.55
p3066_moon,b723ad3a44acc9fb,kaggle-environments 1.32.7,a52ba1bfe9df9dc1d504550af46744ef8d474797cdba7af2412dc40a3ebdf3b8,main,d987c83ae779e5de7e4888a0ab6af52ed20af2903d4755f5b148800c2d5f06f5,kaggriculture-r88-rivals__moon_q13_mg,367822176,1,62414,64084,0,1,0,DONE,DONE,719,719,653,653,17.695,30.764,1,,4.8
p3066_moon,b723ad3a44acc9fb,kaggle-environments 1.32.7,a52ba1bfe9df9dc1d504550af46744ef8d474797cdba7af2412dc40a3ebdf3b8,main,d987c83ae779e5de7e4888a0ab6af52ed20af2903d4755f5b148800c2d5f06f5,kaggriculture-r88-rivals__moon_q13_mg,371187819,0,97920,99569,0,1,0,DONE,DONE,719,719,653,652,15.551,31.124,1,,4.41
p3066_moon,b723ad3a44acc9fb,kaggle-environments 1.32.7,a52ba1bfe9df9dc1d504550af46744ef8d474797cdba7af2412dc40a3ebdf3b8,main,d987c83ae779e5de7e4888a0ab6af52ed20af2903d4755f5b148800c2d5f06f5,kaggriculture-r88-rivals__moon_q13_mg,371187819,1,97920,99569,0,1,0,DONE,DONE,719,719,653,652,56.932,31.907,1,,4.64
p3066_moon,b723ad3a44acc9fb,kaggle-environments 1.32.7,a52ba1bfe9df9dc1d504550af46744ef8d474797cdba7af2412dc40a3ebdf3b8,main,d987c83ae779e5de7e4888a0ab6af52ed20af2903d4755f5b148800c2d5f06f5,kaggriculture-r88-rivals__moon_q13_mg,374447715,0,80097,80893,0,1,0,DONE,DONE,719,719,660,659,17.465,117.815,1,,4.73
p3066_moon,b723ad3a44acc9fb,kaggle-environments 1.32.7,a52ba1bfe9df9dc1d504550af46744ef8d474797cdba7af2412dc40a3ebdf3b8,main,d987c83ae779e5de7e4888a0ab6af52ed20af2903d4755f5b148800c2d5f06f5,kaggriculture-r88-rivals__moon_q13_mg,374447715,1,80097,80893,0,1,0,DONE,DONE,719,719,660,659,28.32,31.01,1,,4.42
p3066_moon,b723ad3a44acc9fb,kaggle-environments 1.32.7,a52ba1bfe9df9dc1d504550af46744ef8d474797cdba7af2412dc40a3ebdf3b8,main,d987c83ae779e5de7e4888a0ab6af52ed20af2903d4755f5b148800c2d5f06f5,kaggriculture-r88-rivals__moon_q13_mg,374542663,0,88507,88978,0,1,0,DONE,DONE,719,719,649,638,5.486,31.287,1,,4.67
p3066_moon,b723ad3a44acc9fb,kaggle-environments 1.32.7,a52ba1bfe9df9dc1d504550af46744ef8d474797cdba7af2412dc40a3ebdf3b8,main,d987c83ae779e5de7e4888a0ab6af52ed20af2903d4755f5b148800c2d5f06f5,kaggriculture-r88-rivals__moon_q13_mg,374542663,1,88507,88978,0,1,0,DONE,DONE,719,719,649,638,7.325,87.433,1,,4.8
p3066_moon,b723ad3a44acc9fb,kaggle-environments 1.32.7,a52ba1bfe9df9dc1d504550af46744ef8d474797cdba7af2412dc40a3ebdf3b8,main,d987c83ae779e5de7e4888a0ab6af52ed20af2903d4755f5b148800c2d5f06f5,kaggriculture-r88-rivals__moon_q13_mg,375251735,0,129237,129824,0,1,0,DONE,DONE,719,719,638,638,39.965,32.559,1,,4.37
p3066_moon,b723ad3a44acc9fb,kaggle-environments 1.32.7,a52ba1bfe9df9dc1d504550af46744ef8d474797cdba7af2412dc40a3ebdf3b8,main,d987c83ae779e5de7e4888a0ab6af52ed20af2903d4755f5b148800c2d5f06f5,kaggriculture-r88-rivals__moon_q13_mg,375251735,1,129237,129824,0,1,0,DONE,DONE,719,719,638,638,98.356,67.41,1,,4.47
p3066_moon,b723ad3a44acc9fb,kaggle-environments 1.32.7,a52ba1bfe9df9dc1d504550af46744ef8d474797cdba7af2412dc40a3ebdf3b8,main,d987c83ae779e5de7e4888a0ab6af52ed20af2903d4755f5b148800c2d5f06f5,kaggriculture-r88-rivals__moon_q13_mg,378479224,0,80072,82039,0,1,0,DONE,DONE,719,719,655,654,44.808,35.788,1,,4.42
p3066_moon,b723ad3a44acc9fb,kaggle-environments 1.32.7,a52ba1bfe9df9dc1d504550af46744ef8d474797cdba7af2412dc40a3ebdf3b8,main,d987c83ae779e5de7e4888a0ab6af52ed20af2903d4755f5b148800c2d5f06f5,kaggriculture-r88-rivals__moon_q13_mg,378479224,1,80072,82039,0,1,0,DONE,DONE,719,719,655,654,70.72,34.877,1,,4.6
p3066_moon,b723ad3a44acc9fb,kaggle-environments 1.32.7,a52ba1bfe9df9dc1d504550af46744ef8d474797cdba7af2412dc40a3ebdf3b8,main,d987c83ae779e5de7e4888a0ab6af52ed20af2903d4755f5b148800c2d5f06f5,kaggriculture-r88-rivals__moon_q13_mg,379180580,0,87536,88703,0,1,0,DONE,DONE,719,719,639,639,64.133,33.635,1,,4.39
p3066_moon,b723ad3a44acc9fb,kaggle-environments 1.32.7,a52ba1bfe9df9dc1d504550af46744ef8d474797cdba7af2412dc40a3ebdf3b8,main,d987c83ae779e5de7e4888a0ab6af52ed20af2903d4755f5b148800c2d5f06f5,kaggriculture-r88-rivals__moon_q13_mg,379180580,1,87536,88703,0,1,0,DONE,DONE,719,719,639,639,84.751,31.882,1,,4.73
p3066_moon,b723ad3a44acc9fb,kaggle-environments 1.32.7,a52ba1bfe9df9dc1d504550af46744ef8d474797cdba7af2412dc40a3ebdf3b8,main,d987c83ae779e5de7e4888a0ab6af52ed20af2903d4755f5b148800c2d5f06f5,kaggriculture-r88-rivals__moon_q13_mg,383202827,0,98628,99199,0,1,0,DONE,DONE,719,719,638,638,101.534,30.826,1,,4.44
p3066_moon,b723ad3a44acc9fb,kaggle-environments 1.32.7,a52ba1bfe9df9dc1d504550af46744ef8d474797cdba7af2412dc40a3ebdf3b8,main,d987c83ae779e5de7e4888a0ab6af52ed20af2903d4755f5b148800c2d5f06f5,kaggriculture-r88-rivals__moon_q13_mg,383202827,1,98628,99199,0,1,0,DONE,DONE,719,719,638,638,59.378,31.76,1,,4.6
p3066_moon,b723ad3a44acc9fb,kaggle-environments 1.32.7,a52ba1bfe9df9dc1d504550af46744ef8d474797cdba7af2412dc40a3ebdf3b8,main,d987c83ae779e5de7e4888a0ab6af52ed20af2903d4755f5b148800c2d5f06f5,kaggriculture-r88-rivals__moon_q13_mg,384060394,0,88715,89879,0,1,0,DONE,DONE,719,719,657,656,60.459,31.014,1,,4.4
p3066_moon,b723ad3a44acc9fb,kaggle-environments 1.32.7,a52ba1bfe9df9dc1d504550af46744ef8d474797cdba7af2412dc40a3ebdf3b8,main,d987c83ae779e5de7e4888a0ab6af52ed20af2903d4755f5b148800c2d5f06f5,kaggriculture-r88-rivals__moon_q13_mg,384060394,1,88715,89879,0,1,0,DONE,DONE,719,719,657,656,56.22,31.352,1,,4.44
p3066_moon,b723ad3a44acc9fb,kaggle-environments 1.32.7,a52ba1bfe9df9dc1d504550af46744ef8d474797cdba7af2412dc40a3ebdf3b8,main,d987c83ae779e5de7e4888a0ab6af52ed20af2903d4755f5b148800c2d5f06f5,kaggriculture-r88-rivals__moon_q13_mg,384457459,0,69337,70583,0,1,0,DONE,DONE,719,719,649,648,58.968,32.587,1,,4.44
p3066_moon,b723ad3a44acc9fb,kaggle-environments 1.32.7,a52ba1bfe9df9dc1d504550af46744ef8d474797cdba7af2412dc40a3ebdf3b8,main,d987c83ae779e5de7e4888a0ab6af52ed20af2903d4755f5b148800c2d5f06f5,kaggriculture-r88-rivals__moon_q13_mg,384457459,1,69337,70583,0,1,0,DONE,DONE,719,719,649,648,15.634,43.867,1,,4.56
p3066_moon,b723ad3a44acc9fb,kaggle-environments 1.32.7,a52ba1bfe9df9dc1d504550af46744ef8d474797cdba7af2412dc40a3ebdf3b8,main,d987c83ae779e5de7e4888a0ab6af52ed20af2903d4755f5b148800c2d5f06f5,kaggriculture-r88-rivals__moon_q13_mg,384759268,0,110400,111787,0,1,0,DONE,DONE,719,719,659,658,94.953,31.624,1,,4.72
p3066_moon,b723ad3a44acc9fb,kaggle-environments 1.32.7,a52ba1bfe9df9dc1d504550af46744ef8d474797cdba7af2412dc40a3ebdf3b8,main,d987c83ae779e5de7e4888a0ab6af52ed20af2903d4755f5b148800c2d5f06f5,kaggriculture-r88-rivals__moon_q13_mg,384759268,1,110400,111787,0,1,0,DONE,DONE,719,719,659,658,18.191,31.562,1,,4.74
p3066_moon,b723ad3a44acc9fb,kaggle-environments 1.32.7,a52ba1bfe9df9dc1d504550af46744ef8d474797cdba7af2412dc40a3ebdf3b8,main,d987c83ae779e5de7e4888a0ab6af52ed20af2903d4755f5b148800c2d5f06f5,kaggriculture-r88-rivals__moon_q13_mg,385467461,0,107670,108944,0,1,0,DONE,DONE,719,719,638,638,49.451,32.748,1,,5.06
p3066_moon,b723ad3a44acc9fb,kaggle-environments 1.32.7,a52ba1bfe9df9dc1d504550af46744ef8d474797cdba7af2412dc40a3ebdf3b8,main,d987c83ae779e5de7e4888a0ab6af52ed20af2903d4755f5b148800c2d5f06f5,kaggriculture-r88-rivals__moon_q13_mg,385467461,1,107670,108944,0,1,0,DONE,DONE,719,719,638,638,6.199,63.754,1,,4.79
p3066_moon,b723ad3a44acc9fb,kaggle-environments 1.32.7,a52ba1bfe9df9dc1d504550af46744ef8d474797cdba7af2412dc40a3ebdf3b8,main,d987c83ae779e5de7e4888a0ab6af52ed20af2903d4755f5b148800c2d5f06f5,kaggriculture-r88-rivals__moon_q13_mg,385530804,0,108716,109347,0,1,0,DONE,DONE,719,719,656,655,15.991,64.362,1,,4.44
p3066_moon,b723ad3a44acc9fb,kaggle-environments 1.32.7,a52ba1bfe9df9dc1d504550af46744ef8d474797cdba7af2412dc40a3ebdf3b8,main,d987c83ae779e5de7e4888a0ab6af52ed20af2903d4755f5b148800c2d5f06f5,kaggriculture-r88-rivals__moon_q13_mg,385530804,1,108716,109347,0,1,0,DONE,DONE,719,719,656,655,16.009,81.983,1,,4.37
p3066_moon,b723ad3a44acc9fb,kaggle-environments 1.32.7,a52ba1bfe9df9dc1d504550af46744ef8d474797cdba7af2412dc40a3ebdf3b8,main,d987c83ae779e5de7e4888a0ab6af52ed20af2903d4755f5b148800c2d5f06f5,kaggriculture-r88-rivals__moon_q13_mg,394471166,0,104005,104867,0,1,0,DONE,DONE,719,719,657,656,37.793,31.547,1,,4.89
p3066_moon,b723ad3a44acc9fb,kaggle-environments 1.32.7,a52ba1bfe9df9dc1d504550af46744ef8d474797cdba7af2412dc40a3ebdf3b8,main,d987c83ae779e5de7e4888a0ab6af52ed20af2903d4755f5b148800c2d5f06f5,kaggriculture-r88-rivals__moon_q13_mg,394471166,1,104005,104867,0,1,0,DONE,DONE,719,719,657,656,11.016,30.594,1,,4.43
p3066_moon,b723ad3a44acc9fb,kaggle-environments 1.32.7,a52ba1bfe9df9dc1d504550af46744ef8d474797cdba7af2412dc40a3ebdf3b8,main,d987c83ae779e5de7e4888a0ab6af52ed20af2903d4755f5b148800c2d5f06f5,kaggriculture-r88-rivals__moon_q13_mg,394833418,0,106368,108284,0,1,0,DONE,DONE,719,719,655,655,53.392,32.504,1,,4.64
p3066_moon,b723ad3a44acc9fb,kaggle-environments 1.32.7,a52ba1bfe9df9dc1d504550af46744ef8d474797cdba7af2412dc40a3ebdf3b8,main,d987c83ae779e5de7e4888a0ab6af52ed20af2903d4755f5b148800c2d5f06f5,kaggriculture-r88-rivals__moon_q13_mg,394833418,1,106368,108284,0,1,0,DONE,DONE,719,719,655,655,17.102,109.535,1,,4.7
p3066_moon,b723ad3a44acc9fb,kaggle-environments 1.32.7,a52ba1bfe9df9dc1d504550af46744ef8d474797cdba7af2412dc40a3ebdf3b8,main,d987c83ae779e5de7e4888a0ab6af52ed20af2903d4755f5b148800c2d5f06f5,kaggriculture-r88-rivals__moon_q13_mg,398187590,0,136404,137166,0,1,0,DONE,DONE,719,719,654,653,55.056,32.018,1,,4.46
p3066_moon,b723ad3a44acc9fb,kaggle-environments 1.32.7,a52ba1bfe9df9dc1d504550af46744ef8d474797cdba7af2412dc40a3ebdf3b8,main,d987c83ae779e5de7e4888a0ab6af52ed20af2903d4755f5b148800c2d5f06f5,kaggriculture-r88-rivals__moon_q13_mg,398187590,1,136404,137166,0,1,0,DONE,DONE,719,719,654,653,17.097,32.965,1,,4.42
p3066_moon,b723ad3a44acc9fb,kaggle-environments 1.32.7,a52ba1bfe9df9dc1d504550af46744ef8d474797cdba7af2412dc40a3ebdf3b8,main,d987c83ae779e5de7e4888a0ab6af52ed20af2903d4755f5b148800c2d5f06f5,kaggriculture-r88-rivals__moon_q13_mg,400509605,0,100975,101216,0,1,0,DONE,DONE,719,719,658,658,85.625,30.486,1,,4.82
p3066_moon,b723ad3a44acc9fb,kaggle-environments 1.32.7,a52ba1bfe9df9dc1d504550af46744ef8d474797cdba7af2412dc40a3ebdf3b8,main,d987c83ae779e5de7e4888a0ab6af52ed20af2903d4755f5b148800c2d5f06f5,kaggriculture-r88-rivals__moon_q13_mg,400509605,1,100975,101216,0,1,0,DONE,DONE,719,719,658,658,83.348,92.965,1,,4.69
p3066_moon,b723ad3a44acc9fb,kaggle-environments 1.32.7,a52ba1bfe9df9dc1d504550af46744ef8d474797cdba7af2412dc40a3ebdf3b8,main,d987c83ae779e5de7e4888a0ab6af52ed20af2903d4755f5b148800c2d5f06f5,kaggriculture-r88-rivals__moon_q13_mg,401397591,0,94347,96349,0,1,0,DONE,DONE,719,719,655,654,15.688,33.421,1,,4.84
p3066_moon,b723ad3a44acc9fb,kaggle-environments 1.32.7,a52ba1bfe9df9dc1d504550af46744ef8d474797cdba7af2412dc40a3ebdf3b8,main,d987c83ae779e5de7e4888a0ab6af52ed20af2903d4755f5b148800c2d5f06f5,kaggriculture-r88-rivals__moon_q13_mg,401397591,1,94347,96349,0,1,0,DONE,DONE,719,719,655,654,16.067,40.822,1,,4.57
p3066_moon,b723ad3a44acc9fb,kaggle-environments 1.32.7,a52ba1bfe9df9dc1d504550af46744ef8d474797cdba7af2412dc40a3ebdf3b8,main,d987c83ae779e5de7e4888a0ab6af52ed20af2903d4755f5b148800c2d5f06f5,kaggriculture-r88-rivals__moon_q13_mg,401421676,0,117263,120185,0,1,0,DONE,DONE,719,719,649,638,15.391,31.768,1,,4.42
p3066_moon,b723ad3a44acc9fb,kaggle-environments 1.32.7,a52ba1bfe9df9dc1d504550af46744ef8d474797cdba7af2412dc40a3ebdf3b8,main,d987c83ae779e5de7e4888a0ab6af52ed20af2903d4755f5b148800c2d5f06f5,kaggriculture-r88-rivals__moon_q13_mg,401421676,1,117263,120185,0,1,0,DONE,DONE,719,719,649,638,50.355,58.332,1,,4.61
p3066_moon,b723ad3a44acc9fb,kaggle-environments 1.32.7,a52ba1bfe9df9dc1d504550af46744ef8d474797cdba7af2412dc40a3ebdf3b8,main,d987c83ae779e5de7e4888a0ab6af52ed20af2903d4755f5b148800c2d5f06f5,kaggriculture-r88-rivals__moon_q13_mg,401975774,0,134461,135619,0,1,0,DONE,DONE,719,719,655,654,97.436,33.74,1,,4.86
p3066_moon,b723ad3a44acc9fb,kaggle-environments 1.32.7,a52ba1bfe9df9dc1d504550af46744ef8d474797cdba7af2412dc40a3ebdf3b8,main,d987c83ae779e5de7e4888a0ab6af52ed20af2903d4755f5b148800c2d5f06f5,kaggriculture-r88-rivals__moon_q13_mg,401975774,1,134461,135619,0,1,0,DONE,DONE,719,719,655,654,11.218,114.111,1,,5.07
p3066_moon,b723ad3a44acc9fb,kaggle-environments 1.32.7,a52ba1bfe9df9dc1d504550af46744ef8d474797cdba7af2412dc40a3ebdf3b8,main,d987c83ae779e5de7e4888a0ab6af52ed20af2903d4755f5b148800c2d5f06f5,kaggriculture-r88-rivals__moon_q13_mg,402439054,0,67664,68815,0,1,0,DONE,DONE,719,719,659,659,16.19,32.642,1,,4.59
p3066_moon,b723ad3a44acc9fb,kaggle-environments 1.32.7,a52ba1bfe9df9dc1d504550af46744ef8d474797cdba7af2412dc40a3ebdf3b8,main,d987c83ae779e5de7e4888a0ab6af52ed20af2903d4755f5b148800c2d5f06f5,kaggriculture-r88-rivals__moon_q13_mg,402439054,1,67664,68815,0,1,0,DONE,DONE,719,719,659,659,16.288,78.466,1,,4.37
p3066_moon,b723ad3a44acc9fb,kaggle-environments 1.32.7,a52ba1bfe9df9dc1d504550af46744ef8d474797cdba7af2412dc40a3ebdf3b8,main,d987c83ae779e5de7e4888a0ab6af52ed20af2903d4755f5b148800c2d5f06f5,kaggriculture-r88-rivals__moon_q13_mg,404822543,0,105748,107098,0,1,0,DONE,DONE,719,719,648,638,88.048,32.749,1,,4.73
p3066_moon,b723ad3a44acc9fb,kaggle-environments 1.32.7,a52ba1bfe9df9dc1d504550af46744ef8d474797cdba7af2412dc40a3ebdf3b8,main,d987c83ae779e5de7e4888a0ab6af52ed20af2903d4755f5b148800c2d5f06f5,kaggriculture-r88-rivals__moon_q13_mg,404822543,1,105748,107098,0,1,0,DONE,DONE,719,719,648,638,15.609,56.559,1,,4.58
p3066_moon,b723ad3a44acc9fb,kaggle-environments 1.32.7,a52ba1bfe9df9dc1d504550af46744ef8d474797cdba7af2412dc40a3ebdf3b8,main,d987c83ae779e5de7e4888a0ab6af52ed20af2903d4755f5b148800c2d5f06f5,kaggriculture-r88-rivals__moon_q13_mg,409128422,0,113941,116049,0,1,0,DONE,DONE,719,719,655,655,50.261,31.178,1,,4.49
p3066_moon,b723ad3a44acc9fb,kaggle-environments 1.32.7,a52ba1bfe9df9dc1d504550af46744ef8d474797cdba7af2412dc40a3ebdf3b8,main,d987c83ae779e5de7e4888a0ab6af52ed20af2903d4755f5b148800c2d5f06f5,kaggriculture-r88-rivals__moon_q13_mg,409128422,1,113941,116049,0,1,0,DONE,DONE,719,719,655,655,73.335,70.442,1,,4.57
p3066_moon,b723ad3a44acc9fb,kaggle-environments 1.32.7,a52ba1bfe9df9dc1d504550af46744ef8d474797cdba7af2412dc40a3ebdf3b8,main,d987c83ae779e5de7e4888a0ab6af52ed20af2903d4755f5b148800c2d5f06f5,kaggriculture-r88-rivals__moon_q13_mg,409482909,0,86328,87268,0,1,0,DONE,DONE,719,719,658,657,15.372,37.423,1,,4.54
p3066_moon,b723ad3a44acc9fb,kaggle-environments 1.32.7,a52ba1bfe9df9dc1d504550af46744ef8d474797cdba7af2412dc40a3ebdf3b8,main,d987c83ae779e5de7e4888a0ab6af52ed20af2903d4755f5b148800c2d5f06f5,kaggriculture-r88-rivals__moon_q13_mg,409482909,1,86328,87268,0,1,0,DONE,DONE,719,719,658,657,16.085,32.103,1,,4.69
p3066_moon,b723ad3a44acc9fb,kaggle-environments 1.32.7,a52ba1bfe9df9dc1d504550af46744ef8d474797cdba7af2412dc40a3ebdf3b8,main,d987c83ae779e5de7e4888a0ab6af52ed20af2903d4755f5b148800c2d5f06f5,kaggriculture-r88-rivals__moon_q13_mg,411214301,0,93155,95533,0,1,0,DONE,DONE,719,719,655,655,15.975,31.217,1,,4.45
p3066_moon,b723ad3a44acc9fb,kaggle-environments 1.32.7,a52ba1bfe9df9dc1d504550af46744ef8d474797cdba7af2412dc40a3ebdf3b8,main,d987c83ae779e5de7e4888a0ab6af52ed20af2903d4755f5b148800c2d5f06f5,kaggriculture-r88-rivals__moon_q13_mg,411214301,1,93155,95533,0,1,0,DONE,DONE,719,719,655,655,29.106,34.841,1,,4.78
p3066_moon,b723ad3a44acc9fb,kaggle-environments 1.32.7,a52ba1bfe9df9dc1d504550af46744ef8d474797cdba7af2412dc40a3ebdf3b8,main,d987c83ae779e5de7e4888a0ab6af52ed20af2903d4755f5b148800c2d5f06f5,kaggriculture-r88-rivals__moon_q13_mg,417771363,0,54167,56795,0,1,0,DONE,DONE,719,719,648,633,90.011,30.837,1,,4.25
p3066_moon,b723ad3a44acc9fb,kaggle-environments 1.32.7,a52ba1bfe9df9dc1d504550af46744ef8d474797cdba7af2412dc40a3ebdf3b8,main,d987c83ae779e5de7e4888a0ab6af52ed20af2903d4755f5b148800c2d5f06f5,kaggriculture-r88-rivals__moon_q13_mg,417771363,1,54167,56795,0,1,0,DONE,DONE,719,719,648,633,102.264,53.834,1,,4.56
p3066_moon,b723ad3a44acc9fb,kaggle-environments 1.32.7,a52ba1bfe9df9dc1d504550af46744ef8d474797cdba7af2412dc40a3ebdf3b8,main,d987c83ae779e5de7e4888a0ab6af52ed20af2903d4755f5b148800c2d5f06f5,kaggriculture-r88-rivals__moon_q13_mg,419175930,0,101773,104577,0,1,0,DONE,DONE,719,719,649,638,16.661,31.877,1,,4.47
p3066_moon,b723ad3a44acc9fb,kaggle-environments 1.32.7,a52ba1bfe9df9dc1d504550af46744ef8d474797cdba7af2412dc40a3ebdf3b8,main,d987c83ae779e5de7e4888a0ab6af52ed20af2903d4755f5b148800c2d5f06f5,kaggriculture-r88-rivals__moon_q13_mg,419175930,1,101773,104577,0,1,0,DONE,DONE,719,719,649,638,72.527,31.311,1,,4.42
p3066_moon,b723ad3a44acc9fb,kaggle-environments 1.32.7,a52ba1bfe9df9dc1d504550af46744ef8d474797cdba7af2412dc40a3ebdf3b8,main,d987c83ae779e5de7e4888a0ab6af52ed20af2903d4755f5b148800c2d5f06f5,kaggriculture-r88-rivals__moon_q13_mg,424724662,0,143081,142778,1,0,0,DONE,DONE,719,719,657,656,60.503,98.479,1,,4.76
p3066_moon,b723ad3a44acc9fb,kaggle-environments 1.32.7,a52ba1bfe9df9dc1d504550af46744ef8d474797cdba7af2412dc40a3ebdf3b8,main,d987c83ae779e5de7e4888a0ab6af52ed20af2903d4755f5b148800c2d5f06f5,kaggriculture-r88-rivals__moon_q13_mg,424724662,1,143207,142662,1,0,0,DONE,DONE,719,719,657,656,16.713,61.119,1,,4.65
p3066_moon,b723ad3a44acc9fb,kaggle-environments 1.32.7,a52ba1bfe9df9dc1d504550af46744ef8d474797cdba7af2412dc40a3ebdf3b8,main,d987c83ae779e5de7e4888a0ab6af52ed20af2903d4755f5b148800c2d5f06f5,kaggriculture-r88-rivals__moon_q13_mg,433492586,0,69138,70531,0,1,0,DONE,DONE,719,719,654,654,128.321,33.421,1,,4.83
p3066_moon,b723ad3a44acc9fb,kaggle-environments 1.32.7,a52ba1bfe9df9dc1d504550af46744ef8d474797cdba7af2412dc40a3ebdf3b8,main,d987c83ae779e5de7e4888a0ab6af52ed20af2903d4755f5b148800c2d5f06f5,kaggriculture-r88-rivals__moon_q13_mg,433492586,1,69138,70531,0,1,0,DONE,DONE,719,719,654,654,77.799,33.486,1,,4.51
p3066_moon,b723ad3a44acc9fb,kaggle-environments 1.32.7,a52ba1bfe9df9dc1d504550af46744ef8d474797cdba7af2412dc40a3ebdf3b8,main,d987c83ae779e5de7e4888a0ab6af52ed20af2903d4755f5b148800c2d5f06f5,kaggriculture-r88-rivals__moon_q13_mg,434922050,0,115448,115764,0,1,0,DONE,DONE,719,719,638,638,68.37,31.384,1,,4.39
p3066_moon,b723ad3a44acc9fb,kaggle-environments 1.32.7,a52ba1bfe9df9dc1d504550af46744ef8d474797cdba7af2412dc40a3ebdf3b8,main,d987c83ae779e5de7e4888a0ab6af52ed20af2903d4755f5b148800c2d5f06f5,kaggriculture-r88-rivals__moon_q13_mg,434922050,1,115448,115764,0,1,0,DONE,DONE,719,719,638,638,17.002,41.044,1,,4.39
p3066_moon,b723ad3a44acc9fb,kaggle-environments 1.32.7,a52ba1bfe9df9dc1d504550af46744ef8d474797cdba7af2412dc40a3ebdf3b8,main,d987c83ae779e5de7e4888a0ab6af52ed20af2903d4755f5b148800c2d5f06f5,kaggriculture-r88-rivals__moon_q13_mg,437173943,0,121953,124085,0,1,0,DONE,DONE,719,719,655,654,15.799,31.612,1,,4.45
p3066_moon,b723ad3a44acc9fb,kaggle-environments 1.32.7,a52ba1bfe9df9dc1d504550af46744ef8d474797cdba7af2412dc40a3ebdf3b8,main,d987c83ae779e5de7e4888a0ab6af52ed20af2903d4755f5b148800c2d5f06f5,kaggriculture-r88-rivals__moon_q13_mg,437173943,1,121953,124085,0,1,0,DONE,DONE,719,719,655,654,44.253,30.904,1,,4.62
p3066_moon,b723ad3a44acc9fb,kaggle-environments 1.32.7,a52ba1bfe9df9dc1d504550af46744ef8d474797cdba7af2412dc40a3ebdf3b8,main,d987c83ae779e5de7e4888a0ab6af52ed20af2903d4755f5b148800c2d5f06f5,kaggriculture-r88-rivals__moon_q13_mg,438291633,0,77835,78833,0,1,0,DONE,DONE,719,719,647,647,69.355,32.663,1,,4.8
p3066_moon,b723ad3a44acc9fb,kaggle-environments 1.32.7,a52ba1bfe9df9dc1d504550af46744ef8d474797cdba7af2412dc40a3ebdf3b8,main,d987c83ae779e5de7e4888a0ab6af52ed20af2903d4755f5b148800c2d5f06f5,kaggriculture-r88-rivals__moon_q13_mg,438291633,1,77835,78833,0,1,0,DONE,DONE,719,719,647,647,16.064,31.806,1,,4.8
p3066_moon,b723ad3a44acc9fb,kaggle-environments 1.32.7,a52ba1bfe9df9dc1d504550af46744ef8d474797cdba7af2412dc40a3ebdf3b8,main,d987c83ae779e5de7e4888a0ab6af52ed20af2903d4755f5b148800c2d5f06f5,kaggriculture-r88-rivals__moon_q13_mg,443120366,0,101731,102389,0,1,0,DONE,DONE,719,719,653,652,55.443,31.838,1,,4.62
p3066_moon,b723ad3a44acc9fb,kaggle-environments 1.32.7,a52ba1bfe9df9dc1d504550af46744ef8d474797cdba7af2412dc40a3ebdf3b8,main,d987c83ae779e5de7e4888a0ab6af52ed20af2903d4755f5b148800c2d5f06f5,kaggriculture-r88-rivals__moon_q13_mg,443120366,1,101731,102389,0,1,0,DONE,DONE,719,719,653,652,10.631,71.836,1,,4.65
p3066_moon,b723ad3a44acc9fb,kaggle-environments 1.32.7,a52ba1bfe9df9dc1d504550af46744ef8d474797cdba7af2412dc40a3ebdf3b8,main,d987c83ae779e5de7e4888a0ab6af52ed20af2903d4755f5b148800c2d5f06f5,kaggriculture-r88-rivals__moon_q13_mg,448061490,0,87504,89900,0,1,0,DONE,DONE,719,719,649,638,58.315,31.884,1,,4.58
p3066_moon,b723ad3a44acc9fb,kaggle-environments 1.32.7,a52ba1bfe9df9dc1d504550af46744ef8d474797cdba7af2412dc40a3ebdf3b8,main,d987c83ae779e5de7e4888a0ab6af52ed20af2903d4755f5b148800c2d5f06f5,kaggriculture-r88-rivals__moon_q13_mg,448061490,1,87027,90307,0,1,0,DONE,DONE,719,719,649,638,15.819,30.797,1,,4.24
p3066_moon,b723ad3a44acc9fb,kaggle-environments 1.32.7,a52ba1bfe9df9dc1d504550af46744ef8d474797cdba7af2412dc40a3ebdf3b8,main,d987c83ae779e5de7e4888a0ab6af52ed20af2903d4755f5b148800c2d5f06f5,kaggriculture-r88-rivals__moon_q13_mg,452699881,0,69367,71485,0,1,0,DONE,DONE,719,719,650,650,107.523,33.862,1,,4.55
p3066_moon,b723ad3a44acc9fb,kaggle-environments 1.32.7,a52ba1bfe9df9dc1d504550af46744ef8d474797cdba7af2412dc40a3ebdf3b8,main,d987c83ae779e5de7e4888a0ab6af52ed20af2903d4755f5b148800c2d5f06f5,kaggriculture-r88-rivals__moon_q13_mg,452699881,1,69367,71485,0,1,0,DONE,DONE,719,719,650,650,76.772,32.948,1,,4.85
p3066_moon,b723ad3a44acc9fb,kaggle-environments 1.32.7,a52ba1bfe9df9dc1d504550af46744ef8d474797cdba7af2412dc40a3ebdf3b8,main,d987c83ae779e5de7e4888a0ab6af52ed20af2903d4755f5b148800c2d5f06f5,kaggriculture-r88-rivals__moon_q13_mg,456161391,0,127350,128244,0,1,0,DONE,DONE,719,719,654,653,79.301,31.561,1,,4.78
p3066_moon,b723ad3a44acc9fb,kaggle-environments 1.32.7,a52ba1bfe9df9dc1d504550af46744ef8d474797cdba7af2412dc40a3ebdf3b8,main,d987c83ae779e5de7e4888a0ab6af52ed20af2903d4755f5b148800c2d5f06f5,kaggriculture-r88-rivals__moon_q13_mg,456161391,1,127350,128244,0,1,0,DONE,DONE,719,719,654,653,16.229,32.09,1,,4.44
p3066_moon,b723ad3a44acc9fb,kaggle-environments 1.32.7,a52ba1bfe9df9dc1d504550af46744ef8d474797cdba7af2412dc40a3ebdf3b8,main,d987c83ae779e5de7e4888a0ab6af52ed20af2903d4755f5b148800c2d5f06f5,kaggriculture-r88-rivals__moon_q13_mg,456720214,0,88651,90605,0,1,0,DONE,DONE,719,719,649,649,16.026,142.941,1,,4.59
p3066_moon,b723ad3a44acc9fb,kaggle-environments 1.32.7,a52ba1bfe9df9dc1d504550af46744ef8d474797cdba7af2412dc40a3ebdf3b8,main,d987c83ae779e5de7e4888a0ab6af52ed20af2903d4755f5b148800c2d5f06f5,kaggriculture-r88-rivals__moon_q13_mg,456720214,1,88651,90605,0,1,0,DONE,DONE,719,719,649,649,16.275,67.949,1,,4.45
p3066_moon,b723ad3a44acc9fb,kaggle-environments 1.32.7,a52ba1bfe9df9dc1d504550af46744ef8d474797cdba7af2412dc40a3ebdf3b8,main,d987c83ae779e5de7e4888a0ab6af52ed20af2903d4755f5b148800c2d5f06f5,kaggriculture-r88-rivals__moon_q13_mg,462411185,0,104146,105400,0,1,0,DONE,DONE,719,719,654,653,72.035,31.849,1,,4.41
p3066_moon,b723ad3a44acc9fb,kaggle-environments 1.32.7,a52ba1bfe9df9dc1d504550af46744ef8d474797cdba7af2412dc40a3ebdf3b8,main,d987c83ae779e5de7e4888a0ab6af52ed20af2903d4755f5b148800c2d5f06f5,kaggriculture-r88-rivals__moon_q13_mg,462411185,1,104146,105400,0,1,0,DONE,DONE,719,719,654,653,17.696,33.837,1,,4.63
p3066_moon,b723ad3a44acc9fb,kaggle-environments 1.32.7,a52ba1bfe9df9dc1d504550af46744ef8d474797cdba7af2412dc40a3ebdf3b8,main,d987c83ae779e5de7e4888a0ab6af52ed20af2903d4755f5b148800c2d5f06f5,kaggriculture-r88-rivals__moon_q13_mg,465241085,0,80271,81303,0,1,0,DONE,DONE,719,719,654,653,79.815,34.421,1,,4.76
p3066_moon,b723ad3a44acc9fb,kaggle-environments 1.32.7,a52ba1bfe9df9dc1d504550af46744ef8d474797cdba7af2412dc40a3ebdf3b8,main,d987c83ae779e5de7e4888a0ab6af52ed20af2903d4755f5b148800c2d5f06f5,kaggriculture-r88-rivals__moon_q13_mg,465241085,1,80271,81303,0,1,0,DONE,DONE,719,719,654,653,120.204,31.95,1,,4.58
p3066_moon,b723ad3a44acc9fb,kaggle-environments 1.32.7,a52ba1bfe9df9dc1d504550af46744ef8d474797cdba7af2412dc40a3ebdf3b8,main,d987c83ae779e5de7e4888a0ab6af52ed20af2903d4755f5b148800c2d5f06f5,kaggriculture-r88-rivals__moon_q13_mg,469957904,0,76757,79478,0,1,0,DONE,DONE,719,719,647,634,15.751,67.683,1,,4.38
p3066_moon,b723ad3a44acc9fb,kaggle-environments 1.32.7,a52ba1bfe9df9dc1d504550af46744ef8d474797cdba7af2412dc40a3ebdf3b8,main,d987c83ae779e5de7e4888a0ab6af52ed20af2903d4755f5b148800c2d5f06f5,kaggriculture-r88-rivals__moon_q13_mg,469957904,1,76757,79478,0,1,0,DONE,DONE,719,719,647,634,84.469,43.068,1,,4.35
p3066_moon,b723ad3a44acc9fb,kaggle-environments 1.32.7,a52ba1bfe9df9dc1d504550af46744ef8d474797cdba7af2412dc40a3ebdf3b8,main,d987c83ae779e5de7e4888a0ab6af52ed20af2903d4755f5b148800c2d5f06f5,kaggriculture-r88-rivals__moon_q13_mg,470070161,0,93841,97389,0,1,0,DONE,DONE,719,719,655,655,94.799,36.349,1,,4.76
p3066_moon,b723ad3a44acc9fb,kaggle-environments 1.32.7,a52ba1bfe9df9dc1d504550af46744ef8d474797cdba7af2412dc40a3ebdf3b8,main,d987c83ae779e5de7e4888a0ab6af52ed20af2903d4755f5b148800c2d5f06f5,kaggriculture-r88-rivals__moon_q13_mg,470070161,1,93841,97389,0,1,0,DONE,DONE,719,719,655,655,20.523,31.663,1,,4.72
p3066_moon,b723ad3a44acc9fb,kaggle-environments 1.32.7,a52ba1bfe9df9dc1d504550af46744ef8d474797cdba7af2412dc40a3ebdf3b8,main,d987c83ae779e5de7e4888a0ab6af52ed20af2903d4755f5b148800c2d5f06f5,kaggriculture-r88-rivals__moon_q13_mg,471831356,0,118933,119335,0,1,0,DONE,DONE,719,719,657,656,16.665,30.755,1,,4.39
p3066_moon,b723ad3a44acc9fb,kaggle-environments 1.32.7,a52ba1bfe9df9dc1d504550af46744ef8d474797cdba7af2412dc40a3ebdf3b8,main,d987c83ae779e5de7e4888a0ab6af52ed20af2903d4755f5b148800c2d5f06f5,kaggriculture-r88-rivals__moon_q13_mg,471831356,1,118933,119335,0,1,0,DONE,DONE,719,719,657,656,15.719,116.465,1,,4.46
p3066_moon,b723ad3a44acc9fb,kaggle-environments 1.32.7,a52ba1bfe9df9dc1d504550af46744ef8d474797cdba7af2412dc40a3ebdf3b8,main,d987c83ae779e5de7e4888a0ab6af52ed20af2903d4755f5b148800c2d5f06f5,kaggriculture-r88-rivals__moon_q13_mg,474595349,0,124237,125356,0,1,0,DONE,DONE,719,719,653,652,62.36,32.424,1,,4.75
p3066_moon,b723ad3a44acc9fb,kaggle-environments 1.32.7,a52ba1bfe9df9dc1d504550af46744ef8d474797cdba7af2412dc40a3ebdf3b8,main,d987c83ae779e5de7e4888a0ab6af52ed20af2903d4755f5b148800c2d5f06f5,kaggriculture-r88-rivals__moon_q13_mg,474595349,1,124237,125356,0,1,0,DONE,DONE,719,719,653,652,12.054,37.556,1,,4.7
p3066_moon,b723ad3a44acc9fb,kaggle-environments 1.32.7,a52ba1bfe9df9dc1d504550af46744ef8d474797cdba7af2412dc40a3ebdf3b8,main,d987c83ae779e5de7e4888a0ab6af52ed20af2903d4755f5b148800c2d5f06f5,kaggriculture-r88-rivals__moon_q13_mg,475908397,0,73368,74010,0,1,0,DONE,DONE,719,719,650,649,15.9,30.795,1,,4.83
p3066_moon,b723ad3a44acc9fb,kaggle-environments 1.32.7,a52ba1bfe9df9dc1d504550af46744ef8d474797cdba7af2412dc40a3ebdf3b8,main,d987c83ae779e5de7e4888a0ab6af52ed20af2903d4755f5b148800c2d5f06f5,kaggriculture-r88-rivals__moon_q13_mg,475908397,1,73368,74010,0,1,0,DONE,DONE,719,719,650,649,97.921,38.924,1,,4.66
p3066_moon,b723ad3a44acc9fb,kaggle-environments 1.32.7,a52ba1bfe9df9dc1d504550af46744ef8d474797cdba7af2412dc40a3ebdf3b8,main,d987c83ae779e5de7e4888a0ab6af52ed20af2903d4755f5b148800c2d5f06f5,kaggriculture-r88-rivals__moon_q13_mg,476138433,0,149177,151046,0,1,0,DONE,DONE,719,719,659,658,16.379,30.029,1,,4.34
p3066_moon,b723ad3a44acc9fb,kaggle-environments 1.32.7,a52ba1bfe9df9dc1d504550af46744ef8d474797cdba7af2412dc40a3ebdf3b8,main,d987c83ae779e5de7e4888a0ab6af52ed20af2903d4755f5b148800c2d5f06f5,kaggriculture-r88-rivals__moon_q13_mg,476138433,1,149177,151046,0,1,0,DONE,DONE,719,719,659,658,15.959,31.06,1,,4.46
p3066_moon,b723ad3a44acc9fb,kaggle-environments 1.32.7,a52ba1bfe9df9dc1d504550af46744ef8d474797cdba7af2412dc40a3ebdf3b8,main,d987c83ae779e5de7e4888a0ab6af52ed20af2903d4755f5b148800c2d5f06f5,kaggriculture-r88-rivals__moon_q13_mg,479122216,0,113759,116342,0,1,0,DONE,DONE,719,719,649,637,111.276,30.914,1,,4.63
p3066_moon,b723ad3a44acc9fb,kaggle-environments 1.32.7,a52ba1bfe9df9dc1d504550af46744ef8d474797cdba7af2412dc40a3ebdf3b8,main,d987c83ae779e5de7e4888a0ab6af52ed20af2903d4755f5b148800c2d5f06f5,kaggriculture-r88-rivals__moon_q13_mg,479122216,1,113759,116342,0,1,0,DONE,DONE,719,719,649,637,55.167,56.823,1,,4.5
p3066_moon,b723ad3a44acc9fb,kaggle-environments 1.32.7,a52ba1bfe9df9dc1d504550af46744ef8d474797cdba7af2412dc40a3ebdf3b8,main,d987c83ae779e5de7e4888a0ab6af52ed20af2903d4755f5b148800c2d5f06f5,kaggriculture-r88-rivals__moon_q13_mg,482959909,0,98470,100444,0,1,0,DONE,DONE,719,719,658,658,21.785,36.581,1,,4.74
p3066_moon,b723ad3a44acc9fb,kaggle-environments 1.32.7,a52ba1bfe9df9dc1d504550af46744ef8d474797cdba7af2412dc40a3ebdf3b8,main,d987c83ae779e5de7e4888a0ab6af52ed20af2903d4755f5b148800c2d5f06f5,kaggriculture-r88-rivals__moon_q13_mg,482959909,1,98470,100444,0,1,0,DONE,DONE,719,719,658,658,21.462,183.771,1,,4.83
p3066_moon,b723ad3a44acc9fb,kaggle-environments 1.32.7,a52ba1bfe9df9dc1d504550af46744ef8d474797cdba7af2412dc40a3ebdf3b8,main,d987c83ae779e5de7e4888a0ab6af52ed20af2903d4755f5b148800c2d5f06f5,kaggriculture-r88-rivals__moon_q13_mg,484600815,0,124290,125429,0,1,0,DONE,DONE,719,719,653,652,77.532,30.617,1,,4.39
p3066_moon,b723ad3a44acc9fb,kaggle-environments 1.32.7,a52ba1bfe9df9dc1d504550af46744ef8d474797cdba7af2412dc40a3ebdf3b8,main,d987c83ae779e5de7e4888a0ab6af52ed20af2903d4755f5b148800c2d5f06f5,kaggriculture-r88-rivals__moon_q13_mg,484600815,1,124290,125429,0,1,0,DONE,DONE,719,719,653,652,103.851,35.433,1,,4.7
p3066_moon,b723ad3a44acc9fb,kaggle-environments 1.32.7,a52ba1bfe9df9dc1d504550af46744ef8d474797cdba7af2412dc40a3ebdf3b8,main,d987c83ae779e5de7e4888a0ab6af52ed20af2903d4755f5b148800c2d5f06f5,kaggriculture-r88-rivals__moon_q13_mg,489047414,0,58382,59514,0,1,0,DONE,DONE,719,719,652,651,109.846,30.958,1,,4.54
p3066_moon,b723ad3a44acc9fb,kaggle-environments 1.32.7,a52ba1bfe9df9dc1d504550af46744ef8d474797cdba7af2412dc40a3ebdf3b8,main,d987c83ae779e5de7e4888a0ab6af52ed20af2903d4755f5b148800c2d5f06f5,kaggriculture-r88-rivals__moon_q13_mg,489047414,1,58382,59514,0,1,0,DONE,DONE,719,719,652,651,16.388,140.1,1,,4.85
p3066_moon,b723ad3a44acc9fb,kaggle-environments 1.32.7,a52ba1bfe9df9dc1d504550af46744ef8d474797cdba7af2412dc40a3ebdf3b8,main,d987c83ae779e5de7e4888a0ab6af52ed20af2903d4755f5b148800c2d5f06f5,kaggriculture-r88-rivals__moon_q13_mg,489401326,0,101983,103208,0,1,0,DONE,DONE,719,719,647,635,15.704,132.247,1,,4.43
p3066_moon,b723ad3a44acc9fb,kaggle-environments 1.32.7,a52ba1bfe9df9dc1d504550af46744ef8d474797cdba7af2412dc40a3ebdf3b8,main,d987c83ae779e5de7e4888a0ab6af52ed20af2903d4755f5b148800c2d5f06f5,kaggriculture-r88-rivals__moon_q13_mg,489401326,1,101983,103208,0,1,0,DONE,DONE,719,719,647,635,16.089,144.854,1,,4.49
p3066_moon,b723ad3a44acc9fb,kaggle-environments 1.32.7,a52ba1bfe9df9dc1d504550af46744ef8d474797cdba7af2412dc40a3ebdf3b8,main,d987c83ae779e5de7e4888a0ab6af52ed20af2903d4755f5b148800c2d5f06f5,kaggriculture-r88-rivals__moon_q13_mg,489668136,0,116121,117086,0,1,0,DONE,DONE,719,719,658,657,85.443,79.857,1,,4.59
p3066_moon,b723ad3a44acc9fb,kaggle-environments 1.32.7,a52ba1bfe9df9dc1d504550af46744ef8d474797cdba7af2412dc40a3ebdf3b8,main,d987c83ae779e5de7e4888a0ab6af52ed20af2903d4755f5b148800c2d5f06f5,kaggriculture-r88-rivals__moon_q13_mg,489668136,1,116121,117086,0,1,0,DONE,DONE,719,719,658,657,15.312,31.273,1,,4.45
p3066_moon,b723ad3a44acc9fb,kaggle-environments 1.32.7,a52ba1bfe9df9dc1d504550af46744ef8d474797cdba7af2412dc40a3ebdf3b8,main,d987c83ae779e5de7e4888a0ab6af52ed20af2903d4755f5b148800c2d5f06f5,kaggriculture-r88-rivals__moon_q13_mg,490976042,0,119850,120154,0,1,0,DONE,DONE,719,719,641,641,138.289,32.448,1,,4.69
p3066_moon,b723ad3a44acc9fb,kaggle-environments 1.32.7,a52ba1bfe9df9dc1d504550af46744ef8d474797cdba7af2412dc40a3ebdf3b8,main,d987c83ae779e5de7e4888a0ab6af52ed20af2903d4755f5b148800c2d5f06f5,kaggriculture-r88-rivals__moon_q13_mg,490976042,1,119850,120154,0,1,0,DONE,DONE,719,719,641,641,78.693,101.833,1,,4.66
p3066_moon,b723ad3a44acc9fb,kaggle-environments 1.32.7,a52ba1bfe9df9dc1d504550af46744ef8d474797cdba7af2412dc40a3ebdf3b8,main,d987c83ae779e5de7e4888a0ab6af52ed20af2903d4755f5b148800c2d5f06f5,kaggriculture-r88-rivals__moon_q13_mg,493678754,0,91601,94640,0,1,0,DONE,DONE,719,719,649,649,81.735,30.661,1,,4.67
p3066_moon,b723ad3a44acc9fb,kaggle-environments 1.32.7,a52ba1bfe9df9dc1d504550af46744ef8d474797cdba7af2412dc40a3ebdf3b8,main,d987c83ae779e5de7e4888a0ab6af52ed20af2903d4755f5b148800c2d5f06f5,kaggriculture-r88-rivals__moon_q13_mg,493678754,1,91601,94640,0,1,0,DONE,DONE,719,719,649,649,9.727,31.276,1,,4.73
p3066_moon,b723ad3a44acc9fb,kaggle-environments 1.32.7,a52ba1bfe9df9dc1d504550af46744ef8d474797cdba7af2412dc40a3ebdf3b8,main,d987c83ae779e5de7e4888a0ab6af52ed20af2903d4755f5b148800c2d5f06f5,kaggriculture-r88-rivals__moon_q13_mg,493753758,0,77917,80320,0,1,0,DONE,DONE,719,719,650,649,17.608,31.852,1,,4.67
p3066_moon,b723ad3a44acc9fb,kaggle-environments 1.32.7,a52ba1bfe9df9dc1d504550af46744ef8d474797cdba7af2412dc40a3ebdf3b8,main,d987c83ae779e5de7e4888a0ab6af52ed20af2903d4755f5b148800c2d5f06f5,kaggriculture-r88-rivals__moon_q13_mg,493753758,1,77917,80320,0,1,0,DONE,DONE,719,719,650,649,74.99,61.205,1,,4.58
p3066_moon,b723ad3a44acc9fb,kaggle-environments 1.32.7,a52ba1bfe9df9dc1d504550af46744ef8d474797cdba7af2412dc40a3ebdf3b8,main,d987c83ae779e5de7e4888a0ab6af52ed20af2903d4755f5b148800c2d5f06f5,kaggriculture-r88-rivals__moon_q13_mg,495268821,0,125934,126384,0,1,0,DONE,DONE,719,719,659,659,10.642,33.838,1,,4.82
p3066_moon,b723ad3a44acc9fb,kaggle-environments 1.32.7,a52ba1bfe9df9dc1d504550af46744ef8d474797cdba7af2412dc40a3ebdf3b8,main,d987c83ae779e5de7e4888a0ab6af52ed20af2903d4755f5b148800c2d5f06f5,kaggriculture-r88-rivals__moon_q13_mg,495268821,1,126066,126252,0,1,0,DONE,DONE,719,719,659,659,12.001,114.347,1,,4.88
p3066_moon,b723ad3a44acc9fb,kaggle-environments 1.32.7,a52ba1bfe9df9dc1d504550af46744ef8d474797cdba7af2412dc40a3ebdf3b8,main,d987c83ae779e5de7e4888a0ab6af52ed20af2903d4755f5b148800c2d5f06f5,kaggriculture-r88-rivals__moon_q13_mg,503326514,0,135360,136936,0,1,0,DONE,DONE,719,719,656,655,15.997,33.302,1,,4.35
p3066_moon,b723ad3a44acc9fb,kaggle-environments 1.32.7,a52ba1bfe9df9dc1d504550af46744ef8d474797cdba7af2412dc40a3ebdf3b8,main,d987c83ae779e5de7e4888a0ab6af52ed20af2903d4755f5b148800c2d5f06f5,kaggriculture-r88-rivals__moon_q13_mg,503326514,1,135360,136936,0,1,0,DONE,DONE,719,719,656,655,103.366,31.901,1,,4.41
p3066_moon,b723ad3a44acc9fb,kaggle-environments 1.32.7,a52ba1bfe9df9dc1d504550af46744ef8d474797cdba7af2412dc40a3ebdf3b8,main,d987c83ae779e5de7e4888a0ab6af52ed20af2903d4755f5b148800c2d5f06f5,kaggriculture-r88-rivals__moon_q13_mg,503687205,0,103174,105418,0,1,0,DONE,DONE,719,719,649,637,16.145,114.702,1,,4.36
p3066_moon,b723ad3a44acc9fb,kaggle-environments 1.32.7,a52ba1bfe9df9dc1d504550af46744ef8d474797cdba7af2412dc40a3ebdf3b8,main,d987c83ae779e5de7e4888a0ab6af52ed20af2903d4755f5b148800c2d5f06f5,kaggriculture-r88-rivals__moon_q13_mg,503687205,1,103174,105418,0,1,0,DONE,DONE,719,719,649,637,114.831,42.268,1,,4.57
p3066_moon,b723ad3a44acc9fb,kaggle-environments 1.32.7,a52ba1bfe9df9dc1d504550af46744ef8d474797cdba7af2412dc40a3ebdf3b8,main,d987c83ae779e5de7e4888a0ab6af52ed20af2903d4755f5b148800c2d5f06f5,kaggriculture-r88-rivals__moon_q13_mg,505579120,0,82209,81771,1,0,0,DONE,DONE,719,719,655,654,90.702,65.745,1,,4.63
p3066_moon,b723ad3a44acc9fb,kaggle-environments 1.32.7,a52ba1bfe9df9dc1d504550af46744ef8d474797cdba7af2412dc40a3ebdf3b8,main,d987c83ae779e5de7e4888a0ab6af52ed20af2903d4755f5b148800c2d5f06f5,kaggriculture-r88-rivals__moon_q13_mg,505579120,1,82209,81771,1,0,0,DONE,DONE,719,719,655,654,15.827,32.975,1,,4.51
p3066_moon,b723ad3a44acc9fb,kaggle-environments 1.32.7,a52ba1bfe9df9dc1d504550af46744ef8d474797cdba7af2412dc40a3ebdf3b8,main,d987c83ae779e5de7e4888a0ab6af52ed20af2903d4755f5b148800c2d5f06f5,kaggriculture-r88-rivals__moon_q13_mg,505757428,0,116800,119460,0,1,0,DONE,DONE,719,719,649,637,82.18,31.369,1,,4.31
p3066_moon,b723ad3a44acc9fb,kaggle-environments 1.32.7,a52ba1bfe9df9dc1d504550af46744ef8d474797cdba7af2412dc40a3ebdf3b8,main,d987c83ae779e5de7e4888a0ab6af52ed20af2903d4755f5b148800c2d5f06f5,kaggriculture-r88-rivals__moon_q13_mg,505757428,1,116800,119460,0,1,0,DONE,DONE,719,719,649,637,18.825,42.095,1,,4.51
p3066_moon,b723ad3a44acc9fb,kaggle-environments 1.32.7,a52ba1bfe9df9dc1d504550af46744ef8d474797cdba7af2412dc40a3ebdf3b8,main,d987c83ae779e5de7e4888a0ab6af52ed20af2903d4755f5b148800c2d5f06f5,kaggriculture-r88-rivals__moon_q13_mg,508154806,0,110737,111586,0,1,0,DONE,DONE,719,719,638,639,63.508,29.965,1,,4.63
p3066_moon,b723ad3a44acc9fb,kaggle-environments 1.32.7,a52ba1bfe9df9dc1d504550af46744ef8d474797cdba7af2412dc40a3ebdf3b8,main,d987c83ae779e5de7e4888a0ab6af52ed20af2903d4755f5b148800c2d5f06f5,kaggriculture-r88-rivals__moon_q13_mg,508154806,1,110737,111586,0,1,0,DONE,DONE,719,719,639,638,9.612,30.19,1,,4.64
p3066_moon,b723ad3a44acc9fb,kaggle-environments 1.32.7,a52ba1bfe9df9dc1d504550af46744ef8d474797cdba7af2412dc40a3ebdf3b8,main,d987c83ae779e5de7e4888a0ab6af52ed20af2903d4755f5b148800c2d5f06f5,kaggriculture-r88-rivals__moon_q13_mg,511271508,0,64083,65504,0,1,0,DONE,DONE,719,719,652,652,16.188,32.737,1,,4.39
p3066_moon,b723ad3a44acc9fb,kaggle-environments 1.32.7,a52ba1bfe9df9dc1d504550af46744ef8d474797cdba7af2412dc40a3ebdf3b8,main,d987c83ae779e5de7e4888a0ab6af52ed20af2903d4755f5b148800c2d5f06f5,kaggriculture-r88-rivals__moon_q13_mg,511271508,1,64083,65504,0,1,0,DONE,DONE,719,719,652,652,15.644,106.921,1,,4.53
p3066_moon,b723ad3a44acc9fb,kaggle-environments 1.32.7,a52ba1bfe9df9dc1d504550af46744ef8d474797cdba7af2412dc40a3ebdf3b8,main,d987c83ae779e5de7e4888a0ab6af52ed20af2903d4755f5b148800c2d5f06f5,kaggriculture-r88-rivals__moon_q13_mg,513405735,0,83002,84176,0,1,0,DONE,DONE,719,719,651,650,79.88,32.959,1,,4.6
p3066_moon,b723ad3a44acc9fb,kaggle-environments 1.32.7,a52ba1bfe9df9dc1d504550af46744ef8d474797cdba7af2412dc40a3ebdf3b8,main,d987c83ae779e5de7e4888a0ab6af52ed20af2903d4755f5b148800c2d5f06f5,kaggriculture-r88-rivals__moon_q13_mg,513405735,1,83002,84176,0,1,0,DONE,DONE,719,719,651,650,15.346,32.6,1,,4.64
p3066_moon,b723ad3a44acc9fb,kaggle-environments 1.32.7,a52ba1bfe9df9dc1d504550af46744ef8d474797cdba7af2412dc40a3ebdf3b8,main,d987c83ae779e5de7e4888a0ab6af52ed20af2903d4755f5b148800c2d5f06f5,kaggriculture-r88-rivals__moon_q13_mg,514211692,0,80226,82322,0,1,0,DONE,DONE,719,719,654,654,106.646,73.171,1,,4.68
p3066_moon,b723ad3a44acc9fb,kaggle-environments 1.32.7,a52ba1bfe9df9dc1d504550af46744ef8d474797cdba7af2412dc40a3ebdf3b8,main,d987c83ae779e5de7e4888a0ab6af52ed20af2903d4755f5b148800c2d5f06f5,kaggriculture-r88-rivals__moon_q13_mg,514211692,1,80226,82322,0,1,0,DONE,DONE,719,719,654,654,107.916,67.586,1,,4.49
p3066_moon,b723ad3a44acc9fb,kaggle-environments 1.32.7,a52ba1bfe9df9dc1d504550af46744ef8d474797cdba7af2412dc40a3ebdf3b8,main,d987c83ae779e5de7e4888a0ab6af52ed20af2903d4755f5b148800c2d5f06f5,kaggriculture-r88-rivals__moon_q13_mg,517166803,0,111305,114578,0,1,0,DONE,DONE,719,719,650,639,16.696,31.347,1,,4.52
p3066_moon,b723ad3a44acc9fb,kaggle-environments 1.32.7,a52ba1bfe9df9dc1d504550af46744ef8d474797cdba7af2412dc40a3ebdf3b8,main,d987c83ae779e5de7e4888a0ab6af52ed20af2903d4755f5b148800c2d5f06f5,kaggriculture-r88-rivals__moon_q13_mg,517166803,1,111305,114578,0,1,0,DONE,DONE,719,719,650,639,53.178,31.965,1,,4.65
p3066_moon,b723ad3a44acc9fb,kaggle-environments 1.32.7,a52ba1bfe9df9dc1d504550af46744ef8d474797cdba7af2412dc40a3ebdf3b8,main,d987c83ae779e5de7e4888a0ab6af52ed20af2903d4755f5b148800c2d5f06f5,kaggriculture-r88-rivals__moon_q13_mg,517576207,0,71972,73110,0,1,0,DONE,DONE,719,719,652,651,15.673,31.564,1,,4.46
p3066_moon,b723ad3a44acc9fb,kaggle-environments 1.32.7,a52ba1bfe9df9dc1d504550af46744ef8d474797cdba7af2412dc40a3ebdf3b8,main,d987c83ae779e5de7e4888a0ab6af52ed20af2903d4755f5b148800c2d5f06f5,kaggriculture-r88-rivals__moon_q13_mg,517576207,1,71972,73110,0,1,0,DONE,DONE,719,719,652,651,83.264,48.252,1,,4.45
p3066_moon,b723ad3a44acc9fb,kaggle-environments 1.32.7,a52ba1bfe9df9dc1d504550af46744ef8d474797cdba7af2412dc40a3ebdf3b8,main,d987c83ae779e5de7e4888a0ab6af52ed20af2903d4755f5b148800c2d5f06f5,kaggriculture-r88-rivals__moon_q13_mg,519017022,0,77746,80695,0,1,0,DONE,DONE,719,719,652,652,16.672,31.061,1,,4.64
p3066_moon,b723ad3a44acc9fb,kaggle-environments 1.32.7,a52ba1bfe9df9dc1d504550af46744ef8d474797cdba7af2412dc40a3ebdf3b8,main,d987c83ae779e5de7e4888a0ab6af52ed20af2903d4755f5b148800c2d5f06f5,kaggriculture-r88-rivals__moon_q13_mg,519017022,1,77746,80695,0,1,0,DONE,DONE,719,719,652,652,15.505,30.651,1,,4.5
p3066_moon,b723ad3a44acc9fb,kaggle-environments 1.32.7,a52ba1bfe9df9dc1d504550af46744ef8d474797cdba7af2412dc40a3ebdf3b8,main,d987c83ae779e5de7e4888a0ab6af52ed20af2903d4755f5b148800c2d5f06f5,kaggriculture-r88-rivals__moon_q13_mg,521081115,0,88210,89885,0,1,0,DONE,DONE,719,719,653,652,15.447,51.097,1,,4.45
p3066_moon,b723ad3a44acc9fb,kaggle-environments 1.32.7,a52ba1bfe9df9dc1d504550af46744ef8d474797cdba7af2412dc40a3ebdf3b8,main,d987c83ae779e5de7e4888a0ab6af52ed20af2903d4755f5b148800c2d5f06f5,kaggriculture-r88-rivals__moon_q13_mg,521081115,1,88210,89885,0,1,0,DONE,DONE,719,719,653,652,16.561,93.21,1,,4.35
p3066_moon,b723ad3a44acc9fb,kaggle-environments 1.32.7,a52ba1bfe9df9dc1d504550af46744ef8d474797cdba7af2412dc40a3ebdf3b8,main,d987c83ae779e5de7e4888a0ab6af52ed20af2903d4755f5b148800c2d5f06f5,kaggriculture-r88-rivals__moon_q13_mg,521086887,0,104434,105697,0,1,0,DONE,DONE,719,719,654,653,111.229,32.925,1,,4.56
p3066_moon,b723ad3a44acc9fb,kaggle-environments 1.32.7,a52ba1bfe9df9dc1d504550af46744ef8d474797cdba7af2412dc40a3ebdf3b8,main,d987c83ae779e5de7e4888a0ab6af52ed20af2903d4755f5b148800c2d5f06f5,kaggriculture-r88-rivals__moon_q13_mg,521086887,1,104434,105697,0,1,0,DONE,DONE,719,719,654,653,16.777,31.034,1,,4.31
p3066_moon,b723ad3a44acc9fb,kaggle-environments 1.32.7,a52ba1bfe9df9dc1d504550af46744ef8d474797cdba7af2412dc40a3ebdf3b8,main,d987c83ae779e5de7e4888a0ab6af52ed20af2903d4755f5b148800c2d5f06f5,kaggriculture-r88-rivals__moon_q13_mg,521257964,0,105083,105850,0,1,0,DONE,DONE,719,719,649,648,76.525,31.135,1,,4.68
p3066_moon,b723ad3a44acc9fb,kaggle-environments 1.32.7,a52ba1bfe9df9dc1d504550af46744ef8d474797cdba7af2412dc40a3ebdf3b8,main,d987c83ae779e5de7e4888a0ab6af52ed20af2903d4755f5b148800c2d5f06f5,kaggriculture-r88-rivals__moon_q13_mg,521257964,1,105083,105850,0,1,0,DONE,DONE,719,719,649,648,120.233,31.491,1,,4.53
p3066_moon,b723ad3a44acc9fb,kaggle-environments 1.32.7,a52ba1bfe9df9dc1d504550af46744ef8d474797cdba7af2412dc40a3ebdf3b8,main,d987c83ae779e5de7e4888a0ab6af52ed20af2903d4755f5b148800c2d5f06f5,kaggriculture-r88-rivals__moon_q13_mg,524753394,0,71027,72615,0,1,0,DONE,DONE,719,719,649,648,120.195,32.435,1,,4.81
p3066_moon,b723ad3a44acc9fb,kaggle-environments 1.32.7,a52ba1bfe9df9dc1d504550af46744ef8d474797cdba7af2412dc40a3ebdf3b8,main,d987c83ae779e5de7e4888a0ab6af52ed20af2903d4755f5b148800c2d5f06f5,kaggriculture-r88-rivals__moon_q13_mg,524753394,1,71027,72615,0,1,0,DONE,DONE,719,719,649,648,11.016,37.735,1,,4.83
p3066_moon,b723ad3a44acc9fb,kaggle-environments 1.32.7,a52ba1bfe9df9dc1d504550af46744ef8d474797cdba7af2412dc40a3ebdf3b8,main,d987c83ae779e5de7e4888a0ab6af52ed20af2903d4755f5b148800c2d5f06f5,kaggriculture-r88-rivals__moon_q13_mg,525599854,0,90494,94899,0,1,0,DONE,DONE,719,719,648,637,21.91,32.723,1,,4.66
p3066_moon,b723ad3a44acc9fb,kaggle-environments 1.32.7,a52ba1bfe9df9dc1d504550af46744ef8d474797cdba7af2412dc40a3ebdf3b8,main,d987c83ae779e5de7e4888a0ab6af52ed20af2903d4755f5b148800c2d5f06f5,kaggriculture-r88-rivals__moon_q13_mg,525599854,1,90494,94899,0,1,0,DONE,DONE,719,719,648,637,82.065,33.55,1,,4.43
p3066_moon,b723ad3a44acc9fb,kaggle-environments 1.32.7,a52ba1bfe9df9dc1d504550af46744ef8d474797cdba7af2412dc40a3ebdf3b8,main,d987c83ae779e5de7e4888a0ab6af52ed20af2903d4755f5b148800c2d5f06f5,kaggriculture-r88-rivals__moon_q13_mg,528610972,0,87181,89398,0,1,0,DONE,DONE,719,719,651,651,17.461,31.292,1,,4.47
p3066_moon,b723ad3a44acc9fb,kaggle-environments 1.32.7,a52ba1bfe9df9dc1d504550af46744ef8d474797cdba7af2412dc40a3ebdf3b8,main,d987c83ae779e5de7e4888a0ab6af52ed20af2903d4755f5b148800c2d5f06f5,kaggriculture-r88-rivals__moon_q13_mg,528610972,1,87181,89398,0,1,0,DONE,DONE,719,719,651,651,105.174,43.844,1,,4.71
p3066_moon,b723ad3a44acc9fb,kaggle-environments 1.32.7,a52ba1bfe9df9dc1d504550af46744ef8d474797cdba7af2412dc40a3ebdf3b8,main,d987c83ae779e5de7e4888a0ab6af52ed20af2903d4755f5b148800c2d5f06f5,kaggriculture-r88-rivals__moon_q13_mg,534889110,0,122818,123838,0,1,0,DONE,DONE,719,719,654,653,92.301,35.391,1,,4.57
p3066_moon,b723ad3a44acc9fb,kaggle-environments 1.32.7,a52ba1bfe9df9dc1d504550af46744ef8d474797cdba7af2412dc40a3ebdf3b8,main,d987c83ae779e5de7e4888a0ab6af52ed20af2903d4755f5b148800c2d5f06f5,kaggriculture-r88-rivals__moon_q13_mg,534889110,1,122818,123838,0,1,0,DONE,DONE,719,719,654,653,15.618,105.617,1,,4.53
p3066_moon,b723ad3a44acc9fb,kaggle-environments 1.32.7,a52ba1bfe9df9dc1d504550af46744ef8d474797cdba7af2412dc40a3ebdf3b8,main,d987c83ae779e5de7e4888a0ab6af52ed20af2903d4755f5b148800c2d5f06f5,kaggriculture-r88-rivals__moon_q13_mg,536028917,0,93428,98659,0,1,0,DONE,DONE,719,719,665,641,90.215,31.532,1,,4.69
p3066_moon,b723ad3a44acc9fb,kaggle-environments 1.32.7,a52ba1bfe9df9dc1d504550af46744ef8d474797cdba7af2412dc40a3ebdf3b8,main,d987c83ae779e5de7e4888a0ab6af52ed20af2903d4755f5b148800c2d5f06f5,kaggriculture-r88-rivals__moon_q13_mg,536028917,1,88345,93374,0,1,0,DONE,DONE,719,719,665,641,6.782,64.567,1,,4.93
p3066_moon,b723ad3a44acc9fb,kaggle-environments 1.32.7,a52ba1bfe9df9dc1d504550af46744ef8d474797cdba7af2412dc40a3ebdf3b8,main,d987c83ae779e5de7e4888a0ab6af52ed20af2903d4755f5b148800c2d5f06f5,kaggriculture-r88-rivals__moon_q13_mg,536809336,0,82811,87066,0,1,0,DONE,DONE,719,719,650,637,43.408,30.787,1,,4.34
p3066_moon,b723ad3a44acc9fb,kaggle-environments 1.32.7,a52ba1bfe9df9dc1d504550af46744ef8d474797cdba7af2412dc40a3ebdf3b8,main,d987c83ae779e5de7e4888a0ab6af52ed20af2903d4755f5b148800c2d5f06f5,kaggriculture-r88-rivals__moon_q13_mg,536809336,1,82765,87082,0,1,0,DONE,DONE,719,719,650,637,15.169,88.681,1,,4.65
p3066_moon,b723ad3a44acc9fb,kaggle-environments 1.32.7,a52ba1bfe9df9dc1d504550af46744ef8d474797cdba7af2412dc40a3ebdf3b8,main,d987c83ae779e5de7e4888a0ab6af52ed20af2903d4755f5b148800c2d5f06f5,kaggriculture-r88-rivals__moon_q13_mg,537088443,0,102776,104324,0,1,0,DONE,DONE,719,719,647,634,91.59,30.941,1,,4.34
p3066_moon,b723ad3a44acc9fb,kaggle-environments 1.32.7,a52ba1bfe9df9dc1d504550af46744ef8d474797cdba7af2412dc40a3ebdf3b8,main,d987c83ae779e5de7e4888a0ab6af52ed20af2903d4755f5b148800c2d5f06f5,kaggriculture-r88-rivals__moon_q13_mg,537088443,1,102776,104324,0,1,0,DONE,DONE,719,719,647,634,15.321,79.545,1,,4.42
p3066_moon,b723ad3a44acc9fb,kaggle-environments 1.32.7,a52ba1bfe9df9dc1d504550af46744ef8d474797cdba7af2412dc40a3ebdf3b8,main,d987c83ae779e5de7e4888a0ab6af52ed20af2903d4755f5b148800c2d5f06f5,kaggriculture-r88-rivals__moon_q13_mg,543888094,0,91029,93148,0,1,0,DONE,DONE,719,719,652,652,17.032,31.54,1,,4.38
p3066_moon,b723ad3a44acc9fb,kaggle-environments 1.32.7,a52ba1bfe9df9dc1d504550af46744ef8d474797cdba7af2412dc40a3ebdf3b8,main,d987c83ae779e5de7e4888a0ab6af52ed20af2903d4755f5b148800c2d5f06f5,kaggriculture-r88-rivals__moon_q13_mg,543888094,1,91029,93148,0,1,0,DONE,DONE,719,719,652,652,15.978,32.781,1,,4.49
