experiment_id,run_id,environment_version,candidate_sha,candidate_name,opponent_sha,opponent_name,seed,seat,candidate_cash,opponent_cash,win,loss,tie,candidate_status,opponent_status,candidate_calls,opponent_calls,candidate_actions,opponent_actions,candidate_runtime_max,opponent_runtime_max,valid,invalid_reason,wall_s
p3066_thomas,183139ff9cd682b8,kaggle-environments 1.32.7,a52ba1bfe9df9dc1d504550af46744ef8d474797cdba7af2412dc40a3ebdf3b8,main,4f3ca95dd12d9a94b03339999d8803c155f450a8d3956636f050643301fcc5dd,kaggriculture-r88-rivals__thomas,1589371,0,86284,86573,0,1,0,DONE,DONE,719,719,653,653,62.764,25.858,1,,4.83
p3066_thomas,183139ff9cd682b8,kaggle-environments 1.32.7,a52ba1bfe9df9dc1d504550af46744ef8d474797cdba7af2412dc40a3ebdf3b8,main,4f3ca95dd12d9a94b03339999d8803c155f450a8d3956636f050643301fcc5dd,kaggriculture-r88-rivals__thomas,1589371,1,86284,86573,0,1,0,DONE,DONE,719,719,653,653,101.877,26.404,1,,5.03
p3066_thomas,183139ff9cd682b8,kaggle-environments 1.32.7,a52ba1bfe9df9dc1d504550af46744ef8d474797cdba7af2412dc40a3ebdf3b8,main,4f3ca95dd12d9a94b03339999d8803c155f450a8d3956636f050643301fcc5dd,kaggriculture-r88-rivals__thomas,2527947,0,114540,115238,0,1,0,DONE,DONE,719,719,665,638,54.022,25.306,1,,4.9
p3066_thomas,183139ff9cd682b8,kaggle-environments 1.32.7,a52ba1bfe9df9dc1d504550af46744ef8d474797cdba7af2412dc40a3ebdf3b8,main,4f3ca95dd12d9a94b03339999d8803c155f450a8d3956636f050643301fcc5dd,kaggriculture-r88-rivals__thomas,2527947,1,117014,119022,0,1,0,DONE,DONE,719,719,665,640,6.508,53.757,1,,4.86
p3066_thomas,183139ff9cd682b8,kaggle-environments 1.32.7,a52ba1bfe9df9dc1d504550af46744ef8d474797cdba7af2412dc40a3ebdf3b8,main,4f3ca95dd12d9a94b03339999d8803c155f450a8d3956636f050643301fcc5dd,kaggriculture-r88-rivals__thomas,2530515,0,92779,92774,1,0,0,DONE,DONE,719,719,651,651,73.816,26.174,1,,4.95
p3066_thomas,183139ff9cd682b8,kaggle-environments 1.32.7,a52ba1bfe9df9dc1d504550af46744ef8d474797cdba7af2412dc40a3ebdf3b8,main,4f3ca95dd12d9a94b03339999d8803c155f450a8d3956636f050643301fcc5dd,kaggriculture-r88-rivals__thomas,2530515,1,92779,92774,1,0,0,DONE,DONE,719,719,651,651,15.927,24.544,1,,4.64
p3066_thomas,183139ff9cd682b8,kaggle-environments 1.32.7,a52ba1bfe9df9dc1d504550af46744ef8d474797cdba7af2412dc40a3ebdf3b8,main,4f3ca95dd12d9a94b03339999d8803c155f450a8d3956636f050643301fcc5dd,kaggriculture-r88-rivals__thomas,2684125,0,117603,117305,1,0,0,DONE,DONE,719,719,655,655,16.485,25.829,1,,5.0
p3066_thomas,183139ff9cd682b8,kaggle-environments 1.32.7,a52ba1bfe9df9dc1d504550af46744ef8d474797cdba7af2412dc40a3ebdf3b8,main,4f3ca95dd12d9a94b03339999d8803c155f450a8d3956636f050643301fcc5dd,kaggriculture-r88-rivals__thomas,2684125,1,117603,117305,1,0,0,DONE,DONE,719,719,655,655,75.943,26.794,1,,4.88
p3066_thomas,183139ff9cd682b8,kaggle-environments 1.32.7,a52ba1bfe9df9dc1d504550af46744ef8d474797cdba7af2412dc40a3ebdf3b8,main,4f3ca95dd12d9a94b03339999d8803c155f450a8d3956636f050643301fcc5dd,kaggriculture-r88-rivals__thomas,2704029,0,94154,94910,0,1,0,DONE,DONE,719,719,659,659,15.926,25.634,1,,4.09
p3066_thomas,183139ff9cd682b8,kaggle-environments 1.32.7,a52ba1bfe9df9dc1d504550af46744ef8d474797cdba7af2412dc40a3ebdf3b8,main,4f3ca95dd12d9a94b03339999d8803c155f450a8d3956636f050643301fcc5dd,kaggriculture-r88-rivals__thomas,2704029,1,94154,94910,0,1,0,DONE,DONE,719,719,659,659,68.792,36.905,1,,4.38
p3066_thomas,183139ff9cd682b8,kaggle-environments 1.32.7,a52ba1bfe9df9dc1d504550af46744ef8d474797cdba7af2412dc40a3ebdf3b8,main,4f3ca95dd12d9a94b03339999d8803c155f450a8d3956636f050643301fcc5dd,kaggriculture-r88-rivals__thomas,3468142,0,97775,97195,1,0,0,DONE,DONE,719,719,657,658,63.63,24.391,1,,4.26
p3066_thomas,183139ff9cd682b8,kaggle-environments 1.32.7,a52ba1bfe9df9dc1d504550af46744ef8d474797cdba7af2412dc40a3ebdf3b8,main,4f3ca95dd12d9a94b03339999d8803c155f450a8d3956636f050643301fcc5dd,kaggriculture-r88-rivals__thomas,3468142,1,97775,97195,1,0,0,DONE,DONE,719,719,658,657,59.015,25.736,1,,4.63
p3066_thomas,183139ff9cd682b8,kaggle-environments 1.32.7,a52ba1bfe9df9dc1d504550af46744ef8d474797cdba7af2412dc40a3ebdf3b8,main,4f3ca95dd12d9a94b03339999d8803c155f450a8d3956636f050643301fcc5dd,kaggriculture-r88-rivals__thomas,5521358,0,77721,77576,1,0,0,DONE,DONE,719,719,634,634,74.947,24.373,1,,4.06
p3066_thomas,183139ff9cd682b8,kaggle-environments 1.32.7,a52ba1bfe9df9dc1d504550af46744ef8d474797cdba7af2412dc40a3ebdf3b8,main,4f3ca95dd12d9a94b03339999d8803c155f450a8d3956636f050643301fcc5dd,kaggriculture-r88-rivals__thomas,5521358,1,77721,77576,1,0,0,DONE,DONE,719,719,634,634,132.829,24.602,1,,4.48
p3066_thomas,183139ff9cd682b8,kaggle-environments 1.32.7,a52ba1bfe9df9dc1d504550af46744ef8d474797cdba7af2412dc40a3ebdf3b8,main,4f3ca95dd12d9a94b03339999d8803c155f450a8d3956636f050643301fcc5dd,kaggriculture-r88-rivals__thomas,7923960,0,113281,113776,0,1,0,DONE,DONE,719,719,656,656,16.276,25.077,1,,4.11
p3066_thomas,183139ff9cd682b8,kaggle-environments 1.32.7,a52ba1bfe9df9dc1d504550af46744ef8d474797cdba7af2412dc40a3ebdf3b8,main,4f3ca95dd12d9a94b03339999d8803c155f450a8d3956636f050643301fcc5dd,kaggriculture-r88-rivals__thomas,7923960,1,113281,113776,0,1,0,DONE,DONE,719,719,656,656,139.479,25.461,1,,4.45
p3066_thomas,183139ff9cd682b8,kaggle-environments 1.32.7,a52ba1bfe9df9dc1d504550af46744ef8d474797cdba7af2412dc40a3ebdf3b8,main,4f3ca95dd12d9a94b03339999d8803c155f450a8d3956636f050643301fcc5dd,kaggriculture-r88-rivals__thomas,9421863,0,115110,114977,1,0,0,DONE,DONE,719,719,657,657,20.138,26.25,1,,4.45
p3066_thomas,183139ff9cd682b8,kaggle-environments 1.32.7,a52ba1bfe9df9dc1d504550af46744ef8d474797cdba7af2412dc40a3ebdf3b8,main,4f3ca95dd12d9a94b03339999d8803c155f450a8d3956636f050643301fcc5dd,kaggriculture-r88-rivals__thomas,9421863,1,115110,114977,1,0,0,DONE,DONE,719,719,657,657,15.77,24.648,1,,4.14
p3066_thomas,183139ff9cd682b8,kaggle-environments 1.32.7,a52ba1bfe9df9dc1d504550af46744ef8d474797cdba7af2412dc40a3ebdf3b8,main,4f3ca95dd12d9a94b03339999d8803c155f450a8d3956636f050643301fcc5dd,kaggriculture-r88-rivals__thomas,11791344,0,87112,85023,1,0,0,DONE,DONE,719,719,650,639,5.456,31.539,1,,4.47
p3066_thomas,183139ff9cd682b8,kaggle-environments 1.32.7,a52ba1bfe9df9dc1d504550af46744ef8d474797cdba7af2412dc40a3ebdf3b8,main,4f3ca95dd12d9a94b03339999d8803c155f450a8d3956636f050643301fcc5dd,kaggriculture-r88-rivals__thomas,11791344,1,87112,85023,1,0,0,DONE,DONE,719,719,650,639,5.881,101.813,1,,4.97
p3066_thomas,183139ff9cd682b8,kaggle-environments 1.32.7,a52ba1bfe9df9dc1d504550af46744ef8d474797cdba7af2412dc40a3ebdf3b8,main,4f3ca95dd12d9a94b03339999d8803c155f450a8d3956636f050643301fcc5dd,kaggriculture-r88-rivals__thomas,11837966,0,76959,74677,1,0,0,DONE,DONE,719,719,657,657,71.093,106.499,1,,4.29
p3066_thomas,183139ff9cd682b8,kaggle-environments 1.32.7,a52ba1bfe9df9dc1d504550af46744ef8d474797cdba7af2412dc40a3ebdf3b8,main,4f3ca95dd12d9a94b03339999d8803c155f450a8d3956636f050643301fcc5dd,kaggriculture-r88-rivals__thomas,11837966,1,76959,74677,1,0,0,DONE,DONE,719,719,657,657,72.742,71.176,1,,4.5
p3066_thomas,183139ff9cd682b8,kaggle-environments 1.32.7,a52ba1bfe9df9dc1d504550af46744ef8d474797cdba7af2412dc40a3ebdf3b8,main,4f3ca95dd12d9a94b03339999d8803c155f450a8d3956636f050643301fcc5dd,kaggriculture-r88-rivals__thomas,11961457,0,124840,125520,0,1,0,DONE,DONE,719,719,653,653,72.367,25.583,1,,4.48
p3066_thomas,183139ff9cd682b8,kaggle-environments 1.32.7,a52ba1bfe9df9dc1d504550af46744ef8d474797cdba7af2412dc40a3ebdf3b8,main,4f3ca95dd12d9a94b03339999d8803c155f450a8d3956636f050643301fcc5dd,kaggriculture-r88-rivals__thomas,11961457,1,125963,124393,1,0,0,DONE,DONE,719,719,653,653,11.511,80.084,1,,4.61
p3066_thomas,183139ff9cd682b8,kaggle-environments 1.32.7,a52ba1bfe9df9dc1d504550af46744ef8d474797cdba7af2412dc40a3ebdf3b8,main,4f3ca95dd12d9a94b03339999d8803c155f450a8d3956636f050643301fcc5dd,kaggriculture-r88-rivals__thomas,15332070,0,88057,87623,1,0,0,DONE,DONE,719,719,653,653,46.104,25.737,1,,4.34
p3066_thomas,183139ff9cd682b8,kaggle-environments 1.32.7,a52ba1bfe9df9dc1d504550af46744ef8d474797cdba7af2412dc40a3ebdf3b8,main,4f3ca95dd12d9a94b03339999d8803c155f450a8d3956636f050643301fcc5dd,kaggriculture-r88-rivals__thomas,15332070,1,88057,87623,1,0,0,DONE,DONE,719,719,653,653,106.973,30.26,1,,4.4
p3066_thomas,183139ff9cd682b8,kaggle-environments 1.32.7,a52ba1bfe9df9dc1d504550af46744ef8d474797cdba7af2412dc40a3ebdf3b8,main,4f3ca95dd12d9a94b03339999d8803c155f450a8d3956636f050643301fcc5dd,kaggriculture-r88-rivals__thomas,20365933,0,65438,62860,1,0,0,DONE,DONE,719,719,653,653,119.646,26.255,1,,4.35
p3066_thomas,183139ff9cd682b8,kaggle-environments 1.32.7,a52ba1bfe9df9dc1d504550af46744ef8d474797cdba7af2412dc40a3ebdf3b8,main,4f3ca95dd12d9a94b03339999d8803c155f450a8d3956636f050643301fcc5dd,kaggriculture-r88-rivals__thomas,20365933,1,65438,62860,1,0,0,DONE,DONE,719,719,653,653,91.757,119.866,1,,4.52
p3066_thomas,183139ff9cd682b8,kaggle-environments 1.32.7,a52ba1bfe9df9dc1d504550af46744ef8d474797cdba7af2412dc40a3ebdf3b8,main,4f3ca95dd12d9a94b03339999d8803c155f450a8d3956636f050643301fcc5dd,kaggriculture-r88-rivals__thomas,20666293,0,72292,71579,1,0,0,DONE,DONE,719,719,648,648,67.562,27.193,1,,4.45
p3066_thomas,183139ff9cd682b8,kaggle-environments 1.32.7,a52ba1bfe9df9dc1d504550af46744ef8d474797cdba7af2412dc40a3ebdf3b8,main,4f3ca95dd12d9a94b03339999d8803c155f450a8d3956636f050643301fcc5dd,kaggriculture-r88-rivals__thomas,20666293,1,72292,71579,1,0,0,DONE,DONE,719,719,648,648,85.943,26.293,1,,4.4
p3066_thomas,183139ff9cd682b8,kaggle-environments 1.32.7,a52ba1bfe9df9dc1d504550af46744ef8d474797cdba7af2412dc40a3ebdf3b8,main,4f3ca95dd12d9a94b03339999d8803c155f450a8d3956636f050643301fcc5dd,kaggriculture-r88-rivals__thomas,20772491,0,140014,139424,1,0,0,DONE,DONE,719,719,656,656,46.32,25.857,1,,4.48
p3066_thomas,183139ff9cd682b8,kaggle-environments 1.32.7,a52ba1bfe9df9dc1d504550af46744ef8d474797cdba7af2412dc40a3ebdf3b8,main,4f3ca95dd12d9a94b03339999d8803c155f450a8d3956636f050643301fcc5dd,kaggriculture-r88-rivals__thomas,20772491,1,140014,139424,1,0,0,DONE,DONE,719,719,656,656,11.971,25.552,1,,4.64
p3066_thomas,183139ff9cd682b8,kaggle-environments 1.32.7,a52ba1bfe9df9dc1d504550af46744ef8d474797cdba7af2412dc40a3ebdf3b8,main,4f3ca95dd12d9a94b03339999d8803c155f450a8d3956636f050643301fcc5dd,kaggriculture-r88-rivals__thomas,22791941,0,100859,100633,1,0,0,DONE,DONE,719,719,651,651,4.479,24.722,1,,4.47
p3066_thomas,183139ff9cd682b8,kaggle-environments 1.32.7,a52ba1bfe9df9dc1d504550af46744ef8d474797cdba7af2412dc40a3ebdf3b8,main,4f3ca95dd12d9a94b03339999d8803c155f450a8d3956636f050643301fcc5dd,kaggriculture-r88-rivals__thomas,22791941,1,100859,100633,1,0,0,DONE,DONE,719,719,651,651,4.429,56.59,1,,4.47
p3066_thomas,183139ff9cd682b8,kaggle-environments 1.32.7,a52ba1bfe9df9dc1d504550af46744ef8d474797cdba7af2412dc40a3ebdf3b8,main,4f3ca95dd12d9a94b03339999d8803c155f450a8d3956636f050643301fcc5dd,kaggriculture-r88-rivals__thomas,24577019,0,96092,96671,0,1,0,DONE,DONE,719,719,654,654,80.116,26.045,1,,4.43
p3066_thomas,183139ff9cd682b8,kaggle-environments 1.32.7,a52ba1bfe9df9dc1d504550af46744ef8d474797cdba7af2412dc40a3ebdf3b8,main,4f3ca95dd12d9a94b03339999d8803c155f450a8d3956636f050643301fcc5dd,kaggriculture-r88-rivals__thomas,24577019,1,96092,96671,0,1,0,DONE,DONE,719,719,654,654,123.682,64.513,1,,4.32
p3066_thomas,183139ff9cd682b8,kaggle-environments 1.32.7,a52ba1bfe9df9dc1d504550af46744ef8d474797cdba7af2412dc40a3ebdf3b8,main,4f3ca95dd12d9a94b03339999d8803c155f450a8d3956636f050643301fcc5dd,kaggriculture-r88-rivals__thomas,25490548,0,61969,62151,0,1,0,DONE,DONE,719,719,649,649,16.753,24.664,1,,4.59
p3066_thomas,183139ff9cd682b8,kaggle-environments 1.32.7,a52ba1bfe9df9dc1d504550af46744ef8d474797cdba7af2412dc40a3ebdf3b8,main,4f3ca95dd12d9a94b03339999d8803c155f450a8d3956636f050643301fcc5dd,kaggriculture-r88-rivals__thomas,25490548,1,61969,62151,0,1,0,DONE,DONE,719,719,649,649,15.17,25.483,1,,4.41
p3066_thomas,183139ff9cd682b8,kaggle-environments 1.32.7,a52ba1bfe9df9dc1d504550af46744ef8d474797cdba7af2412dc40a3ebdf3b8,main,4f3ca95dd12d9a94b03339999d8803c155f450a8d3956636f050643301fcc5dd,kaggriculture-r88-rivals__thomas,26407067,0,121690,126992,0,1,0,DONE,DONE,719,719,639,639,73.35,87.293,1,,4.46
p3066_thomas,183139ff9cd682b8,kaggle-environments 1.32.7,a52ba1bfe9df9dc1d504550af46744ef8d474797cdba7af2412dc40a3ebdf3b8,main,4f3ca95dd12d9a94b03339999d8803c155f450a8d3956636f050643301fcc5dd,kaggriculture-r88-rivals__thomas,26407067,1,121690,126992,0,1,0,DONE,DONE,719,719,639,639,6.111,26.41,1,,4.74
p3066_thomas,183139ff9cd682b8,kaggle-environments 1.32.7,a52ba1bfe9df9dc1d504550af46744ef8d474797cdba7af2412dc40a3ebdf3b8,main,4f3ca95dd12d9a94b03339999d8803c155f450a8d3956636f050643301fcc5dd,kaggriculture-r88-rivals__thomas,28510988,0,105494,107159,0,1,0,DONE,DONE,719,719,653,653,16.129,26.693,1,,4.25
p3066_thomas,183139ff9cd682b8,kaggle-environments 1.32.7,a52ba1bfe9df9dc1d504550af46744ef8d474797cdba7af2412dc40a3ebdf3b8,main,4f3ca95dd12d9a94b03339999d8803c155f450a8d3956636f050643301fcc5dd,kaggriculture-r88-rivals__thomas,28510988,1,106553,106099,1,0,0,DONE,DONE,719,719,653,653,16.165,27.023,1,,4.53
p3066_thomas,183139ff9cd682b8,kaggle-environments 1.32.7,a52ba1bfe9df9dc1d504550af46744ef8d474797cdba7af2412dc40a3ebdf3b8,main,4f3ca95dd12d9a94b03339999d8803c155f450a8d3956636f050643301fcc5dd,kaggriculture-r88-rivals__thomas,29394016,0,93590,92189,1,0,0,DONE,DONE,719,719,653,653,18.075,38.725,1,,4.23
p3066_thomas,183139ff9cd682b8,kaggle-environments 1.32.7,a52ba1bfe9df9dc1d504550af46744ef8d474797cdba7af2412dc40a3ebdf3b8,main,4f3ca95dd12d9a94b03339999d8803c155f450a8d3956636f050643301fcc5dd,kaggriculture-r88-rivals__thomas,29394016,1,93590,92189,1,0,0,DONE,DONE,719,719,653,653,59.495,138.391,1,,4.53
p3066_thomas,183139ff9cd682b8,kaggle-environments 1.32.7,a52ba1bfe9df9dc1d504550af46744ef8d474797cdba7af2412dc40a3ebdf3b8,main,4f3ca95dd12d9a94b03339999d8803c155f450a8d3956636f050643301fcc5dd,kaggriculture-r88-rivals__thomas,30998681,0,94927,95765,0,1,0,DONE,DONE,719,719,638,638,41.124,157.233,1,,4.37
p3066_thomas,183139ff9cd682b8,kaggle-environments 1.32.7,a52ba1bfe9df9dc1d504550af46744ef8d474797cdba7af2412dc40a3ebdf3b8,main,4f3ca95dd12d9a94b03339999d8803c155f450a8d3956636f050643301fcc5dd,kaggriculture-r88-rivals__thomas,30998681,1,94927,95765,0,1,0,DONE,DONE,719,719,638,638,15.592,60.905,1,,4.08
p3066_thomas,183139ff9cd682b8,kaggle-environments 1.32.7,a52ba1bfe9df9dc1d504550af46744ef8d474797cdba7af2412dc40a3ebdf3b8,main,4f3ca95dd12d9a94b03339999d8803c155f450a8d3956636f050643301fcc5dd,kaggriculture-r88-rivals__thomas,31863189,0,75779,76498,0,1,0,DONE,DONE,719,719,649,649,17.546,25.868,1,,4.47
p3066_thomas,183139ff9cd682b8,kaggle-environments 1.32.7,a52ba1bfe9df9dc1d504550af46744ef8d474797cdba7af2412dc40a3ebdf3b8,main,4f3ca95dd12d9a94b03339999d8803c155f450a8d3956636f050643301fcc5dd,kaggriculture-r88-rivals__thomas,31863189,1,75779,76498,0,1,0,DONE,DONE,719,719,649,649,125.158,38.066,1,,4.43
p3066_thomas,183139ff9cd682b8,kaggle-environments 1.32.7,a52ba1bfe9df9dc1d504550af46744ef8d474797cdba7af2412dc40a3ebdf3b8,main,4f3ca95dd12d9a94b03339999d8803c155f450a8d3956636f050643301fcc5dd,kaggriculture-r88-rivals__thomas,33394953,0,73789,75343,0,1,0,DONE,DONE,719,719,649,633,85.251,25.77,1,,4.49
p3066_thomas,183139ff9cd682b8,kaggle-environments 1.32.7,a52ba1bfe9df9dc1d504550af46744ef8d474797cdba7af2412dc40a3ebdf3b8,main,4f3ca95dd12d9a94b03339999d8803c155f450a8d3956636f050643301fcc5dd,kaggriculture-r88-rivals__thomas,33394953,1,73789,75343,0,1,0,DONE,DONE,719,719,649,633,109.652,26.007,1,,4.27
p3066_thomas,183139ff9cd682b8,kaggle-environments 1.32.7,a52ba1bfe9df9dc1d504550af46744ef8d474797cdba7af2412dc40a3ebdf3b8,main,4f3ca95dd12d9a94b03339999d8803c155f450a8d3956636f050643301fcc5dd,kaggriculture-r88-rivals__thomas,36001919,0,97975,96899,1,0,0,DONE,DONE,719,719,656,656,114.537,25.418,1,,4.42
p3066_thomas,183139ff9cd682b8,kaggle-environments 1.32.7,a52ba1bfe9df9dc1d504550af46744ef8d474797cdba7af2412dc40a3ebdf3b8,main,4f3ca95dd12d9a94b03339999d8803c155f450a8d3956636f050643301fcc5dd,kaggriculture-r88-rivals__thomas,36001919,1,97975,96899,1,0,0,DONE,DONE,719,719,656,656,10.75,71.201,1,,4.93
p3066_thomas,183139ff9cd682b8,kaggle-environments 1.32.7,a52ba1bfe9df9dc1d504550af46744ef8d474797cdba7af2412dc40a3ebdf3b8,main,4f3ca95dd12d9a94b03339999d8803c155f450a8d3956636f050643301fcc5dd,kaggriculture-r88-rivals__thomas,39134138,0,103282,100721,1,0,0,DONE,DONE,719,719,654,654,41.516,24.948,1,,4.25
p3066_thomas,183139ff9cd682b8,kaggle-environments 1.32.7,a52ba1bfe9df9dc1d504550af46744ef8d474797cdba7af2412dc40a3ebdf3b8,main,4f3ca95dd12d9a94b03339999d8803c155f450a8d3956636f050643301fcc5dd,kaggriculture-r88-rivals__thomas,39134138,1,103282,100721,1,0,0,DONE,DONE,719,719,654,654,46.234,25.471,1,,4.24
p3066_thomas,183139ff9cd682b8,kaggle-environments 1.32.7,a52ba1bfe9df9dc1d504550af46744ef8d474797cdba7af2412dc40a3ebdf3b8,main,4f3ca95dd12d9a94b03339999d8803c155f450a8d3956636f050643301fcc5dd,kaggriculture-r88-rivals__thomas,43999691,0,76887,74217,1,0,0,DONE,DONE,719,719,653,653,19.614,25.335,1,,4.62
p3066_thomas,183139ff9cd682b8,kaggle-environments 1.32.7,a52ba1bfe9df9dc1d504550af46744ef8d474797cdba7af2412dc40a3ebdf3b8,main,4f3ca95dd12d9a94b03339999d8803c155f450a8d3956636f050643301fcc5dd,kaggriculture-r88-rivals__thomas,43999691,1,76887,74217,1,0,0,DONE,DONE,719,719,653,653,67.986,26.482,1,,4.78
p3066_thomas,183139ff9cd682b8,kaggle-environments 1.32.7,a52ba1bfe9df9dc1d504550af46744ef8d474797cdba7af2412dc40a3ebdf3b8,main,4f3ca95dd12d9a94b03339999d8803c155f450a8d3956636f050643301fcc5dd,kaggriculture-r88-rivals__thomas,44085303,0,103968,103529,1,0,0,DONE,DONE,719,719,656,656,16.571,24.959,1,,4.16
p3066_thomas,183139ff9cd682b8,kaggle-environments 1.32.7,a52ba1bfe9df9dc1d504550af46744ef8d474797cdba7af2412dc40a3ebdf3b8,main,4f3ca95dd12d9a94b03339999d8803c155f450a8d3956636f050643301fcc5dd,kaggriculture-r88-rivals__thomas,44085303,1,103968,103529,1,0,0,DONE,DONE,719,719,656,656,15.57,28.235,1,,4.13
p3066_thomas,183139ff9cd682b8,kaggle-environments 1.32.7,a52ba1bfe9df9dc1d504550af46744ef8d474797cdba7af2412dc40a3ebdf3b8,main,4f3ca95dd12d9a94b03339999d8803c155f450a8d3956636f050643301fcc5dd,kaggriculture-r88-rivals__thomas,46152523,0,89169,90290,0,1,0,DONE,DONE,719,719,637,637,69.085,26.177,1,,4.33
p3066_thomas,183139ff9cd682b8,kaggle-environments 1.32.7,a52ba1bfe9df9dc1d504550af46744ef8d474797cdba7af2412dc40a3ebdf3b8,main,4f3ca95dd12d9a94b03339999d8803c155f450a8d3956636f050643301fcc5dd,kaggriculture-r88-rivals__thomas,46152523,1,89169,90290,0,1,0,DONE,DONE,719,719,637,637,15.989,26.648,1,,4.47
p3066_thomas,183139ff9cd682b8,kaggle-environments 1.32.7,a52ba1bfe9df9dc1d504550af46744ef8d474797cdba7af2412dc40a3ebdf3b8,main,4f3ca95dd12d9a94b03339999d8803c155f450a8d3956636f050643301fcc5dd,kaggriculture-r88-rivals__thomas,47794640,0,58649,60526,0,1,0,DONE,DONE,719,719,648,633,122.766,25.971,1,,4.2
p3066_thomas,183139ff9cd682b8,kaggle-environments 1.32.7,a52ba1bfe9df9dc1d504550af46744ef8d474797cdba7af2412dc40a3ebdf3b8,main,4f3ca95dd12d9a94b03339999d8803c155f450a8d3956636f050643301fcc5dd,kaggriculture-r88-rivals__thomas,47794640,1,58649,60526,0,1,0,DONE,DONE,719,719,648,633,15.947,59.065,1,,4.39
p3066_thomas,183139ff9cd682b8,kaggle-environments 1.32.7,a52ba1bfe9df9dc1d504550af46744ef8d474797cdba7af2412dc40a3ebdf3b8,main,4f3ca95dd12d9a94b03339999d8803c155f450a8d3956636f050643301fcc5dd,kaggriculture-r88-rivals__thomas,48301656,0,65976,65193,1,0,0,DONE,DONE,719,719,651,651,16.139,137.113,1,,4.45
p3066_thomas,183139ff9cd682b8,kaggle-environments 1.32.7,a52ba1bfe9df9dc1d504550af46744ef8d474797cdba7af2412dc40a3ebdf3b8,main,4f3ca95dd12d9a94b03339999d8803c155f450a8d3956636f050643301fcc5dd,kaggriculture-r88-rivals__thomas,48301656,1,65976,65193,1,0,0,DONE,DONE,719,719,651,651,136.535,43.697,1,,4.48
p3066_thomas,183139ff9cd682b8,kaggle-environments 1.32.7,a52ba1bfe9df9dc1d504550af46744ef8d474797cdba7af2412dc40a3ebdf3b8,main,4f3ca95dd12d9a94b03339999d8803c155f450a8d3956636f050643301fcc5dd,kaggriculture-r88-rivals__thomas,51213129,0,130859,131720,0,1,0,DONE,DONE,719,719,656,656,32.762,28.094,1,,4.46
p3066_thomas,183139ff9cd682b8,kaggle-environments 1.32.7,a52ba1bfe9df9dc1d504550af46744ef8d474797cdba7af2412dc40a3ebdf3b8,main,4f3ca95dd12d9a94b03339999d8803c155f450a8d3956636f050643301fcc5dd,kaggriculture-r88-rivals__thomas,51213129,1,130859,131720,0,1,0,DONE,DONE,719,719,656,656,101.452,37.602,1,,4.33
p3066_thomas,183139ff9cd682b8,kaggle-environments 1.32.7,a52ba1bfe9df9dc1d504550af46744ef8d474797cdba7af2412dc40a3ebdf3b8,main,4f3ca95dd12d9a94b03339999d8803c155f450a8d3956636f050643301fcc5dd,kaggriculture-r88-rivals__thomas,51822627,0,136627,138735,0,1,0,DONE,DONE,719,719,658,658,16.096,25.812,1,,4.25
p3066_thomas,183139ff9cd682b8,kaggle-environments 1.32.7,a52ba1bfe9df9dc1d504550af46744ef8d474797cdba7af2412dc40a3ebdf3b8,main,4f3ca95dd12d9a94b03339999d8803c155f450a8d3956636f050643301fcc5dd,kaggriculture-r88-rivals__thomas,51822627,1,136627,138735,0,1,0,DONE,DONE,719,719,658,658,16.499,27.997,1,,4.23
p3066_thomas,183139ff9cd682b8,kaggle-environments 1.32.7,a52ba1bfe9df9dc1d504550af46744ef8d474797cdba7af2412dc40a3ebdf3b8,main,4f3ca95dd12d9a94b03339999d8803c155f450a8d3956636f050643301fcc5dd,kaggriculture-r88-rivals__thomas,55431633,0,95997,100525,0,1,0,DONE,DONE,719,719,650,639,67.207,26.846,1,,4.49
p3066_thomas,183139ff9cd682b8,kaggle-environments 1.32.7,a52ba1bfe9df9dc1d504550af46744ef8d474797cdba7af2412dc40a3ebdf3b8,main,4f3ca95dd12d9a94b03339999d8803c155f450a8d3956636f050643301fcc5dd,kaggriculture-r88-rivals__thomas,55431633,1,96120,100396,0,1,0,DONE,DONE,719,719,650,639,5.966,67.747,1,,4.84
p3066_thomas,183139ff9cd682b8,kaggle-environments 1.32.7,a52ba1bfe9df9dc1d504550af46744ef8d474797cdba7af2412dc40a3ebdf3b8,main,4f3ca95dd12d9a94b03339999d8803c155f450a8d3956636f050643301fcc5dd,kaggriculture-r88-rivals__thomas,56558750,0,109786,110479,0,1,0,DONE,DONE,719,719,649,637,93.422,25.437,1,,4.46
p3066_thomas,183139ff9cd682b8,kaggle-environments 1.32.7,a52ba1bfe9df9dc1d504550af46744ef8d474797cdba7af2412dc40a3ebdf3b8,main,4f3ca95dd12d9a94b03339999d8803c155f450a8d3956636f050643301fcc5dd,kaggriculture-r88-rivals__thomas,56558750,1,109786,110479,0,1,0,DONE,DONE,719,719,649,637,11.51,27.041,1,,4.53
p3066_thomas,183139ff9cd682b8,kaggle-environments 1.32.7,a52ba1bfe9df9dc1d504550af46744ef8d474797cdba7af2412dc40a3ebdf3b8,main,4f3ca95dd12d9a94b03339999d8803c155f450a8d3956636f050643301fcc5dd,kaggriculture-r88-rivals__thomas,58108362,0,85508,84943,1,0,0,DONE,DONE,719,719,654,654,65.806,65.366,1,,4.35
p3066_thomas,183139ff9cd682b8,kaggle-environments 1.32.7,a52ba1bfe9df9dc1d504550af46744ef8d474797cdba7af2412dc40a3ebdf3b8,main,4f3ca95dd12d9a94b03339999d8803c155f450a8d3956636f050643301fcc5dd,kaggriculture-r88-rivals__thomas,58108362,1,85508,84943,1,0,0,DONE,DONE,719,719,654,654,15.283,108.032,1,,4.26
p3066_thomas,183139ff9cd682b8,kaggle-environments 1.32.7,a52ba1bfe9df9dc1d504550af46744ef8d474797cdba7af2412dc40a3ebdf3b8,main,4f3ca95dd12d9a94b03339999d8803c155f450a8d3956636f050643301fcc5dd,kaggriculture-r88-rivals__thomas,63541042,0,122310,118525,1,0,0,DONE,DONE,719,719,657,657,15.997,25.031,1,,4.52
p3066_thomas,183139ff9cd682b8,kaggle-environments 1.32.7,a52ba1bfe9df9dc1d504550af46744ef8d474797cdba7af2412dc40a3ebdf3b8,main,4f3ca95dd12d9a94b03339999d8803c155f450a8d3956636f050643301fcc5dd,kaggriculture-r88-rivals__thomas,63541042,1,122310,118525,1,0,0,DONE,DONE,719,719,657,657,55.603,56.623,1,,4.3
p3066_thomas,183139ff9cd682b8,kaggle-environments 1.32.7,a52ba1bfe9df9dc1d504550af46744ef8d474797cdba7af2412dc40a3ebdf3b8,main,4f3ca95dd12d9a94b03339999d8803c155f450a8d3956636f050643301fcc5dd,kaggriculture-r88-rivals__thomas,65259409,0,112290,111885,1,0,0,DONE,DONE,719,719,654,654,15.818,25.243,1,,4.39
p3066_thomas,183139ff9cd682b8,kaggle-environments 1.32.7,a52ba1bfe9df9dc1d504550af46744ef8d474797cdba7af2412dc40a3ebdf3b8,main,4f3ca95dd12d9a94b03339999d8803c155f450a8d3956636f050643301fcc5dd,kaggriculture-r88-rivals__thomas,65259409,1,112290,111885,1,0,0,DONE,DONE,719,719,654,654,103.959,64.922,1,,4.44
p3066_thomas,183139ff9cd682b8,kaggle-environments 1.32.7,a52ba1bfe9df9dc1d504550af46744ef8d474797cdba7af2412dc40a3ebdf3b8,main,4f3ca95dd12d9a94b03339999d8803c155f450a8d3956636f050643301fcc5dd,kaggriculture-r88-rivals__thomas,66449875,0,103006,102839,1,0,0,DONE,DONE,719,719,649,649,76.423,25.764,1,,4.32
p3066_thomas,183139ff9cd682b8,kaggle-environments 1.32.7,a52ba1bfe9df9dc1d504550af46744ef8d474797cdba7af2412dc40a3ebdf3b8,main,4f3ca95dd12d9a94b03339999d8803c155f450a8d3956636f050643301fcc5dd,kaggriculture-r88-rivals__thomas,66449875,1,103006,102839,1,0,0,DONE,DONE,719,719,649,649,15.875,31.368,1,,4.38
p3066_thomas,183139ff9cd682b8,kaggle-environments 1.32.7,a52ba1bfe9df9dc1d504550af46744ef8d474797cdba7af2412dc40a3ebdf3b8,main,4f3ca95dd12d9a94b03339999d8803c155f450a8d3956636f050643301fcc5dd,kaggriculture-r88-rivals__thomas,71346262,0,111394,110244,1,0,0,DONE,DONE,719,719,657,657,16.14,26.811,1,,4.24
p3066_thomas,183139ff9cd682b8,kaggle-environments 1.32.7,a52ba1bfe9df9dc1d504550af46744ef8d474797cdba7af2412dc40a3ebdf3b8,main,4f3ca95dd12d9a94b03339999d8803c155f450a8d3956636f050643301fcc5dd,kaggriculture-r88-rivals__thomas,71346262,1,112419,109457,1,0,0,DONE,DONE,719,719,657,657,72.526,28.408,1,,4.47
p3066_thomas,183139ff9cd682b8,kaggle-environments 1.32.7,a52ba1bfe9df9dc1d504550af46744ef8d474797cdba7af2412dc40a3ebdf3b8,main,4f3ca95dd12d9a94b03339999d8803c155f450a8d3956636f050643301fcc5dd,kaggriculture-r88-rivals__thomas,74493709,0,73810,75431,0,1,0,DONE,DONE,719,719,640,635,16.57,26.092,1,,4.21
p3066_thomas,183139ff9cd682b8,kaggle-environments 1.32.7,a52ba1bfe9df9dc1d504550af46744ef8d474797cdba7af2412dc40a3ebdf3b8,main,4f3ca95dd12d9a94b03339999d8803c155f450a8d3956636f050643301fcc5dd,kaggriculture-r88-rivals__thomas,74493709,1,73810,75431,0,1,0,DONE,DONE,719,719,640,635,54.088,25.7,1,,4.25
p3066_thomas,183139ff9cd682b8,kaggle-environments 1.32.7,a52ba1bfe9df9dc1d504550af46744ef8d474797cdba7af2412dc40a3ebdf3b8,main,4f3ca95dd12d9a94b03339999d8803c155f450a8d3956636f050643301fcc5dd,kaggriculture-r88-rivals__thomas,77307889,0,112102,112138,0,1,0,DONE,DONE,719,719,651,640,65.212,33.644,1,,4.43
p3066_thomas,183139ff9cd682b8,kaggle-environments 1.32.7,a52ba1bfe9df9dc1d504550af46744ef8d474797cdba7af2412dc40a3ebdf3b8,main,4f3ca95dd12d9a94b03339999d8803c155f450a8d3956636f050643301fcc5dd,kaggriculture-r88-rivals__thomas,77307889,1,112102,112138,0,1,0,DONE,DONE,719,719,651,640,5.395,120.374,1,,4.64
p3066_thomas,183139ff9cd682b8,kaggle-environments 1.32.7,a52ba1bfe9df9dc1d504550af46744ef8d474797cdba7af2412dc40a3ebdf3b8,main,4f3ca95dd12d9a94b03339999d8803c155f450a8d3956636f050643301fcc5dd,kaggriculture-r88-rivals__thomas,78039233,0,130184,130577,0,1,0,DONE,DONE,719,719,643,641,16.703,26.477,1,,4.57
p3066_thomas,183139ff9cd682b8,kaggle-environments 1.32.7,a52ba1bfe9df9dc1d504550af46744ef8d474797cdba7af2412dc40a3ebdf3b8,main,4f3ca95dd12d9a94b03339999d8803c155f450a8d3956636f050643301fcc5dd,kaggriculture-r88-rivals__thomas,78039233,1,130184,130577,0,1,0,DONE,DONE,719,719,643,641,16.823,138.013,1,,4.53
p3066_thomas,183139ff9cd682b8,kaggle-environments 1.32.7,a52ba1bfe9df9dc1d504550af46744ef8d474797cdba7af2412dc40a3ebdf3b8,main,4f3ca95dd12d9a94b03339999d8803c155f450a8d3956636f050643301fcc5dd,kaggriculture-r88-rivals__thomas,80843786,0,95128,96541,0,1,0,DONE,DONE,719,719,649,638,77.432,26.722,1,,4.56
p3066_thomas,183139ff9cd682b8,kaggle-environments 1.32.7,a52ba1bfe9df9dc1d504550af46744ef8d474797cdba7af2412dc40a3ebdf3b8,main,4f3ca95dd12d9a94b03339999d8803c155f450a8d3956636f050643301fcc5dd,kaggriculture-r88-rivals__thomas,80843786,1,95128,96541,0,1,0,DONE,DONE,719,719,649,638,49.512,25.222,1,,4.37
p3066_thomas,183139ff9cd682b8,kaggle-environments 1.32.7,a52ba1bfe9df9dc1d504550af46744ef8d474797cdba7af2412dc40a3ebdf3b8,main,4f3ca95dd12d9a94b03339999d8803c155f450a8d3956636f050643301fcc5dd,kaggriculture-r88-rivals__thomas,82578275,0,112624,112176,1,0,0,DONE,DONE,719,719,653,653,69.129,25.473,1,,4.63
p3066_thomas,183139ff9cd682b8,kaggle-environments 1.32.7,a52ba1bfe9df9dc1d504550af46744ef8d474797cdba7af2412dc40a3ebdf3b8,main,4f3ca95dd12d9a94b03339999d8803c155f450a8d3956636f050643301fcc5dd,kaggriculture-r88-rivals__thomas,82578275,1,112624,112176,1,0,0,DONE,DONE,719,719,653,653,147.162,180.597,1,,5.35
p3066_thomas,183139ff9cd682b8,kaggle-environments 1.32.7,a52ba1bfe9df9dc1d504550af46744ef8d474797cdba7af2412dc40a3ebdf3b8,main,4f3ca95dd12d9a94b03339999d8803c155f450a8d3956636f050643301fcc5dd,kaggriculture-r88-rivals__thomas,84320987,0,127294,126888,1,0,0,DONE,DONE,719,719,649,637,99.579,25.702,1,,4.91
p3066_thomas,183139ff9cd682b8,kaggle-environments 1.32.7,a52ba1bfe9df9dc1d504550af46744ef8d474797cdba7af2412dc40a3ebdf3b8,main,4f3ca95dd12d9a94b03339999d8803c155f450a8d3956636f050643301fcc5dd,kaggriculture-r88-rivals__thomas,84320987,1,127294,126888,1,0,0,DONE,DONE,719,719,649,637,17.288,201.953,1,,5.85
p3066_thomas,183139ff9cd682b8,kaggle-environments 1.32.7,a52ba1bfe9df9dc1d504550af46744ef8d474797cdba7af2412dc40a3ebdf3b8,main,4f3ca95dd12d9a94b03339999d8803c155f450a8d3956636f050643301fcc5dd,kaggriculture-r88-rivals__thomas,94043888,0,91371,88554,1,0,0,DONE,DONE,719,719,653,653,10.911,27.681,1,,5.65
p3066_thomas,183139ff9cd682b8,kaggle-environments 1.32.7,a52ba1bfe9df9dc1d504550af46744ef8d474797cdba7af2412dc40a3ebdf3b8,main,4f3ca95dd12d9a94b03339999d8803c155f450a8d3956636f050643301fcc5dd,kaggriculture-r88-rivals__thomas,94043888,1,91371,88554,1,0,0,DONE,DONE,719,719,653,653,11.048,102.688,1,,5.35
p3066_thomas,183139ff9cd682b8,kaggle-environments 1.32.7,a52ba1bfe9df9dc1d504550af46744ef8d474797cdba7af2412dc40a3ebdf3b8,main,4f3ca95dd12d9a94b03339999d8803c155f450a8d3956636f050643301fcc5dd,kaggriculture-r88-rivals__thomas,96364528,0,158044,157921,1,0,0,DONE,DONE,719,719,656,656,64.284,37.486,1,,4.94
p3066_thomas,183139ff9cd682b8,kaggle-environments 1.32.7,a52ba1bfe9df9dc1d504550af46744ef8d474797cdba7af2412dc40a3ebdf3b8,main,4f3ca95dd12d9a94b03339999d8803c155f450a8d3956636f050643301fcc5dd,kaggriculture-r88-rivals__thomas,96364528,1,158044,157921,1,0,0,DONE,DONE,719,719,656,656,55.061,25.684,1,,5.12
p3066_thomas,183139ff9cd682b8,kaggle-environments 1.32.7,a52ba1bfe9df9dc1d504550af46744ef8d474797cdba7af2412dc40a3ebdf3b8,main,4f3ca95dd12d9a94b03339999d8803c155f450a8d3956636f050643301fcc5dd,kaggriculture-r88-rivals__thomas,102279838,0,79720,79941,0,1,0,DONE,DONE,719,719,651,651,116.894,32.88,1,,4.84
p3066_thomas,183139ff9cd682b8,kaggle-environments 1.32.7,a52ba1bfe9df9dc1d504550af46744ef8d474797cdba7af2412dc40a3ebdf3b8,main,4f3ca95dd12d9a94b03339999d8803c155f450a8d3956636f050643301fcc5dd,kaggriculture-r88-rivals__thomas,102279838,1,79720,79941,0,1,0,DONE,DONE,719,719,651,651,16.486,99.746,1,,5.17
p3066_thomas,183139ff9cd682b8,kaggle-environments 1.32.7,a52ba1bfe9df9dc1d504550af46744ef8d474797cdba7af2412dc40a3ebdf3b8,main,4f3ca95dd12d9a94b03339999d8803c155f450a8d3956636f050643301fcc5dd,kaggriculture-r88-rivals__thomas,104574611,0,69628,69062,1,0,0,DONE,DONE,719,719,653,653,15.98,35.439,1,,4.8
p3066_thomas,183139ff9cd682b8,kaggle-environments 1.32.7,a52ba1bfe9df9dc1d504550af46744ef8d474797cdba7af2412dc40a3ebdf3b8,main,4f3ca95dd12d9a94b03339999d8803c155f450a8d3956636f050643301fcc5dd,kaggriculture-r88-rivals__thomas,104574611,1,69628,69062,1,0,0,DONE,DONE,719,719,653,653,111.124,32.42,1,,4.28
p3066_thomas,183139ff9cd682b8,kaggle-environments 1.32.7,a52ba1bfe9df9dc1d504550af46744ef8d474797cdba7af2412dc40a3ebdf3b8,main,4f3ca95dd12d9a94b03339999d8803c155f450a8d3956636f050643301fcc5dd,kaggriculture-r88-rivals__thomas,105234131,0,133332,133618,0,1,0,DONE,DONE,719,719,654,654,16.708,29.884,1,,4.48
p3066_thomas,183139ff9cd682b8,kaggle-environments 1.32.7,a52ba1bfe9df9dc1d504550af46744ef8d474797cdba7af2412dc40a3ebdf3b8,main,4f3ca95dd12d9a94b03339999d8803c155f450a8d3956636f050643301fcc5dd,kaggriculture-r88-rivals__thomas,105234131,1,133332,133618,0,1,0,DONE,DONE,719,719,654,654,15.77,55.75,1,,4.27
p3066_thomas,183139ff9cd682b8,kaggle-environments 1.32.7,a52ba1bfe9df9dc1d504550af46744ef8d474797cdba7af2412dc40a3ebdf3b8,main,4f3ca95dd12d9a94b03339999d8803c155f450a8d3956636f050643301fcc5dd,kaggriculture-r88-rivals__thomas,105290679,0,71052,67717,1,0,0,DONE,DONE,719,719,656,656,58.113,26.355,1,,4.39
p3066_thomas,183139ff9cd682b8,kaggle-environments 1.32.7,a52ba1bfe9df9dc1d504550af46744ef8d474797cdba7af2412dc40a3ebdf3b8,main,4f3ca95dd12d9a94b03339999d8803c155f450a8d3956636f050643301fcc5dd,kaggriculture-r88-rivals__thomas,105290679,1,71052,67717,1,0,0,DONE,DONE,719,719,656,656,16.831,24.889,1,,4.48
p3066_thomas,183139ff9cd682b8,kaggle-environments 1.32.7,a52ba1bfe9df9dc1d504550af46744ef8d474797cdba7af2412dc40a3ebdf3b8,main,4f3ca95dd12d9a94b03339999d8803c155f450a8d3956636f050643301fcc5dd,kaggriculture-r88-rivals__thomas,106081126,0,110994,111803,0,1,0,DONE,DONE,719,719,642,637,16.111,24.997,1,,4.27
p3066_thomas,183139ff9cd682b8,kaggle-environments 1.32.7,a52ba1bfe9df9dc1d504550af46744ef8d474797cdba7af2412dc40a3ebdf3b8,main,4f3ca95dd12d9a94b03339999d8803c155f450a8d3956636f050643301fcc5dd,kaggriculture-r88-rivals__thomas,106081126,1,110994,111803,0,1,0,DONE,DONE,719,719,642,637,15.966,24.991,1,,4.47
p3066_thomas,183139ff9cd682b8,kaggle-environments 1.32.7,a52ba1bfe9df9dc1d504550af46744ef8d474797cdba7af2412dc40a3ebdf3b8,main,4f3ca95dd12d9a94b03339999d8803c155f450a8d3956636f050643301fcc5dd,kaggriculture-r88-rivals__thomas,106245702,0,131118,132130,0,1,0,DONE,DONE,719,719,643,639,55.719,66.259,1,,4.45
p3066_thomas,183139ff9cd682b8,kaggle-environments 1.32.7,a52ba1bfe9df9dc1d504550af46744ef8d474797cdba7af2412dc40a3ebdf3b8,main,4f3ca95dd12d9a94b03339999d8803c155f450a8d3956636f050643301fcc5dd,kaggriculture-r88-rivals__thomas,106245702,1,131118,132130,0,1,0,DONE,DONE,719,719,643,639,15.961,24.464,1,,4.14
p3066_thomas,183139ff9cd682b8,kaggle-environments 1.32.7,a52ba1bfe9df9dc1d504550af46744ef8d474797cdba7af2412dc40a3ebdf3b8,main,4f3ca95dd12d9a94b03339999d8803c155f450a8d3956636f050643301fcc5dd,kaggriculture-r88-rivals__thomas,107640478,0,70459,69932,1,0,0,DONE,DONE,719,719,653,653,84.278,25.571,1,,4.53
p3066_thomas,183139ff9cd682b8,kaggle-environments 1.32.7,a52ba1bfe9df9dc1d504550af46744ef8d474797cdba7af2412dc40a3ebdf3b8,main,4f3ca95dd12d9a94b03339999d8803c155f450a8d3956636f050643301fcc5dd,kaggriculture-r88-rivals__thomas,107640478,1,70459,69932,1,0,0,DONE,DONE,719,719,653,653,60.715,24.574,1,,4.32
p3066_thomas,183139ff9cd682b8,kaggle-environments 1.32.7,a52ba1bfe9df9dc1d504550af46744ef8d474797cdba7af2412dc40a3ebdf3b8,main,4f3ca95dd12d9a94b03339999d8803c155f450a8d3956636f050643301fcc5dd,kaggriculture-r88-rivals__thomas,110571895,0,83874,84058,0,1,0,DONE,DONE,719,719,654,654,66.67,24.861,1,,4.2
p3066_thomas,183139ff9cd682b8,kaggle-environments 1.32.7,a52ba1bfe9df9dc1d504550af46744ef8d474797cdba7af2412dc40a3ebdf3b8,main,4f3ca95dd12d9a94b03339999d8803c155f450a8d3956636f050643301fcc5dd,kaggriculture-r88-rivals__thomas,110571895,1,83874,84058,0,1,0,DONE,DONE,719,719,654,654,16.304,29.468,1,,4.27
p3066_thomas,183139ff9cd682b8,kaggle-environments 1.32.7,a52ba1bfe9df9dc1d504550af46744ef8d474797cdba7af2412dc40a3ebdf3b8,main,4f3ca95dd12d9a94b03339999d8803c155f450a8d3956636f050643301fcc5dd,kaggriculture-r88-rivals__thomas,111719538,0,78519,76283,1,0,0,DONE,DONE,719,719,652,652,75.269,26.514,1,,4.41
p3066_thomas,183139ff9cd682b8,kaggle-environments 1.32.7,a52ba1bfe9df9dc1d504550af46744ef8d474797cdba7af2412dc40a3ebdf3b8,main,4f3ca95dd12d9a94b03339999d8803c155f450a8d3956636f050643301fcc5dd,kaggriculture-r88-rivals__thomas,111719538,1,78519,76283,1,0,0,DONE,DONE,719,719,652,652,103.53,26.312,1,,4.26
p3066_thomas,183139ff9cd682b8,kaggle-environments 1.32.7,a52ba1bfe9df9dc1d504550af46744ef8d474797cdba7af2412dc40a3ebdf3b8,main,4f3ca95dd12d9a94b03339999d8803c155f450a8d3956636f050643301fcc5dd,kaggriculture-r88-rivals__thomas,112234035,0,103661,108793,0,1,0,DONE,DONE,719,719,650,637,61.058,24.58,1,,4.47
p3066_thomas,183139ff9cd682b8,kaggle-environments 1.32.7,a52ba1bfe9df9dc1d504550af46744ef8d474797cdba7af2412dc40a3ebdf3b8,main,4f3ca95dd12d9a94b03339999d8803c155f450a8d3956636f050643301fcc5dd,kaggriculture-r88-rivals__thomas,112234035,1,103661,108793,0,1,0,DONE,DONE,719,719,650,637,5.526,51.903,1,,4.67
p3066_thomas,183139ff9cd682b8,kaggle-environments 1.32.7,a52ba1bfe9df9dc1d504550af46744ef8d474797cdba7af2412dc40a3ebdf3b8,main,4f3ca95dd12d9a94b03339999d8803c155f450a8d3956636f050643301fcc5dd,kaggriculture-r88-rivals__thomas,112896507,0,95697,94931,1,0,0,DONE,DONE,719,719,652,652,19.406,83.399,1,,4.41
p3066_thomas,183139ff9cd682b8,kaggle-environments 1.32.7,a52ba1bfe9df9dc1d504550af46744ef8d474797cdba7af2412dc40a3ebdf3b8,main,4f3ca95dd12d9a94b03339999d8803c155f450a8d3956636f050643301fcc5dd,kaggriculture-r88-rivals__thomas,112896507,1,95697,94931,1,0,0,DONE,DONE,719,719,652,652,54.368,51.648,1,,4.78
p3066_thomas,183139ff9cd682b8,kaggle-environments 1.32.7,a52ba1bfe9df9dc1d504550af46744ef8d474797cdba7af2412dc40a3ebdf3b8,main,4f3ca95dd12d9a94b03339999d8803c155f450a8d3956636f050643301fcc5dd,kaggriculture-r88-rivals__thomas,112953244,0,98932,99271,0,1,0,DONE,DONE,719,719,652,652,92.175,30.33,1,,4.55
p3066_thomas,183139ff9cd682b8,kaggle-environments 1.32.7,a52ba1bfe9df9dc1d504550af46744ef8d474797cdba7af2412dc40a3ebdf3b8,main,4f3ca95dd12d9a94b03339999d8803c155f450a8d3956636f050643301fcc5dd,kaggriculture-r88-rivals__thomas,112953244,1,98932,99271,0,1,0,DONE,DONE,719,719,652,652,16.184,85.292,1,,4.45
p3066_thomas,183139ff9cd682b8,kaggle-environments 1.32.7,a52ba1bfe9df9dc1d504550af46744ef8d474797cdba7af2412dc40a3ebdf3b8,main,4f3ca95dd12d9a94b03339999d8803c155f450a8d3956636f050643301fcc5dd,kaggriculture-r88-rivals__thomas,114605881,0,68559,69265,0,1,0,DONE,DONE,719,719,653,653,66.78,28.929,1,,4.68
p3066_thomas,183139ff9cd682b8,kaggle-environments 1.32.7,a52ba1bfe9df9dc1d504550af46744ef8d474797cdba7af2412dc40a3ebdf3b8,main,4f3ca95dd12d9a94b03339999d8803c155f450a8d3956636f050643301fcc5dd,kaggriculture-r88-rivals__thomas,114605881,1,68559,69265,0,1,0,DONE,DONE,719,719,653,653,95.808,28.059,1,,4.52
p3066_thomas,183139ff9cd682b8,kaggle-environments 1.32.7,a52ba1bfe9df9dc1d504550af46744ef8d474797cdba7af2412dc40a3ebdf3b8,main,4f3ca95dd12d9a94b03339999d8803c155f450a8d3956636f050643301fcc5dd,kaggriculture-r88-rivals__thomas,114669855,0,123668,126734,0,1,0,DONE,DONE,719,719,665,640,8.695,27.44,1,,4.94
p3066_thomas,183139ff9cd682b8,kaggle-environments 1.32.7,a52ba1bfe9df9dc1d504550af46744ef8d474797cdba7af2412dc40a3ebdf3b8,main,4f3ca95dd12d9a94b03339999d8803c155f450a8d3956636f050643301fcc5dd,kaggriculture-r88-rivals__thomas,114669855,1,123668,126734,0,1,0,DONE,DONE,719,719,665,640,9.016,27.228,1,,4.83
p3066_thomas,183139ff9cd682b8,kaggle-environments 1.32.7,a52ba1bfe9df9dc1d504550af46744ef8d474797cdba7af2412dc40a3ebdf3b8,main,4f3ca95dd12d9a94b03339999d8803c155f450a8d3956636f050643301fcc5dd,kaggriculture-r88-rivals__thomas,116292242,0,93043,93801,0,1,0,DONE,DONE,719,719,655,655,15.927,27.939,1,,4.75
p3066_thomas,183139ff9cd682b8,kaggle-environments 1.32.7,a52ba1bfe9df9dc1d504550af46744ef8d474797cdba7af2412dc40a3ebdf3b8,main,4f3ca95dd12d9a94b03339999d8803c155f450a8d3956636f050643301fcc5dd,kaggriculture-r88-rivals__thomas,116292242,1,93043,93801,0,1,0,DONE,DONE,719,719,655,655,80.223,43.197,1,,4.23
p3066_thomas,183139ff9cd682b8,kaggle-environments 1.32.7,a52ba1bfe9df9dc1d504550af46744ef8d474797cdba7af2412dc40a3ebdf3b8,main,4f3ca95dd12d9a94b03339999d8803c155f450a8d3956636f050643301fcc5dd,kaggriculture-r88-rivals__thomas,119787912,0,115632,115613,1,0,0,DONE,DONE,719,719,652,652,15.846,25.669,1,,4.34
p3066_thomas,183139ff9cd682b8,kaggle-environments 1.32.7,a52ba1bfe9df9dc1d504550af46744ef8d474797cdba7af2412dc40a3ebdf3b8,main,4f3ca95dd12d9a94b03339999d8803c155f450a8d3956636f050643301fcc5dd,kaggriculture-r88-rivals__thomas,119787912,1,115632,115613,1,0,0,DONE,DONE,719,719,652,652,15.811,27.29,1,,4.43
p3066_thomas,183139ff9cd682b8,kaggle-environments 1.32.7,a52ba1bfe9df9dc1d504550af46744ef8d474797cdba7af2412dc40a3ebdf3b8,main,4f3ca95dd12d9a94b03339999d8803c155f450a8d3956636f050643301fcc5dd,kaggriculture-r88-rivals__thomas,121405986,0,97114,96394,1,0,0,DONE,DONE,719,719,650,637,15.621,27.562,1,,4.37
p3066_thomas,183139ff9cd682b8,kaggle-environments 1.32.7,a52ba1bfe9df9dc1d504550af46744ef8d474797cdba7af2412dc40a3ebdf3b8,main,4f3ca95dd12d9a94b03339999d8803c155f450a8d3956636f050643301fcc5dd,kaggriculture-r88-rivals__thomas,121405986,1,97114,96394,1,0,0,DONE,DONE,719,719,650,637,68.276,32.358,1,,4.4
p3066_thomas,183139ff9cd682b8,kaggle-environments 1.32.7,a52ba1bfe9df9dc1d504550af46744ef8d474797cdba7af2412dc40a3ebdf3b8,main,4f3ca95dd12d9a94b03339999d8803c155f450a8d3956636f050643301fcc5dd,kaggriculture-r88-rivals__thomas,123984975,0,130499,129564,1,0,0,DONE,DONE,719,719,659,659,104.592,26.518,1,,4.57
p3066_thomas,183139ff9cd682b8,kaggle-environments 1.32.7,a52ba1bfe9df9dc1d504550af46744ef8d474797cdba7af2412dc40a3ebdf3b8,main,4f3ca95dd12d9a94b03339999d8803c155f450a8d3956636f050643301fcc5dd,kaggriculture-r88-rivals__thomas,123984975,1,130499,129564,1,0,0,DONE,DONE,719,719,659,659,3.842,25.595,1,,4.5
p3066_thomas,183139ff9cd682b8,kaggle-environments 1.32.7,a52ba1bfe9df9dc1d504550af46744ef8d474797cdba7af2412dc40a3ebdf3b8,main,4f3ca95dd12d9a94b03339999d8803c155f450a8d3956636f050643301fcc5dd,kaggriculture-r88-rivals__thomas,129963012,0,63674,64301,0,1,0,DONE,DONE,719,719,649,649,15.812,25.836,1,,4.33
p3066_thomas,183139ff9cd682b8,kaggle-environments 1.32.7,a52ba1bfe9df9dc1d504550af46744ef8d474797cdba7af2412dc40a3ebdf3b8,main,4f3ca95dd12d9a94b03339999d8803c155f450a8d3956636f050643301fcc5dd,kaggriculture-r88-rivals__thomas,129963012,1,63674,64301,0,1,0,DONE,DONE,719,719,649,649,15.945,26.89,1,,4.35
p3066_thomas,183139ff9cd682b8,kaggle-environments 1.32.7,a52ba1bfe9df9dc1d504550af46744ef8d474797cdba7af2412dc40a3ebdf3b8,main,4f3ca95dd12d9a94b03339999d8803c155f450a8d3956636f050643301fcc5dd,kaggriculture-r88-rivals__thomas,130304827,0,111926,110213,1,0,0,DONE,DONE,719,719,654,655,15.248,32.364,1,,4.16
p3066_thomas,183139ff9cd682b8,kaggle-environments 1.32.7,a52ba1bfe9df9dc1d504550af46744ef8d474797cdba7af2412dc40a3ebdf3b8,main,4f3ca95dd12d9a94b03339999d8803c155f450a8d3956636f050643301fcc5dd,kaggriculture-r88-rivals__thomas,130304827,1,111926,110213,1,0,0,DONE,DONE,719,719,655,654,16.602,41.469,1,,4.51
p3066_thomas,183139ff9cd682b8,kaggle-environments 1.32.7,a52ba1bfe9df9dc1d504550af46744ef8d474797cdba7af2412dc40a3ebdf3b8,main,4f3ca95dd12d9a94b03339999d8803c155f450a8d3956636f050643301fcc5dd,kaggriculture-r88-rivals__thomas,130689514,0,105642,104078,1,0,0,DONE,DONE,719,719,650,638,68.578,26.037,1,,4.5
p3066_thomas,183139ff9cd682b8,kaggle-environments 1.32.7,a52ba1bfe9df9dc1d504550af46744ef8d474797cdba7af2412dc40a3ebdf3b8,main,4f3ca95dd12d9a94b03339999d8803c155f450a8d3956636f050643301fcc5dd,kaggriculture-r88-rivals__thomas,130689514,1,105642,104078,1,0,0,DONE,DONE,719,719,650,638,10.388,95.85,1,,4.48
p3066_thomas,183139ff9cd682b8,kaggle-environments 1.32.7,a52ba1bfe9df9dc1d504550af46744ef8d474797cdba7af2412dc40a3ebdf3b8,main,4f3ca95dd12d9a94b03339999d8803c155f450a8d3956636f050643301fcc5dd,kaggriculture-r88-rivals__thomas,133824799,0,118375,120593,0,1,0,DONE,DONE,719,719,665,639,6.206,26.39,1,,4.49
p3066_thomas,183139ff9cd682b8,kaggle-environments 1.32.7,a52ba1bfe9df9dc1d504550af46744ef8d474797cdba7af2412dc40a3ebdf3b8,main,4f3ca95dd12d9a94b03339999d8803c155f450a8d3956636f050643301fcc5dd,kaggriculture-r88-rivals__thomas,133824799,1,118375,120593,0,1,0,DONE,DONE,719,719,665,639,6.09,104.953,1,,4.47
p3066_thomas,183139ff9cd682b8,kaggle-environments 1.32.7,a52ba1bfe9df9dc1d504550af46744ef8d474797cdba7af2412dc40a3ebdf3b8,main,4f3ca95dd12d9a94b03339999d8803c155f450a8d3956636f050643301fcc5dd,kaggriculture-r88-rivals__thomas,137224113,0,83806,84323,0,1,0,DONE,DONE,719,719,649,649,107.78,26.486,1,,4.57
p3066_thomas,183139ff9cd682b8,kaggle-environments 1.32.7,a52ba1bfe9df9dc1d504550af46744ef8d474797cdba7af2412dc40a3ebdf3b8,main,4f3ca95dd12d9a94b03339999d8803c155f450a8d3956636f050643301fcc5dd,kaggriculture-r88-rivals__thomas,137224113,1,83806,84323,0,1,0,DONE,DONE,719,719,649,649,119.802,31.214,1,,4.47
p3066_thomas,183139ff9cd682b8,kaggle-environments 1.32.7,a52ba1bfe9df9dc1d504550af46744ef8d474797cdba7af2412dc40a3ebdf3b8,main,4f3ca95dd12d9a94b03339999d8803c155f450a8d3956636f050643301fcc5dd,kaggriculture-r88-rivals__thomas,140246070,0,81172,80163,1,0,0,DONE,DONE,719,719,656,656,56.661,25.455,1,,4.4
p3066_thomas,183139ff9cd682b8,kaggle-environments 1.32.7,a52ba1bfe9df9dc1d504550af46744ef8d474797cdba7af2412dc40a3ebdf3b8,main,4f3ca95dd12d9a94b03339999d8803c155f450a8d3956636f050643301fcc5dd,kaggriculture-r88-rivals__thomas,140246070,1,81172,80163,1,0,0,DONE,DONE,719,719,656,656,109.587,24.72,1,,4.25
p3066_thomas,183139ff9cd682b8,kaggle-environments 1.32.7,a52ba1bfe9df9dc1d504550af46744ef8d474797cdba7af2412dc40a3ebdf3b8,main,4f3ca95dd12d9a94b03339999d8803c155f450a8d3956636f050643301fcc5dd,kaggriculture-r88-rivals__thomas,149822769,0,141759,141677,1,0,0,DONE,DONE,719,719,655,655,88.685,27.072,1,,4.24
p3066_thomas,183139ff9cd682b8,kaggle-environments 1.32.7,a52ba1bfe9df9dc1d504550af46744ef8d474797cdba7af2412dc40a3ebdf3b8,main,4f3ca95dd12d9a94b03339999d8803c155f450a8d3956636f050643301fcc5dd,kaggriculture-r88-rivals__thomas,149822769,1,141759,141677,1,0,0,DONE,DONE,719,719,655,655,66.105,27.701,1,,4.48
p3066_thomas,183139ff9cd682b8,kaggle-environments 1.32.7,a52ba1bfe9df9dc1d504550af46744ef8d474797cdba7af2412dc40a3ebdf3b8,main,4f3ca95dd12d9a94b03339999d8803c155f450a8d3956636f050643301fcc5dd,kaggriculture-r88-rivals__thomas,153492778,0,144832,142396,1,0,0,DONE,DONE,719,719,657,657,19.228,26.751,1,,4.54
p3066_thomas,183139ff9cd682b8,kaggle-environments 1.32.7,a52ba1bfe9df9dc1d504550af46744ef8d474797cdba7af2412dc40a3ebdf3b8,main,4f3ca95dd12d9a94b03339999d8803c155f450a8d3956636f050643301fcc5dd,kaggriculture-r88-rivals__thomas,153492778,1,144832,142396,1,0,0,DONE,DONE,719,719,657,657,16.536,66.135,1,,4.24
p3066_thomas,183139ff9cd682b8,kaggle-environments 1.32.7,a52ba1bfe9df9dc1d504550af46744ef8d474797cdba7af2412dc40a3ebdf3b8,main,4f3ca95dd12d9a94b03339999d8803c155f450a8d3956636f050643301fcc5dd,kaggriculture-r88-rivals__thomas,156167617,0,111660,109178,1,0,0,DONE,DONE,719,719,640,640,44.757,25.744,1,,4.43
p3066_thomas,183139ff9cd682b8,kaggle-environments 1.32.7,a52ba1bfe9df9dc1d504550af46744ef8d474797cdba7af2412dc40a3ebdf3b8,main,4f3ca95dd12d9a94b03339999d8803c155f450a8d3956636f050643301fcc5dd,kaggriculture-r88-rivals__thomas,156167617,1,111660,109178,1,0,0,DONE,DONE,719,719,640,640,115.237,26.376,1,,4.47
p3066_thomas,183139ff9cd682b8,kaggle-environments 1.32.7,a52ba1bfe9df9dc1d504550af46744ef8d474797cdba7af2412dc40a3ebdf3b8,main,4f3ca95dd12d9a94b03339999d8803c155f450a8d3956636f050643301fcc5dd,kaggriculture-r88-rivals__thomas,156571513,0,137023,136921,1,0,0,DONE,DONE,719,719,656,656,90.51,26.979,1,,4.4
p3066_thomas,183139ff9cd682b8,kaggle-environments 1.32.7,a52ba1bfe9df9dc1d504550af46744ef8d474797cdba7af2412dc40a3ebdf3b8,main,4f3ca95dd12d9a94b03339999d8803c155f450a8d3956636f050643301fcc5dd,kaggriculture-r88-rivals__thomas,156571513,1,137023,136921,1,0,0,DONE,DONE,719,719,656,656,101.781,27.731,1,,4.16
p3066_thomas,183139ff9cd682b8,kaggle-environments 1.32.7,a52ba1bfe9df9dc1d504550af46744ef8d474797cdba7af2412dc40a3ebdf3b8,main,4f3ca95dd12d9a94b03339999d8803c155f450a8d3956636f050643301fcc5dd,kaggriculture-r88-rivals__thomas,157051273,0,107019,106858,1,0,0,DONE,DONE,719,719,654,654,59.014,27.012,1,,4.39
p3066_thomas,183139ff9cd682b8,kaggle-environments 1.32.7,a52ba1bfe9df9dc1d504550af46744ef8d474797cdba7af2412dc40a3ebdf3b8,main,4f3ca95dd12d9a94b03339999d8803c155f450a8d3956636f050643301fcc5dd,kaggriculture-r88-rivals__thomas,157051273,1,107019,106858,1,0,0,DONE,DONE,719,719,654,654,72.582,25.943,1,,4.25
p3066_thomas,183139ff9cd682b8,kaggle-environments 1.32.7,a52ba1bfe9df9dc1d504550af46744ef8d474797cdba7af2412dc40a3ebdf3b8,main,4f3ca95dd12d9a94b03339999d8803c155f450a8d3956636f050643301fcc5dd,kaggriculture-r88-rivals__thomas,161145024,0,112010,112214,0,1,0,DONE,DONE,719,719,652,652,66.464,26.983,1,,4.39
p3066_thomas,183139ff9cd682b8,kaggle-environments 1.32.7,a52ba1bfe9df9dc1d504550af46744ef8d474797cdba7af2412dc40a3ebdf3b8,main,4f3ca95dd12d9a94b03339999d8803c155f450a8d3956636f050643301fcc5dd,kaggriculture-r88-rivals__thomas,161145024,1,112010,112214,0,1,0,DONE,DONE,719,719,652,652,10.498,51.747,1,,4.36
p3066_thomas,183139ff9cd682b8,kaggle-environments 1.32.7,a52ba1bfe9df9dc1d504550af46744ef8d474797cdba7af2412dc40a3ebdf3b8,main,4f3ca95dd12d9a94b03339999d8803c155f450a8d3956636f050643301fcc5dd,kaggriculture-r88-rivals__thomas,161552403,0,96975,96438,1,0,0,DONE,DONE,719,719,658,658,58.643,27.084,1,,4.24
p3066_thomas,183139ff9cd682b8,kaggle-environments 1.32.7,a52ba1bfe9df9dc1d504550af46744ef8d474797cdba7af2412dc40a3ebdf3b8,main,4f3ca95dd12d9a94b03339999d8803c155f450a8d3956636f050643301fcc5dd,kaggriculture-r88-rivals__thomas,161552403,1,96975,96438,1,0,0,DONE,DONE,719,719,658,658,173.959,28.499,1,,4.78
p3066_thomas,183139ff9cd682b8,kaggle-environments 1.32.7,a52ba1bfe9df9dc1d504550af46744ef8d474797cdba7af2412dc40a3ebdf3b8,main,4f3ca95dd12d9a94b03339999d8803c155f450a8d3956636f050643301fcc5dd,kaggriculture-r88-rivals__thomas,164001958,0,64542,63270,1,0,0,DONE,DONE,719,719,652,652,26.92,25.582,1,,4.32
p3066_thomas,183139ff9cd682b8,kaggle-environments 1.32.7,a52ba1bfe9df9dc1d504550af46744ef8d474797cdba7af2412dc40a3ebdf3b8,main,4f3ca95dd12d9a94b03339999d8803c155f450a8d3956636f050643301fcc5dd,kaggriculture-r88-rivals__thomas,164001958,1,64542,63270,1,0,0,DONE,DONE,719,719,652,652,86.132,35.453,1,,4.47
p3066_thomas,183139ff9cd682b8,kaggle-environments 1.32.7,a52ba1bfe9df9dc1d504550af46744ef8d474797cdba7af2412dc40a3ebdf3b8,main,4f3ca95dd12d9a94b03339999d8803c155f450a8d3956636f050643301fcc5dd,kaggriculture-r88-rivals__thomas,164785683,0,106807,102411,1,0,0,DONE,DONE,719,719,637,637,77.311,27.391,1,,4.39
p3066_thomas,183139ff9cd682b8,kaggle-environments 1.32.7,a52ba1bfe9df9dc1d504550af46744ef8d474797cdba7af2412dc40a3ebdf3b8,main,4f3ca95dd12d9a94b03339999d8803c155f450a8d3956636f050643301fcc5dd,kaggriculture-r88-rivals__thomas,164785683,1,106227,103199,1,0,0,DONE,DONE,719,719,637,637,6.053,66.181,1,,4.58
p3066_thomas,183139ff9cd682b8,kaggle-environments 1.32.7,a52ba1bfe9df9dc1d504550af46744ef8d474797cdba7af2412dc40a3ebdf3b8,main,4f3ca95dd12d9a94b03339999d8803c155f450a8d3956636f050643301fcc5dd,kaggriculture-r88-rivals__thomas,166422427,0,99985,100851,0,1,0,DONE,DONE,719,719,649,649,15.692,25.784,1,,4.26
p3066_thomas,183139ff9cd682b8,kaggle-environments 1.32.7,a52ba1bfe9df9dc1d504550af46744ef8d474797cdba7af2412dc40a3ebdf3b8,main,4f3ca95dd12d9a94b03339999d8803c155f450a8d3956636f050643301fcc5dd,kaggriculture-r88-rivals__thomas,166422427,1,99985,100851,0,1,0,DONE,DONE,719,719,649,649,15.734,53.411,1,,4.36
p3066_thomas,183139ff9cd682b8,kaggle-environments 1.32.7,a52ba1bfe9df9dc1d504550af46744ef8d474797cdba7af2412dc40a3ebdf3b8,main,4f3ca95dd12d9a94b03339999d8803c155f450a8d3956636f050643301fcc5dd,kaggriculture-r88-rivals__thomas,166651423,0,114569,124014,0,1,0,DONE,DONE,719,719,648,637,5.428,26.489,1,,4.57
p3066_thomas,183139ff9cd682b8,kaggle-environments 1.32.7,a52ba1bfe9df9dc1d504550af46744ef8d474797cdba7af2412dc40a3ebdf3b8,main,4f3ca95dd12d9a94b03339999d8803c155f450a8d3956636f050643301fcc5dd,kaggriculture-r88-rivals__thomas,166651423,1,114569,124014,0,1,0,DONE,DONE,719,719,648,637,5.295,26.787,1,,4.7
p3066_thomas,183139ff9cd682b8,kaggle-environments 1.32.7,a52ba1bfe9df9dc1d504550af46744ef8d474797cdba7af2412dc40a3ebdf3b8,main,4f3ca95dd12d9a94b03339999d8803c155f450a8d3956636f050643301fcc5dd,kaggriculture-r88-rivals__thomas,174255558,0,120982,121796,0,1,0,DONE,DONE,719,719,658,658,57.968,90.699,1,,4.7
p3066_thomas,183139ff9cd682b8,kaggle-environments 1.32.7,a52ba1bfe9df9dc1d504550af46744ef8d474797cdba7af2412dc40a3ebdf3b8,main,4f3ca95dd12d9a94b03339999d8803c155f450a8d3956636f050643301fcc5dd,kaggriculture-r88-rivals__thomas,174255558,1,120982,121796,0,1,0,DONE,DONE,719,719,658,658,5.037,26.519,1,,4.45
p3066_thomas,183139ff9cd682b8,kaggle-environments 1.32.7,a52ba1bfe9df9dc1d504550af46744ef8d474797cdba7af2412dc40a3ebdf3b8,main,4f3ca95dd12d9a94b03339999d8803c155f450a8d3956636f050643301fcc5dd,kaggriculture-r88-rivals__thomas,174529659,0,101466,101521,0,1,0,DONE,DONE,719,719,651,651,93.757,28.361,1,,4.27
p3066_thomas,183139ff9cd682b8,kaggle-environments 1.32.7,a52ba1bfe9df9dc1d504550af46744ef8d474797cdba7af2412dc40a3ebdf3b8,main,4f3ca95dd12d9a94b03339999d8803c155f450a8d3956636f050643301fcc5dd,kaggriculture-r88-rivals__thomas,174529659,1,101466,101521,0,1,0,DONE,DONE,719,719,651,651,91.491,26.271,1,,4.5
p3066_thomas,183139ff9cd682b8,kaggle-environments 1.32.7,a52ba1bfe9df9dc1d504550af46744ef8d474797cdba7af2412dc40a3ebdf3b8,main,4f3ca95dd12d9a94b03339999d8803c155f450a8d3956636f050643301fcc5dd,kaggriculture-r88-rivals__thomas,176712803,0,79518,77137,1,0,0,DONE,DONE,719,719,651,651,74.034,35.747,1,,4.54
p3066_thomas,183139ff9cd682b8,kaggle-environments 1.32.7,a52ba1bfe9df9dc1d504550af46744ef8d474797cdba7af2412dc40a3ebdf3b8,main,4f3ca95dd12d9a94b03339999d8803c155f450a8d3956636f050643301fcc5dd,kaggriculture-r88-rivals__thomas,176712803,1,86122,85177,1,0,0,DONE,DONE,719,719,648,648,10.818,26.479,1,,4.59
p3066_thomas,183139ff9cd682b8,kaggle-environments 1.32.7,a52ba1bfe9df9dc1d504550af46744ef8d474797cdba7af2412dc40a3ebdf3b8,main,4f3ca95dd12d9a94b03339999d8803c155f450a8d3956636f050643301fcc5dd,kaggriculture-r88-rivals__thomas,178973695,0,135028,135343,0,1,0,DONE,DONE,719,719,656,656,17.78,28.727,1,,4.45
p3066_thomas,183139ff9cd682b8,kaggle-environments 1.32.7,a52ba1bfe9df9dc1d504550af46744ef8d474797cdba7af2412dc40a3ebdf3b8,main,4f3ca95dd12d9a94b03339999d8803c155f450a8d3956636f050643301fcc5dd,kaggriculture-r88-rivals__thomas,178973695,1,135028,135343,0,1,0,DONE,DONE,719,719,656,656,83.484,26.491,1,,4.33
p3066_thomas,183139ff9cd682b8,kaggle-environments 1.32.7,a52ba1bfe9df9dc1d504550af46744ef8d474797cdba7af2412dc40a3ebdf3b8,main,4f3ca95dd12d9a94b03339999d8803c155f450a8d3956636f050643301fcc5dd,kaggriculture-r88-rivals__thomas,179227834,0,96814,96376,1,0,0,DONE,DONE,719,719,646,646,62.381,26.953,1,,4.26
p3066_thomas,183139ff9cd682b8,kaggle-environments 1.32.7,a52ba1bfe9df9dc1d504550af46744ef8d474797cdba7af2412dc40a3ebdf3b8,main,4f3ca95dd12d9a94b03339999d8803c155f450a8d3956636f050643301fcc5dd,kaggriculture-r88-rivals__thomas,179227834,1,96814,96376,1,0,0,DONE,DONE,719,719,646,646,87.752,28.687,1,,4.21
p3066_thomas,183139ff9cd682b8,kaggle-environments 1.32.7,a52ba1bfe9df9dc1d504550af46744ef8d474797cdba7af2412dc40a3ebdf3b8,main,4f3ca95dd12d9a94b03339999d8803c155f450a8d3956636f050643301fcc5dd,kaggriculture-r88-rivals__thomas,182031983,0,133361,133747,0,1,0,DONE,DONE,719,719,658,658,69.547,69.112,1,,4.71
p3066_thomas,183139ff9cd682b8,kaggle-environments 1.32.7,a52ba1bfe9df9dc1d504550af46744ef8d474797cdba7af2412dc40a3ebdf3b8,main,4f3ca95dd12d9a94b03339999d8803c155f450a8d3956636f050643301fcc5dd,kaggriculture-r88-rivals__thomas,182031983,1,133361,133747,0,1,0,DONE,DONE,719,719,658,658,89.284,45.458,1,,4.56
p3066_thomas,183139ff9cd682b8,kaggle-environments 1.32.7,a52ba1bfe9df9dc1d504550af46744ef8d474797cdba7af2412dc40a3ebdf3b8,main,4f3ca95dd12d9a94b03339999d8803c155f450a8d3956636f050643301fcc5dd,kaggriculture-r88-rivals__thomas,186064628,0,62502,62981,0,1,0,DONE,DONE,719,719,645,645,108.955,26.902,1,,4.31
p3066_thomas,183139ff9cd682b8,kaggle-environments 1.32.7,a52ba1bfe9df9dc1d504550af46744ef8d474797cdba7af2412dc40a3ebdf3b8,main,4f3ca95dd12d9a94b03339999d8803c155f450a8d3956636f050643301fcc5dd,kaggriculture-r88-rivals__thomas,186064628,1,62574,62949,0,1,0,DONE,DONE,719,719,644,644,84.328,25.784,1,,4.34
p3066_thomas,183139ff9cd682b8,kaggle-environments 1.32.7,a52ba1bfe9df9dc1d504550af46744ef8d474797cdba7af2412dc40a3ebdf3b8,main,4f3ca95dd12d9a94b03339999d8803c155f450a8d3956636f050643301fcc5dd,kaggriculture-r88-rivals__thomas,195295841,0,120858,120230,1,0,0,DONE,DONE,719,719,656,656,57.337,30.261,1,,4.36
p3066_thomas,183139ff9cd682b8,kaggle-environments 1.32.7,a52ba1bfe9df9dc1d504550af46744ef8d474797cdba7af2412dc40a3ebdf3b8,main,4f3ca95dd12d9a94b03339999d8803c155f450a8d3956636f050643301fcc5dd,kaggriculture-r88-rivals__thomas,195295841,1,120858,120230,1,0,0,DONE,DONE,719,719,656,656,70.921,28.969,1,,4.26
p3066_thomas,183139ff9cd682b8,kaggle-environments 1.32.7,a52ba1bfe9df9dc1d504550af46744ef8d474797cdba7af2412dc40a3ebdf3b8,main,4f3ca95dd12d9a94b03339999d8803c155f450a8d3956636f050643301fcc5dd,kaggriculture-r88-rivals__thomas,198262943,0,63629,61722,1,0,0,DONE,DONE,719,719,654,654,16.574,31.097,1,,4.59
p3066_thomas,183139ff9cd682b8,kaggle-environments 1.32.7,a52ba1bfe9df9dc1d504550af46744ef8d474797cdba7af2412dc40a3ebdf3b8,main,4f3ca95dd12d9a94b03339999d8803c155f450a8d3956636f050643301fcc5dd,kaggriculture-r88-rivals__thomas,198262943,1,63629,61722,1,0,0,DONE,DONE,719,719,654,654,63.442,25.899,1,,4.47
p3066_thomas,183139ff9cd682b8,kaggle-environments 1.32.7,a52ba1bfe9df9dc1d504550af46744ef8d474797cdba7af2412dc40a3ebdf3b8,main,4f3ca95dd12d9a94b03339999d8803c155f450a8d3956636f050643301fcc5dd,kaggriculture-r88-rivals__thomas,198710176,0,66266,65271,1,0,0,DONE,DONE,719,719,651,651,15.59,25.912,1,,4.35
p3066_thomas,183139ff9cd682b8,kaggle-environments 1.32.7,a52ba1bfe9df9dc1d504550af46744ef8d474797cdba7af2412dc40a3ebdf3b8,main,4f3ca95dd12d9a94b03339999d8803c155f450a8d3956636f050643301fcc5dd,kaggriculture-r88-rivals__thomas,198710176,1,66266,65271,1,0,0,DONE,DONE,719,719,651,651,15.561,25.237,1,,4.29
p3066_thomas,183139ff9cd682b8,kaggle-environments 1.32.7,a52ba1bfe9df9dc1d504550af46744ef8d474797cdba7af2412dc40a3ebdf3b8,main,4f3ca95dd12d9a94b03339999d8803c155f450a8d3956636f050643301fcc5dd,kaggriculture-r88-rivals__thomas,200695914,0,104521,105077,0,1,0,DONE,DONE,719,719,654,654,77.539,27.501,1,,4.38
p3066_thomas,183139ff9cd682b8,kaggle-environments 1.32.7,a52ba1bfe9df9dc1d504550af46744ef8d474797cdba7af2412dc40a3ebdf3b8,main,4f3ca95dd12d9a94b03339999d8803c155f450a8d3956636f050643301fcc5dd,kaggriculture-r88-rivals__thomas,200695914,1,104521,105077,0,1,0,DONE,DONE,719,719,654,654,17.081,82.032,1,,4.36
p3066_thomas,183139ff9cd682b8,kaggle-environments 1.32.7,a52ba1bfe9df9dc1d504550af46744ef8d474797cdba7af2412dc40a3ebdf3b8,main,4f3ca95dd12d9a94b03339999d8803c155f450a8d3956636f050643301fcc5dd,kaggriculture-r88-rivals__thomas,206928626,0,127194,124835,1,0,0,DONE,DONE,719,719,641,641,100.081,25.124,1,,4.36
p3066_thomas,183139ff9cd682b8,kaggle-environments 1.32.7,a52ba1bfe9df9dc1d504550af46744ef8d474797cdba7af2412dc40a3ebdf3b8,main,4f3ca95dd12d9a94b03339999d8803c155f450a8d3956636f050643301fcc5dd,kaggriculture-r88-rivals__thomas,206928626,1,127194,124835,1,0,0,DONE,DONE,719,719,641,641,6.351,67.89,1,,4.37
p3066_thomas,183139ff9cd682b8,kaggle-environments 1.32.7,a52ba1bfe9df9dc1d504550af46744ef8d474797cdba7af2412dc40a3ebdf3b8,main,4f3ca95dd12d9a94b03339999d8803c155f450a8d3956636f050643301fcc5dd,kaggriculture-r88-rivals__thomas,207746303,0,81147,78535,1,0,0,DONE,DONE,719,719,657,657,83.926,26.049,1,,4.34
p3066_thomas,183139ff9cd682b8,kaggle-environments 1.32.7,a52ba1bfe9df9dc1d504550af46744ef8d474797cdba7af2412dc40a3ebdf3b8,main,4f3ca95dd12d9a94b03339999d8803c155f450a8d3956636f050643301fcc5dd,kaggriculture-r88-rivals__thomas,207746303,1,81147,78535,1,0,0,DONE,DONE,719,719,657,657,86.051,51.146,1,,4.51
p3066_thomas,183139ff9cd682b8,kaggle-environments 1.32.7,a52ba1bfe9df9dc1d504550af46744ef8d474797cdba7af2412dc40a3ebdf3b8,main,4f3ca95dd12d9a94b03339999d8803c155f450a8d3956636f050643301fcc5dd,kaggriculture-r88-rivals__thomas,207824845,0,132871,133774,0,1,0,DONE,DONE,719,719,657,657,15.561,25.631,1,,4.28
p3066_thomas,183139ff9cd682b8,kaggle-environments 1.32.7,a52ba1bfe9df9dc1d504550af46744ef8d474797cdba7af2412dc40a3ebdf3b8,main,4f3ca95dd12d9a94b03339999d8803c155f450a8d3956636f050643301fcc5dd,kaggriculture-r88-rivals__thomas,207824845,1,132871,133774,0,1,0,DONE,DONE,719,719,657,657,16.318,39.808,1,,4.26
p3066_thomas,183139ff9cd682b8,kaggle-environments 1.32.7,a52ba1bfe9df9dc1d504550af46744ef8d474797cdba7af2412dc40a3ebdf3b8,main,4f3ca95dd12d9a94b03339999d8803c155f450a8d3956636f050643301fcc5dd,kaggriculture-r88-rivals__thomas,207882427,0,92391,93330,0,1,0,DONE,DONE,719,719,651,640,80.384,27.086,1,,4.49
p3066_thomas,183139ff9cd682b8,kaggle-environments 1.32.7,a52ba1bfe9df9dc1d504550af46744ef8d474797cdba7af2412dc40a3ebdf3b8,main,4f3ca95dd12d9a94b03339999d8803c155f450a8d3956636f050643301fcc5dd,kaggriculture-r88-rivals__thomas,207882427,1,92391,93330,0,1,0,DONE,DONE,719,719,651,640,8.409,86.171,1,,4.9
p3066_thomas,183139ff9cd682b8,kaggle-environments 1.32.7,a52ba1bfe9df9dc1d504550af46744ef8d474797cdba7af2412dc40a3ebdf3b8,main,4f3ca95dd12d9a94b03339999d8803c155f450a8d3956636f050643301fcc5dd,kaggriculture-r88-rivals__thomas,208481455,0,89177,87914,1,0,0,DONE,DONE,719,719,659,659,19.411,37.75,1,,4.58
p3066_thomas,183139ff9cd682b8,kaggle-environments 1.32.7,a52ba1bfe9df9dc1d504550af46744ef8d474797cdba7af2412dc40a3ebdf3b8,main,4f3ca95dd12d9a94b03339999d8803c155f450a8d3956636f050643301fcc5dd,kaggriculture-r88-rivals__thomas,208481455,1,89177,87914,1,0,0,DONE,DONE,719,719,659,659,16.255,24.829,1,,4.23
p3066_thomas,183139ff9cd682b8,kaggle-environments 1.32.7,a52ba1bfe9df9dc1d504550af46744ef8d474797cdba7af2412dc40a3ebdf3b8,main,4f3ca95dd12d9a94b03339999d8803c155f450a8d3956636f050643301fcc5dd,kaggriculture-r88-rivals__thomas,211179053,0,82129,82319,0,1,0,DONE,DONE,719,719,651,651,15.893,25.432,1,,4.4
p3066_thomas,183139ff9cd682b8,kaggle-environments 1.32.7,a52ba1bfe9df9dc1d504550af46744ef8d474797cdba7af2412dc40a3ebdf3b8,main,4f3ca95dd12d9a94b03339999d8803c155f450a8d3956636f050643301fcc5dd,kaggriculture-r88-rivals__thomas,211179053,1,82129,82319,0,1,0,DONE,DONE,719,719,651,651,63.218,24.939,1,,4.18
p3066_thomas,183139ff9cd682b8,kaggle-environments 1.32.7,a52ba1bfe9df9dc1d504550af46744ef8d474797cdba7af2412dc40a3ebdf3b8,main,4f3ca95dd12d9a94b03339999d8803c155f450a8d3956636f050643301fcc5dd,kaggriculture-r88-rivals__thomas,211633960,0,83154,82540,1,0,0,DONE,DONE,719,719,654,654,16.322,37.057,1,,4.44
p3066_thomas,183139ff9cd682b8,kaggle-environments 1.32.7,a52ba1bfe9df9dc1d504550af46744ef8d474797cdba7af2412dc40a3ebdf3b8,main,4f3ca95dd12d9a94b03339999d8803c155f450a8d3956636f050643301fcc5dd,kaggriculture-r88-rivals__thomas,211633960,1,83154,82540,1,0,0,DONE,DONE,719,719,654,654,82.757,27.361,1,,4.18
p3066_thomas,183139ff9cd682b8,kaggle-environments 1.32.7,a52ba1bfe9df9dc1d504550af46744ef8d474797cdba7af2412dc40a3ebdf3b8,main,4f3ca95dd12d9a94b03339999d8803c155f450a8d3956636f050643301fcc5dd,kaggriculture-r88-rivals__thomas,212349113,0,65065,64859,1,0,0,DONE,DONE,719,719,649,649,110.118,60.541,1,,4.3
p3066_thomas,183139ff9cd682b8,kaggle-environments 1.32.7,a52ba1bfe9df9dc1d504550af46744ef8d474797cdba7af2412dc40a3ebdf3b8,main,4f3ca95dd12d9a94b03339999d8803c155f450a8d3956636f050643301fcc5dd,kaggriculture-r88-rivals__thomas,212349113,1,65065,64859,1,0,0,DONE,DONE,719,719,649,649,102.862,26.912,1,,4.24
p3066_thomas,183139ff9cd682b8,kaggle-environments 1.32.7,a52ba1bfe9df9dc1d504550af46744ef8d474797cdba7af2412dc40a3ebdf3b8,main,4f3ca95dd12d9a94b03339999d8803c155f450a8d3956636f050643301fcc5dd,kaggriculture-r88-rivals__thomas,213629769,0,79184,78043,1,0,0,DONE,DONE,719,719,651,651,73.856,28.459,1,,4.79
p3066_thomas,183139ff9cd682b8,kaggle-environments 1.32.7,a52ba1bfe9df9dc1d504550af46744ef8d474797cdba7af2412dc40a3ebdf3b8,main,4f3ca95dd12d9a94b03339999d8803c155f450a8d3956636f050643301fcc5dd,kaggriculture-r88-rivals__thomas,213629769,1,79184,78043,1,0,0,DONE,DONE,719,719,651,651,11.187,27.855,1,,4.52
p3066_thomas,183139ff9cd682b8,kaggle-environments 1.32.7,a52ba1bfe9df9dc1d504550af46744ef8d474797cdba7af2412dc40a3ebdf3b8,main,4f3ca95dd12d9a94b03339999d8803c155f450a8d3956636f050643301fcc5dd,kaggriculture-r88-rivals__thomas,215483609,0,69875,67189,1,0,0,DONE,DONE,719,719,657,657,16.902,62.918,1,,4.4
p3066_thomas,183139ff9cd682b8,kaggle-environments 1.32.7,a52ba1bfe9df9dc1d504550af46744ef8d474797cdba7af2412dc40a3ebdf3b8,main,4f3ca95dd12d9a94b03339999d8803c155f450a8d3956636f050643301fcc5dd,kaggriculture-r88-rivals__thomas,215483609,1,69704,67193,1,0,0,DONE,DONE,719,719,657,657,16.069,25.279,1,,4.55
p3066_thomas,183139ff9cd682b8,kaggle-environments 1.32.7,a52ba1bfe9df9dc1d504550af46744ef8d474797cdba7af2412dc40a3ebdf3b8,main,4f3ca95dd12d9a94b03339999d8803c155f450a8d3956636f050643301fcc5dd,kaggriculture-r88-rivals__thomas,218536939,0,87463,87292,1,0,0,DONE,DONE,719,719,650,650,15.662,25.888,1,,4.31
p3066_thomas,183139ff9cd682b8,kaggle-environments 1.32.7,a52ba1bfe9df9dc1d504550af46744ef8d474797cdba7af2412dc40a3ebdf3b8,main,4f3ca95dd12d9a94b03339999d8803c155f450a8d3956636f050643301fcc5dd,kaggriculture-r88-rivals__thomas,218536939,1,87463,87292,1,0,0,DONE,DONE,719,719,650,650,15.901,30.379,1,,4.36
p3066_thomas,183139ff9cd682b8,kaggle-environments 1.32.7,a52ba1bfe9df9dc1d504550af46744ef8d474797cdba7af2412dc40a3ebdf3b8,main,4f3ca95dd12d9a94b03339999d8803c155f450a8d3956636f050643301fcc5dd,kaggriculture-r88-rivals__thomas,223961500,0,79435,79788,0,1,0,DONE,DONE,719,719,655,655,16.413,25.843,1,,4.26
p3066_thomas,183139ff9cd682b8,kaggle-environments 1.32.7,a52ba1bfe9df9dc1d504550af46744ef8d474797cdba7af2412dc40a3ebdf3b8,main,4f3ca95dd12d9a94b03339999d8803c155f450a8d3956636f050643301fcc5dd,kaggriculture-r88-rivals__thomas,223961500,1,79435,79788,0,1,0,DONE,DONE,719,719,655,655,78.527,26.458,1,,4.3
p3066_thomas,183139ff9cd682b8,kaggle-environments 1.32.7,a52ba1bfe9df9dc1d504550af46744ef8d474797cdba7af2412dc40a3ebdf3b8,main,4f3ca95dd12d9a94b03339999d8803c155f450a8d3956636f050643301fcc5dd,kaggriculture-r88-rivals__thomas,224020109,0,86148,85761,1,0,0,DONE,DONE,719,719,657,657,63.048,26.89,1,,4.26
p3066_thomas,183139ff9cd682b8,kaggle-environments 1.32.7,a52ba1bfe9df9dc1d504550af46744ef8d474797cdba7af2412dc40a3ebdf3b8,main,4f3ca95dd12d9a94b03339999d8803c155f450a8d3956636f050643301fcc5dd,kaggriculture-r88-rivals__thomas,224020109,1,86148,85761,1,0,0,DONE,DONE,719,719,657,657,140.188,94.465,1,,4.69
p3066_thomas,183139ff9cd682b8,kaggle-environments 1.32.7,a52ba1bfe9df9dc1d504550af46744ef8d474797cdba7af2412dc40a3ebdf3b8,main,4f3ca95dd12d9a94b03339999d8803c155f450a8d3956636f050643301fcc5dd,kaggriculture-r88-rivals__thomas,224179274,0,110300,109061,1,0,0,DONE,DONE,719,719,652,652,11.349,30.063,1,,4.75
p3066_thomas,183139ff9cd682b8,kaggle-environments 1.32.7,a52ba1bfe9df9dc1d504550af46744ef8d474797cdba7af2412dc40a3ebdf3b8,main,4f3ca95dd12d9a94b03339999d8803c155f450a8d3956636f050643301fcc5dd,kaggriculture-r88-rivals__thomas,224179274,1,110300,109061,1,0,0,DONE,DONE,719,719,652,652,10.587,42.405,1,,4.39
p3066_thomas,183139ff9cd682b8,kaggle-environments 1.32.7,a52ba1bfe9df9dc1d504550af46744ef8d474797cdba7af2412dc40a3ebdf3b8,main,4f3ca95dd12d9a94b03339999d8803c155f450a8d3956636f050643301fcc5dd,kaggriculture-r88-rivals__thomas,227591570,0,108645,108923,0,1,0,DONE,DONE,719,719,654,654,68.011,26.396,1,,4.21
p3066_thomas,183139ff9cd682b8,kaggle-environments 1.32.7,a52ba1bfe9df9dc1d504550af46744ef8d474797cdba7af2412dc40a3ebdf3b8,main,4f3ca95dd12d9a94b03339999d8803c155f450a8d3956636f050643301fcc5dd,kaggriculture-r88-rivals__thomas,227591570,1,108645,108923,0,1,0,DONE,DONE,719,719,654,654,18.139,32.817,1,,4.44
p3066_thomas,183139ff9cd682b8,kaggle-environments 1.32.7,a52ba1bfe9df9dc1d504550af46744ef8d474797cdba7af2412dc40a3ebdf3b8,main,4f3ca95dd12d9a94b03339999d8803c155f450a8d3956636f050643301fcc5dd,kaggriculture-r88-rivals__thomas,228346312,0,110492,110493,0,1,0,DONE,DONE,719,719,654,654,16.07,25.917,1,,4.38
p3066_thomas,183139ff9cd682b8,kaggle-environments 1.32.7,a52ba1bfe9df9dc1d504550af46744ef8d474797cdba7af2412dc40a3ebdf3b8,main,4f3ca95dd12d9a94b03339999d8803c155f450a8d3956636f050643301fcc5dd,kaggriculture-r88-rivals__thomas,228346312,1,110492,110493,0,1,0,DONE,DONE,719,719,654,654,81.342,25.24,1,,4.17
p3066_thomas,183139ff9cd682b8,kaggle-environments 1.32.7,a52ba1bfe9df9dc1d504550af46744ef8d474797cdba7af2412dc40a3ebdf3b8,main,4f3ca95dd12d9a94b03339999d8803c155f450a8d3956636f050643301fcc5dd,kaggriculture-r88-rivals__thomas,237455159,0,92140,91085,1,0,0,DONE,DONE,719,719,656,657,16.11,25.335,1,,4.3
p3066_thomas,183139ff9cd682b8,kaggle-environments 1.32.7,a52ba1bfe9df9dc1d504550af46744ef8d474797cdba7af2412dc40a3ebdf3b8,main,4f3ca95dd12d9a94b03339999d8803c155f450a8d3956636f050643301fcc5dd,kaggriculture-r88-rivals__thomas,237455159,1,92140,91085,1,0,0,DONE,DONE,719,719,657,656,16.169,37.374,1,,4.2
p3066_thomas,183139ff9cd682b8,kaggle-environments 1.32.7,a52ba1bfe9df9dc1d504550af46744ef8d474797cdba7af2412dc40a3ebdf3b8,main,4f3ca95dd12d9a94b03339999d8803c155f450a8d3956636f050643301fcc5dd,kaggriculture-r88-rivals__thomas,237977933,0,64158,64390,0,1,0,DONE,DONE,719,719,649,649,34.305,25.792,1,,4.2
p3066_thomas,183139ff9cd682b8,kaggle-environments 1.32.7,a52ba1bfe9df9dc1d504550af46744ef8d474797cdba7af2412dc40a3ebdf3b8,main,4f3ca95dd12d9a94b03339999d8803c155f450a8d3956636f050643301fcc5dd,kaggriculture-r88-rivals__thomas,237977933,1,64158,64390,0,1,0,DONE,DONE,719,719,649,649,52.862,95.086,1,,4.34
p3066_thomas,183139ff9cd682b8,kaggle-environments 1.32.7,a52ba1bfe9df9dc1d504550af46744ef8d474797cdba7af2412dc40a3ebdf3b8,main,4f3ca95dd12d9a94b03339999d8803c155f450a8d3956636f050643301fcc5dd,kaggriculture-r88-rivals__thomas,242100432,0,85277,83500,1,0,0,DONE,DONE,719,719,657,657,16.223,25.449,1,,4.31
p3066_thomas,183139ff9cd682b8,kaggle-environments 1.32.7,a52ba1bfe9df9dc1d504550af46744ef8d474797cdba7af2412dc40a3ebdf3b8,main,4f3ca95dd12d9a94b03339999d8803c155f450a8d3956636f050643301fcc5dd,kaggriculture-r88-rivals__thomas,242100432,1,85277,83500,1,0,0,DONE,DONE,719,719,657,657,16.746,25.449,1,,4.31
p3066_thomas,183139ff9cd682b8,kaggle-environments 1.32.7,a52ba1bfe9df9dc1d504550af46744ef8d474797cdba7af2412dc40a3ebdf3b8,main,4f3ca95dd12d9a94b03339999d8803c155f450a8d3956636f050643301fcc5dd,kaggriculture-r88-rivals__thomas,243646532,0,87223,87720,0,1,0,DONE,DONE,719,719,658,658,16.555,25.735,1,,4.26
p3066_thomas,183139ff9cd682b8,kaggle-environments 1.32.7,a52ba1bfe9df9dc1d504550af46744ef8d474797cdba7af2412dc40a3ebdf3b8,main,4f3ca95dd12d9a94b03339999d8803c155f450a8d3956636f050643301fcc5dd,kaggriculture-r88-rivals__thomas,243646532,1,87223,87720,0,1,0,DONE,DONE,719,719,658,658,56.158,120.98,1,,4.59
p3066_thomas,183139ff9cd682b8,kaggle-environments 1.32.7,a52ba1bfe9df9dc1d504550af46744ef8d474797cdba7af2412dc40a3ebdf3b8,main,4f3ca95dd12d9a94b03339999d8803c155f450a8d3956636f050643301fcc5dd,kaggriculture-r88-rivals__thomas,244488030,0,68527,65823,1,0,0,DONE,DONE,719,719,649,635,15.957,26.015,1,,4.45
p3066_thomas,183139ff9cd682b8,kaggle-environments 1.32.7,a52ba1bfe9df9dc1d504550af46744ef8d474797cdba7af2412dc40a3ebdf3b8,main,4f3ca95dd12d9a94b03339999d8803c155f450a8d3956636f050643301fcc5dd,kaggriculture-r88-rivals__thomas,244488030,1,68527,65823,1,0,0,DONE,DONE,719,719,649,635,16.094,111.129,1,,4.27
p3066_thomas,183139ff9cd682b8,kaggle-environments 1.32.7,a52ba1bfe9df9dc1d504550af46744ef8d474797cdba7af2412dc40a3ebdf3b8,main,4f3ca95dd12d9a94b03339999d8803c155f450a8d3956636f050643301fcc5dd,kaggriculture-r88-rivals__thomas,244579335,0,82762,83054,0,1,0,DONE,DONE,719,719,648,636,62.109,25.582,1,,4.25
p3066_thomas,183139ff9cd682b8,kaggle-environments 1.32.7,a52ba1bfe9df9dc1d504550af46744ef8d474797cdba7af2412dc40a3ebdf3b8,main,4f3ca95dd12d9a94b03339999d8803c155f450a8d3956636f050643301fcc5dd,kaggriculture-r88-rivals__thomas,244579335,1,82681,83129,0,1,0,DONE,DONE,719,719,648,636,15.652,24.792,1,,4.13
p3066_thomas,183139ff9cd682b8,kaggle-environments 1.32.7,a52ba1bfe9df9dc1d504550af46744ef8d474797cdba7af2412dc40a3ebdf3b8,main,4f3ca95dd12d9a94b03339999d8803c155f450a8d3956636f050643301fcc5dd,kaggriculture-r88-rivals__thomas,245669593,0,87516,85939,1,0,0,DONE,DONE,719,719,654,654,11.628,25.722,1,,4.75
p3066_thomas,183139ff9cd682b8,kaggle-environments 1.32.7,a52ba1bfe9df9dc1d504550af46744ef8d474797cdba7af2412dc40a3ebdf3b8,main,4f3ca95dd12d9a94b03339999d8803c155f450a8d3956636f050643301fcc5dd,kaggriculture-r88-rivals__thomas,245669593,1,87516,85939,1,0,0,DONE,DONE,719,719,654,654,51.006,30.889,1,,4.51
p3066_thomas,183139ff9cd682b8,kaggle-environments 1.32.7,a52ba1bfe9df9dc1d504550af46744ef8d474797cdba7af2412dc40a3ebdf3b8,main,4f3ca95dd12d9a94b03339999d8803c155f450a8d3956636f050643301fcc5dd,kaggriculture-r88-rivals__thomas,247027353,0,119283,115920,1,0,0,DONE,DONE,719,719,649,649,66.203,25.747,1,,4.58
p3066_thomas,183139ff9cd682b8,kaggle-environments 1.32.7,a52ba1bfe9df9dc1d504550af46744ef8d474797cdba7af2412dc40a3ebdf3b8,main,4f3ca95dd12d9a94b03339999d8803c155f450a8d3956636f050643301fcc5dd,kaggriculture-r88-rivals__thomas,247027353,1,119283,115920,1,0,0,DONE,DONE,719,719,649,649,93.606,90.209,1,,4.44
p3066_thomas,183139ff9cd682b8,kaggle-environments 1.32.7,a52ba1bfe9df9dc1d504550af46744ef8d474797cdba7af2412dc40a3ebdf3b8,main,4f3ca95dd12d9a94b03339999d8803c155f450a8d3956636f050643301fcc5dd,kaggriculture-r88-rivals__thomas,248168242,0,93080,92676,1,0,0,DONE,DONE,719,719,656,656,82.712,29.575,1,,4.42
p3066_thomas,183139ff9cd682b8,kaggle-environments 1.32.7,a52ba1bfe9df9dc1d504550af46744ef8d474797cdba7af2412dc40a3ebdf3b8,main,4f3ca95dd12d9a94b03339999d8803c155f450a8d3956636f050643301fcc5dd,kaggriculture-r88-rivals__thomas,248168242,1,93080,92676,1,0,0,DONE,DONE,719,719,656,656,15.992,26.053,1,,4.15
p3066_thomas,183139ff9cd682b8,kaggle-environments 1.32.7,a52ba1bfe9df9dc1d504550af46744ef8d474797cdba7af2412dc40a3ebdf3b8,main,4f3ca95dd12d9a94b03339999d8803c155f450a8d3956636f050643301fcc5dd,kaggriculture-r88-rivals__thomas,252426730,0,107463,110622,0,1,0,DONE,DONE,719,719,642,641,81.583,25.663,1,,4.58
p3066_thomas,183139ff9cd682b8,kaggle-environments 1.32.7,a52ba1bfe9df9dc1d504550af46744ef8d474797cdba7af2412dc40a3ebdf3b8,main,4f3ca95dd12d9a94b03339999d8803c155f450a8d3956636f050643301fcc5dd,kaggriculture-r88-rivals__thomas,252426730,1,107463,110622,0,1,0,DONE,DONE,719,719,642,641,7.71,37.913,1,,4.63
p3066_thomas,183139ff9cd682b8,kaggle-environments 1.32.7,a52ba1bfe9df9dc1d504550af46744ef8d474797cdba7af2412dc40a3ebdf3b8,main,4f3ca95dd12d9a94b03339999d8803c155f450a8d3956636f050643301fcc5dd,kaggriculture-r88-rivals__thomas,253976472,0,96965,97002,0,1,0,DONE,DONE,719,719,653,653,47.259,103.228,1,,4.61
p3066_thomas,183139ff9cd682b8,kaggle-environments 1.32.7,a52ba1bfe9df9dc1d504550af46744ef8d474797cdba7af2412dc40a3ebdf3b8,main,4f3ca95dd12d9a94b03339999d8803c155f450a8d3956636f050643301fcc5dd,kaggriculture-r88-rivals__thomas,253976472,1,96965,97002,0,1,0,DONE,DONE,719,719,653,653,19.074,38.948,1,,4.21
p3066_thomas,183139ff9cd682b8,kaggle-environments 1.32.7,a52ba1bfe9df9dc1d504550af46744ef8d474797cdba7af2412dc40a3ebdf3b8,main,4f3ca95dd12d9a94b03339999d8803c155f450a8d3956636f050643301fcc5dd,kaggriculture-r88-rivals__thomas,255806317,0,75783,75643,1,0,0,DONE,DONE,719,719,650,650,66.867,27.837,1,,4.41
p3066_thomas,183139ff9cd682b8,kaggle-environments 1.32.7,a52ba1bfe9df9dc1d504550af46744ef8d474797cdba7af2412dc40a3ebdf3b8,main,4f3ca95dd12d9a94b03339999d8803c155f450a8d3956636f050643301fcc5dd,kaggriculture-r88-rivals__thomas,255806317,1,75783,75643,1,0,0,DONE,DONE,719,719,650,650,66.835,25.96,1,,4.25
p3066_thomas,183139ff9cd682b8,kaggle-environments 1.32.7,a52ba1bfe9df9dc1d504550af46744ef8d474797cdba7af2412dc40a3ebdf3b8,main,4f3ca95dd12d9a94b03339999d8803c155f450a8d3956636f050643301fcc5dd,kaggriculture-r88-rivals__thomas,258798443,0,68689,65510,1,0,0,DONE,DONE,719,719,657,657,22.363,25.135,1,,4.75
p3066_thomas,183139ff9cd682b8,kaggle-environments 1.32.7,a52ba1bfe9df9dc1d504550af46744ef8d474797cdba7af2412dc40a3ebdf3b8,main,4f3ca95dd12d9a94b03339999d8803c155f450a8d3956636f050643301fcc5dd,kaggriculture-r88-rivals__thomas,258798443,1,68689,65510,1,0,0,DONE,DONE,719,719,657,657,11.133,107.342,1,,4.36
p3066_thomas,183139ff9cd682b8,kaggle-environments 1.32.7,a52ba1bfe9df9dc1d504550af46744ef8d474797cdba7af2412dc40a3ebdf3b8,main,4f3ca95dd12d9a94b03339999d8803c155f450a8d3956636f050643301fcc5dd,kaggriculture-r88-rivals__thomas,262383157,0,103556,103760,0,1,0,DONE,DONE,719,719,648,648,93.414,29.955,1,,4.58
p3066_thomas,183139ff9cd682b8,kaggle-environments 1.32.7,a52ba1bfe9df9dc1d504550af46744ef8d474797cdba7af2412dc40a3ebdf3b8,main,4f3ca95dd12d9a94b03339999d8803c155f450a8d3956636f050643301fcc5dd,kaggriculture-r88-rivals__thomas,262383157,1,103556,103760,0,1,0,DONE,DONE,719,719,648,648,9.801,24.753,1,,4.43
p3066_thomas,183139ff9cd682b8,kaggle-environments 1.32.7,a52ba1bfe9df9dc1d504550af46744ef8d474797cdba7af2412dc40a3ebdf3b8,main,4f3ca95dd12d9a94b03339999d8803c155f450a8d3956636f050643301fcc5dd,kaggriculture-r88-rivals__thomas,263967034,0,67825,68314,0,1,0,DONE,DONE,719,719,649,649,74.358,26.289,1,,4.69
p3066_thomas,183139ff9cd682b8,kaggle-environments 1.32.7,a52ba1bfe9df9dc1d504550af46744ef8d474797cdba7af2412dc40a3ebdf3b8,main,4f3ca95dd12d9a94b03339999d8803c155f450a8d3956636f050643301fcc5dd,kaggriculture-r88-rivals__thomas,263967034,1,67825,68314,0,1,0,DONE,DONE,719,719,649,649,70.575,25.76,1,,4.36
p3066_thomas,183139ff9cd682b8,kaggle-environments 1.32.7,a52ba1bfe9df9dc1d504550af46744ef8d474797cdba7af2412dc40a3ebdf3b8,main,4f3ca95dd12d9a94b03339999d8803c155f450a8d3956636f050643301fcc5dd,kaggriculture-r88-rivals__thomas,266064978,0,97201,95287,1,0,0,DONE,DONE,719,719,654,654,64.872,27.925,1,,4.47
p3066_thomas,183139ff9cd682b8,kaggle-environments 1.32.7,a52ba1bfe9df9dc1d504550af46744ef8d474797cdba7af2412dc40a3ebdf3b8,main,4f3ca95dd12d9a94b03339999d8803c155f450a8d3956636f050643301fcc5dd,kaggriculture-r88-rivals__thomas,266064978,1,97201,95287,1,0,0,DONE,DONE,719,719,654,654,11.052,26.522,1,,4.42
p3066_thomas,183139ff9cd682b8,kaggle-environments 1.32.7,a52ba1bfe9df9dc1d504550af46744ef8d474797cdba7af2412dc40a3ebdf3b8,main,4f3ca95dd12d9a94b03339999d8803c155f450a8d3956636f050643301fcc5dd,kaggriculture-r88-rivals__thomas,267865996,0,141574,141255,1,0,0,DONE,DONE,719,719,656,656,115.296,26.022,1,,4.5
p3066_thomas,183139ff9cd682b8,kaggle-environments 1.32.7,a52ba1bfe9df9dc1d504550af46744ef8d474797cdba7af2412dc40a3ebdf3b8,main,4f3ca95dd12d9a94b03339999d8803c155f450a8d3956636f050643301fcc5dd,kaggriculture-r88-rivals__thomas,267865996,1,141574,141255,1,0,0,DONE,DONE,719,719,656,656,16.067,32.656,1,,4.21
p3066_thomas,183139ff9cd682b8,kaggle-environments 1.32.7,a52ba1bfe9df9dc1d504550af46744ef8d474797cdba7af2412dc40a3ebdf3b8,main,4f3ca95dd12d9a94b03339999d8803c155f450a8d3956636f050643301fcc5dd,kaggriculture-r88-rivals__thomas,268416285,0,132446,132625,0,1,0,DONE,DONE,719,719,659,659,63.565,24.818,1,,4.41
p3066_thomas,183139ff9cd682b8,kaggle-environments 1.32.7,a52ba1bfe9df9dc1d504550af46744ef8d474797cdba7af2412dc40a3ebdf3b8,main,4f3ca95dd12d9a94b03339999d8803c155f450a8d3956636f050643301fcc5dd,kaggriculture-r88-rivals__thomas,268416285,1,132446,132625,0,1,0,DONE,DONE,719,719,659,659,51.13,58.873,1,,4.29
p3066_thomas,183139ff9cd682b8,kaggle-environments 1.32.7,a52ba1bfe9df9dc1d504550af46744ef8d474797cdba7af2412dc40a3ebdf3b8,main,4f3ca95dd12d9a94b03339999d8803c155f450a8d3956636f050643301fcc5dd,kaggriculture-r88-rivals__thomas,270212011,0,117082,116453,1,0,0,DONE,DONE,719,719,649,637,47.715,26.567,1,,4.58
p3066_thomas,183139ff9cd682b8,kaggle-environments 1.32.7,a52ba1bfe9df9dc1d504550af46744ef8d474797cdba7af2412dc40a3ebdf3b8,main,4f3ca95dd12d9a94b03339999d8803c155f450a8d3956636f050643301fcc5dd,kaggriculture-r88-rivals__thomas,270212011,1,117082,116453,1,0,0,DONE,DONE,719,719,649,637,10.365,77.97,1,,4.52
p3066_thomas,183139ff9cd682b8,kaggle-environments 1.32.7,a52ba1bfe9df9dc1d504550af46744ef8d474797cdba7af2412dc40a3ebdf3b8,main,4f3ca95dd12d9a94b03339999d8803c155f450a8d3956636f050643301fcc5dd,kaggriculture-r88-rivals__thomas,271213467,0,85975,84749,1,0,0,DONE,DONE,719,719,654,654,87.287,25.172,1,,4.17
p3066_thomas,183139ff9cd682b8,kaggle-environments 1.32.7,a52ba1bfe9df9dc1d504550af46744ef8d474797cdba7af2412dc40a3ebdf3b8,main,4f3ca95dd12d9a94b03339999d8803c155f450a8d3956636f050643301fcc5dd,kaggriculture-r88-rivals__thomas,271213467,1,85975,84749,1,0,0,DONE,DONE,719,719,654,654,15.256,86.074,1,,4.39
p3066_thomas,183139ff9cd682b8,kaggle-environments 1.32.7,a52ba1bfe9df9dc1d504550af46744ef8d474797cdba7af2412dc40a3ebdf3b8,main,4f3ca95dd12d9a94b03339999d8803c155f450a8d3956636f050643301fcc5dd,kaggriculture-r88-rivals__thomas,272752417,0,103430,101140,1,0,0,DONE,DONE,719,719,652,652,84.209,25.842,1,,4.47
p3066_thomas,183139ff9cd682b8,kaggle-environments 1.32.7,a52ba1bfe9df9dc1d504550af46744ef8d474797cdba7af2412dc40a3ebdf3b8,main,4f3ca95dd12d9a94b03339999d8803c155f450a8d3956636f050643301fcc5dd,kaggriculture-r88-rivals__thomas,272752417,1,103430,101140,1,0,0,DONE,DONE,719,719,652,652,54.116,25.052,1,,4.25
p3066_thomas,183139ff9cd682b8,kaggle-environments 1.32.7,a52ba1bfe9df9dc1d504550af46744ef8d474797cdba7af2412dc40a3ebdf3b8,main,4f3ca95dd12d9a94b03339999d8803c155f450a8d3956636f050643301fcc5dd,kaggriculture-r88-rivals__thomas,276129185,0,127158,125836,1,0,0,DONE,DONE,719,719,641,641,119.973,24.621,1,,4.23
p3066_thomas,183139ff9cd682b8,kaggle-environments 1.32.7,a52ba1bfe9df9dc1d504550af46744ef8d474797cdba7af2412dc40a3ebdf3b8,main,4f3ca95dd12d9a94b03339999d8803c155f450a8d3956636f050643301fcc5dd,kaggriculture-r88-rivals__thomas,276129185,1,127158,125836,1,0,0,DONE,DONE,719,719,641,641,17.266,25.166,1,,4.33
p3066_thomas,183139ff9cd682b8,kaggle-environments 1.32.7,a52ba1bfe9df9dc1d504550af46744ef8d474797cdba7af2412dc40a3ebdf3b8,main,4f3ca95dd12d9a94b03339999d8803c155f450a8d3956636f050643301fcc5dd,kaggriculture-r88-rivals__thomas,280994253,0,99530,104431,0,1,0,DONE,DONE,719,719,650,637,16.114,25.345,1,,4.39
p3066_thomas,183139ff9cd682b8,kaggle-environments 1.32.7,a52ba1bfe9df9dc1d504550af46744ef8d474797cdba7af2412dc40a3ebdf3b8,main,4f3ca95dd12d9a94b03339999d8803c155f450a8d3956636f050643301fcc5dd,kaggriculture-r88-rivals__thomas,280994253,1,99530,104431,0,1,0,DONE,DONE,719,719,650,637,76.566,27.779,1,,4.34
p3066_thomas,183139ff9cd682b8,kaggle-environments 1.32.7,a52ba1bfe9df9dc1d504550af46744ef8d474797cdba7af2412dc40a3ebdf3b8,main,4f3ca95dd12d9a94b03339999d8803c155f450a8d3956636f050643301fcc5dd,kaggriculture-r88-rivals__thomas,284050073,0,72980,72451,1,0,0,DONE,DONE,719,719,634,634,16.961,25.749,1,,4.29
p3066_thomas,183139ff9cd682b8,kaggle-environments 1.32.7,a52ba1bfe9df9dc1d504550af46744ef8d474797cdba7af2412dc40a3ebdf3b8,main,4f3ca95dd12d9a94b03339999d8803c155f450a8d3956636f050643301fcc5dd,kaggriculture-r88-rivals__thomas,284050073,1,72980,72451,1,0,0,DONE,DONE,719,719,634,634,97.079,25.536,1,,4.15
p3066_thomas,183139ff9cd682b8,kaggle-environments 1.32.7,a52ba1bfe9df9dc1d504550af46744ef8d474797cdba7af2412dc40a3ebdf3b8,main,4f3ca95dd12d9a94b03339999d8803c155f450a8d3956636f050643301fcc5dd,kaggriculture-r88-rivals__thomas,286469594,0,84454,86274,0,1,0,DONE,DONE,719,719,654,654,22.308,30.11,1,,4.53
p3066_thomas,183139ff9cd682b8,kaggle-environments 1.32.7,a52ba1bfe9df9dc1d504550af46744ef8d474797cdba7af2412dc40a3ebdf3b8,main,4f3ca95dd12d9a94b03339999d8803c155f450a8d3956636f050643301fcc5dd,kaggriculture-r88-rivals__thomas,286469594,1,87399,84704,1,0,0,DONE,DONE,719,719,654,654,15.316,26.764,1,,4.28
p3066_thomas,183139ff9cd682b8,kaggle-environments 1.32.7,a52ba1bfe9df9dc1d504550af46744ef8d474797cdba7af2412dc40a3ebdf3b8,main,4f3ca95dd12d9a94b03339999d8803c155f450a8d3956636f050643301fcc5dd,kaggriculture-r88-rivals__thomas,290144135,0,79136,79273,0,1,0,DONE,DONE,719,719,654,654,16.197,26.199,1,,4.43
p3066_thomas,183139ff9cd682b8,kaggle-environments 1.32.7,a52ba1bfe9df9dc1d504550af46744ef8d474797cdba7af2412dc40a3ebdf3b8,main,4f3ca95dd12d9a94b03339999d8803c155f450a8d3956636f050643301fcc5dd,kaggriculture-r88-rivals__thomas,290144135,1,79136,79273,0,1,0,DONE,DONE,719,719,654,654,72.149,27.53,1,,4.19
p3066_thomas,183139ff9cd682b8,kaggle-environments 1.32.7,a52ba1bfe9df9dc1d504550af46744ef8d474797cdba7af2412dc40a3ebdf3b8,main,4f3ca95dd12d9a94b03339999d8803c155f450a8d3956636f050643301fcc5dd,kaggriculture-r88-rivals__thomas,291481271,0,80304,83835,0,1,0,DONE,DONE,719,719,650,636,107.475,80.468,1,,4.35
p3066_thomas,183139ff9cd682b8,kaggle-environments 1.32.7,a52ba1bfe9df9dc1d504550af46744ef8d474797cdba7af2412dc40a3ebdf3b8,main,4f3ca95dd12d9a94b03339999d8803c155f450a8d3956636f050643301fcc5dd,kaggriculture-r88-rivals__thomas,291481271,1,80304,83834,0,1,0,DONE,DONE,719,719,650,636,17.209,26.906,1,,4.59
p3066_thomas,183139ff9cd682b8,kaggle-environments 1.32.7,a52ba1bfe9df9dc1d504550af46744ef8d474797cdba7af2412dc40a3ebdf3b8,main,4f3ca95dd12d9a94b03339999d8803c155f450a8d3956636f050643301fcc5dd,kaggriculture-r88-rivals__thomas,295497128,0,101291,100331,1,0,0,DONE,DONE,719,719,653,653,32.906,27.13,1,,4.42
p3066_thomas,183139ff9cd682b8,kaggle-environments 1.32.7,a52ba1bfe9df9dc1d504550af46744ef8d474797cdba7af2412dc40a3ebdf3b8,main,4f3ca95dd12d9a94b03339999d8803c155f450a8d3956636f050643301fcc5dd,kaggriculture-r88-rivals__thomas,295497128,1,101291,100331,1,0,0,DONE,DONE,719,719,653,653,16.217,108.576,1,,4.41
p3066_thomas,183139ff9cd682b8,kaggle-environments 1.32.7,a52ba1bfe9df9dc1d504550af46744ef8d474797cdba7af2412dc40a3ebdf3b8,main,4f3ca95dd12d9a94b03339999d8803c155f450a8d3956636f050643301fcc5dd,kaggriculture-r88-rivals__thomas,297167139,0,97562,95052,1,0,0,DONE,DONE,719,719,657,657,89.437,26.052,1,,4.55
p3066_thomas,183139ff9cd682b8,kaggle-environments 1.32.7,a52ba1bfe9df9dc1d504550af46744ef8d474797cdba7af2412dc40a3ebdf3b8,main,4f3ca95dd12d9a94b03339999d8803c155f450a8d3956636f050643301fcc5dd,kaggriculture-r88-rivals__thomas,297167139,1,97562,95052,1,0,0,DONE,DONE,719,719,657,657,86.504,63.255,1,,4.22
p3066_thomas,183139ff9cd682b8,kaggle-environments 1.32.7,a52ba1bfe9df9dc1d504550af46744ef8d474797cdba7af2412dc40a3ebdf3b8,main,4f3ca95dd12d9a94b03339999d8803c155f450a8d3956636f050643301fcc5dd,kaggriculture-r88-rivals__thomas,298942269,0,80167,77940,1,0,0,DONE,DONE,719,719,652,652,16.364,24.864,1,,4.31
p3066_thomas,183139ff9cd682b8,kaggle-environments 1.32.7,a52ba1bfe9df9dc1d504550af46744ef8d474797cdba7af2412dc40a3ebdf3b8,main,4f3ca95dd12d9a94b03339999d8803c155f450a8d3956636f050643301fcc5dd,kaggriculture-r88-rivals__thomas,298942269,1,80167,77940,1,0,0,DONE,DONE,719,719,652,652,92.645,66.043,1,,4.21
p3066_thomas,183139ff9cd682b8,kaggle-environments 1.32.7,a52ba1bfe9df9dc1d504550af46744ef8d474797cdba7af2412dc40a3ebdf3b8,main,4f3ca95dd12d9a94b03339999d8803c155f450a8d3956636f050643301fcc5dd,kaggriculture-r88-rivals__thomas,304187692,0,87215,85690,1,0,0,DONE,DONE,719,719,650,651,76.957,25.444,1,,4.43
p3066_thomas,183139ff9cd682b8,kaggle-environments 1.32.7,a52ba1bfe9df9dc1d504550af46744ef8d474797cdba7af2412dc40a3ebdf3b8,main,4f3ca95dd12d9a94b03339999d8803c155f450a8d3956636f050643301fcc5dd,kaggriculture-r88-rivals__thomas,304187692,1,87215,85690,1,0,0,DONE,DONE,719,719,651,650,16.168,25.058,1,,4.22
p3066_thomas,183139ff9cd682b8,kaggle-environments 1.32.7,a52ba1bfe9df9dc1d504550af46744ef8d474797cdba7af2412dc40a3ebdf3b8,main,4f3ca95dd12d9a94b03339999d8803c155f450a8d3956636f050643301fcc5dd,kaggriculture-r88-rivals__thomas,304305137,0,94408,91363,1,0,0,DONE,DONE,719,719,659,659,16.265,60.189,1,,4.43
p3066_thomas,183139ff9cd682b8,kaggle-environments 1.32.7,a52ba1bfe9df9dc1d504550af46744ef8d474797cdba7af2412dc40a3ebdf3b8,main,4f3ca95dd12d9a94b03339999d8803c155f450a8d3956636f050643301fcc5dd,kaggriculture-r88-rivals__thomas,304305137,1,94408,91363,1,0,0,DONE,DONE,719,719,659,659,90.819,28.515,1,,4.24
p3066_thomas,183139ff9cd682b8,kaggle-environments 1.32.7,a52ba1bfe9df9dc1d504550af46744ef8d474797cdba7af2412dc40a3ebdf3b8,main,4f3ca95dd12d9a94b03339999d8803c155f450a8d3956636f050643301fcc5dd,kaggriculture-r88-rivals__thomas,306982199,0,116118,116002,1,0,0,DONE,DONE,719,719,652,652,17.541,26.271,1,,4.44
p3066_thomas,183139ff9cd682b8,kaggle-environments 1.32.7,a52ba1bfe9df9dc1d504550af46744ef8d474797cdba7af2412dc40a3ebdf3b8,main,4f3ca95dd12d9a94b03339999d8803c155f450a8d3956636f050643301fcc5dd,kaggriculture-r88-rivals__thomas,306982199,1,116118,116002,1,0,0,DONE,DONE,719,719,652,652,62.847,39.419,1,,4.26
p3066_thomas,183139ff9cd682b8,kaggle-environments 1.32.7,a52ba1bfe9df9dc1d504550af46744ef8d474797cdba7af2412dc40a3ebdf3b8,main,4f3ca95dd12d9a94b03339999d8803c155f450a8d3956636f050643301fcc5dd,kaggriculture-r88-rivals__thomas,311994045,0,115804,116851,0,1,0,DONE,DONE,719,719,656,656,93.528,25.757,1,,4.38
p3066_thomas,183139ff9cd682b8,kaggle-environments 1.32.7,a52ba1bfe9df9dc1d504550af46744ef8d474797cdba7af2412dc40a3ebdf3b8,main,4f3ca95dd12d9a94b03339999d8803c155f450a8d3956636f050643301fcc5dd,kaggriculture-r88-rivals__thomas,311994045,1,115804,116851,0,1,0,DONE,DONE,719,719,656,656,16.117,29.514,1,,4.19
p3066_thomas,183139ff9cd682b8,kaggle-environments 1.32.7,a52ba1bfe9df9dc1d504550af46744ef8d474797cdba7af2412dc40a3ebdf3b8,main,4f3ca95dd12d9a94b03339999d8803c155f450a8d3956636f050643301fcc5dd,kaggriculture-r88-rivals__thomas,313460815,0,113886,114432,0,1,0,DONE,DONE,719,719,641,638,83.504,26.214,1,,4.3
p3066_thomas,183139ff9cd682b8,kaggle-environments 1.32.7,a52ba1bfe9df9dc1d504550af46744ef8d474797cdba7af2412dc40a3ebdf3b8,main,4f3ca95dd12d9a94b03339999d8803c155f450a8d3956636f050643301fcc5dd,kaggriculture-r88-rivals__thomas,313460815,1,113957,114383,0,1,0,DONE,DONE,719,719,641,638,107.502,25.815,1,,4.28
p3066_thomas,183139ff9cd682b8,kaggle-environments 1.32.7,a52ba1bfe9df9dc1d504550af46744ef8d474797cdba7af2412dc40a3ebdf3b8,main,4f3ca95dd12d9a94b03339999d8803c155f450a8d3956636f050643301fcc5dd,kaggriculture-r88-rivals__thomas,314816792,0,77909,76551,1,0,0,DONE,DONE,719,719,656,656,16.205,87.659,1,,4.54
p3066_thomas,183139ff9cd682b8,kaggle-environments 1.32.7,a52ba1bfe9df9dc1d504550af46744ef8d474797cdba7af2412dc40a3ebdf3b8,main,4f3ca95dd12d9a94b03339999d8803c155f450a8d3956636f050643301fcc5dd,kaggriculture-r88-rivals__thomas,314816792,1,77909,76551,1,0,0,DONE,DONE,719,719,656,656,16.723,34.438,1,,4.47
p3066_thomas,183139ff9cd682b8,kaggle-environments 1.32.7,a52ba1bfe9df9dc1d504550af46744ef8d474797cdba7af2412dc40a3ebdf3b8,main,4f3ca95dd12d9a94b03339999d8803c155f450a8d3956636f050643301fcc5dd,kaggriculture-r88-rivals__thomas,314863912,0,81964,82571,0,1,0,DONE,DONE,719,719,635,635,82.898,60.967,1,,4.26
p3066_thomas,183139ff9cd682b8,kaggle-environments 1.32.7,a52ba1bfe9df9dc1d504550af46744ef8d474797cdba7af2412dc40a3ebdf3b8,main,4f3ca95dd12d9a94b03339999d8803c155f450a8d3956636f050643301fcc5dd,kaggriculture-r88-rivals__thomas,314863912,1,81964,82571,0,1,0,DONE,DONE,719,719,635,635,17.234,50.651,1,,4.44
p3066_thomas,183139ff9cd682b8,kaggle-environments 1.32.7,a52ba1bfe9df9dc1d504550af46744ef8d474797cdba7af2412dc40a3ebdf3b8,main,4f3ca95dd12d9a94b03339999d8803c155f450a8d3956636f050643301fcc5dd,kaggriculture-r88-rivals__thomas,315410585,0,94394,92752,1,0,0,DONE,DONE,719,719,653,653,45.425,24.712,1,,4.18
p3066_thomas,183139ff9cd682b8,kaggle-environments 1.32.7,a52ba1bfe9df9dc1d504550af46744ef8d474797cdba7af2412dc40a3ebdf3b8,main,4f3ca95dd12d9a94b03339999d8803c155f450a8d3956636f050643301fcc5dd,kaggriculture-r88-rivals__thomas,315410585,1,94394,92752,1,0,0,DONE,DONE,719,719,653,653,61.094,27.544,1,,4.45
p3066_thomas,183139ff9cd682b8,kaggle-environments 1.32.7,a52ba1bfe9df9dc1d504550af46744ef8d474797cdba7af2412dc40a3ebdf3b8,main,4f3ca95dd12d9a94b03339999d8803c155f450a8d3956636f050643301fcc5dd,kaggriculture-r88-rivals__thomas,316995331,0,112980,112448,1,0,0,DONE,DONE,719,719,662,662,54.451,27.155,1,,4.28
p3066_thomas,183139ff9cd682b8,kaggle-environments 1.32.7,a52ba1bfe9df9dc1d504550af46744ef8d474797cdba7af2412dc40a3ebdf3b8,main,4f3ca95dd12d9a94b03339999d8803c155f450a8d3956636f050643301fcc5dd,kaggriculture-r88-rivals__thomas,316995331,1,112845,112583,1,0,0,DONE,DONE,719,719,662,662,15.904,67.19,1,,4.37
p3066_thomas,183139ff9cd682b8,kaggle-environments 1.32.7,a52ba1bfe9df9dc1d504550af46744ef8d474797cdba7af2412dc40a3ebdf3b8,main,4f3ca95dd12d9a94b03339999d8803c155f450a8d3956636f050643301fcc5dd,kaggriculture-r88-rivals__thomas,317969597,0,85021,83050,1,0,0,DONE,DONE,719,719,660,660,79.394,25.719,1,,4.22
p3066_thomas,183139ff9cd682b8,kaggle-environments 1.32.7,a52ba1bfe9df9dc1d504550af46744ef8d474797cdba7af2412dc40a3ebdf3b8,main,4f3ca95dd12d9a94b03339999d8803c155f450a8d3956636f050643301fcc5dd,kaggriculture-r88-rivals__thomas,317969597,1,85021,83050,1,0,0,DONE,DONE,719,719,660,660,18.039,43.404,1,,4.21
p3066_thomas,183139ff9cd682b8,kaggle-environments 1.32.7,a52ba1bfe9df9dc1d504550af46744ef8d474797cdba7af2412dc40a3ebdf3b8,main,4f3ca95dd12d9a94b03339999d8803c155f450a8d3956636f050643301fcc5dd,kaggriculture-r88-rivals__thomas,320999821,0,86904,86249,1,0,0,DONE,DONE,719,719,654,654,78.384,27.51,1,,4.57
p3066_thomas,183139ff9cd682b8,kaggle-environments 1.32.7,a52ba1bfe9df9dc1d504550af46744ef8d474797cdba7af2412dc40a3ebdf3b8,main,4f3ca95dd12d9a94b03339999d8803c155f450a8d3956636f050643301fcc5dd,kaggriculture-r88-rivals__thomas,320999821,1,86904,86249,1,0,0,DONE,DONE,719,719,654,654,11.262,67.822,1,,4.33
p3066_thomas,183139ff9cd682b8,kaggle-environments 1.32.7,a52ba1bfe9df9dc1d504550af46744ef8d474797cdba7af2412dc40a3ebdf3b8,main,4f3ca95dd12d9a94b03339999d8803c155f450a8d3956636f050643301fcc5dd,kaggriculture-r88-rivals__thomas,321492174,0,77578,78298,0,1,0,DONE,DONE,719,719,652,652,73.727,25.802,1,,4.23
p3066_thomas,183139ff9cd682b8,kaggle-environments 1.32.7,a52ba1bfe9df9dc1d504550af46744ef8d474797cdba7af2412dc40a3ebdf3b8,main,4f3ca95dd12d9a94b03339999d8803c155f450a8d3956636f050643301fcc5dd,kaggriculture-r88-rivals__thomas,321492174,1,77578,78298,0,1,0,DONE,DONE,719,719,652,652,16.258,25.258,1,,4.33
p3066_thomas,183139ff9cd682b8,kaggle-environments 1.32.7,a52ba1bfe9df9dc1d504550af46744ef8d474797cdba7af2412dc40a3ebdf3b8,main,4f3ca95dd12d9a94b03339999d8803c155f450a8d3956636f050643301fcc5dd,kaggriculture-r88-rivals__thomas,322729294,0,92198,92796,0,1,0,DONE,DONE,719,719,654,654,15.62,33.338,1,,4.28
p3066_thomas,183139ff9cd682b8,kaggle-environments 1.32.7,a52ba1bfe9df9dc1d504550af46744ef8d474797cdba7af2412dc40a3ebdf3b8,main,4f3ca95dd12d9a94b03339999d8803c155f450a8d3956636f050643301fcc5dd,kaggriculture-r88-rivals__thomas,322729294,1,92198,92796,0,1,0,DONE,DONE,719,719,654,654,137.792,34.593,1,,4.43
p3066_thomas,183139ff9cd682b8,kaggle-environments 1.32.7,a52ba1bfe9df9dc1d504550af46744ef8d474797cdba7af2412dc40a3ebdf3b8,main,4f3ca95dd12d9a94b03339999d8803c155f450a8d3956636f050643301fcc5dd,kaggriculture-r88-rivals__thomas,326180350,0,77337,75200,1,0,0,DONE,DONE,719,719,653,653,84.174,25.535,1,,4.26
p3066_thomas,183139ff9cd682b8,kaggle-environments 1.32.7,a52ba1bfe9df9dc1d504550af46744ef8d474797cdba7af2412dc40a3ebdf3b8,main,4f3ca95dd12d9a94b03339999d8803c155f450a8d3956636f050643301fcc5dd,kaggriculture-r88-rivals__thomas,326180350,1,77337,75200,1,0,0,DONE,DONE,719,719,653,653,108.452,26.279,1,,4.6
p3066_thomas,183139ff9cd682b8,kaggle-environments 1.32.7,a52ba1bfe9df9dc1d504550af46744ef8d474797cdba7af2412dc40a3ebdf3b8,main,4f3ca95dd12d9a94b03339999d8803c155f450a8d3956636f050643301fcc5dd,kaggriculture-r88-rivals__thomas,326301111,0,122550,122816,0,1,0,DONE,DONE,719,719,656,656,19.623,34.745,1,,4.48
p3066_thomas,183139ff9cd682b8,kaggle-environments 1.32.7,a52ba1bfe9df9dc1d504550af46744ef8d474797cdba7af2412dc40a3ebdf3b8,main,4f3ca95dd12d9a94b03339999d8803c155f450a8d3956636f050643301fcc5dd,kaggriculture-r88-rivals__thomas,326301111,1,122550,122816,0,1,0,DONE,DONE,719,719,656,656,46.458,28.404,1,,4.17
p3066_thomas,183139ff9cd682b8,kaggle-environments 1.32.7,a52ba1bfe9df9dc1d504550af46744ef8d474797cdba7af2412dc40a3ebdf3b8,main,4f3ca95dd12d9a94b03339999d8803c155f450a8d3956636f050643301fcc5dd,kaggriculture-r88-rivals__thomas,326817610,0,109747,110051,0,1,0,DONE,DONE,719,719,656,656,31.623,27.175,1,,4.38
p3066_thomas,183139ff9cd682b8,kaggle-environments 1.32.7,a52ba1bfe9df9dc1d504550af46744ef8d474797cdba7af2412dc40a3ebdf3b8,main,4f3ca95dd12d9a94b03339999d8803c155f450a8d3956636f050643301fcc5dd,kaggriculture-r88-rivals__thomas,326817610,1,109747,110051,0,1,0,DONE,DONE,719,719,656,656,15.878,27.456,1,,4.3
p3066_thomas,183139ff9cd682b8,kaggle-environments 1.32.7,a52ba1bfe9df9dc1d504550af46744ef8d474797cdba7af2412dc40a3ebdf3b8,main,4f3ca95dd12d9a94b03339999d8803c155f450a8d3956636f050643301fcc5dd,kaggriculture-r88-rivals__thomas,329948488,0,103258,104535,0,1,0,DONE,DONE,719,719,650,638,46.661,26.326,1,,4.43
p3066_thomas,183139ff9cd682b8,kaggle-environments 1.32.7,a52ba1bfe9df9dc1d504550af46744ef8d474797cdba7af2412dc40a3ebdf3b8,main,4f3ca95dd12d9a94b03339999d8803c155f450a8d3956636f050643301fcc5dd,kaggriculture-r88-rivals__thomas,329948488,1,103258,104535,0,1,0,DONE,DONE,719,719,650,638,11.885,26.183,1,,4.6
p3066_thomas,183139ff9cd682b8,kaggle-environments 1.32.7,a52ba1bfe9df9dc1d504550af46744ef8d474797cdba7af2412dc40a3ebdf3b8,main,4f3ca95dd12d9a94b03339999d8803c155f450a8d3956636f050643301fcc5dd,kaggriculture-r88-rivals__thomas,330231434,0,92519,91868,1,0,0,DONE,DONE,719,719,651,651,72.151,25.962,1,,4.24
p3066_thomas,183139ff9cd682b8,kaggle-environments 1.32.7,a52ba1bfe9df9dc1d504550af46744ef8d474797cdba7af2412dc40a3ebdf3b8,main,4f3ca95dd12d9a94b03339999d8803c155f450a8d3956636f050643301fcc5dd,kaggriculture-r88-rivals__thomas,330231434,1,92519,91868,1,0,0,DONE,DONE,719,719,651,651,108.045,78.13,1,,4.5
p3066_thomas,183139ff9cd682b8,kaggle-environments 1.32.7,a52ba1bfe9df9dc1d504550af46744ef8d474797cdba7af2412dc40a3ebdf3b8,main,4f3ca95dd12d9a94b03339999d8803c155f450a8d3956636f050643301fcc5dd,kaggriculture-r88-rivals__thomas,330744118,0,74025,73866,1,0,0,DONE,DONE,719,719,636,636,18.551,26.498,1,,4.48
p3066_thomas,183139ff9cd682b8,kaggle-environments 1.32.7,a52ba1bfe9df9dc1d504550af46744ef8d474797cdba7af2412dc40a3ebdf3b8,main,4f3ca95dd12d9a94b03339999d8803c155f450a8d3956636f050643301fcc5dd,kaggriculture-r88-rivals__thomas,330744118,1,73908,73983,0,1,0,DONE,DONE,719,719,636,636,79.082,29.191,1,,4.36
p3066_thomas,183139ff9cd682b8,kaggle-environments 1.32.7,a52ba1bfe9df9dc1d504550af46744ef8d474797cdba7af2412dc40a3ebdf3b8,main,4f3ca95dd12d9a94b03339999d8803c155f450a8d3956636f050643301fcc5dd,kaggriculture-r88-rivals__thomas,333410233,0,86854,86211,1,0,0,DONE,DONE,719,719,654,654,11.009,25.657,1,,4.41
p3066_thomas,183139ff9cd682b8,kaggle-environments 1.32.7,a52ba1bfe9df9dc1d504550af46744ef8d474797cdba7af2412dc40a3ebdf3b8,main,4f3ca95dd12d9a94b03339999d8803c155f450a8d3956636f050643301fcc5dd,kaggriculture-r88-rivals__thomas,333410233,1,86854,86211,1,0,0,DONE,DONE,719,719,654,654,11.37,64.287,1,,4.53
p3066_thomas,183139ff9cd682b8,kaggle-environments 1.32.7,a52ba1bfe9df9dc1d504550af46744ef8d474797cdba7af2412dc40a3ebdf3b8,main,4f3ca95dd12d9a94b03339999d8803c155f450a8d3956636f050643301fcc5dd,kaggriculture-r88-rivals__thomas,335769314,0,62678,62881,0,1,0,DONE,DONE,719,719,647,647,54.757,29.805,1,,4.18
p3066_thomas,183139ff9cd682b8,kaggle-environments 1.32.7,a52ba1bfe9df9dc1d504550af46744ef8d474797cdba7af2412dc40a3ebdf3b8,main,4f3ca95dd12d9a94b03339999d8803c155f450a8d3956636f050643301fcc5dd,kaggriculture-r88-rivals__thomas,335769314,1,62678,62881,0,1,0,DONE,DONE,719,719,647,647,19.703,74.076,1,,4.31
p3066_thomas,183139ff9cd682b8,kaggle-environments 1.32.7,a52ba1bfe9df9dc1d504550af46744ef8d474797cdba7af2412dc40a3ebdf3b8,main,4f3ca95dd12d9a94b03339999d8803c155f450a8d3956636f050643301fcc5dd,kaggriculture-r88-rivals__thomas,343874067,0,72517,72382,1,0,0,DONE,DONE,719,719,650,650,16.22,25.76,1,,4.38
p3066_thomas,183139ff9cd682b8,kaggle-environments 1.32.7,a52ba1bfe9df9dc1d504550af46744ef8d474797cdba7af2412dc40a3ebdf3b8,main,4f3ca95dd12d9a94b03339999d8803c155f450a8d3956636f050643301fcc5dd,kaggriculture-r88-rivals__thomas,343874067,1,72517,72382,1,0,0,DONE,DONE,719,719,650,650,83.417,125.198,1,,4.6
p3066_thomas,183139ff9cd682b8,kaggle-environments 1.32.7,a52ba1bfe9df9dc1d504550af46744ef8d474797cdba7af2412dc40a3ebdf3b8,main,4f3ca95dd12d9a94b03339999d8803c155f450a8d3956636f050643301fcc5dd,kaggriculture-r88-rivals__thomas,344606943,0,87269,90383,0,1,0,DONE,DONE,719,719,665,640,65.632,27.033,1,,4.42
p3066_thomas,183139ff9cd682b8,kaggle-environments 1.32.7,a52ba1bfe9df9dc1d504550af46744ef8d474797cdba7af2412dc40a3ebdf3b8,main,4f3ca95dd12d9a94b03339999d8803c155f450a8d3956636f050643301fcc5dd,kaggriculture-r88-rivals__thomas,344606943,1,87269,90383,0,1,0,DONE,DONE,719,719,665,640,6.176,116.397,1,,4.58
p3066_thomas,183139ff9cd682b8,kaggle-environments 1.32.7,a52ba1bfe9df9dc1d504550af46744ef8d474797cdba7af2412dc40a3ebdf3b8,main,4f3ca95dd12d9a94b03339999d8803c155f450a8d3956636f050643301fcc5dd,kaggriculture-r88-rivals__thomas,347753166,0,79402,80753,0,1,0,DONE,DONE,719,719,649,638,51.415,25.189,1,,4.49
p3066_thomas,183139ff9cd682b8,kaggle-environments 1.32.7,a52ba1bfe9df9dc1d504550af46744ef8d474797cdba7af2412dc40a3ebdf3b8,main,4f3ca95dd12d9a94b03339999d8803c155f450a8d3956636f050643301fcc5dd,kaggriculture-r88-rivals__thomas,347753166,1,79402,80753,0,1,0,DONE,DONE,719,719,649,638,113.244,124.893,1,,4.63
p3066_thomas,183139ff9cd682b8,kaggle-environments 1.32.7,a52ba1bfe9df9dc1d504550af46744ef8d474797cdba7af2412dc40a3ebdf3b8,main,4f3ca95dd12d9a94b03339999d8803c155f450a8d3956636f050643301fcc5dd,kaggriculture-r88-rivals__thomas,349696718,0,123631,123607,1,0,0,DONE,DONE,719,719,656,656,61.769,25.2,1,,4.19
p3066_thomas,183139ff9cd682b8,kaggle-environments 1.32.7,a52ba1bfe9df9dc1d504550af46744ef8d474797cdba7af2412dc40a3ebdf3b8,main,4f3ca95dd12d9a94b03339999d8803c155f450a8d3956636f050643301fcc5dd,kaggriculture-r88-rivals__thomas,349696718,1,123631,123607,1,0,0,DONE,DONE,719,719,656,656,16.196,63.648,1,,4.29
p3066_thomas,183139ff9cd682b8,kaggle-environments 1.32.7,a52ba1bfe9df9dc1d504550af46744ef8d474797cdba7af2412dc40a3ebdf3b8,main,4f3ca95dd12d9a94b03339999d8803c155f450a8d3956636f050643301fcc5dd,kaggriculture-r88-rivals__thomas,352662196,0,89850,90594,0,1,0,DONE,DONE,719,719,649,649,112.411,25.953,1,,4.45
p3066_thomas,183139ff9cd682b8,kaggle-environments 1.32.7,a52ba1bfe9df9dc1d504550af46744ef8d474797cdba7af2412dc40a3ebdf3b8,main,4f3ca95dd12d9a94b03339999d8803c155f450a8d3956636f050643301fcc5dd,kaggriculture-r88-rivals__thomas,352662196,1,89850,90594,0,1,0,DONE,DONE,719,719,649,649,16.937,134.443,1,,4.57
p3066_thomas,183139ff9cd682b8,kaggle-environments 1.32.7,a52ba1bfe9df9dc1d504550af46744ef8d474797cdba7af2412dc40a3ebdf3b8,main,4f3ca95dd12d9a94b03339999d8803c155f450a8d3956636f050643301fcc5dd,kaggriculture-r88-rivals__thomas,354162115,0,89389,87040,1,0,0,DONE,DONE,719,719,658,658,72.334,25.52,1,,4.38
p3066_thomas,183139ff9cd682b8,kaggle-environments 1.32.7,a52ba1bfe9df9dc1d504550af46744ef8d474797cdba7af2412dc40a3ebdf3b8,main,4f3ca95dd12d9a94b03339999d8803c155f450a8d3956636f050643301fcc5dd,kaggriculture-r88-rivals__thomas,354162115,1,89260,87169,1,0,0,DONE,DONE,719,719,658,658,10.983,67.857,1,,4.53
p3066_thomas,183139ff9cd682b8,kaggle-environments 1.32.7,a52ba1bfe9df9dc1d504550af46744ef8d474797cdba7af2412dc40a3ebdf3b8,main,4f3ca95dd12d9a94b03339999d8803c155f450a8d3956636f050643301fcc5dd,kaggriculture-r88-rivals__thomas,354922960,0,95021,94189,1,0,0,DONE,DONE,719,719,655,655,92.959,101.531,1,,4.73
p3066_thomas,183139ff9cd682b8,kaggle-environments 1.32.7,a52ba1bfe9df9dc1d504550af46744ef8d474797cdba7af2412dc40a3ebdf3b8,main,4f3ca95dd12d9a94b03339999d8803c155f450a8d3956636f050643301fcc5dd,kaggriculture-r88-rivals__thomas,354922960,1,95021,94189,1,0,0,DONE,DONE,719,719,655,655,10.643,31.13,1,,4.45
p3066_thomas,183139ff9cd682b8,kaggle-environments 1.32.7,a52ba1bfe9df9dc1d504550af46744ef8d474797cdba7af2412dc40a3ebdf3b8,main,4f3ca95dd12d9a94b03339999d8803c155f450a8d3956636f050643301fcc5dd,kaggriculture-r88-rivals__thomas,357147783,0,127342,127878,0,1,0,DONE,DONE,719,719,657,657,82.424,26.529,1,,4.53
p3066_thomas,183139ff9cd682b8,kaggle-environments 1.32.7,a52ba1bfe9df9dc1d504550af46744ef8d474797cdba7af2412dc40a3ebdf3b8,main,4f3ca95dd12d9a94b03339999d8803c155f450a8d3956636f050643301fcc5dd,kaggriculture-r88-rivals__thomas,357147783,1,127342,127878,0,1,0,DONE,DONE,719,719,657,657,11.504,60.044,1,,4.48
p3066_thomas,183139ff9cd682b8,kaggle-environments 1.32.7,a52ba1bfe9df9dc1d504550af46744ef8d474797cdba7af2412dc40a3ebdf3b8,main,4f3ca95dd12d9a94b03339999d8803c155f450a8d3956636f050643301fcc5dd,kaggriculture-r88-rivals__thomas,359335025,0,60400,58766,1,0,0,DONE,DONE,719,719,647,647,18.451,25.376,1,,4.43
p3066_thomas,183139ff9cd682b8,kaggle-environments 1.32.7,a52ba1bfe9df9dc1d504550af46744ef8d474797cdba7af2412dc40a3ebdf3b8,main,4f3ca95dd12d9a94b03339999d8803c155f450a8d3956636f050643301fcc5dd,kaggriculture-r88-rivals__thomas,359335025,1,60400,58766,1,0,0,DONE,DONE,719,719,647,647,16.75,40.738,1,,4.57
p3066_thomas,183139ff9cd682b8,kaggle-environments 1.32.7,a52ba1bfe9df9dc1d504550af46744ef8d474797cdba7af2412dc40a3ebdf3b8,main,4f3ca95dd12d9a94b03339999d8803c155f450a8d3956636f050643301fcc5dd,kaggriculture-r88-rivals__thomas,360429910,0,78365,75858,1,0,0,DONE,DONE,719,719,653,653,96.067,27.889,1,,4.3
p3066_thomas,183139ff9cd682b8,kaggle-environments 1.32.7,a52ba1bfe9df9dc1d504550af46744ef8d474797cdba7af2412dc40a3ebdf3b8,main,4f3ca95dd12d9a94b03339999d8803c155f450a8d3956636f050643301fcc5dd,kaggriculture-r88-rivals__thomas,360429910,1,78365,75858,1,0,0,DONE,DONE,719,719,653,653,16.439,110.845,1,,4.72
p3066_thomas,183139ff9cd682b8,kaggle-environments 1.32.7,a52ba1bfe9df9dc1d504550af46744ef8d474797cdba7af2412dc40a3ebdf3b8,main,4f3ca95dd12d9a94b03339999d8803c155f450a8d3956636f050643301fcc5dd,kaggriculture-r88-rivals__thomas,362578649,0,71116,70502,1,0,0,DONE,DONE,719,719,651,651,16.155,33.344,1,,4.52
p3066_thomas,183139ff9cd682b8,kaggle-environments 1.32.7,a52ba1bfe9df9dc1d504550af46744ef8d474797cdba7af2412dc40a3ebdf3b8,main,4f3ca95dd12d9a94b03339999d8803c155f450a8d3956636f050643301fcc5dd,kaggriculture-r88-rivals__thomas,362578649,1,71116,70502,1,0,0,DONE,DONE,719,719,651,651,15.741,25.229,1,,4.32
p3066_thomas,183139ff9cd682b8,kaggle-environments 1.32.7,a52ba1bfe9df9dc1d504550af46744ef8d474797cdba7af2412dc40a3ebdf3b8,main,4f3ca95dd12d9a94b03339999d8803c155f450a8d3956636f050643301fcc5dd,kaggriculture-r88-rivals__thomas,367822176,0,64041,62427,1,0,0,DONE,DONE,719,719,653,653,46.004,27.216,1,,4.39
p3066_thomas,183139ff9cd682b8,kaggle-environments 1.32.7,a52ba1bfe9df9dc1d504550af46744ef8d474797cdba7af2412dc40a3ebdf3b8,main,4f3ca95dd12d9a94b03339999d8803c155f450a8d3956636f050643301fcc5dd,kaggriculture-r88-rivals__thomas,367822176,1,64041,62427,1,0,0,DONE,DONE,719,719,653,653,87.089,68.885,1,,4.63
p3066_thomas,183139ff9cd682b8,kaggle-environments 1.32.7,a52ba1bfe9df9dc1d504550af46744ef8d474797cdba7af2412dc40a3ebdf3b8,main,4f3ca95dd12d9a94b03339999d8803c155f450a8d3956636f050643301fcc5dd,kaggriculture-r88-rivals__thomas,371187819,0,98841,99441,0,1,0,DONE,DONE,719,719,653,653,15.767,44.156,1,,4.34
p3066_thomas,183139ff9cd682b8,kaggle-environments 1.32.7,a52ba1bfe9df9dc1d504550af46744ef8d474797cdba7af2412dc40a3ebdf3b8,main,4f3ca95dd12d9a94b03339999d8803c155f450a8d3956636f050643301fcc5dd,kaggriculture-r88-rivals__thomas,371187819,1,98841,99441,0,1,0,DONE,DONE,719,719,653,653,15.326,31.368,1,,4.31
p3066_thomas,183139ff9cd682b8,kaggle-environments 1.32.7,a52ba1bfe9df9dc1d504550af46744ef8d474797cdba7af2412dc40a3ebdf3b8,main,4f3ca95dd12d9a94b03339999d8803c155f450a8d3956636f050643301fcc5dd,kaggriculture-r88-rivals__thomas,374447715,0,81548,80950,1,0,0,DONE,DONE,719,719,660,660,57.039,26.411,1,,4.39
p3066_thomas,183139ff9cd682b8,kaggle-environments 1.32.7,a52ba1bfe9df9dc1d504550af46744ef8d474797cdba7af2412dc40a3ebdf3b8,main,4f3ca95dd12d9a94b03339999d8803c155f450a8d3956636f050643301fcc5dd,kaggriculture-r88-rivals__thomas,374447715,1,81548,80950,1,0,0,DONE,DONE,719,719,660,660,48.818,60.993,1,,4.2
p3066_thomas,183139ff9cd682b8,kaggle-environments 1.32.7,a52ba1bfe9df9dc1d504550af46744ef8d474797cdba7af2412dc40a3ebdf3b8,main,4f3ca95dd12d9a94b03339999d8803c155f450a8d3956636f050643301fcc5dd,kaggriculture-r88-rivals__thomas,374542663,0,88951,88709,1,0,0,DONE,DONE,719,719,649,638,134.806,39.27,1,,4.63
p3066_thomas,183139ff9cd682b8,kaggle-environments 1.32.7,a52ba1bfe9df9dc1d504550af46744ef8d474797cdba7af2412dc40a3ebdf3b8,main,4f3ca95dd12d9a94b03339999d8803c155f450a8d3956636f050643301fcc5dd,kaggriculture-r88-rivals__thomas,374542663,1,88951,88709,1,0,0,DONE,DONE,719,719,649,638,56.97,33.095,1,,4.85
p3066_thomas,183139ff9cd682b8,kaggle-environments 1.32.7,a52ba1bfe9df9dc1d504550af46744ef8d474797cdba7af2412dc40a3ebdf3b8,main,4f3ca95dd12d9a94b03339999d8803c155f450a8d3956636f050643301fcc5dd,kaggriculture-r88-rivals__thomas,375251735,0,129521,130345,0,1,0,DONE,DONE,719,719,638,638,85.283,26.078,1,,4.39
p3066_thomas,183139ff9cd682b8,kaggle-environments 1.32.7,a52ba1bfe9df9dc1d504550af46744ef8d474797cdba7af2412dc40a3ebdf3b8,main,4f3ca95dd12d9a94b03339999d8803c155f450a8d3956636f050643301fcc5dd,kaggriculture-r88-rivals__thomas,375251735,1,129521,130345,0,1,0,DONE,DONE,719,719,638,638,105.893,39.755,1,,4.33
p3066_thomas,183139ff9cd682b8,kaggle-environments 1.32.7,a52ba1bfe9df9dc1d504550af46744ef8d474797cdba7af2412dc40a3ebdf3b8,main,4f3ca95dd12d9a94b03339999d8803c155f450a8d3956636f050643301fcc5dd,kaggriculture-r88-rivals__thomas,378479224,0,80859,81206,0,1,0,DONE,DONE,719,719,655,655,120.103,26.39,1,,4.34
p3066_thomas,183139ff9cd682b8,kaggle-environments 1.32.7,a52ba1bfe9df9dc1d504550af46744ef8d474797cdba7af2412dc40a3ebdf3b8,main,4f3ca95dd12d9a94b03339999d8803c155f450a8d3956636f050643301fcc5dd,kaggriculture-r88-rivals__thomas,378479224,1,80859,81206,0,1,0,DONE,DONE,719,719,655,655,88.632,42.479,1,,4.54
p3066_thomas,183139ff9cd682b8,kaggle-environments 1.32.7,a52ba1bfe9df9dc1d504550af46744ef8d474797cdba7af2412dc40a3ebdf3b8,main,4f3ca95dd12d9a94b03339999d8803c155f450a8d3956636f050643301fcc5dd,kaggriculture-r88-rivals__thomas,379180580,0,87681,87918,0,1,0,DONE,DONE,719,719,639,639,86.521,26.909,1,,4.28
p3066_thomas,183139ff9cd682b8,kaggle-environments 1.32.7,a52ba1bfe9df9dc1d504550af46744ef8d474797cdba7af2412dc40a3ebdf3b8,main,4f3ca95dd12d9a94b03339999d8803c155f450a8d3956636f050643301fcc5dd,kaggriculture-r88-rivals__thomas,379180580,1,87681,87918,0,1,0,DONE,DONE,719,719,639,639,15.86,77.762,1,,4.55
p3066_thomas,183139ff9cd682b8,kaggle-environments 1.32.7,a52ba1bfe9df9dc1d504550af46744ef8d474797cdba7af2412dc40a3ebdf3b8,main,4f3ca95dd12d9a94b03339999d8803c155f450a8d3956636f050643301fcc5dd,kaggriculture-r88-rivals__thomas,383202827,0,99340,99362,0,1,0,DONE,DONE,719,719,638,638,15.638,25.33,1,,4.24
p3066_thomas,183139ff9cd682b8,kaggle-environments 1.32.7,a52ba1bfe9df9dc1d504550af46744ef8d474797cdba7af2412dc40a3ebdf3b8,main,4f3ca95dd12d9a94b03339999d8803c155f450a8d3956636f050643301fcc5dd,kaggriculture-r88-rivals__thomas,383202827,1,99340,99362,0,1,0,DONE,DONE,719,719,638,638,83.953,28.444,1,,4.25
p3066_thomas,183139ff9cd682b8,kaggle-environments 1.32.7,a52ba1bfe9df9dc1d504550af46744ef8d474797cdba7af2412dc40a3ebdf3b8,main,4f3ca95dd12d9a94b03339999d8803c155f450a8d3956636f050643301fcc5dd,kaggriculture-r88-rivals__thomas,384060394,0,89020,88701,1,0,0,DONE,DONE,719,719,658,658,16.905,29.634,1,,4.53
p3066_thomas,183139ff9cd682b8,kaggle-environments 1.32.7,a52ba1bfe9df9dc1d504550af46744ef8d474797cdba7af2412dc40a3ebdf3b8,main,4f3ca95dd12d9a94b03339999d8803c155f450a8d3956636f050643301fcc5dd,kaggriculture-r88-rivals__thomas,384060394,1,89020,88701,1,0,0,DONE,DONE,719,719,658,658,15.74,26.476,1,,4.41
p3066_thomas,183139ff9cd682b8,kaggle-environments 1.32.7,a52ba1bfe9df9dc1d504550af46744ef8d474797cdba7af2412dc40a3ebdf3b8,main,4f3ca95dd12d9a94b03339999d8803c155f450a8d3956636f050643301fcc5dd,kaggriculture-r88-rivals__thomas,384457459,0,69283,69852,0,1,0,DONE,DONE,719,719,649,649,52.143,24.827,1,,4.26
p3066_thomas,183139ff9cd682b8,kaggle-environments 1.32.7,a52ba1bfe9df9dc1d504550af46744ef8d474797cdba7af2412dc40a3ebdf3b8,main,4f3ca95dd12d9a94b03339999d8803c155f450a8d3956636f050643301fcc5dd,kaggriculture-r88-rivals__thomas,384457459,1,69283,69852,0,1,0,DONE,DONE,719,719,649,649,74.509,27.356,1,,4.4
p3066_thomas,183139ff9cd682b8,kaggle-environments 1.32.7,a52ba1bfe9df9dc1d504550af46744ef8d474797cdba7af2412dc40a3ebdf3b8,main,4f3ca95dd12d9a94b03339999d8803c155f450a8d3956636f050643301fcc5dd,kaggriculture-r88-rivals__thomas,384759268,0,110612,111834,0,1,0,DONE,DONE,719,719,658,658,78.906,60.497,1,,4.47
p3066_thomas,183139ff9cd682b8,kaggle-environments 1.32.7,a52ba1bfe9df9dc1d504550af46744ef8d474797cdba7af2412dc40a3ebdf3b8,main,4f3ca95dd12d9a94b03339999d8803c155f450a8d3956636f050643301fcc5dd,kaggriculture-r88-rivals__thomas,384759268,1,110612,111834,0,1,0,DONE,DONE,719,719,658,658,62.168,26.398,1,,4.18
p3066_thomas,183139ff9cd682b8,kaggle-environments 1.32.7,a52ba1bfe9df9dc1d504550af46744ef8d474797cdba7af2412dc40a3ebdf3b8,main,4f3ca95dd12d9a94b03339999d8803c155f450a8d3956636f050643301fcc5dd,kaggriculture-r88-rivals__thomas,385467461,0,107782,108553,0,1,0,DONE,DONE,719,719,638,638,93.018,57.948,1,,4.41
p3066_thomas,183139ff9cd682b8,kaggle-environments 1.32.7,a52ba1bfe9df9dc1d504550af46744ef8d474797cdba7af2412dc40a3ebdf3b8,main,4f3ca95dd12d9a94b03339999d8803c155f450a8d3956636f050643301fcc5dd,kaggriculture-r88-rivals__thomas,385467461,1,107782,108553,0,1,0,DONE,DONE,719,719,638,638,6.447,92.218,1,,4.73
p3066_thomas,183139ff9cd682b8,kaggle-environments 1.32.7,a52ba1bfe9df9dc1d504550af46744ef8d474797cdba7af2412dc40a3ebdf3b8,main,4f3ca95dd12d9a94b03339999d8803c155f450a8d3956636f050643301fcc5dd,kaggriculture-r88-rivals__thomas,385530804,0,108611,108650,0,1,0,DONE,DONE,719,719,656,656,119.756,26.314,1,,4.38
p3066_thomas,183139ff9cd682b8,kaggle-environments 1.32.7,a52ba1bfe9df9dc1d504550af46744ef8d474797cdba7af2412dc40a3ebdf3b8,main,4f3ca95dd12d9a94b03339999d8803c155f450a8d3956636f050643301fcc5dd,kaggriculture-r88-rivals__thomas,385530804,1,108611,108650,0,1,0,DONE,DONE,719,719,656,656,109.332,61.293,1,,4.15
p3066_thomas,183139ff9cd682b8,kaggle-environments 1.32.7,a52ba1bfe9df9dc1d504550af46744ef8d474797cdba7af2412dc40a3ebdf3b8,main,4f3ca95dd12d9a94b03339999d8803c155f450a8d3956636f050643301fcc5dd,kaggriculture-r88-rivals__thomas,394471166,0,105004,104825,1,0,0,DONE,DONE,719,719,657,657,73.067,25.657,1,,4.43
p3066_thomas,183139ff9cd682b8,kaggle-environments 1.32.7,a52ba1bfe9df9dc1d504550af46744ef8d474797cdba7af2412dc40a3ebdf3b8,main,4f3ca95dd12d9a94b03339999d8803c155f450a8d3956636f050643301fcc5dd,kaggriculture-r88-rivals__thomas,394471166,1,105004,104825,1,0,0,DONE,DONE,719,719,657,657,51.541,25.265,1,,4.36
p3066_thomas,183139ff9cd682b8,kaggle-environments 1.32.7,a52ba1bfe9df9dc1d504550af46744ef8d474797cdba7af2412dc40a3ebdf3b8,main,4f3ca95dd12d9a94b03339999d8803c155f450a8d3956636f050643301fcc5dd,kaggriculture-r88-rivals__thomas,394833418,0,108534,106158,1,0,0,DONE,DONE,719,719,655,655,81.916,26.08,1,,4.32
p3066_thomas,183139ff9cd682b8,kaggle-environments 1.32.7,a52ba1bfe9df9dc1d504550af46744ef8d474797cdba7af2412dc40a3ebdf3b8,main,4f3ca95dd12d9a94b03339999d8803c155f450a8d3956636f050643301fcc5dd,kaggriculture-r88-rivals__thomas,394833418,1,108534,106158,1,0,0,DONE,DONE,719,719,655,655,17.984,81.979,1,,4.46
p3066_thomas,183139ff9cd682b8,kaggle-environments 1.32.7,a52ba1bfe9df9dc1d504550af46744ef8d474797cdba7af2412dc40a3ebdf3b8,main,4f3ca95dd12d9a94b03339999d8803c155f450a8d3956636f050643301fcc5dd,kaggriculture-r88-rivals__thomas,398187590,0,136797,136375,1,0,0,DONE,DONE,719,719,654,654,18.008,25.556,1,,4.36
p3066_thomas,183139ff9cd682b8,kaggle-environments 1.32.7,a52ba1bfe9df9dc1d504550af46744ef8d474797cdba7af2412dc40a3ebdf3b8,main,4f3ca95dd12d9a94b03339999d8803c155f450a8d3956636f050643301fcc5dd,kaggriculture-r88-rivals__thomas,398187590,1,136797,136375,1,0,0,DONE,DONE,719,719,654,654,16.662,25.401,1,,4.12
p3066_thomas,183139ff9cd682b8,kaggle-environments 1.32.7,a52ba1bfe9df9dc1d504550af46744ef8d474797cdba7af2412dc40a3ebdf3b8,main,4f3ca95dd12d9a94b03339999d8803c155f450a8d3956636f050643301fcc5dd,kaggriculture-r88-rivals__thomas,400509605,0,102444,101085,1,0,0,DONE,DONE,719,719,658,658,10.737,28.469,1,,4.38
p3066_thomas,183139ff9cd682b8,kaggle-environments 1.32.7,a52ba1bfe9df9dc1d504550af46744ef8d474797cdba7af2412dc40a3ebdf3b8,main,4f3ca95dd12d9a94b03339999d8803c155f450a8d3956636f050643301fcc5dd,kaggriculture-r88-rivals__thomas,400509605,1,102444,101085,1,0,0,DONE,DONE,719,719,658,658,10.474,26.336,1,,4.39
p3066_thomas,183139ff9cd682b8,kaggle-environments 1.32.7,a52ba1bfe9df9dc1d504550af46744ef8d474797cdba7af2412dc40a3ebdf3b8,main,4f3ca95dd12d9a94b03339999d8803c155f450a8d3956636f050643301fcc5dd,kaggriculture-r88-rivals__thomas,401397591,0,95722,94092,1,0,0,DONE,DONE,719,719,656,656,16.662,30.999,1,,4.54
p3066_thomas,183139ff9cd682b8,kaggle-environments 1.32.7,a52ba1bfe9df9dc1d504550af46744ef8d474797cdba7af2412dc40a3ebdf3b8,main,4f3ca95dd12d9a94b03339999d8803c155f450a8d3956636f050643301fcc5dd,kaggriculture-r88-rivals__thomas,401397591,1,95722,94092,1,0,0,DONE,DONE,719,719,656,656,15.345,24.852,1,,4.17
p3066_thomas,183139ff9cd682b8,kaggle-environments 1.32.7,a52ba1bfe9df9dc1d504550af46744ef8d474797cdba7af2412dc40a3ebdf3b8,main,4f3ca95dd12d9a94b03339999d8803c155f450a8d3956636f050643301fcc5dd,kaggriculture-r88-rivals__thomas,401421676,0,118470,119630,0,1,0,DONE,DONE,719,719,649,638,58.121,26.273,1,,4.23
p3066_thomas,183139ff9cd682b8,kaggle-environments 1.32.7,a52ba1bfe9df9dc1d504550af46744ef8d474797cdba7af2412dc40a3ebdf3b8,main,4f3ca95dd12d9a94b03339999d8803c155f450a8d3956636f050643301fcc5dd,kaggriculture-r88-rivals__thomas,401421676,1,118470,119630,0,1,0,DONE,DONE,719,719,649,638,105.294,29.015,1,,4.3
p3066_thomas,183139ff9cd682b8,kaggle-environments 1.32.7,a52ba1bfe9df9dc1d504550af46744ef8d474797cdba7af2412dc40a3ebdf3b8,main,4f3ca95dd12d9a94b03339999d8803c155f450a8d3956636f050643301fcc5dd,kaggriculture-r88-rivals__thomas,401975774,0,134853,134055,1,0,0,DONE,DONE,719,719,655,655,10.771,63.357,1,,4.66
p3066_thomas,183139ff9cd682b8,kaggle-environments 1.32.7,a52ba1bfe9df9dc1d504550af46744ef8d474797cdba7af2412dc40a3ebdf3b8,main,4f3ca95dd12d9a94b03339999d8803c155f450a8d3956636f050643301fcc5dd,kaggriculture-r88-rivals__thomas,401975774,1,134853,134055,1,0,0,DONE,DONE,719,719,655,655,10.566,28.0,1,,4.51
p3066_thomas,183139ff9cd682b8,kaggle-environments 1.32.7,a52ba1bfe9df9dc1d504550af46744ef8d474797cdba7af2412dc40a3ebdf3b8,main,4f3ca95dd12d9a94b03339999d8803c155f450a8d3956636f050643301fcc5dd,kaggriculture-r88-rivals__thomas,402439054,0,69455,66824,1,0,0,DONE,DONE,719,719,659,659,94.398,35.736,1,,4.47
p3066_thomas,183139ff9cd682b8,kaggle-environments 1.32.7,a52ba1bfe9df9dc1d504550af46744ef8d474797cdba7af2412dc40a3ebdf3b8,main,4f3ca95dd12d9a94b03339999d8803c155f450a8d3956636f050643301fcc5dd,kaggriculture-r88-rivals__thomas,402439054,1,69455,66824,1,0,0,DONE,DONE,719,719,659,659,107.734,25.123,1,,4.53
p3066_thomas,183139ff9cd682b8,kaggle-environments 1.32.7,a52ba1bfe9df9dc1d504550af46744ef8d474797cdba7af2412dc40a3ebdf3b8,main,4f3ca95dd12d9a94b03339999d8803c155f450a8d3956636f050643301fcc5dd,kaggriculture-r88-rivals__thomas,404822543,0,105790,106545,0,1,0,DONE,DONE,719,719,648,638,56.048,33.159,1,,4.35
p3066_thomas,183139ff9cd682b8,kaggle-environments 1.32.7,a52ba1bfe9df9dc1d504550af46744ef8d474797cdba7af2412dc40a3ebdf3b8,main,4f3ca95dd12d9a94b03339999d8803c155f450a8d3956636f050643301fcc5dd,kaggriculture-r88-rivals__thomas,404822543,1,105790,106545,0,1,0,DONE,DONE,719,719,648,638,66.345,25.417,1,,4.23
p3066_thomas,183139ff9cd682b8,kaggle-environments 1.32.7,a52ba1bfe9df9dc1d504550af46744ef8d474797cdba7af2412dc40a3ebdf3b8,main,4f3ca95dd12d9a94b03339999d8803c155f450a8d3956636f050643301fcc5dd,kaggriculture-r88-rivals__thomas,409128422,0,115917,113686,1,0,0,DONE,DONE,719,719,655,655,16.103,24.934,1,,4.18
p3066_thomas,183139ff9cd682b8,kaggle-environments 1.32.7,a52ba1bfe9df9dc1d504550af46744ef8d474797cdba7af2412dc40a3ebdf3b8,main,4f3ca95dd12d9a94b03339999d8803c155f450a8d3956636f050643301fcc5dd,kaggriculture-r88-rivals__thomas,409128422,1,115917,113686,1,0,0,DONE,DONE,719,719,655,655,15.887,53.981,1,,4.2
p3066_thomas,183139ff9cd682b8,kaggle-environments 1.32.7,a52ba1bfe9df9dc1d504550af46744ef8d474797cdba7af2412dc40a3ebdf3b8,main,4f3ca95dd12d9a94b03339999d8803c155f450a8d3956636f050643301fcc5dd,kaggriculture-r88-rivals__thomas,409482909,0,87387,83525,1,0,0,DONE,DONE,719,719,659,659,15.676,24.816,1,,4.13
p3066_thomas,183139ff9cd682b8,kaggle-environments 1.32.7,a52ba1bfe9df9dc1d504550af46744ef8d474797cdba7af2412dc40a3ebdf3b8,main,4f3ca95dd12d9a94b03339999d8803c155f450a8d3956636f050643301fcc5dd,kaggriculture-r88-rivals__thomas,409482909,1,87387,83525,1,0,0,DONE,DONE,719,719,659,659,92.331,108.211,1,,4.37
p3066_thomas,183139ff9cd682b8,kaggle-environments 1.32.7,a52ba1bfe9df9dc1d504550af46744ef8d474797cdba7af2412dc40a3ebdf3b8,main,4f3ca95dd12d9a94b03339999d8803c155f450a8d3956636f050643301fcc5dd,kaggriculture-r88-rivals__thomas,411214301,0,95474,93708,1,0,0,DONE,DONE,719,719,655,655,87.959,26.521,1,,4.43
p3066_thomas,183139ff9cd682b8,kaggle-environments 1.32.7,a52ba1bfe9df9dc1d504550af46744ef8d474797cdba7af2412dc40a3ebdf3b8,main,4f3ca95dd12d9a94b03339999d8803c155f450a8d3956636f050643301fcc5dd,kaggriculture-r88-rivals__thomas,411214301,1,95474,93708,1,0,0,DONE,DONE,719,719,655,655,127.247,77.661,1,,4.59
p3066_thomas,183139ff9cd682b8,kaggle-environments 1.32.7,a52ba1bfe9df9dc1d504550af46744ef8d474797cdba7af2412dc40a3ebdf3b8,main,4f3ca95dd12d9a94b03339999d8803c155f450a8d3956636f050643301fcc5dd,kaggriculture-r88-rivals__thomas,417771363,0,55134,56369,0,1,0,DONE,DONE,719,719,648,633,16.97,69.134,1,,4.38
p3066_thomas,183139ff9cd682b8,kaggle-environments 1.32.7,a52ba1bfe9df9dc1d504550af46744ef8d474797cdba7af2412dc40a3ebdf3b8,main,4f3ca95dd12d9a94b03339999d8803c155f450a8d3956636f050643301fcc5dd,kaggriculture-r88-rivals__thomas,417771363,1,55134,56369,0,1,0,DONE,DONE,719,719,648,633,15.802,25.788,1,,4.38
p3066_thomas,183139ff9cd682b8,kaggle-environments 1.32.7,a52ba1bfe9df9dc1d504550af46744ef8d474797cdba7af2412dc40a3ebdf3b8,main,4f3ca95dd12d9a94b03339999d8803c155f450a8d3956636f050643301fcc5dd,kaggriculture-r88-rivals__thomas,419175930,0,102677,103843,0,1,0,DONE,DONE,719,719,649,638,111.623,24.773,1,,4.16
p3066_thomas,183139ff9cd682b8,kaggle-environments 1.32.7,a52ba1bfe9df9dc1d504550af46744ef8d474797cdba7af2412dc40a3ebdf3b8,main,4f3ca95dd12d9a94b03339999d8803c155f450a8d3956636f050643301fcc5dd,kaggriculture-r88-rivals__thomas,419175930,1,102677,103843,0,1,0,DONE,DONE,719,719,649,638,122.209,24.843,1,,4.17
p3066_thomas,183139ff9cd682b8,kaggle-environments 1.32.7,a52ba1bfe9df9dc1d504550af46744ef8d474797cdba7af2412dc40a3ebdf3b8,main,4f3ca95dd12d9a94b03339999d8803c155f450a8d3956636f050643301fcc5dd,kaggriculture-r88-rivals__thomas,424724662,0,144091,142427,1,0,0,DONE,DONE,719,719,657,657,49.639,25.498,1,,4.18
p3066_thomas,183139ff9cd682b8,kaggle-environments 1.32.7,a52ba1bfe9df9dc1d504550af46744ef8d474797cdba7af2412dc40a3ebdf3b8,main,4f3ca95dd12d9a94b03339999d8803c155f450a8d3956636f050643301fcc5dd,kaggriculture-r88-rivals__thomas,424724662,1,144217,142301,1,0,0,DONE,DONE,719,719,657,657,63.588,55.415,1,,4.32
p3066_thomas,183139ff9cd682b8,kaggle-environments 1.32.7,a52ba1bfe9df9dc1d504550af46744ef8d474797cdba7af2412dc40a3ebdf3b8,main,4f3ca95dd12d9a94b03339999d8803c155f450a8d3956636f050643301fcc5dd,kaggriculture-r88-rivals__thomas,433492586,0,70176,68631,1,0,0,DONE,DONE,719,719,654,654,83.916,25.258,1,,4.18
p3066_thomas,183139ff9cd682b8,kaggle-environments 1.32.7,a52ba1bfe9df9dc1d504550af46744ef8d474797cdba7af2412dc40a3ebdf3b8,main,4f3ca95dd12d9a94b03339999d8803c155f450a8d3956636f050643301fcc5dd,kaggriculture-r88-rivals__thomas,433492586,1,70176,68631,1,0,0,DONE,DONE,719,719,654,654,16.043,58.929,1,,4.26
p3066_thomas,183139ff9cd682b8,kaggle-environments 1.32.7,a52ba1bfe9df9dc1d504550af46744ef8d474797cdba7af2412dc40a3ebdf3b8,main,4f3ca95dd12d9a94b03339999d8803c155f450a8d3956636f050643301fcc5dd,kaggriculture-r88-rivals__thomas,434922050,0,116700,114780,1,0,0,DONE,DONE,719,719,638,638,63.135,26.448,1,,4.52
p3066_thomas,183139ff9cd682b8,kaggle-environments 1.32.7,a52ba1bfe9df9dc1d504550af46744ef8d474797cdba7af2412dc40a3ebdf3b8,main,4f3ca95dd12d9a94b03339999d8803c155f450a8d3956636f050643301fcc5dd,kaggriculture-r88-rivals__thomas,434922050,1,116700,114780,1,0,0,DONE,DONE,719,719,638,638,139.629,34.991,1,,4.52
p3066_thomas,183139ff9cd682b8,kaggle-environments 1.32.7,a52ba1bfe9df9dc1d504550af46744ef8d474797cdba7af2412dc40a3ebdf3b8,main,4f3ca95dd12d9a94b03339999d8803c155f450a8d3956636f050643301fcc5dd,kaggriculture-r88-rivals__thomas,437173943,0,123098,122771,1,0,0,DONE,DONE,719,719,655,655,104.349,25.978,1,,4.33
p3066_thomas,183139ff9cd682b8,kaggle-environments 1.32.7,a52ba1bfe9df9dc1d504550af46744ef8d474797cdba7af2412dc40a3ebdf3b8,main,4f3ca95dd12d9a94b03339999d8803c155f450a8d3956636f050643301fcc5dd,kaggriculture-r88-rivals__thomas,437173943,1,123098,122771,1,0,0,DONE,DONE,719,719,655,655,18.676,27.471,1,,4.29
p3066_thomas,183139ff9cd682b8,kaggle-environments 1.32.7,a52ba1bfe9df9dc1d504550af46744ef8d474797cdba7af2412dc40a3ebdf3b8,main,4f3ca95dd12d9a94b03339999d8803c155f450a8d3956636f050643301fcc5dd,kaggriculture-r88-rivals__thomas,438291633,0,78928,77771,1,0,0,DONE,DONE,719,719,647,647,78.897,59.415,1,,4.3
p3066_thomas,183139ff9cd682b8,kaggle-environments 1.32.7,a52ba1bfe9df9dc1d504550af46744ef8d474797cdba7af2412dc40a3ebdf3b8,main,4f3ca95dd12d9a94b03339999d8803c155f450a8d3956636f050643301fcc5dd,kaggriculture-r88-rivals__thomas,438291633,1,78928,77771,1,0,0,DONE,DONE,719,719,647,647,99.86,39.389,1,,4.32
p3066_thomas,183139ff9cd682b8,kaggle-environments 1.32.7,a52ba1bfe9df9dc1d504550af46744ef8d474797cdba7af2412dc40a3ebdf3b8,main,4f3ca95dd12d9a94b03339999d8803c155f450a8d3956636f050643301fcc5dd,kaggriculture-r88-rivals__thomas,443120366,0,103622,101448,1,0,0,DONE,DONE,719,719,653,653,36.275,26.3,1,,4.5
p3066_thomas,183139ff9cd682b8,kaggle-environments 1.32.7,a52ba1bfe9df9dc1d504550af46744ef8d474797cdba7af2412dc40a3ebdf3b8,main,4f3ca95dd12d9a94b03339999d8803c155f450a8d3956636f050643301fcc5dd,kaggriculture-r88-rivals__thomas,443120366,1,103622,101448,1,0,0,DONE,DONE,719,719,653,653,11.769,25.953,1,,4.54
p3066_thomas,183139ff9cd682b8,kaggle-environments 1.32.7,a52ba1bfe9df9dc1d504550af46744ef8d474797cdba7af2412dc40a3ebdf3b8,main,4f3ca95dd12d9a94b03339999d8803c155f450a8d3956636f050643301fcc5dd,kaggriculture-r88-rivals__thomas,448061490,0,88582,89291,0,1,0,DONE,DONE,719,719,649,638,74.824,26.491,1,,4.48
p3066_thomas,183139ff9cd682b8,kaggle-environments 1.32.7,a52ba1bfe9df9dc1d504550af46744ef8d474797cdba7af2412dc40a3ebdf3b8,main,4f3ca95dd12d9a94b03339999d8803c155f450a8d3956636f050643301fcc5dd,kaggriculture-r88-rivals__thomas,448061490,1,88105,89709,0,1,0,DONE,DONE,719,719,649,638,20.421,27.028,1,,4.44
p3066_thomas,183139ff9cd682b8,kaggle-environments 1.32.7,a52ba1bfe9df9dc1d504550af46744ef8d474797cdba7af2412dc40a3ebdf3b8,main,4f3ca95dd12d9a94b03339999d8803c155f450a8d3956636f050643301fcc5dd,kaggriculture-r88-rivals__thomas,452699881,0,71101,69278,1,0,0,DONE,DONE,719,719,650,650,72.653,28.793,1,,4.44
p3066_thomas,183139ff9cd682b8,kaggle-environments 1.32.7,a52ba1bfe9df9dc1d504550af46744ef8d474797cdba7af2412dc40a3ebdf3b8,main,4f3ca95dd12d9a94b03339999d8803c155f450a8d3956636f050643301fcc5dd,kaggriculture-r88-rivals__thomas,452699881,1,71101,69278,1,0,0,DONE,DONE,719,719,650,650,16.313,24.583,1,,4.19
p3066_thomas,183139ff9cd682b8,kaggle-environments 1.32.7,a52ba1bfe9df9dc1d504550af46744ef8d474797cdba7af2412dc40a3ebdf3b8,main,4f3ca95dd12d9a94b03339999d8803c155f450a8d3956636f050643301fcc5dd,kaggriculture-r88-rivals__thomas,456161391,0,127691,127542,1,0,0,DONE,DONE,719,719,654,654,122.415,27.039,1,,4.32
p3066_thomas,183139ff9cd682b8,kaggle-environments 1.32.7,a52ba1bfe9df9dc1d504550af46744ef8d474797cdba7af2412dc40a3ebdf3b8,main,4f3ca95dd12d9a94b03339999d8803c155f450a8d3956636f050643301fcc5dd,kaggriculture-r88-rivals__thomas,456161391,1,127691,127542,1,0,0,DONE,DONE,719,719,654,654,63.333,40.172,1,,4.28
p3066_thomas,183139ff9cd682b8,kaggle-environments 1.32.7,a52ba1bfe9df9dc1d504550af46744ef8d474797cdba7af2412dc40a3ebdf3b8,main,4f3ca95dd12d9a94b03339999d8803c155f450a8d3956636f050643301fcc5dd,kaggriculture-r88-rivals__thomas,456720214,0,93152,89839,1,0,0,DONE,DONE,719,719,649,649,57.563,36.312,1,,4.47
p3066_thomas,183139ff9cd682b8,kaggle-environments 1.32.7,a52ba1bfe9df9dc1d504550af46744ef8d474797cdba7af2412dc40a3ebdf3b8,main,4f3ca95dd12d9a94b03339999d8803c155f450a8d3956636f050643301fcc5dd,kaggriculture-r88-rivals__thomas,456720214,1,93152,89839,1,0,0,DONE,DONE,719,719,649,649,103.061,48.852,1,,4.23
p3066_thomas,183139ff9cd682b8,kaggle-environments 1.32.7,a52ba1bfe9df9dc1d504550af46744ef8d474797cdba7af2412dc40a3ebdf3b8,main,4f3ca95dd12d9a94b03339999d8803c155f450a8d3956636f050643301fcc5dd,kaggriculture-r88-rivals__thomas,462411185,0,105664,104973,1,0,0,DONE,DONE,719,719,654,654,84.983,25.854,1,,4.35
p3066_thomas,183139ff9cd682b8,kaggle-environments 1.32.7,a52ba1bfe9df9dc1d504550af46744ef8d474797cdba7af2412dc40a3ebdf3b8,main,4f3ca95dd12d9a94b03339999d8803c155f450a8d3956636f050643301fcc5dd,kaggriculture-r88-rivals__thomas,462411185,1,105664,104973,1,0,0,DONE,DONE,719,719,654,654,76.869,30.166,1,,4.15
p3066_thomas,183139ff9cd682b8,kaggle-environments 1.32.7,a52ba1bfe9df9dc1d504550af46744ef8d474797cdba7af2412dc40a3ebdf3b8,main,4f3ca95dd12d9a94b03339999d8803c155f450a8d3956636f050643301fcc5dd,kaggriculture-r88-rivals__thomas,465241085,0,81224,81180,1,0,0,DONE,DONE,719,719,655,655,15.28,25.949,1,,4.46
p3066_thomas,183139ff9cd682b8,kaggle-environments 1.32.7,a52ba1bfe9df9dc1d504550af46744ef8d474797cdba7af2412dc40a3ebdf3b8,main,4f3ca95dd12d9a94b03339999d8803c155f450a8d3956636f050643301fcc5dd,kaggriculture-r88-rivals__thomas,465241085,1,81224,81180,1,0,0,DONE,DONE,719,719,655,655,68.118,25.905,1,,4.3
p3066_thomas,183139ff9cd682b8,kaggle-environments 1.32.7,a52ba1bfe9df9dc1d504550af46744ef8d474797cdba7af2412dc40a3ebdf3b8,main,4f3ca95dd12d9a94b03339999d8803c155f450a8d3956636f050643301fcc5dd,kaggriculture-r88-rivals__thomas,469957904,0,78274,78889,0,1,0,DONE,DONE,719,719,647,634,90.771,24.943,1,,4.33
p3066_thomas,183139ff9cd682b8,kaggle-environments 1.32.7,a52ba1bfe9df9dc1d504550af46744ef8d474797cdba7af2412dc40a3ebdf3b8,main,4f3ca95dd12d9a94b03339999d8803c155f450a8d3956636f050643301fcc5dd,kaggriculture-r88-rivals__thomas,469957904,1,78274,78889,0,1,0,DONE,DONE,719,719,647,634,16.338,26.853,1,,4.07
p3066_thomas,183139ff9cd682b8,kaggle-environments 1.32.7,a52ba1bfe9df9dc1d504550af46744ef8d474797cdba7af2412dc40a3ebdf3b8,main,4f3ca95dd12d9a94b03339999d8803c155f450a8d3956636f050643301fcc5dd,kaggriculture-r88-rivals__thomas,470070161,0,96678,96853,0,1,0,DONE,DONE,719,719,655,655,16.511,25.338,1,,4.26
p3066_thomas,183139ff9cd682b8,kaggle-environments 1.32.7,a52ba1bfe9df9dc1d504550af46744ef8d474797cdba7af2412dc40a3ebdf3b8,main,4f3ca95dd12d9a94b03339999d8803c155f450a8d3956636f050643301fcc5dd,kaggriculture-r88-rivals__thomas,470070161,1,96678,96853,0,1,0,DONE,DONE,719,719,655,655,16.758,25.503,1,,4.44
p3066_thomas,183139ff9cd682b8,kaggle-environments 1.32.7,a52ba1bfe9df9dc1d504550af46744ef8d474797cdba7af2412dc40a3ebdf3b8,main,4f3ca95dd12d9a94b03339999d8803c155f450a8d3956636f050643301fcc5dd,kaggriculture-r88-rivals__thomas,471831356,0,117910,118089,0,1,0,DONE,DONE,719,719,657,657,72.146,25.699,1,,4.39
p3066_thomas,183139ff9cd682b8,kaggle-environments 1.32.7,a52ba1bfe9df9dc1d504550af46744ef8d474797cdba7af2412dc40a3ebdf3b8,main,4f3ca95dd12d9a94b03339999d8803c155f450a8d3956636f050643301fcc5dd,kaggriculture-r88-rivals__thomas,471831356,1,117910,118089,0,1,0,DONE,DONE,719,719,657,657,117.982,61.48,1,,4.42
p3066_thomas,183139ff9cd682b8,kaggle-environments 1.32.7,a52ba1bfe9df9dc1d504550af46744ef8d474797cdba7af2412dc40a3ebdf3b8,main,4f3ca95dd12d9a94b03339999d8803c155f450a8d3956636f050643301fcc5dd,kaggriculture-r88-rivals__thomas,474595349,0,125083,124489,1,0,0,DONE,DONE,719,719,653,653,60.804,58.266,1,,4.46
p3066_thomas,183139ff9cd682b8,kaggle-environments 1.32.7,a52ba1bfe9df9dc1d504550af46744ef8d474797cdba7af2412dc40a3ebdf3b8,main,4f3ca95dd12d9a94b03339999d8803c155f450a8d3956636f050643301fcc5dd,kaggriculture-r88-rivals__thomas,474595349,1,125083,124489,1,0,0,DONE,DONE,719,719,653,653,11.009,37.294,1,,4.4
p3066_thomas,183139ff9cd682b8,kaggle-environments 1.32.7,a52ba1bfe9df9dc1d504550af46744ef8d474797cdba7af2412dc40a3ebdf3b8,main,4f3ca95dd12d9a94b03339999d8803c155f450a8d3956636f050643301fcc5dd,kaggriculture-r88-rivals__thomas,475908397,0,73112,72902,1,0,0,DONE,DONE,719,719,649,649,135.739,25.962,1,,4.56
p3066_thomas,183139ff9cd682b8,kaggle-environments 1.32.7,a52ba1bfe9df9dc1d504550af46744ef8d474797cdba7af2412dc40a3ebdf3b8,main,4f3ca95dd12d9a94b03339999d8803c155f450a8d3956636f050643301fcc5dd,kaggriculture-r88-rivals__thomas,475908397,1,73112,72902,1,0,0,DONE,DONE,719,719,649,649,16.483,89.666,1,,4.28
p3066_thomas,183139ff9cd682b8,kaggle-environments 1.32.7,a52ba1bfe9df9dc1d504550af46744ef8d474797cdba7af2412dc40a3ebdf3b8,main,4f3ca95dd12d9a94b03339999d8803c155f450a8d3956636f050643301fcc5dd,kaggriculture-r88-rivals__thomas,476138433,0,151675,150794,1,0,0,DONE,DONE,719,719,659,659,16.013,28.93,1,,4.36
p3066_thomas,183139ff9cd682b8,kaggle-environments 1.32.7,a52ba1bfe9df9dc1d504550af46744ef8d474797cdba7af2412dc40a3ebdf3b8,main,4f3ca95dd12d9a94b03339999d8803c155f450a8d3956636f050643301fcc5dd,kaggriculture-r88-rivals__thomas,476138433,1,151675,150794,1,0,0,DONE,DONE,719,719,659,659,108.375,27.284,1,,4.65
p3066_thomas,183139ff9cd682b8,kaggle-environments 1.32.7,a52ba1bfe9df9dc1d504550af46744ef8d474797cdba7af2412dc40a3ebdf3b8,main,4f3ca95dd12d9a94b03339999d8803c155f450a8d3956636f050643301fcc5dd,kaggriculture-r88-rivals__thomas,479122216,0,115717,115219,1,0,0,DONE,DONE,719,719,649,637,124.746,27.477,1,,4.36
p3066_thomas,183139ff9cd682b8,kaggle-environments 1.32.7,a52ba1bfe9df9dc1d504550af46744ef8d474797cdba7af2412dc40a3ebdf3b8,main,4f3ca95dd12d9a94b03339999d8803c155f450a8d3956636f050643301fcc5dd,kaggriculture-r88-rivals__thomas,479122216,1,115717,115219,1,0,0,DONE,DONE,719,719,649,637,15.99,50.554,1,,4.58
p3066_thomas,183139ff9cd682b8,kaggle-environments 1.32.7,a52ba1bfe9df9dc1d504550af46744ef8d474797cdba7af2412dc40a3ebdf3b8,main,4f3ca95dd12d9a94b03339999d8803c155f450a8d3956636f050643301fcc5dd,kaggriculture-r88-rivals__thomas,482959909,0,98941,98657,1,0,0,DONE,DONE,719,719,658,658,35.403,117.007,1,,4.59
p3066_thomas,183139ff9cd682b8,kaggle-environments 1.32.7,a52ba1bfe9df9dc1d504550af46744ef8d474797cdba7af2412dc40a3ebdf3b8,main,4f3ca95dd12d9a94b03339999d8803c155f450a8d3956636f050643301fcc5dd,kaggriculture-r88-rivals__thomas,482959909,1,98941,98657,1,0,0,DONE,DONE,719,719,658,658,60.536,94.102,1,,4.18
p3066_thomas,183139ff9cd682b8,kaggle-environments 1.32.7,a52ba1bfe9df9dc1d504550af46744ef8d474797cdba7af2412dc40a3ebdf3b8,main,4f3ca95dd12d9a94b03339999d8803c155f450a8d3956636f050643301fcc5dd,kaggriculture-r88-rivals__thomas,484600815,0,124701,124734,0,1,0,DONE,DONE,719,719,654,654,76.854,35.247,1,,4.2
p3066_thomas,183139ff9cd682b8,kaggle-environments 1.32.7,a52ba1bfe9df9dc1d504550af46744ef8d474797cdba7af2412dc40a3ebdf3b8,main,4f3ca95dd12d9a94b03339999d8803c155f450a8d3956636f050643301fcc5dd,kaggriculture-r88-rivals__thomas,484600815,1,124701,124734,0,1,0,DONE,DONE,719,719,654,654,77.35,31.778,1,,4.25
p3066_thomas,183139ff9cd682b8,kaggle-environments 1.32.7,a52ba1bfe9df9dc1d504550af46744ef8d474797cdba7af2412dc40a3ebdf3b8,main,4f3ca95dd12d9a94b03339999d8803c155f450a8d3956636f050643301fcc5dd,kaggriculture-r88-rivals__thomas,489047414,0,58958,58769,1,0,0,DONE,DONE,719,719,651,651,91.588,25.227,1,,4.38
p3066_thomas,183139ff9cd682b8,kaggle-environments 1.32.7,a52ba1bfe9df9dc1d504550af46744ef8d474797cdba7af2412dc40a3ebdf3b8,main,4f3ca95dd12d9a94b03339999d8803c155f450a8d3956636f050643301fcc5dd,kaggriculture-r88-rivals__thomas,489047414,1,58958,58769,1,0,0,DONE,DONE,719,719,651,651,24.722,28.035,1,,4.39
p3066_thomas,183139ff9cd682b8,kaggle-environments 1.32.7,a52ba1bfe9df9dc1d504550af46744ef8d474797cdba7af2412dc40a3ebdf3b8,main,4f3ca95dd12d9a94b03339999d8803c155f450a8d3956636f050643301fcc5dd,kaggriculture-r88-rivals__thomas,489401326,0,101912,103242,0,1,0,DONE,DONE,719,719,647,635,84.514,83.849,1,,4.46
p3066_thomas,183139ff9cd682b8,kaggle-environments 1.32.7,a52ba1bfe9df9dc1d504550af46744ef8d474797cdba7af2412dc40a3ebdf3b8,main,4f3ca95dd12d9a94b03339999d8803c155f450a8d3956636f050643301fcc5dd,kaggriculture-r88-rivals__thomas,489401326,1,101912,103242,0,1,0,DONE,DONE,719,719,647,635,17.46,149.664,1,,4.31
p3066_thomas,183139ff9cd682b8,kaggle-environments 1.32.7,a52ba1bfe9df9dc1d504550af46744ef8d474797cdba7af2412dc40a3ebdf3b8,main,4f3ca95dd12d9a94b03339999d8803c155f450a8d3956636f050643301fcc5dd,kaggriculture-r88-rivals__thomas,489668136,0,116827,116725,1,0,0,DONE,DONE,719,719,658,658,127.344,25.916,1,,4.39
p3066_thomas,183139ff9cd682b8,kaggle-environments 1.32.7,a52ba1bfe9df9dc1d504550af46744ef8d474797cdba7af2412dc40a3ebdf3b8,main,4f3ca95dd12d9a94b03339999d8803c155f450a8d3956636f050643301fcc5dd,kaggriculture-r88-rivals__thomas,489668136,1,116827,116725,1,0,0,DONE,DONE,719,719,658,658,59.705,30.662,1,,4.37
p3066_thomas,183139ff9cd682b8,kaggle-environments 1.32.7,a52ba1bfe9df9dc1d504550af46744ef8d474797cdba7af2412dc40a3ebdf3b8,main,4f3ca95dd12d9a94b03339999d8803c155f450a8d3956636f050643301fcc5dd,kaggriculture-r88-rivals__thomas,490976042,0,120011,119852,1,0,0,DONE,DONE,719,719,641,641,15.928,27.837,1,,4.24
p3066_thomas,183139ff9cd682b8,kaggle-environments 1.32.7,a52ba1bfe9df9dc1d504550af46744ef8d474797cdba7af2412dc40a3ebdf3b8,main,4f3ca95dd12d9a94b03339999d8803c155f450a8d3956636f050643301fcc5dd,kaggriculture-r88-rivals__thomas,490976042,1,120011,119852,1,0,0,DONE,DONE,719,719,641,641,15.686,24.806,1,,4.29
p3066_thomas,183139ff9cd682b8,kaggle-environments 1.32.7,a52ba1bfe9df9dc1d504550af46744ef8d474797cdba7af2412dc40a3ebdf3b8,main,4f3ca95dd12d9a94b03339999d8803c155f450a8d3956636f050643301fcc5dd,kaggriculture-r88-rivals__thomas,493678754,0,92513,93891,0,1,0,DONE,DONE,719,719,649,649,58.434,24.466,1,,4.41
p3066_thomas,183139ff9cd682b8,kaggle-environments 1.32.7,a52ba1bfe9df9dc1d504550af46744ef8d474797cdba7af2412dc40a3ebdf3b8,main,4f3ca95dd12d9a94b03339999d8803c155f450a8d3956636f050643301fcc5dd,kaggriculture-r88-rivals__thomas,493678754,1,92513,93891,0,1,0,DONE,DONE,719,719,649,649,10.334,74.616,1,,4.55
p3066_thomas,183139ff9cd682b8,kaggle-environments 1.32.7,a52ba1bfe9df9dc1d504550af46744ef8d474797cdba7af2412dc40a3ebdf3b8,main,4f3ca95dd12d9a94b03339999d8803c155f450a8d3956636f050643301fcc5dd,kaggriculture-r88-rivals__thomas,493753758,0,80193,79771,1,0,0,DONE,DONE,719,719,650,650,40.71,26.76,1,,4.18
p3066_thomas,183139ff9cd682b8,kaggle-environments 1.32.7,a52ba1bfe9df9dc1d504550af46744ef8d474797cdba7af2412dc40a3ebdf3b8,main,4f3ca95dd12d9a94b03339999d8803c155f450a8d3956636f050643301fcc5dd,kaggriculture-r88-rivals__thomas,493753758,1,80193,79771,1,0,0,DONE,DONE,719,719,650,650,83.015,74.305,1,,4.4
p3066_thomas,183139ff9cd682b8,kaggle-environments 1.32.7,a52ba1bfe9df9dc1d504550af46744ef8d474797cdba7af2412dc40a3ebdf3b8,main,4f3ca95dd12d9a94b03339999d8803c155f450a8d3956636f050643301fcc5dd,kaggriculture-r88-rivals__thomas,495268821,0,126452,125473,1,0,0,DONE,DONE,719,719,659,659,11.119,28.08,1,,4.54
p3066_thomas,183139ff9cd682b8,kaggle-environments 1.32.7,a52ba1bfe9df9dc1d504550af46744ef8d474797cdba7af2412dc40a3ebdf3b8,main,4f3ca95dd12d9a94b03339999d8803c155f450a8d3956636f050643301fcc5dd,kaggriculture-r88-rivals__thomas,495268821,1,126584,125341,1,0,0,DONE,DONE,719,719,659,659,85.179,27.3,1,,4.73
p3066_thomas,183139ff9cd682b8,kaggle-environments 1.32.7,a52ba1bfe9df9dc1d504550af46744ef8d474797cdba7af2412dc40a3ebdf3b8,main,4f3ca95dd12d9a94b03339999d8803c155f450a8d3956636f050643301fcc5dd,kaggriculture-r88-rivals__thomas,503326514,0,137643,137678,0,1,0,DONE,DONE,719,719,656,656,16.61,25.682,1,,4.22
p3066_thomas,183139ff9cd682b8,kaggle-environments 1.32.7,a52ba1bfe9df9dc1d504550af46744ef8d474797cdba7af2412dc40a3ebdf3b8,main,4f3ca95dd12d9a94b03339999d8803c155f450a8d3956636f050643301fcc5dd,kaggriculture-r88-rivals__thomas,503326514,1,137643,137678,0,1,0,DONE,DONE,719,719,656,656,85.531,96.809,1,,4.52
p3066_thomas,183139ff9cd682b8,kaggle-environments 1.32.7,a52ba1bfe9df9dc1d504550af46744ef8d474797cdba7af2412dc40a3ebdf3b8,main,4f3ca95dd12d9a94b03339999d8803c155f450a8d3956636f050643301fcc5dd,kaggriculture-r88-rivals__thomas,503687205,0,104104,104812,0,1,0,DONE,DONE,719,719,649,637,44.46,25.829,1,,4.19
p3066_thomas,183139ff9cd682b8,kaggle-environments 1.32.7,a52ba1bfe9df9dc1d504550af46744ef8d474797cdba7af2412dc40a3ebdf3b8,main,4f3ca95dd12d9a94b03339999d8803c155f450a8d3956636f050643301fcc5dd,kaggriculture-r88-rivals__thomas,503687205,1,104104,104812,0,1,0,DONE,DONE,719,719,649,637,52.439,123.127,1,,4.39
p3066_thomas,183139ff9cd682b8,kaggle-environments 1.32.7,a52ba1bfe9df9dc1d504550af46744ef8d474797cdba7af2412dc40a3ebdf3b8,main,4f3ca95dd12d9a94b03339999d8803c155f450a8d3956636f050643301fcc5dd,kaggriculture-r88-rivals__thomas,505579120,0,81915,80720,1,0,0,DONE,DONE,719,719,656,656,16.026,26.028,1,,4.38
p3066_thomas,183139ff9cd682b8,kaggle-environments 1.32.7,a52ba1bfe9df9dc1d504550af46744ef8d474797cdba7af2412dc40a3ebdf3b8,main,4f3ca95dd12d9a94b03339999d8803c155f450a8d3956636f050643301fcc5dd,kaggriculture-r88-rivals__thomas,505579120,1,81915,80720,1,0,0,DONE,DONE,719,719,656,656,15.503,24.774,1,,4.27
p3066_thomas,183139ff9cd682b8,kaggle-environments 1.32.7,a52ba1bfe9df9dc1d504550af46744ef8d474797cdba7af2412dc40a3ebdf3b8,main,4f3ca95dd12d9a94b03339999d8803c155f450a8d3956636f050643301fcc5dd,kaggriculture-r88-rivals__thomas,505757428,0,117819,118943,0,1,0,DONE,DONE,719,719,649,637,15.695,26.94,1,,4.25
p3066_thomas,183139ff9cd682b8,kaggle-environments 1.32.7,a52ba1bfe9df9dc1d504550af46744ef8d474797cdba7af2412dc40a3ebdf3b8,main,4f3ca95dd12d9a94b03339999d8803c155f450a8d3956636f050643301fcc5dd,kaggriculture-r88-rivals__thomas,505757428,1,117819,118943,0,1,0,DONE,DONE,719,719,649,637,15.602,24.727,1,,4.06
p3066_thomas,183139ff9cd682b8,kaggle-environments 1.32.7,a52ba1bfe9df9dc1d504550af46744ef8d474797cdba7af2412dc40a3ebdf3b8,main,4f3ca95dd12d9a94b03339999d8803c155f450a8d3956636f050643301fcc5dd,kaggriculture-r88-rivals__thomas,508154806,0,111005,110765,1,0,0,DONE,DONE,719,719,638,639,44.338,24.835,1,,4.73
p3066_thomas,183139ff9cd682b8,kaggle-environments 1.32.7,a52ba1bfe9df9dc1d504550af46744ef8d474797cdba7af2412dc40a3ebdf3b8,main,4f3ca95dd12d9a94b03339999d8803c155f450a8d3956636f050643301fcc5dd,kaggriculture-r88-rivals__thomas,508154806,1,111005,110765,1,0,0,DONE,DONE,719,719,639,638,61.838,80.129,1,,4.78
p3066_thomas,183139ff9cd682b8,kaggle-environments 1.32.7,a52ba1bfe9df9dc1d504550af46744ef8d474797cdba7af2412dc40a3ebdf3b8,main,4f3ca95dd12d9a94b03339999d8803c155f450a8d3956636f050643301fcc5dd,kaggriculture-r88-rivals__thomas,511271508,0,67689,64820,1,0,0,DONE,DONE,719,719,653,653,17.141,28.521,1,,4.48
p3066_thomas,183139ff9cd682b8,kaggle-environments 1.32.7,a52ba1bfe9df9dc1d504550af46744ef8d474797cdba7af2412dc40a3ebdf3b8,main,4f3ca95dd12d9a94b03339999d8803c155f450a8d3956636f050643301fcc5dd,kaggriculture-r88-rivals__thomas,511271508,1,67689,64820,1,0,0,DONE,DONE,719,719,653,653,15.819,74.592,1,,4.17
p3066_thomas,183139ff9cd682b8,kaggle-environments 1.32.7,a52ba1bfe9df9dc1d504550af46744ef8d474797cdba7af2412dc40a3ebdf3b8,main,4f3ca95dd12d9a94b03339999d8803c155f450a8d3956636f050643301fcc5dd,kaggriculture-r88-rivals__thomas,513405735,0,84139,83082,1,0,0,DONE,DONE,719,719,650,650,15.528,26.055,1,,4.35
p3066_thomas,183139ff9cd682b8,kaggle-environments 1.32.7,a52ba1bfe9df9dc1d504550af46744ef8d474797cdba7af2412dc40a3ebdf3b8,main,4f3ca95dd12d9a94b03339999d8803c155f450a8d3956636f050643301fcc5dd,kaggriculture-r88-rivals__thomas,513405735,1,84139,83082,1,0,0,DONE,DONE,719,719,650,650,15.531,32.079,1,,4.27
p3066_thomas,183139ff9cd682b8,kaggle-environments 1.32.7,a52ba1bfe9df9dc1d504550af46744ef8d474797cdba7af2412dc40a3ebdf3b8,main,4f3ca95dd12d9a94b03339999d8803c155f450a8d3956636f050643301fcc5dd,kaggriculture-r88-rivals__thomas,514211692,0,82337,80115,1,0,0,DONE,DONE,719,719,654,654,99.545,27.017,1,,4.55
p3066_thomas,183139ff9cd682b8,kaggle-environments 1.32.7,a52ba1bfe9df9dc1d504550af46744ef8d474797cdba7af2412dc40a3ebdf3b8,main,4f3ca95dd12d9a94b03339999d8803c155f450a8d3956636f050643301fcc5dd,kaggriculture-r88-rivals__thomas,514211692,1,82337,80115,1,0,0,DONE,DONE,719,719,654,654,16.569,95.43,1,,4.28
p3066_thomas,183139ff9cd682b8,kaggle-environments 1.32.7,a52ba1bfe9df9dc1d504550af46744ef8d474797cdba7af2412dc40a3ebdf3b8,main,4f3ca95dd12d9a94b03339999d8803c155f450a8d3956636f050643301fcc5dd,kaggriculture-r88-rivals__thomas,517166803,0,112399,114235,0,1,0,DONE,DONE,719,719,650,639,93.025,26.49,1,,4.36
p3066_thomas,183139ff9cd682b8,kaggle-environments 1.32.7,a52ba1bfe9df9dc1d504550af46744ef8d474797cdba7af2412dc40a3ebdf3b8,main,4f3ca95dd12d9a94b03339999d8803c155f450a8d3956636f050643301fcc5dd,kaggriculture-r88-rivals__thomas,517166803,1,112399,114235,0,1,0,DONE,DONE,719,719,650,639,15.677,47.915,1,,4.31
p3066_thomas,183139ff9cd682b8,kaggle-environments 1.32.7,a52ba1bfe9df9dc1d504550af46744ef8d474797cdba7af2412dc40a3ebdf3b8,main,4f3ca95dd12d9a94b03339999d8803c155f450a8d3956636f050643301fcc5dd,kaggriculture-r88-rivals__thomas,517576207,0,71783,72621,0,1,0,DONE,DONE,719,719,653,653,50.326,28.649,1,,4.55
p3066_thomas,183139ff9cd682b8,kaggle-environments 1.32.7,a52ba1bfe9df9dc1d504550af46744ef8d474797cdba7af2412dc40a3ebdf3b8,main,4f3ca95dd12d9a94b03339999d8803c155f450a8d3956636f050643301fcc5dd,kaggriculture-r88-rivals__thomas,517576207,1,71783,72621,0,1,0,DONE,DONE,719,719,653,653,15.723,76.025,1,,4.37
p3066_thomas,183139ff9cd682b8,kaggle-environments 1.32.7,a52ba1bfe9df9dc1d504550af46744ef8d474797cdba7af2412dc40a3ebdf3b8,main,4f3ca95dd12d9a94b03339999d8803c155f450a8d3956636f050643301fcc5dd,kaggriculture-r88-rivals__thomas,519017022,0,82841,80248,1,0,0,DONE,DONE,719,719,653,653,16.239,26.645,1,,4.34
p3066_thomas,183139ff9cd682b8,kaggle-environments 1.32.7,a52ba1bfe9df9dc1d504550af46744ef8d474797cdba7af2412dc40a3ebdf3b8,main,4f3ca95dd12d9a94b03339999d8803c155f450a8d3956636f050643301fcc5dd,kaggriculture-r88-rivals__thomas,519017022,1,82841,80248,1,0,0,DONE,DONE,719,719,653,653,80.508,27.866,1,,4.49
p3066_thomas,183139ff9cd682b8,kaggle-environments 1.32.7,a52ba1bfe9df9dc1d504550af46744ef8d474797cdba7af2412dc40a3ebdf3b8,main,4f3ca95dd12d9a94b03339999d8803c155f450a8d3956636f050643301fcc5dd,kaggriculture-r88-rivals__thomas,521081115,0,89404,89832,0,1,0,DONE,DONE,719,719,653,653,130.7,26.53,1,,4.26
p3066_thomas,183139ff9cd682b8,kaggle-environments 1.32.7,a52ba1bfe9df9dc1d504550af46744ef8d474797cdba7af2412dc40a3ebdf3b8,main,4f3ca95dd12d9a94b03339999d8803c155f450a8d3956636f050643301fcc5dd,kaggriculture-r88-rivals__thomas,521081115,1,89404,89832,0,1,0,DONE,DONE,719,719,653,653,118.853,27.28,1,,4.41
p3066_thomas,183139ff9cd682b8,kaggle-environments 1.32.7,a52ba1bfe9df9dc1d504550af46744ef8d474797cdba7af2412dc40a3ebdf3b8,main,4f3ca95dd12d9a94b03339999d8803c155f450a8d3956636f050643301fcc5dd,kaggriculture-r88-rivals__thomas,521086887,0,105027,104956,1,0,0,DONE,DONE,719,719,654,654,41.672,25.578,1,,4.12
p3066_thomas,183139ff9cd682b8,kaggle-environments 1.32.7,a52ba1bfe9df9dc1d504550af46744ef8d474797cdba7af2412dc40a3ebdf3b8,main,4f3ca95dd12d9a94b03339999d8803c155f450a8d3956636f050643301fcc5dd,kaggriculture-r88-rivals__thomas,521086887,1,105027,104956,1,0,0,DONE,DONE,719,719,654,654,99.407,26.915,1,,4.3
p3066_thomas,183139ff9cd682b8,kaggle-environments 1.32.7,a52ba1bfe9df9dc1d504550af46744ef8d474797cdba7af2412dc40a3ebdf3b8,main,4f3ca95dd12d9a94b03339999d8803c155f450a8d3956636f050643301fcc5dd,kaggriculture-r88-rivals__thomas,521257964,0,105216,105155,1,0,0,DONE,DONE,719,719,649,649,50.328,28.247,1,,4.13
p3066_thomas,183139ff9cd682b8,kaggle-environments 1.32.7,a52ba1bfe9df9dc1d504550af46744ef8d474797cdba7af2412dc40a3ebdf3b8,main,4f3ca95dd12d9a94b03339999d8803c155f450a8d3956636f050643301fcc5dd,kaggriculture-r88-rivals__thomas,521257964,1,105216,105155,1,0,0,DONE,DONE,719,719,649,649,80.496,25.829,1,,4.15
p3066_thomas,183139ff9cd682b8,kaggle-environments 1.32.7,a52ba1bfe9df9dc1d504550af46744ef8d474797cdba7af2412dc40a3ebdf3b8,main,4f3ca95dd12d9a94b03339999d8803c155f450a8d3956636f050643301fcc5dd,kaggriculture-r88-rivals__thomas,524753394,0,71316,70531,1,0,0,DONE,DONE,719,719,649,649,67.526,25.954,1,,4.43
p3066_thomas,183139ff9cd682b8,kaggle-environments 1.32.7,a52ba1bfe9df9dc1d504550af46744ef8d474797cdba7af2412dc40a3ebdf3b8,main,4f3ca95dd12d9a94b03339999d8803c155f450a8d3956636f050643301fcc5dd,kaggriculture-r88-rivals__thomas,524753394,1,71316,70531,1,0,0,DONE,DONE,719,719,649,649,65.318,104.615,1,,4.85
p3066_thomas,183139ff9cd682b8,kaggle-environments 1.32.7,a52ba1bfe9df9dc1d504550af46744ef8d474797cdba7af2412dc40a3ebdf3b8,main,4f3ca95dd12d9a94b03339999d8803c155f450a8d3956636f050643301fcc5dd,kaggriculture-r88-rivals__thomas,525599854,0,90481,95345,0,1,0,DONE,DONE,719,719,648,637,19.853,26.75,1,,4.47
p3066_thomas,183139ff9cd682b8,kaggle-environments 1.32.7,a52ba1bfe9df9dc1d504550af46744ef8d474797cdba7af2412dc40a3ebdf3b8,main,4f3ca95dd12d9a94b03339999d8803c155f450a8d3956636f050643301fcc5dd,kaggriculture-r88-rivals__thomas,525599854,1,90481,95345,0,1,0,DONE,DONE,719,719,648,637,81.554,26.77,1,,4.21
p3066_thomas,183139ff9cd682b8,kaggle-environments 1.32.7,a52ba1bfe9df9dc1d504550af46744ef8d474797cdba7af2412dc40a3ebdf3b8,main,4f3ca95dd12d9a94b03339999d8803c155f450a8d3956636f050643301fcc5dd,kaggriculture-r88-rivals__thomas,528610972,0,94987,93248,1,0,0,DONE,DONE,719,719,653,653,58.23,27.233,1,,4.35
p3066_thomas,183139ff9cd682b8,kaggle-environments 1.32.7,a52ba1bfe9df9dc1d504550af46744ef8d474797cdba7af2412dc40a3ebdf3b8,main,4f3ca95dd12d9a94b03339999d8803c155f450a8d3956636f050643301fcc5dd,kaggriculture-r88-rivals__thomas,528610972,1,94987,93248,1,0,0,DONE,DONE,719,719,653,653,17.443,26.404,1,,4.31
p3066_thomas,183139ff9cd682b8,kaggle-environments 1.32.7,a52ba1bfe9df9dc1d504550af46744ef8d474797cdba7af2412dc40a3ebdf3b8,main,4f3ca95dd12d9a94b03339999d8803c155f450a8d3956636f050643301fcc5dd,kaggriculture-r88-rivals__thomas,534889110,0,123057,123460,0,1,0,DONE,DONE,719,719,654,654,33.177,110.606,1,,4.63
p3066_thomas,183139ff9cd682b8,kaggle-environments 1.32.7,a52ba1bfe9df9dc1d504550af46744ef8d474797cdba7af2412dc40a3ebdf3b8,main,4f3ca95dd12d9a94b03339999d8803c155f450a8d3956636f050643301fcc5dd,kaggriculture-r88-rivals__thomas,534889110,1,123057,123460,0,1,0,DONE,DONE,719,719,654,654,17.487,31.382,1,,4.64
p3066_thomas,183139ff9cd682b8,kaggle-environments 1.32.7,a52ba1bfe9df9dc1d504550af46744ef8d474797cdba7af2412dc40a3ebdf3b8,main,4f3ca95dd12d9a94b03339999d8803c155f450a8d3956636f050643301fcc5dd,kaggriculture-r88-rivals__thomas,536028917,0,93955,97997,0,1,0,DONE,DONE,719,719,665,641,6.618,34.037,1,,4.45
p3066_thomas,183139ff9cd682b8,kaggle-environments 1.32.7,a52ba1bfe9df9dc1d504550af46744ef8d474797cdba7af2412dc40a3ebdf3b8,main,4f3ca95dd12d9a94b03339999d8803c155f450a8d3956636f050643301fcc5dd,kaggriculture-r88-rivals__thomas,536028917,1,88866,92848,0,1,0,DONE,DONE,719,719,665,641,8.421,29.379,1,,4.53
p3066_thomas,183139ff9cd682b8,kaggle-environments 1.32.7,a52ba1bfe9df9dc1d504550af46744ef8d474797cdba7af2412dc40a3ebdf3b8,main,4f3ca95dd12d9a94b03339999d8803c155f450a8d3956636f050643301fcc5dd,kaggriculture-r88-rivals__thomas,536809336,0,84063,86249,0,1,0,DONE,DONE,719,719,650,637,54.959,26.951,1,,4.36
p3066_thomas,183139ff9cd682b8,kaggle-environments 1.32.7,a52ba1bfe9df9dc1d504550af46744ef8d474797cdba7af2412dc40a3ebdf3b8,main,4f3ca95dd12d9a94b03339999d8803c155f450a8d3956636f050643301fcc5dd,kaggriculture-r88-rivals__thomas,536809336,1,84003,86269,0,1,0,DONE,DONE,719,719,650,637,107.527,27.138,1,,4.32
p3066_thomas,183139ff9cd682b8,kaggle-environments 1.32.7,a52ba1bfe9df9dc1d504550af46744ef8d474797cdba7af2412dc40a3ebdf3b8,main,4f3ca95dd12d9a94b03339999d8803c155f450a8d3956636f050643301fcc5dd,kaggriculture-r88-rivals__thomas,537088443,0,102756,104261,0,1,0,DONE,DONE,719,719,646,633,15.412,26.331,1,,4.43
p3066_thomas,183139ff9cd682b8,kaggle-environments 1.32.7,a52ba1bfe9df9dc1d504550af46744ef8d474797cdba7af2412dc40a3ebdf3b8,main,4f3ca95dd12d9a94b03339999d8803c155f450a8d3956636f050643301fcc5dd,kaggriculture-r88-rivals__thomas,537088443,1,102756,104261,0,1,0,DONE,DONE,719,719,646,633,15.279,25.763,1,,4.3
p3066_thomas,183139ff9cd682b8,kaggle-environments 1.32.7,a52ba1bfe9df9dc1d504550af46744ef8d474797cdba7af2412dc40a3ebdf3b8,main,4f3ca95dd12d9a94b03339999d8803c155f450a8d3956636f050643301fcc5dd,kaggriculture-r88-rivals__thomas,543888094,0,92951,90884,1,0,0,DONE,DONE,719,719,652,652,16.409,26.884,1,,4.23
p3066_thomas,183139ff9cd682b8,kaggle-environments 1.32.7,a52ba1bfe9df9dc1d504550af46744ef8d474797cdba7af2412dc40a3ebdf3b8,main,4f3ca95dd12d9a94b03339999d8803c155f450a8d3956636f050643301fcc5dd,kaggriculture-r88-rivals__thomas,543888094,1,92951,90884,1,0,0,DONE,DONE,719,719,652,652,16.765,26.272,1,,4.13
