experiment_id,run_id,environment_version,candidate_sha,candidate_name,opponent_sha,opponent_name,seed,seat,candidate_cash,opponent_cash,win,loss,tie,candidate_status,opponent_status,candidate_calls,opponent_calls,valid,invalid_reason,wall_s
p3066_c001_farm,cdd0ae7b4c999599,kaggle-environments 1.32.7,a52ba1bfe9df9dc1d504550af46744ef8d474797cdba7af2412dc40a3ebdf3b8,main,bfee70e9daaebeae0737a880f1df8f1c60d0783c59af620136cc0d28ef482bc7,farm_2945_original,1589371,0,86284,86573,0,1,0,DONE,DONE,719,719,1,,4.83
p3066_c001_farm,cdd0ae7b4c999599,kaggle-environments 1.32.7,a52ba1bfe9df9dc1d504550af46744ef8d474797cdba7af2412dc40a3ebdf3b8,main,bfee70e9daaebeae0737a880f1df8f1c60d0783c59af620136cc0d28ef482bc7,farm_2945_original,1589371,1,86284,86573,0,1,0,DONE,DONE,719,719,1,,5.28
p3066_c001_farm,cdd0ae7b4c999599,kaggle-environments 1.32.7,a52ba1bfe9df9dc1d504550af46744ef8d474797cdba7af2412dc40a3ebdf3b8,main,bfee70e9daaebeae0737a880f1df8f1c60d0783c59af620136cc0d28ef482bc7,farm_2945_original,2527947,0,114540,115238,0,1,0,DONE,DONE,719,719,1,,5.07
p3066_c001_farm,cdd0ae7b4c999599,kaggle-environments 1.32.7,a52ba1bfe9df9dc1d504550af46744ef8d474797cdba7af2412dc40a3ebdf3b8,main,bfee70e9daaebeae0737a880f1df8f1c60d0783c59af620136cc0d28ef482bc7,farm_2945_original,2527947,1,117014,119022,0,1,0,DONE,DONE,719,719,1,,5.49
p3066_c001_farm,cdd0ae7b4c999599,kaggle-environments 1.32.7,a52ba1bfe9df9dc1d504550af46744ef8d474797cdba7af2412dc40a3ebdf3b8,main,bfee70e9daaebeae0737a880f1df8f1c60d0783c59af620136cc0d28ef482bc7,farm_2945_original,2530515,0,92779,92774,1,0,0,DONE,DONE,719,719,1,,4.83
p3066_c001_farm,cdd0ae7b4c999599,kaggle-environments 1.32.7,a52ba1bfe9df9dc1d504550af46744ef8d474797cdba7af2412dc40a3ebdf3b8,main,bfee70e9daaebeae0737a880f1df8f1c60d0783c59af620136cc0d28ef482bc7,farm_2945_original,2530515,1,92779,92774,1,0,0,DONE,DONE,719,719,1,,5.07
p3066_c001_farm,cdd0ae7b4c999599,kaggle-environments 1.32.7,a52ba1bfe9df9dc1d504550af46744ef8d474797cdba7af2412dc40a3ebdf3b8,main,bfee70e9daaebeae0737a880f1df8f1c60d0783c59af620136cc0d28ef482bc7,farm_2945_original,2684125,0,117603,117305,1,0,0,DONE,DONE,719,719,1,,5.26
p3066_c001_farm,cdd0ae7b4c999599,kaggle-environments 1.32.7,a52ba1bfe9df9dc1d504550af46744ef8d474797cdba7af2412dc40a3ebdf3b8,main,bfee70e9daaebeae0737a880f1df8f1c60d0783c59af620136cc0d28ef482bc7,farm_2945_original,2684125,1,117603,117305,1,0,0,DONE,DONE,719,719,1,,5.05
p3066_c001_farm,cdd0ae7b4c999599,kaggle-environments 1.32.7,a52ba1bfe9df9dc1d504550af46744ef8d474797cdba7af2412dc40a3ebdf3b8,main,bfee70e9daaebeae0737a880f1df8f1c60d0783c59af620136cc0d28ef482bc7,farm_2945_original,2704029,0,94154,94910,0,1,0,DONE,DONE,719,719,1,,4.11
p3066_c001_farm,cdd0ae7b4c999599,kaggle-environments 1.32.7,a52ba1bfe9df9dc1d504550af46744ef8d474797cdba7af2412dc40a3ebdf3b8,main,bfee70e9daaebeae0737a880f1df8f1c60d0783c59af620136cc0d28ef482bc7,farm_2945_original,2704029,1,94154,94910,0,1,0,DONE,DONE,719,719,1,,4.06
p3066_c001_farm,cdd0ae7b4c999599,kaggle-environments 1.32.7,a52ba1bfe9df9dc1d504550af46744ef8d474797cdba7af2412dc40a3ebdf3b8,main,bfee70e9daaebeae0737a880f1df8f1c60d0783c59af620136cc0d28ef482bc7,farm_2945_original,3468142,0,97775,97195,1,0,0,DONE,DONE,719,719,1,,4.26
p3066_c001_farm,cdd0ae7b4c999599,kaggle-environments 1.32.7,a52ba1bfe9df9dc1d504550af46744ef8d474797cdba7af2412dc40a3ebdf3b8,main,bfee70e9daaebeae0737a880f1df8f1c60d0783c59af620136cc0d28ef482bc7,farm_2945_original,3468142,1,97775,97195,1,0,0,DONE,DONE,719,719,1,,4.62
p3066_c001_farm,cdd0ae7b4c999599,kaggle-environments 1.32.7,a52ba1bfe9df9dc1d504550af46744ef8d474797cdba7af2412dc40a3ebdf3b8,main,bfee70e9daaebeae0737a880f1df8f1c60d0783c59af620136cc0d28ef482bc7,farm_2945_original,5521358,0,77721,77576,1,0,0,DONE,DONE,719,719,1,,4.17
p3066_c001_farm,cdd0ae7b4c999599,kaggle-environments 1.32.7,a52ba1bfe9df9dc1d504550af46744ef8d474797cdba7af2412dc40a3ebdf3b8,main,bfee70e9daaebeae0737a880f1df8f1c60d0783c59af620136cc0d28ef482bc7,farm_2945_original,5521358,1,77721,77576,1,0,0,DONE,DONE,719,719,1,,4.47
p3066_c001_farm,cdd0ae7b4c999599,kaggle-environments 1.32.7,a52ba1bfe9df9dc1d504550af46744ef8d474797cdba7af2412dc40a3ebdf3b8,main,bfee70e9daaebeae0737a880f1df8f1c60d0783c59af620136cc0d28ef482bc7,farm_2945_original,7923960,0,113281,113776,0,1,0,DONE,DONE,719,719,1,,4.31
p3066_c001_farm,cdd0ae7b4c999599,kaggle-environments 1.32.7,a52ba1bfe9df9dc1d504550af46744ef8d474797cdba7af2412dc40a3ebdf3b8,main,bfee70e9daaebeae0737a880f1df8f1c60d0783c59af620136cc0d28ef482bc7,farm_2945_original,7923960,1,113281,113776,0,1,0,DONE,DONE,719,719,1,,4.15
p3066_c001_farm,cdd0ae7b4c999599,kaggle-environments 1.32.7,a52ba1bfe9df9dc1d504550af46744ef8d474797cdba7af2412dc40a3ebdf3b8,main,bfee70e9daaebeae0737a880f1df8f1c60d0783c59af620136cc0d28ef482bc7,farm_2945_original,9421863,0,115110,114977,1,0,0,DONE,DONE,719,719,1,,4.53
p3066_c001_farm,cdd0ae7b4c999599,kaggle-environments 1.32.7,a52ba1bfe9df9dc1d504550af46744ef8d474797cdba7af2412dc40a3ebdf3b8,main,bfee70e9daaebeae0737a880f1df8f1c60d0783c59af620136cc0d28ef482bc7,farm_2945_original,9421863,1,115110,114977,1,0,0,DONE,DONE,719,719,1,,4.26
p3066_c001_farm,cdd0ae7b4c999599,kaggle-environments 1.32.7,a52ba1bfe9df9dc1d504550af46744ef8d474797cdba7af2412dc40a3ebdf3b8,main,bfee70e9daaebeae0737a880f1df8f1c60d0783c59af620136cc0d28ef482bc7,farm_2945_original,11791344,0,87112,85023,1,0,0,DONE,DONE,719,719,1,,4.94
p3066_c001_farm,cdd0ae7b4c999599,kaggle-environments 1.32.7,a52ba1bfe9df9dc1d504550af46744ef8d474797cdba7af2412dc40a3ebdf3b8,main,bfee70e9daaebeae0737a880f1df8f1c60d0783c59af620136cc0d28ef482bc7,farm_2945_original,11791344,1,87112,85023,1,0,0,DONE,DONE,719,719,1,,4.63
p3066_c001_farm,cdd0ae7b4c999599,kaggle-environments 1.32.7,a52ba1bfe9df9dc1d504550af46744ef8d474797cdba7af2412dc40a3ebdf3b8,main,bfee70e9daaebeae0737a880f1df8f1c60d0783c59af620136cc0d28ef482bc7,farm_2945_original,11837966,0,76959,74677,1,0,0,DONE,DONE,719,719,1,,4.39
p3066_c001_farm,cdd0ae7b4c999599,kaggle-environments 1.32.7,a52ba1bfe9df9dc1d504550af46744ef8d474797cdba7af2412dc40a3ebdf3b8,main,bfee70e9daaebeae0737a880f1df8f1c60d0783c59af620136cc0d28ef482bc7,farm_2945_original,11837966,1,76959,74677,1,0,0,DONE,DONE,719,719,1,,4.8
p3066_c001_farm,cdd0ae7b4c999599,kaggle-environments 1.32.7,a52ba1bfe9df9dc1d504550af46744ef8d474797cdba7af2412dc40a3ebdf3b8,main,bfee70e9daaebeae0737a880f1df8f1c60d0783c59af620136cc0d28ef482bc7,farm_2945_original,11961457,0,124840,125520,0,1,0,DONE,DONE,719,719,1,,4.56
p3066_c001_farm,cdd0ae7b4c999599,kaggle-environments 1.32.7,a52ba1bfe9df9dc1d504550af46744ef8d474797cdba7af2412dc40a3ebdf3b8,main,bfee70e9daaebeae0737a880f1df8f1c60d0783c59af620136cc0d28ef482bc7,farm_2945_original,11961457,1,125963,124393,1,0,0,DONE,DONE,719,719,1,,5.1
p3066_c001_farm,cdd0ae7b4c999599,kaggle-environments 1.32.7,a52ba1bfe9df9dc1d504550af46744ef8d474797cdba7af2412dc40a3ebdf3b8,main,bfee70e9daaebeae0737a880f1df8f1c60d0783c59af620136cc0d28ef482bc7,farm_2945_original,15332070,0,88057,87623,1,0,0,DONE,DONE,719,719,1,,4.43
p3066_c001_farm,cdd0ae7b4c999599,kaggle-environments 1.32.7,a52ba1bfe9df9dc1d504550af46744ef8d474797cdba7af2412dc40a3ebdf3b8,main,bfee70e9daaebeae0737a880f1df8f1c60d0783c59af620136cc0d28ef482bc7,farm_2945_original,15332070,1,88057,87623,1,0,0,DONE,DONE,719,719,1,,4.53
p3066_c001_farm,cdd0ae7b4c999599,kaggle-environments 1.32.7,a52ba1bfe9df9dc1d504550af46744ef8d474797cdba7af2412dc40a3ebdf3b8,main,bfee70e9daaebeae0737a880f1df8f1c60d0783c59af620136cc0d28ef482bc7,farm_2945_original,20365933,0,65438,62860,1,0,0,DONE,DONE,719,719,1,,4.52
p3066_c001_farm,cdd0ae7b4c999599,kaggle-environments 1.32.7,a52ba1bfe9df9dc1d504550af46744ef8d474797cdba7af2412dc40a3ebdf3b8,main,bfee70e9daaebeae0737a880f1df8f1c60d0783c59af620136cc0d28ef482bc7,farm_2945_original,20365933,1,65438,62860,1,0,0,DONE,DONE,719,719,1,,4.83
p3066_c001_farm,cdd0ae7b4c999599,kaggle-environments 1.32.7,a52ba1bfe9df9dc1d504550af46744ef8d474797cdba7af2412dc40a3ebdf3b8,main,bfee70e9daaebeae0737a880f1df8f1c60d0783c59af620136cc0d28ef482bc7,farm_2945_original,20666293,0,72292,71579,1,0,0,DONE,DONE,719,719,1,,4.43
p3066_c001_farm,cdd0ae7b4c999599,kaggle-environments 1.32.7,a52ba1bfe9df9dc1d504550af46744ef8d474797cdba7af2412dc40a3ebdf3b8,main,bfee70e9daaebeae0737a880f1df8f1c60d0783c59af620136cc0d28ef482bc7,farm_2945_original,20666293,1,72292,71579,1,0,0,DONE,DONE,719,719,1,,4.78
p3066_c001_farm,cdd0ae7b4c999599,kaggle-environments 1.32.7,a52ba1bfe9df9dc1d504550af46744ef8d474797cdba7af2412dc40a3ebdf3b8,main,bfee70e9daaebeae0737a880f1df8f1c60d0783c59af620136cc0d28ef482bc7,farm_2945_original,20772491,0,140014,139424,1,0,0,DONE,DONE,719,719,1,,4.93
p3066_c001_farm,cdd0ae7b4c999599,kaggle-environments 1.32.7,a52ba1bfe9df9dc1d504550af46744ef8d474797cdba7af2412dc40a3ebdf3b8,main,bfee70e9daaebeae0737a880f1df8f1c60d0783c59af620136cc0d28ef482bc7,farm_2945_original,20772491,1,140014,139424,1,0,0,DONE,DONE,719,719,1,,4.66
p3066_c001_farm,cdd0ae7b4c999599,kaggle-environments 1.32.7,a52ba1bfe9df9dc1d504550af46744ef8d474797cdba7af2412dc40a3ebdf3b8,main,bfee70e9daaebeae0737a880f1df8f1c60d0783c59af620136cc0d28ef482bc7,farm_2945_original,22791941,0,100859,100633,1,0,0,DONE,DONE,719,719,1,,4.46
p3066_c001_farm,cdd0ae7b4c999599,kaggle-environments 1.32.7,a52ba1bfe9df9dc1d504550af46744ef8d474797cdba7af2412dc40a3ebdf3b8,main,bfee70e9daaebeae0737a880f1df8f1c60d0783c59af620136cc0d28ef482bc7,farm_2945_original,22791941,1,100859,100633,1,0,0,DONE,DONE,719,719,1,,4.91
p3066_c001_farm,cdd0ae7b4c999599,kaggle-environments 1.32.7,a52ba1bfe9df9dc1d504550af46744ef8d474797cdba7af2412dc40a3ebdf3b8,main,bfee70e9daaebeae0737a880f1df8f1c60d0783c59af620136cc0d28ef482bc7,farm_2945_original,24577019,0,96092,96671,0,1,0,DONE,DONE,719,719,1,,4.28
p3066_c001_farm,cdd0ae7b4c999599,kaggle-environments 1.32.7,a52ba1bfe9df9dc1d504550af46744ef8d474797cdba7af2412dc40a3ebdf3b8,main,bfee70e9daaebeae0737a880f1df8f1c60d0783c59af620136cc0d28ef482bc7,farm_2945_original,24577019,1,96092,96671,0,1,0,DONE,DONE,719,719,1,,4.22
p3066_c001_farm,cdd0ae7b4c999599,kaggle-environments 1.32.7,a52ba1bfe9df9dc1d504550af46744ef8d474797cdba7af2412dc40a3ebdf3b8,main,bfee70e9daaebeae0737a880f1df8f1c60d0783c59af620136cc0d28ef482bc7,farm_2945_original,25490548,0,61969,62151,0,1,0,DONE,DONE,719,719,1,,4.26
p3066_c001_farm,cdd0ae7b4c999599,kaggle-environments 1.32.7,a52ba1bfe9df9dc1d504550af46744ef8d474797cdba7af2412dc40a3ebdf3b8,main,bfee70e9daaebeae0737a880f1df8f1c60d0783c59af620136cc0d28ef482bc7,farm_2945_original,25490548,1,61969,62151,0,1,0,DONE,DONE,719,719,1,,4.41
p3066_c001_farm,cdd0ae7b4c999599,kaggle-environments 1.32.7,a52ba1bfe9df9dc1d504550af46744ef8d474797cdba7af2412dc40a3ebdf3b8,main,bfee70e9daaebeae0737a880f1df8f1c60d0783c59af620136cc0d28ef482bc7,farm_2945_original,26407067,0,121690,126992,0,1,0,DONE,DONE,719,719,1,,4.78
p3066_c001_farm,cdd0ae7b4c999599,kaggle-environments 1.32.7,a52ba1bfe9df9dc1d504550af46744ef8d474797cdba7af2412dc40a3ebdf3b8,main,bfee70e9daaebeae0737a880f1df8f1c60d0783c59af620136cc0d28ef482bc7,farm_2945_original,26407067,1,121690,126992,0,1,0,DONE,DONE,719,719,1,,4.81
p3066_c001_farm,cdd0ae7b4c999599,kaggle-environments 1.32.7,a52ba1bfe9df9dc1d504550af46744ef8d474797cdba7af2412dc40a3ebdf3b8,main,bfee70e9daaebeae0737a880f1df8f1c60d0783c59af620136cc0d28ef482bc7,farm_2945_original,28510988,0,105494,107159,0,1,0,DONE,DONE,719,719,1,,4.38
p3066_c001_farm,cdd0ae7b4c999599,kaggle-environments 1.32.7,a52ba1bfe9df9dc1d504550af46744ef8d474797cdba7af2412dc40a3ebdf3b8,main,bfee70e9daaebeae0737a880f1df8f1c60d0783c59af620136cc0d28ef482bc7,farm_2945_original,28510988,1,106553,106099,1,0,0,DONE,DONE,719,719,1,,4.47
p3066_c001_farm,cdd0ae7b4c999599,kaggle-environments 1.32.7,a52ba1bfe9df9dc1d504550af46744ef8d474797cdba7af2412dc40a3ebdf3b8,main,bfee70e9daaebeae0737a880f1df8f1c60d0783c59af620136cc0d28ef482bc7,farm_2945_original,29394016,0,93590,92189,1,0,0,DONE,DONE,719,719,1,,4.12
p3066_c001_farm,cdd0ae7b4c999599,kaggle-environments 1.32.7,a52ba1bfe9df9dc1d504550af46744ef8d474797cdba7af2412dc40a3ebdf3b8,main,bfee70e9daaebeae0737a880f1df8f1c60d0783c59af620136cc0d28ef482bc7,farm_2945_original,29394016,1,93590,92189,1,0,0,DONE,DONE,719,719,1,,4.19
p3066_c001_farm,cdd0ae7b4c999599,kaggle-environments 1.32.7,a52ba1bfe9df9dc1d504550af46744ef8d474797cdba7af2412dc40a3ebdf3b8,main,bfee70e9daaebeae0737a880f1df8f1c60d0783c59af620136cc0d28ef482bc7,farm_2945_original,30998681,0,94927,95765,0,1,0,DONE,DONE,719,719,1,,4.47
p3066_c001_farm,cdd0ae7b4c999599,kaggle-environments 1.32.7,a52ba1bfe9df9dc1d504550af46744ef8d474797cdba7af2412dc40a3ebdf3b8,main,bfee70e9daaebeae0737a880f1df8f1c60d0783c59af620136cc0d28ef482bc7,farm_2945_original,30998681,1,94927,95765,0,1,0,DONE,DONE,719,719,1,,4.5
p3066_c001_farm,cdd0ae7b4c999599,kaggle-environments 1.32.7,a52ba1bfe9df9dc1d504550af46744ef8d474797cdba7af2412dc40a3ebdf3b8,main,bfee70e9daaebeae0737a880f1df8f1c60d0783c59af620136cc0d28ef482bc7,farm_2945_original,31863189,0,75779,76498,0,1,0,DONE,DONE,719,719,1,,4.39
p3066_c001_farm,cdd0ae7b4c999599,kaggle-environments 1.32.7,a52ba1bfe9df9dc1d504550af46744ef8d474797cdba7af2412dc40a3ebdf3b8,main,bfee70e9daaebeae0737a880f1df8f1c60d0783c59af620136cc0d28ef482bc7,farm_2945_original,31863189,1,75779,76498,0,1,0,DONE,DONE,719,719,1,,4.23
p3066_c001_farm,cdd0ae7b4c999599,kaggle-environments 1.32.7,a52ba1bfe9df9dc1d504550af46744ef8d474797cdba7af2412dc40a3ebdf3b8,main,bfee70e9daaebeae0737a880f1df8f1c60d0783c59af620136cc0d28ef482bc7,farm_2945_original,33394953,0,73789,75343,0,1,0,DONE,DONE,719,719,1,,4.19
p3066_c001_farm,cdd0ae7b4c999599,kaggle-environments 1.32.7,a52ba1bfe9df9dc1d504550af46744ef8d474797cdba7af2412dc40a3ebdf3b8,main,bfee70e9daaebeae0737a880f1df8f1c60d0783c59af620136cc0d28ef482bc7,farm_2945_original,33394953,1,73789,75343,0,1,0,DONE,DONE,719,719,1,,4.22
p3066_c001_farm,cdd0ae7b4c999599,kaggle-environments 1.32.7,a52ba1bfe9df9dc1d504550af46744ef8d474797cdba7af2412dc40a3ebdf3b8,main,bfee70e9daaebeae0737a880f1df8f1c60d0783c59af620136cc0d28ef482bc7,farm_2945_original,36001919,0,97975,96899,1,0,0,DONE,DONE,719,719,1,,4.62
p3066_c001_farm,cdd0ae7b4c999599,kaggle-environments 1.32.7,a52ba1bfe9df9dc1d504550af46744ef8d474797cdba7af2412dc40a3ebdf3b8,main,bfee70e9daaebeae0737a880f1df8f1c60d0783c59af620136cc0d28ef482bc7,farm_2945_original,36001919,1,97975,96899,1,0,0,DONE,DONE,719,719,1,,4.45
p3066_c001_farm,cdd0ae7b4c999599,kaggle-environments 1.32.7,a52ba1bfe9df9dc1d504550af46744ef8d474797cdba7af2412dc40a3ebdf3b8,main,bfee70e9daaebeae0737a880f1df8f1c60d0783c59af620136cc0d28ef482bc7,farm_2945_original,39134138,0,103282,100721,1,0,0,DONE,DONE,719,719,1,,4.26
p3066_c001_farm,cdd0ae7b4c999599,kaggle-environments 1.32.7,a52ba1bfe9df9dc1d504550af46744ef8d474797cdba7af2412dc40a3ebdf3b8,main,bfee70e9daaebeae0737a880f1df8f1c60d0783c59af620136cc0d28ef482bc7,farm_2945_original,39134138,1,103282,100721,1,0,0,DONE,DONE,719,719,1,,4.33
p3066_c001_farm,cdd0ae7b4c999599,kaggle-environments 1.32.7,a52ba1bfe9df9dc1d504550af46744ef8d474797cdba7af2412dc40a3ebdf3b8,main,bfee70e9daaebeae0737a880f1df8f1c60d0783c59af620136cc0d28ef482bc7,farm_2945_original,43999691,0,76887,74217,1,0,0,DONE,DONE,719,719,1,,4.69
p3066_c001_farm,cdd0ae7b4c999599,kaggle-environments 1.32.7,a52ba1bfe9df9dc1d504550af46744ef8d474797cdba7af2412dc40a3ebdf3b8,main,bfee70e9daaebeae0737a880f1df8f1c60d0783c59af620136cc0d28ef482bc7,farm_2945_original,43999691,1,76887,74217,1,0,0,DONE,DONE,719,719,1,,4.53
p3066_c001_farm,cdd0ae7b4c999599,kaggle-environments 1.32.7,a52ba1bfe9df9dc1d504550af46744ef8d474797cdba7af2412dc40a3ebdf3b8,main,bfee70e9daaebeae0737a880f1df8f1c60d0783c59af620136cc0d28ef482bc7,farm_2945_original,44085303,0,103968,103529,1,0,0,DONE,DONE,719,719,1,,4.54
p3066_c001_farm,cdd0ae7b4c999599,kaggle-environments 1.32.7,a52ba1bfe9df9dc1d504550af46744ef8d474797cdba7af2412dc40a3ebdf3b8,main,bfee70e9daaebeae0737a880f1df8f1c60d0783c59af620136cc0d28ef482bc7,farm_2945_original,44085303,1,103968,103529,1,0,0,DONE,DONE,719,719,1,,4.11
p3066_c001_farm,cdd0ae7b4c999599,kaggle-environments 1.32.7,a52ba1bfe9df9dc1d504550af46744ef8d474797cdba7af2412dc40a3ebdf3b8,main,bfee70e9daaebeae0737a880f1df8f1c60d0783c59af620136cc0d28ef482bc7,farm_2945_original,46152523,0,89169,90290,0,1,0,DONE,DONE,719,719,1,,4.42
p3066_c001_farm,cdd0ae7b4c999599,kaggle-environments 1.32.7,a52ba1bfe9df9dc1d504550af46744ef8d474797cdba7af2412dc40a3ebdf3b8,main,bfee70e9daaebeae0737a880f1df8f1c60d0783c59af620136cc0d28ef482bc7,farm_2945_original,46152523,1,89169,90290,0,1,0,DONE,DONE,719,719,1,,4.47
p3066_c001_farm,cdd0ae7b4c999599,kaggle-environments 1.32.7,a52ba1bfe9df9dc1d504550af46744ef8d474797cdba7af2412dc40a3ebdf3b8,main,bfee70e9daaebeae0737a880f1df8f1c60d0783c59af620136cc0d28ef482bc7,farm_2945_original,47794640,0,58649,60526,0,1,0,DONE,DONE,719,719,1,,4.26
p3066_c001_farm,cdd0ae7b4c999599,kaggle-environments 1.32.7,a52ba1bfe9df9dc1d504550af46744ef8d474797cdba7af2412dc40a3ebdf3b8,main,bfee70e9daaebeae0737a880f1df8f1c60d0783c59af620136cc0d28ef482bc7,farm_2945_original,47794640,1,58649,60526,0,1,0,DONE,DONE,719,719,1,,4.26
p3066_c001_farm,cdd0ae7b4c999599,kaggle-environments 1.32.7,a52ba1bfe9df9dc1d504550af46744ef8d474797cdba7af2412dc40a3ebdf3b8,main,bfee70e9daaebeae0737a880f1df8f1c60d0783c59af620136cc0d28ef482bc7,farm_2945_original,48301656,0,65976,65193,1,0,0,DONE,DONE,719,719,1,,4.35
p3066_c001_farm,cdd0ae7b4c999599,kaggle-environments 1.32.7,a52ba1bfe9df9dc1d504550af46744ef8d474797cdba7af2412dc40a3ebdf3b8,main,bfee70e9daaebeae0737a880f1df8f1c60d0783c59af620136cc0d28ef482bc7,farm_2945_original,48301656,1,65976,65193,1,0,0,DONE,DONE,719,719,1,,4.34
p3066_c001_farm,cdd0ae7b4c999599,kaggle-environments 1.32.7,a52ba1bfe9df9dc1d504550af46744ef8d474797cdba7af2412dc40a3ebdf3b8,main,bfee70e9daaebeae0737a880f1df8f1c60d0783c59af620136cc0d28ef482bc7,farm_2945_original,51213129,0,130859,131720,0,1,0,DONE,DONE,719,719,1,,4.49
p3066_c001_farm,cdd0ae7b4c999599,kaggle-environments 1.32.7,a52ba1bfe9df9dc1d504550af46744ef8d474797cdba7af2412dc40a3ebdf3b8,main,bfee70e9daaebeae0737a880f1df8f1c60d0783c59af620136cc0d28ef482bc7,farm_2945_original,51213129,1,130859,131720,0,1,0,DONE,DONE,719,719,1,,4.25
p3066_c001_farm,cdd0ae7b4c999599,kaggle-environments 1.32.7,a52ba1bfe9df9dc1d504550af46744ef8d474797cdba7af2412dc40a3ebdf3b8,main,bfee70e9daaebeae0737a880f1df8f1c60d0783c59af620136cc0d28ef482bc7,farm_2945_original,51822627,0,136627,138735,0,1,0,DONE,DONE,719,719,1,,4.3
p3066_c001_farm,cdd0ae7b4c999599,kaggle-environments 1.32.7,a52ba1bfe9df9dc1d504550af46744ef8d474797cdba7af2412dc40a3ebdf3b8,main,bfee70e9daaebeae0737a880f1df8f1c60d0783c59af620136cc0d28ef482bc7,farm_2945_original,51822627,1,136627,138735,0,1,0,DONE,DONE,719,719,1,,4.51
p3066_c001_farm,cdd0ae7b4c999599,kaggle-environments 1.32.7,a52ba1bfe9df9dc1d504550af46744ef8d474797cdba7af2412dc40a3ebdf3b8,main,bfee70e9daaebeae0737a880f1df8f1c60d0783c59af620136cc0d28ef482bc7,farm_2945_original,55431633,0,95997,100525,0,1,0,DONE,DONE,719,719,1,,4.55
p3066_c001_farm,cdd0ae7b4c999599,kaggle-environments 1.32.7,a52ba1bfe9df9dc1d504550af46744ef8d474797cdba7af2412dc40a3ebdf3b8,main,bfee70e9daaebeae0737a880f1df8f1c60d0783c59af620136cc0d28ef482bc7,farm_2945_original,55431633,1,96120,100396,0,1,0,DONE,DONE,719,719,1,,4.43
p3066_c001_farm,cdd0ae7b4c999599,kaggle-environments 1.32.7,a52ba1bfe9df9dc1d504550af46744ef8d474797cdba7af2412dc40a3ebdf3b8,main,bfee70e9daaebeae0737a880f1df8f1c60d0783c59af620136cc0d28ef482bc7,farm_2945_original,56558750,0,109786,110479,0,1,0,DONE,DONE,719,719,1,,4.48
p3066_c001_farm,cdd0ae7b4c999599,kaggle-environments 1.32.7,a52ba1bfe9df9dc1d504550af46744ef8d474797cdba7af2412dc40a3ebdf3b8,main,bfee70e9daaebeae0737a880f1df8f1c60d0783c59af620136cc0d28ef482bc7,farm_2945_original,56558750,1,109786,110479,0,1,0,DONE,DONE,719,719,1,,4.41
p3066_c001_farm,cdd0ae7b4c999599,kaggle-environments 1.32.7,a52ba1bfe9df9dc1d504550af46744ef8d474797cdba7af2412dc40a3ebdf3b8,main,bfee70e9daaebeae0737a880f1df8f1c60d0783c59af620136cc0d28ef482bc7,farm_2945_original,58108362,0,85508,84943,1,0,0,DONE,DONE,719,719,1,,4.52
p3066_c001_farm,cdd0ae7b4c999599,kaggle-environments 1.32.7,a52ba1bfe9df9dc1d504550af46744ef8d474797cdba7af2412dc40a3ebdf3b8,main,bfee70e9daaebeae0737a880f1df8f1c60d0783c59af620136cc0d28ef482bc7,farm_2945_original,58108362,1,85508,84943,1,0,0,DONE,DONE,719,719,1,,4.38
p3066_c001_farm,cdd0ae7b4c999599,kaggle-environments 1.32.7,a52ba1bfe9df9dc1d504550af46744ef8d474797cdba7af2412dc40a3ebdf3b8,main,bfee70e9daaebeae0737a880f1df8f1c60d0783c59af620136cc0d28ef482bc7,farm_2945_original,63541042,0,122310,118525,1,0,0,DONE,DONE,719,719,1,,4.3
p3066_c001_farm,cdd0ae7b4c999599,kaggle-environments 1.32.7,a52ba1bfe9df9dc1d504550af46744ef8d474797cdba7af2412dc40a3ebdf3b8,main,bfee70e9daaebeae0737a880f1df8f1c60d0783c59af620136cc0d28ef482bc7,farm_2945_original,63541042,1,122310,118525,1,0,0,DONE,DONE,719,719,1,,4.26
p3066_c001_farm,cdd0ae7b4c999599,kaggle-environments 1.32.7,a52ba1bfe9df9dc1d504550af46744ef8d474797cdba7af2412dc40a3ebdf3b8,main,bfee70e9daaebeae0737a880f1df8f1c60d0783c59af620136cc0d28ef482bc7,farm_2945_original,65259409,0,112290,111885,1,0,0,DONE,DONE,719,719,1,,4.26
p3066_c001_farm,cdd0ae7b4c999599,kaggle-environments 1.32.7,a52ba1bfe9df9dc1d504550af46744ef8d474797cdba7af2412dc40a3ebdf3b8,main,bfee70e9daaebeae0737a880f1df8f1c60d0783c59af620136cc0d28ef482bc7,farm_2945_original,65259409,1,112290,111885,1,0,0,DONE,DONE,719,719,1,,4.44
p3066_c001_farm,cdd0ae7b4c999599,kaggle-environments 1.32.7,a52ba1bfe9df9dc1d504550af46744ef8d474797cdba7af2412dc40a3ebdf3b8,main,bfee70e9daaebeae0737a880f1df8f1c60d0783c59af620136cc0d28ef482bc7,farm_2945_original,66449875,0,103006,102839,1,0,0,DONE,DONE,719,719,1,,4.32
p3066_c001_farm,cdd0ae7b4c999599,kaggle-environments 1.32.7,a52ba1bfe9df9dc1d504550af46744ef8d474797cdba7af2412dc40a3ebdf3b8,main,bfee70e9daaebeae0737a880f1df8f1c60d0783c59af620136cc0d28ef482bc7,farm_2945_original,66449875,1,103006,102839,1,0,0,DONE,DONE,719,719,1,,4.35
p3066_c001_farm,cdd0ae7b4c999599,kaggle-environments 1.32.7,a52ba1bfe9df9dc1d504550af46744ef8d474797cdba7af2412dc40a3ebdf3b8,main,bfee70e9daaebeae0737a880f1df8f1c60d0783c59af620136cc0d28ef482bc7,farm_2945_original,71346262,0,111394,110244,1,0,0,DONE,DONE,719,719,1,,4.52
p3066_c001_farm,cdd0ae7b4c999599,kaggle-environments 1.32.7,a52ba1bfe9df9dc1d504550af46744ef8d474797cdba7af2412dc40a3ebdf3b8,main,bfee70e9daaebeae0737a880f1df8f1c60d0783c59af620136cc0d28ef482bc7,farm_2945_original,71346262,1,112419,109457,1,0,0,DONE,DONE,719,719,1,,4.22
p3066_c001_farm,cdd0ae7b4c999599,kaggle-environments 1.32.7,a52ba1bfe9df9dc1d504550af46744ef8d474797cdba7af2412dc40a3ebdf3b8,main,bfee70e9daaebeae0737a880f1df8f1c60d0783c59af620136cc0d28ef482bc7,farm_2945_original,74493709,0,73810,75431,0,1,0,DONE,DONE,719,719,1,,4.22
p3066_c001_farm,cdd0ae7b4c999599,kaggle-environments 1.32.7,a52ba1bfe9df9dc1d504550af46744ef8d474797cdba7af2412dc40a3ebdf3b8,main,bfee70e9daaebeae0737a880f1df8f1c60d0783c59af620136cc0d28ef482bc7,farm_2945_original,74493709,1,73810,75431,0,1,0,DONE,DONE,719,719,1,,4.28
p3066_c001_farm,cdd0ae7b4c999599,kaggle-environments 1.32.7,a52ba1bfe9df9dc1d504550af46744ef8d474797cdba7af2412dc40a3ebdf3b8,main,bfee70e9daaebeae0737a880f1df8f1c60d0783c59af620136cc0d28ef482bc7,farm_2945_original,77307889,0,112102,112138,0,1,0,DONE,DONE,719,719,1,,4.88
p3066_c001_farm,cdd0ae7b4c999599,kaggle-environments 1.32.7,a52ba1bfe9df9dc1d504550af46744ef8d474797cdba7af2412dc40a3ebdf3b8,main,bfee70e9daaebeae0737a880f1df8f1c60d0783c59af620136cc0d28ef482bc7,farm_2945_original,77307889,1,112102,112138,0,1,0,DONE,DONE,719,719,1,,4.47
p3066_c001_farm,cdd0ae7b4c999599,kaggle-environments 1.32.7,a52ba1bfe9df9dc1d504550af46744ef8d474797cdba7af2412dc40a3ebdf3b8,main,bfee70e9daaebeae0737a880f1df8f1c60d0783c59af620136cc0d28ef482bc7,farm_2945_original,78039233,0,130184,130577,0,1,0,DONE,DONE,719,719,1,,4.32
p3066_c001_farm,cdd0ae7b4c999599,kaggle-environments 1.32.7,a52ba1bfe9df9dc1d504550af46744ef8d474797cdba7af2412dc40a3ebdf3b8,main,bfee70e9daaebeae0737a880f1df8f1c60d0783c59af620136cc0d28ef482bc7,farm_2945_original,78039233,1,130184,130577,0,1,0,DONE,DONE,719,719,1,,4.31
p3066_c001_farm,cdd0ae7b4c999599,kaggle-environments 1.32.7,a52ba1bfe9df9dc1d504550af46744ef8d474797cdba7af2412dc40a3ebdf3b8,main,bfee70e9daaebeae0737a880f1df8f1c60d0783c59af620136cc0d28ef482bc7,farm_2945_original,80843786,0,95128,96541,0,1,0,DONE,DONE,719,719,1,,4.24
p3066_c001_farm,cdd0ae7b4c999599,kaggle-environments 1.32.7,a52ba1bfe9df9dc1d504550af46744ef8d474797cdba7af2412dc40a3ebdf3b8,main,bfee70e9daaebeae0737a880f1df8f1c60d0783c59af620136cc0d28ef482bc7,farm_2945_original,80843786,1,95128,96541,0,1,0,DONE,DONE,719,719,1,,4.11
p3066_c001_farm,cdd0ae7b4c999599,kaggle-environments 1.32.7,a52ba1bfe9df9dc1d504550af46744ef8d474797cdba7af2412dc40a3ebdf3b8,main,bfee70e9daaebeae0737a880f1df8f1c60d0783c59af620136cc0d28ef482bc7,farm_2945_original,82578275,0,112624,112176,1,0,0,DONE,DONE,719,719,1,,4.66
p3066_c001_farm,cdd0ae7b4c999599,kaggle-environments 1.32.7,a52ba1bfe9df9dc1d504550af46744ef8d474797cdba7af2412dc40a3ebdf3b8,main,bfee70e9daaebeae0737a880f1df8f1c60d0783c59af620136cc0d28ef482bc7,farm_2945_original,82578275,1,112624,112176,1,0,0,DONE,DONE,719,719,1,,4.26
p3066_c001_farm,cdd0ae7b4c999599,kaggle-environments 1.32.7,a52ba1bfe9df9dc1d504550af46744ef8d474797cdba7af2412dc40a3ebdf3b8,main,bfee70e9daaebeae0737a880f1df8f1c60d0783c59af620136cc0d28ef482bc7,farm_2945_original,84320987,0,127294,126888,1,0,0,DONE,DONE,719,719,1,,4.78
p3066_c001_farm,cdd0ae7b4c999599,kaggle-environments 1.32.7,a52ba1bfe9df9dc1d504550af46744ef8d474797cdba7af2412dc40a3ebdf3b8,main,bfee70e9daaebeae0737a880f1df8f1c60d0783c59af620136cc0d28ef482bc7,farm_2945_original,84320987,1,127294,126888,1,0,0,DONE,DONE,719,719,1,,4.42
p3066_c001_farm,cdd0ae7b4c999599,kaggle-environments 1.32.7,a52ba1bfe9df9dc1d504550af46744ef8d474797cdba7af2412dc40a3ebdf3b8,main,bfee70e9daaebeae0737a880f1df8f1c60d0783c59af620136cc0d28ef482bc7,farm_2945_original,94043888,0,91371,88554,1,0,0,DONE,DONE,719,719,1,,4.58
p3066_c001_farm,cdd0ae7b4c999599,kaggle-environments 1.32.7,a52ba1bfe9df9dc1d504550af46744ef8d474797cdba7af2412dc40a3ebdf3b8,main,bfee70e9daaebeae0737a880f1df8f1c60d0783c59af620136cc0d28ef482bc7,farm_2945_original,94043888,1,91371,88554,1,0,0,DONE,DONE,719,719,1,,4.78
p3066_c001_farm,cdd0ae7b4c999599,kaggle-environments 1.32.7,a52ba1bfe9df9dc1d504550af46744ef8d474797cdba7af2412dc40a3ebdf3b8,main,bfee70e9daaebeae0737a880f1df8f1c60d0783c59af620136cc0d28ef482bc7,farm_2945_original,96364528,0,158044,157921,1,0,0,DONE,DONE,719,719,1,,4.34
p3066_c001_farm,cdd0ae7b4c999599,kaggle-environments 1.32.7,a52ba1bfe9df9dc1d504550af46744ef8d474797cdba7af2412dc40a3ebdf3b8,main,bfee70e9daaebeae0737a880f1df8f1c60d0783c59af620136cc0d28ef482bc7,farm_2945_original,96364528,1,158044,157921,1,0,0,DONE,DONE,719,719,1,,4.24
p3066_c001_farm,cdd0ae7b4c999599,kaggle-environments 1.32.7,a52ba1bfe9df9dc1d504550af46744ef8d474797cdba7af2412dc40a3ebdf3b8,main,bfee70e9daaebeae0737a880f1df8f1c60d0783c59af620136cc0d28ef482bc7,farm_2945_original,102279838,0,79720,79941,0,1,0,DONE,DONE,719,719,1,,4.49
p3066_c001_farm,cdd0ae7b4c999599,kaggle-environments 1.32.7,a52ba1bfe9df9dc1d504550af46744ef8d474797cdba7af2412dc40a3ebdf3b8,main,bfee70e9daaebeae0737a880f1df8f1c60d0783c59af620136cc0d28ef482bc7,farm_2945_original,102279838,1,79720,79941,0,1,0,DONE,DONE,719,719,1,,4.18
p3066_c001_farm,cdd0ae7b4c999599,kaggle-environments 1.32.7,a52ba1bfe9df9dc1d504550af46744ef8d474797cdba7af2412dc40a3ebdf3b8,main,bfee70e9daaebeae0737a880f1df8f1c60d0783c59af620136cc0d28ef482bc7,farm_2945_original,104574611,0,69628,69062,1,0,0,DONE,DONE,719,719,1,,4.36
p3066_c001_farm,cdd0ae7b4c999599,kaggle-environments 1.32.7,a52ba1bfe9df9dc1d504550af46744ef8d474797cdba7af2412dc40a3ebdf3b8,main,bfee70e9daaebeae0737a880f1df8f1c60d0783c59af620136cc0d28ef482bc7,farm_2945_original,104574611,1,69628,69062,1,0,0,DONE,DONE,719,719,1,,4.29
p3066_c001_farm,cdd0ae7b4c999599,kaggle-environments 1.32.7,a52ba1bfe9df9dc1d504550af46744ef8d474797cdba7af2412dc40a3ebdf3b8,main,bfee70e9daaebeae0737a880f1df8f1c60d0783c59af620136cc0d28ef482bc7,farm_2945_original,105234131,0,133332,133618,0,1,0,DONE,DONE,719,719,1,,4.25
p3066_c001_farm,cdd0ae7b4c999599,kaggle-environments 1.32.7,a52ba1bfe9df9dc1d504550af46744ef8d474797cdba7af2412dc40a3ebdf3b8,main,bfee70e9daaebeae0737a880f1df8f1c60d0783c59af620136cc0d28ef482bc7,farm_2945_original,105234131,1,133332,133618,0,1,0,DONE,DONE,719,719,1,,4.26
p3066_c001_farm,cdd0ae7b4c999599,kaggle-environments 1.32.7,a52ba1bfe9df9dc1d504550af46744ef8d474797cdba7af2412dc40a3ebdf3b8,main,bfee70e9daaebeae0737a880f1df8f1c60d0783c59af620136cc0d28ef482bc7,farm_2945_original,105290679,0,71052,67717,1,0,0,DONE,DONE,719,719,1,,4.63
p3066_c001_farm,cdd0ae7b4c999599,kaggle-environments 1.32.7,a52ba1bfe9df9dc1d504550af46744ef8d474797cdba7af2412dc40a3ebdf3b8,main,bfee70e9daaebeae0737a880f1df8f1c60d0783c59af620136cc0d28ef482bc7,farm_2945_original,105290679,1,71052,67717,1,0,0,DONE,DONE,719,719,1,,4.29
p3066_c001_farm,cdd0ae7b4c999599,kaggle-environments 1.32.7,a52ba1bfe9df9dc1d504550af46744ef8d474797cdba7af2412dc40a3ebdf3b8,main,bfee70e9daaebeae0737a880f1df8f1c60d0783c59af620136cc0d28ef482bc7,farm_2945_original,106081126,0,110994,111803,0,1,0,DONE,DONE,719,719,1,,4.47
p3066_c001_farm,cdd0ae7b4c999599,kaggle-environments 1.32.7,a52ba1bfe9df9dc1d504550af46744ef8d474797cdba7af2412dc40a3ebdf3b8,main,bfee70e9daaebeae0737a880f1df8f1c60d0783c59af620136cc0d28ef482bc7,farm_2945_original,106081126,1,110994,111803,0,1,0,DONE,DONE,719,719,1,,4.37
p3066_c001_farm,cdd0ae7b4c999599,kaggle-environments 1.32.7,a52ba1bfe9df9dc1d504550af46744ef8d474797cdba7af2412dc40a3ebdf3b8,main,bfee70e9daaebeae0737a880f1df8f1c60d0783c59af620136cc0d28ef482bc7,farm_2945_original,106245702,0,131118,132130,0,1,0,DONE,DONE,719,719,1,,4.14
p3066_c001_farm,cdd0ae7b4c999599,kaggle-environments 1.32.7,a52ba1bfe9df9dc1d504550af46744ef8d474797cdba7af2412dc40a3ebdf3b8,main,bfee70e9daaebeae0737a880f1df8f1c60d0783c59af620136cc0d28ef482bc7,farm_2945_original,106245702,1,131118,132130,0,1,0,DONE,DONE,719,719,1,,4.19
p3066_c001_farm,cdd0ae7b4c999599,kaggle-environments 1.32.7,a52ba1bfe9df9dc1d504550af46744ef8d474797cdba7af2412dc40a3ebdf3b8,main,bfee70e9daaebeae0737a880f1df8f1c60d0783c59af620136cc0d28ef482bc7,farm_2945_original,107640478,0,70459,69932,1,0,0,DONE,DONE,719,719,1,,4.16
p3066_c001_farm,cdd0ae7b4c999599,kaggle-environments 1.32.7,a52ba1bfe9df9dc1d504550af46744ef8d474797cdba7af2412dc40a3ebdf3b8,main,bfee70e9daaebeae0737a880f1df8f1c60d0783c59af620136cc0d28ef482bc7,farm_2945_original,107640478,1,70459,69932,1,0,0,DONE,DONE,719,719,1,,4.26
p3066_c001_farm,cdd0ae7b4c999599,kaggle-environments 1.32.7,a52ba1bfe9df9dc1d504550af46744ef8d474797cdba7af2412dc40a3ebdf3b8,main,bfee70e9daaebeae0737a880f1df8f1c60d0783c59af620136cc0d28ef482bc7,farm_2945_original,110571895,0,83874,84058,0,1,0,DONE,DONE,719,719,1,,4.54
p3066_c001_farm,cdd0ae7b4c999599,kaggle-environments 1.32.7,a52ba1bfe9df9dc1d504550af46744ef8d474797cdba7af2412dc40a3ebdf3b8,main,bfee70e9daaebeae0737a880f1df8f1c60d0783c59af620136cc0d28ef482bc7,farm_2945_original,110571895,1,83874,84058,0,1,0,DONE,DONE,719,719,1,,4.18
p3066_c001_farm,cdd0ae7b4c999599,kaggle-environments 1.32.7,a52ba1bfe9df9dc1d504550af46744ef8d474797cdba7af2412dc40a3ebdf3b8,main,bfee70e9daaebeae0737a880f1df8f1c60d0783c59af620136cc0d28ef482bc7,farm_2945_original,111719538,0,78519,76283,1,0,0,DONE,DONE,719,719,1,,4.56
p3066_c001_farm,cdd0ae7b4c999599,kaggle-environments 1.32.7,a52ba1bfe9df9dc1d504550af46744ef8d474797cdba7af2412dc40a3ebdf3b8,main,bfee70e9daaebeae0737a880f1df8f1c60d0783c59af620136cc0d28ef482bc7,farm_2945_original,111719538,1,78519,76283,1,0,0,DONE,DONE,719,719,1,,4.17
p3066_c001_farm,cdd0ae7b4c999599,kaggle-environments 1.32.7,a52ba1bfe9df9dc1d504550af46744ef8d474797cdba7af2412dc40a3ebdf3b8,main,bfee70e9daaebeae0737a880f1df8f1c60d0783c59af620136cc0d28ef482bc7,farm_2945_original,112234035,0,103661,108793,0,1,0,DONE,DONE,719,719,1,,4.32
p3066_c001_farm,cdd0ae7b4c999599,kaggle-environments 1.32.7,a52ba1bfe9df9dc1d504550af46744ef8d474797cdba7af2412dc40a3ebdf3b8,main,bfee70e9daaebeae0737a880f1df8f1c60d0783c59af620136cc0d28ef482bc7,farm_2945_original,112234035,1,103661,108793,0,1,0,DONE,DONE,719,719,1,,4.63
p3066_c001_farm,cdd0ae7b4c999599,kaggle-environments 1.32.7,a52ba1bfe9df9dc1d504550af46744ef8d474797cdba7af2412dc40a3ebdf3b8,main,bfee70e9daaebeae0737a880f1df8f1c60d0783c59af620136cc0d28ef482bc7,farm_2945_original,112896507,0,95697,94931,1,0,0,DONE,DONE,719,719,1,,4.19
p3066_c001_farm,cdd0ae7b4c999599,kaggle-environments 1.32.7,a52ba1bfe9df9dc1d504550af46744ef8d474797cdba7af2412dc40a3ebdf3b8,main,bfee70e9daaebeae0737a880f1df8f1c60d0783c59af620136cc0d28ef482bc7,farm_2945_original,112896507,1,95697,94931,1,0,0,DONE,DONE,719,719,1,,4.57
p3066_c001_farm,cdd0ae7b4c999599,kaggle-environments 1.32.7,a52ba1bfe9df9dc1d504550af46744ef8d474797cdba7af2412dc40a3ebdf3b8,main,bfee70e9daaebeae0737a880f1df8f1c60d0783c59af620136cc0d28ef482bc7,farm_2945_original,112953244,0,98932,99271,0,1,0,DONE,DONE,719,719,1,,4.53
p3066_c001_farm,cdd0ae7b4c999599,kaggle-environments 1.32.7,a52ba1bfe9df9dc1d504550af46744ef8d474797cdba7af2412dc40a3ebdf3b8,main,bfee70e9daaebeae0737a880f1df8f1c60d0783c59af620136cc0d28ef482bc7,farm_2945_original,112953244,1,98932,99271,0,1,0,DONE,DONE,719,719,1,,4.14
p3066_c001_farm,cdd0ae7b4c999599,kaggle-environments 1.32.7,a52ba1bfe9df9dc1d504550af46744ef8d474797cdba7af2412dc40a3ebdf3b8,main,bfee70e9daaebeae0737a880f1df8f1c60d0783c59af620136cc0d28ef482bc7,farm_2945_original,114605881,0,68559,69265,0,1,0,DONE,DONE,719,719,1,,4.33
p3066_c001_farm,cdd0ae7b4c999599,kaggle-environments 1.32.7,a52ba1bfe9df9dc1d504550af46744ef8d474797cdba7af2412dc40a3ebdf3b8,main,bfee70e9daaebeae0737a880f1df8f1c60d0783c59af620136cc0d28ef482bc7,farm_2945_original,114605881,1,68559,69265,0,1,0,DONE,DONE,719,719,1,,4.39
p3066_c001_farm,cdd0ae7b4c999599,kaggle-environments 1.32.7,a52ba1bfe9df9dc1d504550af46744ef8d474797cdba7af2412dc40a3ebdf3b8,main,bfee70e9daaebeae0737a880f1df8f1c60d0783c59af620136cc0d28ef482bc7,farm_2945_original,114669855,0,123668,126734,0,1,0,DONE,DONE,719,719,1,,4.42
p3066_c001_farm,cdd0ae7b4c999599,kaggle-environments 1.32.7,a52ba1bfe9df9dc1d504550af46744ef8d474797cdba7af2412dc40a3ebdf3b8,main,bfee70e9daaebeae0737a880f1df8f1c60d0783c59af620136cc0d28ef482bc7,farm_2945_original,114669855,1,123668,126734,0,1,0,DONE,DONE,719,719,1,,4.53
p3066_c001_farm,cdd0ae7b4c999599,kaggle-environments 1.32.7,a52ba1bfe9df9dc1d504550af46744ef8d474797cdba7af2412dc40a3ebdf3b8,main,bfee70e9daaebeae0737a880f1df8f1c60d0783c59af620136cc0d28ef482bc7,farm_2945_original,116292242,0,93043,93801,0,1,0,DONE,DONE,719,719,1,,4.47
p3066_c001_farm,cdd0ae7b4c999599,kaggle-environments 1.32.7,a52ba1bfe9df9dc1d504550af46744ef8d474797cdba7af2412dc40a3ebdf3b8,main,bfee70e9daaebeae0737a880f1df8f1c60d0783c59af620136cc0d28ef482bc7,farm_2945_original,116292242,1,93043,93801,0,1,0,DONE,DONE,719,719,1,,4.45
p3066_c001_farm,cdd0ae7b4c999599,kaggle-environments 1.32.7,a52ba1bfe9df9dc1d504550af46744ef8d474797cdba7af2412dc40a3ebdf3b8,main,bfee70e9daaebeae0737a880f1df8f1c60d0783c59af620136cc0d28ef482bc7,farm_2945_original,119787912,0,115632,115613,1,0,0,DONE,DONE,719,719,1,,4.39
p3066_c001_farm,cdd0ae7b4c999599,kaggle-environments 1.32.7,a52ba1bfe9df9dc1d504550af46744ef8d474797cdba7af2412dc40a3ebdf3b8,main,bfee70e9daaebeae0737a880f1df8f1c60d0783c59af620136cc0d28ef482bc7,farm_2945_original,119787912,1,115632,115613,1,0,0,DONE,DONE,719,719,1,,4.4
p3066_c001_farm,cdd0ae7b4c999599,kaggle-environments 1.32.7,a52ba1bfe9df9dc1d504550af46744ef8d474797cdba7af2412dc40a3ebdf3b8,main,bfee70e9daaebeae0737a880f1df8f1c60d0783c59af620136cc0d28ef482bc7,farm_2945_original,121405986,0,97114,96394,1,0,0,DONE,DONE,719,719,1,,4.24
p3066_c001_farm,cdd0ae7b4c999599,kaggle-environments 1.32.7,a52ba1bfe9df9dc1d504550af46744ef8d474797cdba7af2412dc40a3ebdf3b8,main,bfee70e9daaebeae0737a880f1df8f1c60d0783c59af620136cc0d28ef482bc7,farm_2945_original,121405986,1,97114,96394,1,0,0,DONE,DONE,719,719,1,,4.29
p3066_c001_farm,cdd0ae7b4c999599,kaggle-environments 1.32.7,a52ba1bfe9df9dc1d504550af46744ef8d474797cdba7af2412dc40a3ebdf3b8,main,bfee70e9daaebeae0737a880f1df8f1c60d0783c59af620136cc0d28ef482bc7,farm_2945_original,123984975,0,130499,129564,1,0,0,DONE,DONE,719,719,1,,4.57
p3066_c001_farm,cdd0ae7b4c999599,kaggle-environments 1.32.7,a52ba1bfe9df9dc1d504550af46744ef8d474797cdba7af2412dc40a3ebdf3b8,main,bfee70e9daaebeae0737a880f1df8f1c60d0783c59af620136cc0d28ef482bc7,farm_2945_original,123984975,1,130499,129564,1,0,0,DONE,DONE,719,719,1,,4.48
p3066_c001_farm,cdd0ae7b4c999599,kaggle-environments 1.32.7,a52ba1bfe9df9dc1d504550af46744ef8d474797cdba7af2412dc40a3ebdf3b8,main,bfee70e9daaebeae0737a880f1df8f1c60d0783c59af620136cc0d28ef482bc7,farm_2945_original,129963012,0,63674,64301,0,1,0,DONE,DONE,719,719,1,,4.36
p3066_c001_farm,cdd0ae7b4c999599,kaggle-environments 1.32.7,a52ba1bfe9df9dc1d504550af46744ef8d474797cdba7af2412dc40a3ebdf3b8,main,bfee70e9daaebeae0737a880f1df8f1c60d0783c59af620136cc0d28ef482bc7,farm_2945_original,129963012,1,63674,64301,0,1,0,DONE,DONE,719,719,1,,4.53
p3066_c001_farm,cdd0ae7b4c999599,kaggle-environments 1.32.7,a52ba1bfe9df9dc1d504550af46744ef8d474797cdba7af2412dc40a3ebdf3b8,main,bfee70e9daaebeae0737a880f1df8f1c60d0783c59af620136cc0d28ef482bc7,farm_2945_original,130304827,0,111926,110213,1,0,0,DONE,DONE,719,719,1,,4.15
p3066_c001_farm,cdd0ae7b4c999599,kaggle-environments 1.32.7,a52ba1bfe9df9dc1d504550af46744ef8d474797cdba7af2412dc40a3ebdf3b8,main,bfee70e9daaebeae0737a880f1df8f1c60d0783c59af620136cc0d28ef482bc7,farm_2945_original,130304827,1,111926,110213,1,0,0,DONE,DONE,719,719,1,,4.28
p3066_c001_farm,cdd0ae7b4c999599,kaggle-environments 1.32.7,a52ba1bfe9df9dc1d504550af46744ef8d474797cdba7af2412dc40a3ebdf3b8,main,bfee70e9daaebeae0737a880f1df8f1c60d0783c59af620136cc0d28ef482bc7,farm_2945_original,130689514,0,105642,104078,1,0,0,DONE,DONE,719,719,1,,4.48
p3066_c001_farm,cdd0ae7b4c999599,kaggle-environments 1.32.7,a52ba1bfe9df9dc1d504550af46744ef8d474797cdba7af2412dc40a3ebdf3b8,main,bfee70e9daaebeae0737a880f1df8f1c60d0783c59af620136cc0d28ef482bc7,farm_2945_original,130689514,1,105642,104078,1,0,0,DONE,DONE,719,719,1,,4.43
p3066_c001_farm,cdd0ae7b4c999599,kaggle-environments 1.32.7,a52ba1bfe9df9dc1d504550af46744ef8d474797cdba7af2412dc40a3ebdf3b8,main,bfee70e9daaebeae0737a880f1df8f1c60d0783c59af620136cc0d28ef482bc7,farm_2945_original,133824799,0,118375,120593,0,1,0,DONE,DONE,719,719,1,,4.66
p3066_c001_farm,cdd0ae7b4c999599,kaggle-environments 1.32.7,a52ba1bfe9df9dc1d504550af46744ef8d474797cdba7af2412dc40a3ebdf3b8,main,bfee70e9daaebeae0737a880f1df8f1c60d0783c59af620136cc0d28ef482bc7,farm_2945_original,133824799,1,118375,120593,0,1,0,DONE,DONE,719,719,1,,4.58
p3066_c001_farm,cdd0ae7b4c999599,kaggle-environments 1.32.7,a52ba1bfe9df9dc1d504550af46744ef8d474797cdba7af2412dc40a3ebdf3b8,main,bfee70e9daaebeae0737a880f1df8f1c60d0783c59af620136cc0d28ef482bc7,farm_2945_original,137224113,0,83806,84323,0,1,0,DONE,DONE,719,719,1,,4.61
p3066_c001_farm,cdd0ae7b4c999599,kaggle-environments 1.32.7,a52ba1bfe9df9dc1d504550af46744ef8d474797cdba7af2412dc40a3ebdf3b8,main,bfee70e9daaebeae0737a880f1df8f1c60d0783c59af620136cc0d28ef482bc7,farm_2945_original,137224113,1,83806,84323,0,1,0,DONE,DONE,719,719,1,,4.26
p3066_c001_farm,cdd0ae7b4c999599,kaggle-environments 1.32.7,a52ba1bfe9df9dc1d504550af46744ef8d474797cdba7af2412dc40a3ebdf3b8,main,bfee70e9daaebeae0737a880f1df8f1c60d0783c59af620136cc0d28ef482bc7,farm_2945_original,140246070,0,81172,80163,1,0,0,DONE,DONE,719,719,1,,4.46
p3066_c001_farm,cdd0ae7b4c999599,kaggle-environments 1.32.7,a52ba1bfe9df9dc1d504550af46744ef8d474797cdba7af2412dc40a3ebdf3b8,main,bfee70e9daaebeae0737a880f1df8f1c60d0783c59af620136cc0d28ef482bc7,farm_2945_original,140246070,1,81172,80163,1,0,0,DONE,DONE,719,719,1,,4.21
p3066_c001_farm,cdd0ae7b4c999599,kaggle-environments 1.32.7,a52ba1bfe9df9dc1d504550af46744ef8d474797cdba7af2412dc40a3ebdf3b8,main,bfee70e9daaebeae0737a880f1df8f1c60d0783c59af620136cc0d28ef482bc7,farm_2945_original,149822769,0,141759,141677,1,0,0,DONE,DONE,719,719,1,,4.18
p3066_c001_farm,cdd0ae7b4c999599,kaggle-environments 1.32.7,a52ba1bfe9df9dc1d504550af46744ef8d474797cdba7af2412dc40a3ebdf3b8,main,bfee70e9daaebeae0737a880f1df8f1c60d0783c59af620136cc0d28ef482bc7,farm_2945_original,149822769,1,141759,141677,1,0,0,DONE,DONE,719,719,1,,4.36
p3066_c001_farm,cdd0ae7b4c999599,kaggle-environments 1.32.7,a52ba1bfe9df9dc1d504550af46744ef8d474797cdba7af2412dc40a3ebdf3b8,main,bfee70e9daaebeae0737a880f1df8f1c60d0783c59af620136cc0d28ef482bc7,farm_2945_original,153492778,0,144832,142396,1,0,0,DONE,DONE,719,719,1,,4.22
p3066_c001_farm,cdd0ae7b4c999599,kaggle-environments 1.32.7,a52ba1bfe9df9dc1d504550af46744ef8d474797cdba7af2412dc40a3ebdf3b8,main,bfee70e9daaebeae0737a880f1df8f1c60d0783c59af620136cc0d28ef482bc7,farm_2945_original,153492778,1,144832,142396,1,0,0,DONE,DONE,719,719,1,,4.65
p3066_c001_farm,cdd0ae7b4c999599,kaggle-environments 1.32.7,a52ba1bfe9df9dc1d504550af46744ef8d474797cdba7af2412dc40a3ebdf3b8,main,bfee70e9daaebeae0737a880f1df8f1c60d0783c59af620136cc0d28ef482bc7,farm_2945_original,156167617,0,111660,109178,1,0,0,DONE,DONE,719,719,1,,4.89
p3066_c001_farm,cdd0ae7b4c999599,kaggle-environments 1.32.7,a52ba1bfe9df9dc1d504550af46744ef8d474797cdba7af2412dc40a3ebdf3b8,main,bfee70e9daaebeae0737a880f1df8f1c60d0783c59af620136cc0d28ef482bc7,farm_2945_original,156167617,1,111660,109178,1,0,0,DONE,DONE,719,719,1,,4.65
p3066_c001_farm,cdd0ae7b4c999599,kaggle-environments 1.32.7,a52ba1bfe9df9dc1d504550af46744ef8d474797cdba7af2412dc40a3ebdf3b8,main,bfee70e9daaebeae0737a880f1df8f1c60d0783c59af620136cc0d28ef482bc7,farm_2945_original,156571513,0,137023,136921,1,0,0,DONE,DONE,719,719,1,,4.38
p3066_c001_farm,cdd0ae7b4c999599,kaggle-environments 1.32.7,a52ba1bfe9df9dc1d504550af46744ef8d474797cdba7af2412dc40a3ebdf3b8,main,bfee70e9daaebeae0737a880f1df8f1c60d0783c59af620136cc0d28ef482bc7,farm_2945_original,156571513,1,137023,136921,1,0,0,DONE,DONE,719,719,1,,4.23
p3066_c001_farm,cdd0ae7b4c999599,kaggle-environments 1.32.7,a52ba1bfe9df9dc1d504550af46744ef8d474797cdba7af2412dc40a3ebdf3b8,main,bfee70e9daaebeae0737a880f1df8f1c60d0783c59af620136cc0d28ef482bc7,farm_2945_original,157051273,0,107019,106858,1,0,0,DONE,DONE,719,719,1,,4.43
p3066_c001_farm,cdd0ae7b4c999599,kaggle-environments 1.32.7,a52ba1bfe9df9dc1d504550af46744ef8d474797cdba7af2412dc40a3ebdf3b8,main,bfee70e9daaebeae0737a880f1df8f1c60d0783c59af620136cc0d28ef482bc7,farm_2945_original,157051273,1,107019,106858,1,0,0,DONE,DONE,719,719,1,,4.27
p3066_c001_farm,cdd0ae7b4c999599,kaggle-environments 1.32.7,a52ba1bfe9df9dc1d504550af46744ef8d474797cdba7af2412dc40a3ebdf3b8,main,bfee70e9daaebeae0737a880f1df8f1c60d0783c59af620136cc0d28ef482bc7,farm_2945_original,161145024,0,112010,112214,0,1,0,DONE,DONE,719,719,1,,4.4
p3066_c001_farm,cdd0ae7b4c999599,kaggle-environments 1.32.7,a52ba1bfe9df9dc1d504550af46744ef8d474797cdba7af2412dc40a3ebdf3b8,main,bfee70e9daaebeae0737a880f1df8f1c60d0783c59af620136cc0d28ef482bc7,farm_2945_original,161145024,1,112010,112214,0,1,0,DONE,DONE,719,719,1,,4.46
p3066_c001_farm,cdd0ae7b4c999599,kaggle-environments 1.32.7,a52ba1bfe9df9dc1d504550af46744ef8d474797cdba7af2412dc40a3ebdf3b8,main,bfee70e9daaebeae0737a880f1df8f1c60d0783c59af620136cc0d28ef482bc7,farm_2945_original,161552403,0,96975,96438,1,0,0,DONE,DONE,719,719,1,,4.22
p3066_c001_farm,cdd0ae7b4c999599,kaggle-environments 1.32.7,a52ba1bfe9df9dc1d504550af46744ef8d474797cdba7af2412dc40a3ebdf3b8,main,bfee70e9daaebeae0737a880f1df8f1c60d0783c59af620136cc0d28ef482bc7,farm_2945_original,161552403,1,96975,96438,1,0,0,DONE,DONE,719,719,1,,4.55
p3066_c001_farm,cdd0ae7b4c999599,kaggle-environments 1.32.7,a52ba1bfe9df9dc1d504550af46744ef8d474797cdba7af2412dc40a3ebdf3b8,main,bfee70e9daaebeae0737a880f1df8f1c60d0783c59af620136cc0d28ef482bc7,farm_2945_original,164001958,0,64542,63270,1,0,0,DONE,DONE,719,719,1,,4.15
p3066_c001_farm,cdd0ae7b4c999599,kaggle-environments 1.32.7,a52ba1bfe9df9dc1d504550af46744ef8d474797cdba7af2412dc40a3ebdf3b8,main,bfee70e9daaebeae0737a880f1df8f1c60d0783c59af620136cc0d28ef482bc7,farm_2945_original,164001958,1,64542,63270,1,0,0,DONE,DONE,719,719,1,,4.44
p3066_c001_farm,cdd0ae7b4c999599,kaggle-environments 1.32.7,a52ba1bfe9df9dc1d504550af46744ef8d474797cdba7af2412dc40a3ebdf3b8,main,bfee70e9daaebeae0737a880f1df8f1c60d0783c59af620136cc0d28ef482bc7,farm_2945_original,164785683,0,106807,102411,1,0,0,DONE,DONE,719,719,1,,4.41
p3066_c001_farm,cdd0ae7b4c999599,kaggle-environments 1.32.7,a52ba1bfe9df9dc1d504550af46744ef8d474797cdba7af2412dc40a3ebdf3b8,main,bfee70e9daaebeae0737a880f1df8f1c60d0783c59af620136cc0d28ef482bc7,farm_2945_original,164785683,1,106227,103199,1,0,0,DONE,DONE,719,719,1,,4.71
p3066_c001_farm,cdd0ae7b4c999599,kaggle-environments 1.32.7,a52ba1bfe9df9dc1d504550af46744ef8d474797cdba7af2412dc40a3ebdf3b8,main,bfee70e9daaebeae0737a880f1df8f1c60d0783c59af620136cc0d28ef482bc7,farm_2945_original,166422427,0,99985,100851,0,1,0,DONE,DONE,719,719,1,,4.3
p3066_c001_farm,cdd0ae7b4c999599,kaggle-environments 1.32.7,a52ba1bfe9df9dc1d504550af46744ef8d474797cdba7af2412dc40a3ebdf3b8,main,bfee70e9daaebeae0737a880f1df8f1c60d0783c59af620136cc0d28ef482bc7,farm_2945_original,166422427,1,99985,100851,0,1,0,DONE,DONE,719,719,1,,4.26
p3066_c001_farm,cdd0ae7b4c999599,kaggle-environments 1.32.7,a52ba1bfe9df9dc1d504550af46744ef8d474797cdba7af2412dc40a3ebdf3b8,main,bfee70e9daaebeae0737a880f1df8f1c60d0783c59af620136cc0d28ef482bc7,farm_2945_original,166651423,0,114569,124014,0,1,0,DONE,DONE,719,719,1,,4.75
p3066_c001_farm,cdd0ae7b4c999599,kaggle-environments 1.32.7,a52ba1bfe9df9dc1d504550af46744ef8d474797cdba7af2412dc40a3ebdf3b8,main,bfee70e9daaebeae0737a880f1df8f1c60d0783c59af620136cc0d28ef482bc7,farm_2945_original,166651423,1,114569,124014,0,1,0,DONE,DONE,719,719,1,,4.5
p3066_c001_farm,cdd0ae7b4c999599,kaggle-environments 1.32.7,a52ba1bfe9df9dc1d504550af46744ef8d474797cdba7af2412dc40a3ebdf3b8,main,bfee70e9daaebeae0737a880f1df8f1c60d0783c59af620136cc0d28ef482bc7,farm_2945_original,174255558,0,120982,121796,0,1,0,DONE,DONE,719,719,1,,4.51
p3066_c001_farm,cdd0ae7b4c999599,kaggle-environments 1.32.7,a52ba1bfe9df9dc1d504550af46744ef8d474797cdba7af2412dc40a3ebdf3b8,main,bfee70e9daaebeae0737a880f1df8f1c60d0783c59af620136cc0d28ef482bc7,farm_2945_original,174255558,1,120982,121796,0,1,0,DONE,DONE,719,719,1,,4.44
p3066_c001_farm,cdd0ae7b4c999599,kaggle-environments 1.32.7,a52ba1bfe9df9dc1d504550af46744ef8d474797cdba7af2412dc40a3ebdf3b8,main,bfee70e9daaebeae0737a880f1df8f1c60d0783c59af620136cc0d28ef482bc7,farm_2945_original,174529659,0,101466,101521,0,1,0,DONE,DONE,719,719,1,,4.39
p3066_c001_farm,cdd0ae7b4c999599,kaggle-environments 1.32.7,a52ba1bfe9df9dc1d504550af46744ef8d474797cdba7af2412dc40a3ebdf3b8,main,bfee70e9daaebeae0737a880f1df8f1c60d0783c59af620136cc0d28ef482bc7,farm_2945_original,174529659,1,101466,101521,0,1,0,DONE,DONE,719,719,1,,4.52
p3066_c001_farm,cdd0ae7b4c999599,kaggle-environments 1.32.7,a52ba1bfe9df9dc1d504550af46744ef8d474797cdba7af2412dc40a3ebdf3b8,main,bfee70e9daaebeae0737a880f1df8f1c60d0783c59af620136cc0d28ef482bc7,farm_2945_original,176712803,0,79518,77137,1,0,0,DONE,DONE,719,719,1,,4.98
p3066_c001_farm,cdd0ae7b4c999599,kaggle-environments 1.32.7,a52ba1bfe9df9dc1d504550af46744ef8d474797cdba7af2412dc40a3ebdf3b8,main,bfee70e9daaebeae0737a880f1df8f1c60d0783c59af620136cc0d28ef482bc7,farm_2945_original,176712803,1,86122,85177,1,0,0,DONE,DONE,719,719,1,,4.94
p3066_c001_farm,cdd0ae7b4c999599,kaggle-environments 1.32.7,a52ba1bfe9df9dc1d504550af46744ef8d474797cdba7af2412dc40a3ebdf3b8,main,bfee70e9daaebeae0737a880f1df8f1c60d0783c59af620136cc0d28ef482bc7,farm_2945_original,178973695,0,135028,135343,0,1,0,DONE,DONE,719,719,1,,4.48
p3066_c001_farm,cdd0ae7b4c999599,kaggle-environments 1.32.7,a52ba1bfe9df9dc1d504550af46744ef8d474797cdba7af2412dc40a3ebdf3b8,main,bfee70e9daaebeae0737a880f1df8f1c60d0783c59af620136cc0d28ef482bc7,farm_2945_original,178973695,1,135028,135343,0,1,0,DONE,DONE,719,719,1,,4.93
p3066_c001_farm,cdd0ae7b4c999599,kaggle-environments 1.32.7,a52ba1bfe9df9dc1d504550af46744ef8d474797cdba7af2412dc40a3ebdf3b8,main,bfee70e9daaebeae0737a880f1df8f1c60d0783c59af620136cc0d28ef482bc7,farm_2945_original,179227834,0,96814,96376,1,0,0,DONE,DONE,719,719,1,,4.49
p3066_c001_farm,cdd0ae7b4c999599,kaggle-environments 1.32.7,a52ba1bfe9df9dc1d504550af46744ef8d474797cdba7af2412dc40a3ebdf3b8,main,bfee70e9daaebeae0737a880f1df8f1c60d0783c59af620136cc0d28ef482bc7,farm_2945_original,179227834,1,96814,96376,1,0,0,DONE,DONE,719,719,1,,4.4
p3066_c001_farm,cdd0ae7b4c999599,kaggle-environments 1.32.7,a52ba1bfe9df9dc1d504550af46744ef8d474797cdba7af2412dc40a3ebdf3b8,main,bfee70e9daaebeae0737a880f1df8f1c60d0783c59af620136cc0d28ef482bc7,farm_2945_original,182031983,0,133361,133747,0,1,0,DONE,DONE,719,719,1,,4.85
p3066_c001_farm,cdd0ae7b4c999599,kaggle-environments 1.32.7,a52ba1bfe9df9dc1d504550af46744ef8d474797cdba7af2412dc40a3ebdf3b8,main,bfee70e9daaebeae0737a880f1df8f1c60d0783c59af620136cc0d28ef482bc7,farm_2945_original,182031983,1,133361,133747,0,1,0,DONE,DONE,719,719,1,,4.78
p3066_c001_farm,cdd0ae7b4c999599,kaggle-environments 1.32.7,a52ba1bfe9df9dc1d504550af46744ef8d474797cdba7af2412dc40a3ebdf3b8,main,bfee70e9daaebeae0737a880f1df8f1c60d0783c59af620136cc0d28ef482bc7,farm_2945_original,186064628,0,62502,62981,0,1,0,DONE,DONE,719,719,1,,4.6
p3066_c001_farm,cdd0ae7b4c999599,kaggle-environments 1.32.7,a52ba1bfe9df9dc1d504550af46744ef8d474797cdba7af2412dc40a3ebdf3b8,main,bfee70e9daaebeae0737a880f1df8f1c60d0783c59af620136cc0d28ef482bc7,farm_2945_original,186064628,1,62574,62949,0,1,0,DONE,DONE,719,719,1,,4.41
p3066_c001_farm,cdd0ae7b4c999599,kaggle-environments 1.32.7,a52ba1bfe9df9dc1d504550af46744ef8d474797cdba7af2412dc40a3ebdf3b8,main,bfee70e9daaebeae0737a880f1df8f1c60d0783c59af620136cc0d28ef482bc7,farm_2945_original,195295841,0,120858,120230,1,0,0,DONE,DONE,719,719,1,,4.17
p3066_c001_farm,cdd0ae7b4c999599,kaggle-environments 1.32.7,a52ba1bfe9df9dc1d504550af46744ef8d474797cdba7af2412dc40a3ebdf3b8,main,bfee70e9daaebeae0737a880f1df8f1c60d0783c59af620136cc0d28ef482bc7,farm_2945_original,195295841,1,120858,120230,1,0,0,DONE,DONE,719,719,1,,4.49
p3066_c001_farm,cdd0ae7b4c999599,kaggle-environments 1.32.7,a52ba1bfe9df9dc1d504550af46744ef8d474797cdba7af2412dc40a3ebdf3b8,main,bfee70e9daaebeae0737a880f1df8f1c60d0783c59af620136cc0d28ef482bc7,farm_2945_original,198262943,0,63629,61722,1,0,0,DONE,DONE,719,719,1,,4.62
p3066_c001_farm,cdd0ae7b4c999599,kaggle-environments 1.32.7,a52ba1bfe9df9dc1d504550af46744ef8d474797cdba7af2412dc40a3ebdf3b8,main,bfee70e9daaebeae0737a880f1df8f1c60d0783c59af620136cc0d28ef482bc7,farm_2945_original,198262943,1,63629,61722,1,0,0,DONE,DONE,719,719,1,,4.44
p3066_c001_farm,cdd0ae7b4c999599,kaggle-environments 1.32.7,a52ba1bfe9df9dc1d504550af46744ef8d474797cdba7af2412dc40a3ebdf3b8,main,bfee70e9daaebeae0737a880f1df8f1c60d0783c59af620136cc0d28ef482bc7,farm_2945_original,198710176,0,66266,65271,1,0,0,DONE,DONE,719,719,1,,4.32
p3066_c001_farm,cdd0ae7b4c999599,kaggle-environments 1.32.7,a52ba1bfe9df9dc1d504550af46744ef8d474797cdba7af2412dc40a3ebdf3b8,main,bfee70e9daaebeae0737a880f1df8f1c60d0783c59af620136cc0d28ef482bc7,farm_2945_original,198710176,1,66266,65271,1,0,0,DONE,DONE,719,719,1,,4.34
p3066_c001_farm,cdd0ae7b4c999599,kaggle-environments 1.32.7,a52ba1bfe9df9dc1d504550af46744ef8d474797cdba7af2412dc40a3ebdf3b8,main,bfee70e9daaebeae0737a880f1df8f1c60d0783c59af620136cc0d28ef482bc7,farm_2945_original,200695914,0,104521,105077,0,1,0,DONE,DONE,719,719,1,,4.38
p3066_c001_farm,cdd0ae7b4c999599,kaggle-environments 1.32.7,a52ba1bfe9df9dc1d504550af46744ef8d474797cdba7af2412dc40a3ebdf3b8,main,bfee70e9daaebeae0737a880f1df8f1c60d0783c59af620136cc0d28ef482bc7,farm_2945_original,200695914,1,104521,105077,0,1,0,DONE,DONE,719,719,1,,4.53
p3066_c001_farm,cdd0ae7b4c999599,kaggle-environments 1.32.7,a52ba1bfe9df9dc1d504550af46744ef8d474797cdba7af2412dc40a3ebdf3b8,main,bfee70e9daaebeae0737a880f1df8f1c60d0783c59af620136cc0d28ef482bc7,farm_2945_original,206928626,0,127194,124835,1,0,0,DONE,DONE,719,719,1,,4.64
p3066_c001_farm,cdd0ae7b4c999599,kaggle-environments 1.32.7,a52ba1bfe9df9dc1d504550af46744ef8d474797cdba7af2412dc40a3ebdf3b8,main,bfee70e9daaebeae0737a880f1df8f1c60d0783c59af620136cc0d28ef482bc7,farm_2945_original,206928626,1,127194,124835,1,0,0,DONE,DONE,719,719,1,,4.83
p3066_c001_farm,cdd0ae7b4c999599,kaggle-environments 1.32.7,a52ba1bfe9df9dc1d504550af46744ef8d474797cdba7af2412dc40a3ebdf3b8,main,bfee70e9daaebeae0737a880f1df8f1c60d0783c59af620136cc0d28ef482bc7,farm_2945_original,207746303,0,81147,78535,1,0,0,DONE,DONE,719,719,1,,4.25
p3066_c001_farm,cdd0ae7b4c999599,kaggle-environments 1.32.7,a52ba1bfe9df9dc1d504550af46744ef8d474797cdba7af2412dc40a3ebdf3b8,main,bfee70e9daaebeae0737a880f1df8f1c60d0783c59af620136cc0d28ef482bc7,farm_2945_original,207746303,1,81147,78535,1,0,0,DONE,DONE,719,719,1,,4.46
p3066_c001_farm,cdd0ae7b4c999599,kaggle-environments 1.32.7,a52ba1bfe9df9dc1d504550af46744ef8d474797cdba7af2412dc40a3ebdf3b8,main,bfee70e9daaebeae0737a880f1df8f1c60d0783c59af620136cc0d28ef482bc7,farm_2945_original,207824845,0,132871,133774,0,1,0,DONE,DONE,719,719,1,,4.5
p3066_c001_farm,cdd0ae7b4c999599,kaggle-environments 1.32.7,a52ba1bfe9df9dc1d504550af46744ef8d474797cdba7af2412dc40a3ebdf3b8,main,bfee70e9daaebeae0737a880f1df8f1c60d0783c59af620136cc0d28ef482bc7,farm_2945_original,207824845,1,132871,133774,0,1,0,DONE,DONE,719,719,1,,4.2
p3066_c001_farm,cdd0ae7b4c999599,kaggle-environments 1.32.7,a52ba1bfe9df9dc1d504550af46744ef8d474797cdba7af2412dc40a3ebdf3b8,main,bfee70e9daaebeae0737a880f1df8f1c60d0783c59af620136cc0d28ef482bc7,farm_2945_original,207882427,0,92391,93330,0,1,0,DONE,DONE,719,719,1,,4.47
p3066_c001_farm,cdd0ae7b4c999599,kaggle-environments 1.32.7,a52ba1bfe9df9dc1d504550af46744ef8d474797cdba7af2412dc40a3ebdf3b8,main,bfee70e9daaebeae0737a880f1df8f1c60d0783c59af620136cc0d28ef482bc7,farm_2945_original,207882427,1,92391,93330,0,1,0,DONE,DONE,719,719,1,,4.82
p3066_c001_farm,cdd0ae7b4c999599,kaggle-environments 1.32.7,a52ba1bfe9df9dc1d504550af46744ef8d474797cdba7af2412dc40a3ebdf3b8,main,bfee70e9daaebeae0737a880f1df8f1c60d0783c59af620136cc0d28ef482bc7,farm_2945_original,208481455,0,89177,87914,1,0,0,DONE,DONE,719,719,1,,4.3
p3066_c001_farm,cdd0ae7b4c999599,kaggle-environments 1.32.7,a52ba1bfe9df9dc1d504550af46744ef8d474797cdba7af2412dc40a3ebdf3b8,main,bfee70e9daaebeae0737a880f1df8f1c60d0783c59af620136cc0d28ef482bc7,farm_2945_original,208481455,1,89177,87914,1,0,0,DONE,DONE,719,719,1,,4.16
p3066_c001_farm,cdd0ae7b4c999599,kaggle-environments 1.32.7,a52ba1bfe9df9dc1d504550af46744ef8d474797cdba7af2412dc40a3ebdf3b8,main,bfee70e9daaebeae0737a880f1df8f1c60d0783c59af620136cc0d28ef482bc7,farm_2945_original,211179053,0,82129,82319,0,1,0,DONE,DONE,719,719,1,,4.49
p3066_c001_farm,cdd0ae7b4c999599,kaggle-environments 1.32.7,a52ba1bfe9df9dc1d504550af46744ef8d474797cdba7af2412dc40a3ebdf3b8,main,bfee70e9daaebeae0737a880f1df8f1c60d0783c59af620136cc0d28ef482bc7,farm_2945_original,211179053,1,82129,82319,0,1,0,DONE,DONE,719,719,1,,4.25
p3066_c001_farm,cdd0ae7b4c999599,kaggle-environments 1.32.7,a52ba1bfe9df9dc1d504550af46744ef8d474797cdba7af2412dc40a3ebdf3b8,main,bfee70e9daaebeae0737a880f1df8f1c60d0783c59af620136cc0d28ef482bc7,farm_2945_original,211633960,0,83154,82540,1,0,0,DONE,DONE,719,719,1,,4.24
p3066_c001_farm,cdd0ae7b4c999599,kaggle-environments 1.32.7,a52ba1bfe9df9dc1d504550af46744ef8d474797cdba7af2412dc40a3ebdf3b8,main,bfee70e9daaebeae0737a880f1df8f1c60d0783c59af620136cc0d28ef482bc7,farm_2945_original,211633960,1,83154,82540,1,0,0,DONE,DONE,719,719,1,,4.52
p3066_c001_farm,cdd0ae7b4c999599,kaggle-environments 1.32.7,a52ba1bfe9df9dc1d504550af46744ef8d474797cdba7af2412dc40a3ebdf3b8,main,bfee70e9daaebeae0737a880f1df8f1c60d0783c59af620136cc0d28ef482bc7,farm_2945_original,212349113,0,65065,64859,1,0,0,DONE,DONE,719,719,1,,4.33
p3066_c001_farm,cdd0ae7b4c999599,kaggle-environments 1.32.7,a52ba1bfe9df9dc1d504550af46744ef8d474797cdba7af2412dc40a3ebdf3b8,main,bfee70e9daaebeae0737a880f1df8f1c60d0783c59af620136cc0d28ef482bc7,farm_2945_original,212349113,1,65065,64859,1,0,0,DONE,DONE,719,719,1,,4.44
p3066_c001_farm,cdd0ae7b4c999599,kaggle-environments 1.32.7,a52ba1bfe9df9dc1d504550af46744ef8d474797cdba7af2412dc40a3ebdf3b8,main,bfee70e9daaebeae0737a880f1df8f1c60d0783c59af620136cc0d28ef482bc7,farm_2945_original,213629769,0,79184,78043,1,0,0,DONE,DONE,719,719,1,,4.45
p3066_c001_farm,cdd0ae7b4c999599,kaggle-environments 1.32.7,a52ba1bfe9df9dc1d504550af46744ef8d474797cdba7af2412dc40a3ebdf3b8,main,bfee70e9daaebeae0737a880f1df8f1c60d0783c59af620136cc0d28ef482bc7,farm_2945_original,213629769,1,79184,78043,1,0,0,DONE,DONE,719,719,1,,4.48
p3066_c001_farm,cdd0ae7b4c999599,kaggle-environments 1.32.7,a52ba1bfe9df9dc1d504550af46744ef8d474797cdba7af2412dc40a3ebdf3b8,main,bfee70e9daaebeae0737a880f1df8f1c60d0783c59af620136cc0d28ef482bc7,farm_2945_original,215483609,0,69875,67189,1,0,0,DONE,DONE,719,719,1,,4.52
p3066_c001_farm,cdd0ae7b4c999599,kaggle-environments 1.32.7,a52ba1bfe9df9dc1d504550af46744ef8d474797cdba7af2412dc40a3ebdf3b8,main,bfee70e9daaebeae0737a880f1df8f1c60d0783c59af620136cc0d28ef482bc7,farm_2945_original,215483609,1,69704,67193,1,0,0,DONE,DONE,719,719,1,,4.29
p3066_c001_farm,cdd0ae7b4c999599,kaggle-environments 1.32.7,a52ba1bfe9df9dc1d504550af46744ef8d474797cdba7af2412dc40a3ebdf3b8,main,bfee70e9daaebeae0737a880f1df8f1c60d0783c59af620136cc0d28ef482bc7,farm_2945_original,218536939,0,87463,87292,1,0,0,DONE,DONE,719,719,1,,4.34
p3066_c001_farm,cdd0ae7b4c999599,kaggle-environments 1.32.7,a52ba1bfe9df9dc1d504550af46744ef8d474797cdba7af2412dc40a3ebdf3b8,main,bfee70e9daaebeae0737a880f1df8f1c60d0783c59af620136cc0d28ef482bc7,farm_2945_original,218536939,1,87463,87292,1,0,0,DONE,DONE,719,719,1,,4.33
p3066_c001_farm,cdd0ae7b4c999599,kaggle-environments 1.32.7,a52ba1bfe9df9dc1d504550af46744ef8d474797cdba7af2412dc40a3ebdf3b8,main,bfee70e9daaebeae0737a880f1df8f1c60d0783c59af620136cc0d28ef482bc7,farm_2945_original,223961500,0,79435,79788,0,1,0,DONE,DONE,719,719,1,,4.58
p3066_c001_farm,cdd0ae7b4c999599,kaggle-environments 1.32.7,a52ba1bfe9df9dc1d504550af46744ef8d474797cdba7af2412dc40a3ebdf3b8,main,bfee70e9daaebeae0737a880f1df8f1c60d0783c59af620136cc0d28ef482bc7,farm_2945_original,223961500,1,79435,79788,0,1,0,DONE,DONE,719,719,1,,4.3
p3066_c001_farm,cdd0ae7b4c999599,kaggle-environments 1.32.7,a52ba1bfe9df9dc1d504550af46744ef8d474797cdba7af2412dc40a3ebdf3b8,main,bfee70e9daaebeae0737a880f1df8f1c60d0783c59af620136cc0d28ef482bc7,farm_2945_original,224020109,0,86148,85761,1,0,0,DONE,DONE,719,719,1,,4.31
p3066_c001_farm,cdd0ae7b4c999599,kaggle-environments 1.32.7,a52ba1bfe9df9dc1d504550af46744ef8d474797cdba7af2412dc40a3ebdf3b8,main,bfee70e9daaebeae0737a880f1df8f1c60d0783c59af620136cc0d28ef482bc7,farm_2945_original,224020109,1,86148,85761,1,0,0,DONE,DONE,719,719,1,,4.14
p3066_c001_farm,cdd0ae7b4c999599,kaggle-environments 1.32.7,a52ba1bfe9df9dc1d504550af46744ef8d474797cdba7af2412dc40a3ebdf3b8,main,bfee70e9daaebeae0737a880f1df8f1c60d0783c59af620136cc0d28ef482bc7,farm_2945_original,224179274,0,110300,109061,1,0,0,DONE,DONE,719,719,1,,4.6
p3066_c001_farm,cdd0ae7b4c999599,kaggle-environments 1.32.7,a52ba1bfe9df9dc1d504550af46744ef8d474797cdba7af2412dc40a3ebdf3b8,main,bfee70e9daaebeae0737a880f1df8f1c60d0783c59af620136cc0d28ef482bc7,farm_2945_original,224179274,1,110300,109061,1,0,0,DONE,DONE,719,719,1,,4.51
p3066_c001_farm,cdd0ae7b4c999599,kaggle-environments 1.32.7,a52ba1bfe9df9dc1d504550af46744ef8d474797cdba7af2412dc40a3ebdf3b8,main,bfee70e9daaebeae0737a880f1df8f1c60d0783c59af620136cc0d28ef482bc7,farm_2945_original,227591570,0,108645,108923,0,1,0,DONE,DONE,719,719,1,,4.11
p3066_c001_farm,cdd0ae7b4c999599,kaggle-environments 1.32.7,a52ba1bfe9df9dc1d504550af46744ef8d474797cdba7af2412dc40a3ebdf3b8,main,bfee70e9daaebeae0737a880f1df8f1c60d0783c59af620136cc0d28ef482bc7,farm_2945_original,227591570,1,108645,108923,0,1,0,DONE,DONE,719,719,1,,4.12
p3066_c001_farm,cdd0ae7b4c999599,kaggle-environments 1.32.7,a52ba1bfe9df9dc1d504550af46744ef8d474797cdba7af2412dc40a3ebdf3b8,main,bfee70e9daaebeae0737a880f1df8f1c60d0783c59af620136cc0d28ef482bc7,farm_2945_original,228346312,0,110492,110493,0,1,0,DONE,DONE,719,719,1,,4.21
p3066_c001_farm,cdd0ae7b4c999599,kaggle-environments 1.32.7,a52ba1bfe9df9dc1d504550af46744ef8d474797cdba7af2412dc40a3ebdf3b8,main,bfee70e9daaebeae0737a880f1df8f1c60d0783c59af620136cc0d28ef482bc7,farm_2945_original,228346312,1,110492,110493,0,1,0,DONE,DONE,719,719,1,,4.33
p3066_c001_farm,cdd0ae7b4c999599,kaggle-environments 1.32.7,a52ba1bfe9df9dc1d504550af46744ef8d474797cdba7af2412dc40a3ebdf3b8,main,bfee70e9daaebeae0737a880f1df8f1c60d0783c59af620136cc0d28ef482bc7,farm_2945_original,237455159,0,92140,91085,1,0,0,DONE,DONE,719,719,1,,4.25
p3066_c001_farm,cdd0ae7b4c999599,kaggle-environments 1.32.7,a52ba1bfe9df9dc1d504550af46744ef8d474797cdba7af2412dc40a3ebdf3b8,main,bfee70e9daaebeae0737a880f1df8f1c60d0783c59af620136cc0d28ef482bc7,farm_2945_original,237455159,1,92140,91085,1,0,0,DONE,DONE,719,719,1,,4.28
p3066_c001_farm,cdd0ae7b4c999599,kaggle-environments 1.32.7,a52ba1bfe9df9dc1d504550af46744ef8d474797cdba7af2412dc40a3ebdf3b8,main,bfee70e9daaebeae0737a880f1df8f1c60d0783c59af620136cc0d28ef482bc7,farm_2945_original,237977933,0,64158,64390,0,1,0,DONE,DONE,719,719,1,,4.18
p3066_c001_farm,cdd0ae7b4c999599,kaggle-environments 1.32.7,a52ba1bfe9df9dc1d504550af46744ef8d474797cdba7af2412dc40a3ebdf3b8,main,bfee70e9daaebeae0737a880f1df8f1c60d0783c59af620136cc0d28ef482bc7,farm_2945_original,237977933,1,64158,64390,0,1,0,DONE,DONE,719,719,1,,4.53
p3066_c001_farm,cdd0ae7b4c999599,kaggle-environments 1.32.7,a52ba1bfe9df9dc1d504550af46744ef8d474797cdba7af2412dc40a3ebdf3b8,main,bfee70e9daaebeae0737a880f1df8f1c60d0783c59af620136cc0d28ef482bc7,farm_2945_original,242100432,0,85277,83500,1,0,0,DONE,DONE,719,719,1,,4.45
p3066_c001_farm,cdd0ae7b4c999599,kaggle-environments 1.32.7,a52ba1bfe9df9dc1d504550af46744ef8d474797cdba7af2412dc40a3ebdf3b8,main,bfee70e9daaebeae0737a880f1df8f1c60d0783c59af620136cc0d28ef482bc7,farm_2945_original,242100432,1,85277,83500,1,0,0,DONE,DONE,719,719,1,,4.46
p3066_c001_farm,cdd0ae7b4c999599,kaggle-environments 1.32.7,a52ba1bfe9df9dc1d504550af46744ef8d474797cdba7af2412dc40a3ebdf3b8,main,bfee70e9daaebeae0737a880f1df8f1c60d0783c59af620136cc0d28ef482bc7,farm_2945_original,243646532,0,87223,87720,0,1,0,DONE,DONE,719,719,1,,4.81
p3066_c001_farm,cdd0ae7b4c999599,kaggle-environments 1.32.7,a52ba1bfe9df9dc1d504550af46744ef8d474797cdba7af2412dc40a3ebdf3b8,main,bfee70e9daaebeae0737a880f1df8f1c60d0783c59af620136cc0d28ef482bc7,farm_2945_original,243646532,1,87223,87720,0,1,0,DONE,DONE,719,719,1,,4.73
p3066_c001_farm,cdd0ae7b4c999599,kaggle-environments 1.32.7,a52ba1bfe9df9dc1d504550af46744ef8d474797cdba7af2412dc40a3ebdf3b8,main,bfee70e9daaebeae0737a880f1df8f1c60d0783c59af620136cc0d28ef482bc7,farm_2945_original,244488030,0,68527,65823,1,0,0,DONE,DONE,719,719,1,,4.39
p3066_c001_farm,cdd0ae7b4c999599,kaggle-environments 1.32.7,a52ba1bfe9df9dc1d504550af46744ef8d474797cdba7af2412dc40a3ebdf3b8,main,bfee70e9daaebeae0737a880f1df8f1c60d0783c59af620136cc0d28ef482bc7,farm_2945_original,244488030,1,68527,65823,1,0,0,DONE,DONE,719,719,1,,4.51
p3066_c001_farm,cdd0ae7b4c999599,kaggle-environments 1.32.7,a52ba1bfe9df9dc1d504550af46744ef8d474797cdba7af2412dc40a3ebdf3b8,main,bfee70e9daaebeae0737a880f1df8f1c60d0783c59af620136cc0d28ef482bc7,farm_2945_original,244579335,0,82762,83054,0,1,0,DONE,DONE,719,719,1,,4.61
p3066_c001_farm,cdd0ae7b4c999599,kaggle-environments 1.32.7,a52ba1bfe9df9dc1d504550af46744ef8d474797cdba7af2412dc40a3ebdf3b8,main,bfee70e9daaebeae0737a880f1df8f1c60d0783c59af620136cc0d28ef482bc7,farm_2945_original,244579335,1,82681,83129,0,1,0,DONE,DONE,719,719,1,,4.39
p3066_c001_farm,cdd0ae7b4c999599,kaggle-environments 1.32.7,a52ba1bfe9df9dc1d504550af46744ef8d474797cdba7af2412dc40a3ebdf3b8,main,bfee70e9daaebeae0737a880f1df8f1c60d0783c59af620136cc0d28ef482bc7,farm_2945_original,245669593,0,87516,85939,1,0,0,DONE,DONE,719,719,1,,4.82
p3066_c001_farm,cdd0ae7b4c999599,kaggle-environments 1.32.7,a52ba1bfe9df9dc1d504550af46744ef8d474797cdba7af2412dc40a3ebdf3b8,main,bfee70e9daaebeae0737a880f1df8f1c60d0783c59af620136cc0d28ef482bc7,farm_2945_original,245669593,1,87516,85939,1,0,0,DONE,DONE,719,719,1,,5.47
p3066_c001_farm,cdd0ae7b4c999599,kaggle-environments 1.32.7,a52ba1bfe9df9dc1d504550af46744ef8d474797cdba7af2412dc40a3ebdf3b8,main,bfee70e9daaebeae0737a880f1df8f1c60d0783c59af620136cc0d28ef482bc7,farm_2945_original,247027353,0,119283,115920,1,0,0,DONE,DONE,719,719,1,,4.58
p3066_c001_farm,cdd0ae7b4c999599,kaggle-environments 1.32.7,a52ba1bfe9df9dc1d504550af46744ef8d474797cdba7af2412dc40a3ebdf3b8,main,bfee70e9daaebeae0737a880f1df8f1c60d0783c59af620136cc0d28ef482bc7,farm_2945_original,247027353,1,119283,115920,1,0,0,DONE,DONE,719,719,1,,4.71
p3066_c001_farm,cdd0ae7b4c999599,kaggle-environments 1.32.7,a52ba1bfe9df9dc1d504550af46744ef8d474797cdba7af2412dc40a3ebdf3b8,main,bfee70e9daaebeae0737a880f1df8f1c60d0783c59af620136cc0d28ef482bc7,farm_2945_original,248168242,0,93080,92676,1,0,0,DONE,DONE,719,719,1,,5.06
p3066_c001_farm,cdd0ae7b4c999599,kaggle-environments 1.32.7,a52ba1bfe9df9dc1d504550af46744ef8d474797cdba7af2412dc40a3ebdf3b8,main,bfee70e9daaebeae0737a880f1df8f1c60d0783c59af620136cc0d28ef482bc7,farm_2945_original,248168242,1,93080,92676,1,0,0,DONE,DONE,719,719,1,,4.39
p3066_c001_farm,cdd0ae7b4c999599,kaggle-environments 1.32.7,a52ba1bfe9df9dc1d504550af46744ef8d474797cdba7af2412dc40a3ebdf3b8,main,bfee70e9daaebeae0737a880f1df8f1c60d0783c59af620136cc0d28ef482bc7,farm_2945_original,252426730,0,107463,110622,0,1,0,DONE,DONE,719,719,1,,4.96
p3066_c001_farm,cdd0ae7b4c999599,kaggle-environments 1.32.7,a52ba1bfe9df9dc1d504550af46744ef8d474797cdba7af2412dc40a3ebdf3b8,main,bfee70e9daaebeae0737a880f1df8f1c60d0783c59af620136cc0d28ef482bc7,farm_2945_original,252426730,1,107463,110622,0,1,0,DONE,DONE,719,719,1,,4.87
p3066_c001_farm,cdd0ae7b4c999599,kaggle-environments 1.32.7,a52ba1bfe9df9dc1d504550af46744ef8d474797cdba7af2412dc40a3ebdf3b8,main,bfee70e9daaebeae0737a880f1df8f1c60d0783c59af620136cc0d28ef482bc7,farm_2945_original,253976472,0,96965,97002,0,1,0,DONE,DONE,719,719,1,,4.77
p3066_c001_farm,cdd0ae7b4c999599,kaggle-environments 1.32.7,a52ba1bfe9df9dc1d504550af46744ef8d474797cdba7af2412dc40a3ebdf3b8,main,bfee70e9daaebeae0737a880f1df8f1c60d0783c59af620136cc0d28ef482bc7,farm_2945_original,253976472,1,96965,97002,0,1,0,DONE,DONE,719,719,1,,4.17
p3066_c001_farm,cdd0ae7b4c999599,kaggle-environments 1.32.7,a52ba1bfe9df9dc1d504550af46744ef8d474797cdba7af2412dc40a3ebdf3b8,main,bfee70e9daaebeae0737a880f1df8f1c60d0783c59af620136cc0d28ef482bc7,farm_2945_original,255806317,0,75783,75643,1,0,0,DONE,DONE,719,719,1,,4.4
p3066_c001_farm,cdd0ae7b4c999599,kaggle-environments 1.32.7,a52ba1bfe9df9dc1d504550af46744ef8d474797cdba7af2412dc40a3ebdf3b8,main,bfee70e9daaebeae0737a880f1df8f1c60d0783c59af620136cc0d28ef482bc7,farm_2945_original,255806317,1,75783,75643,1,0,0,DONE,DONE,719,719,1,,4.27
p3066_c001_farm,cdd0ae7b4c999599,kaggle-environments 1.32.7,a52ba1bfe9df9dc1d504550af46744ef8d474797cdba7af2412dc40a3ebdf3b8,main,bfee70e9daaebeae0737a880f1df8f1c60d0783c59af620136cc0d28ef482bc7,farm_2945_original,258798443,0,68689,65510,1,0,0,DONE,DONE,719,719,1,,5.02
p3066_c001_farm,cdd0ae7b4c999599,kaggle-environments 1.32.7,a52ba1bfe9df9dc1d504550af46744ef8d474797cdba7af2412dc40a3ebdf3b8,main,bfee70e9daaebeae0737a880f1df8f1c60d0783c59af620136cc0d28ef482bc7,farm_2945_original,258798443,1,68689,65510,1,0,0,DONE,DONE,719,719,1,,4.5
p3066_c001_farm,cdd0ae7b4c999599,kaggle-environments 1.32.7,a52ba1bfe9df9dc1d504550af46744ef8d474797cdba7af2412dc40a3ebdf3b8,main,bfee70e9daaebeae0737a880f1df8f1c60d0783c59af620136cc0d28ef482bc7,farm_2945_original,262383157,0,103556,103760,0,1,0,DONE,DONE,719,719,1,,4.56
p3066_c001_farm,cdd0ae7b4c999599,kaggle-environments 1.32.7,a52ba1bfe9df9dc1d504550af46744ef8d474797cdba7af2412dc40a3ebdf3b8,main,bfee70e9daaebeae0737a880f1df8f1c60d0783c59af620136cc0d28ef482bc7,farm_2945_original,262383157,1,103556,103760,0,1,0,DONE,DONE,719,719,1,,4.89
p3066_c001_farm,cdd0ae7b4c999599,kaggle-environments 1.32.7,a52ba1bfe9df9dc1d504550af46744ef8d474797cdba7af2412dc40a3ebdf3b8,main,bfee70e9daaebeae0737a880f1df8f1c60d0783c59af620136cc0d28ef482bc7,farm_2945_original,263967034,0,67825,68314,0,1,0,DONE,DONE,719,719,1,,4.85
p3066_c001_farm,cdd0ae7b4c999599,kaggle-environments 1.32.7,a52ba1bfe9df9dc1d504550af46744ef8d474797cdba7af2412dc40a3ebdf3b8,main,bfee70e9daaebeae0737a880f1df8f1c60d0783c59af620136cc0d28ef482bc7,farm_2945_original,263967034,1,67825,68314,0,1,0,DONE,DONE,719,719,1,,5.03
p3066_c001_farm,cdd0ae7b4c999599,kaggle-environments 1.32.7,a52ba1bfe9df9dc1d504550af46744ef8d474797cdba7af2412dc40a3ebdf3b8,main,bfee70e9daaebeae0737a880f1df8f1c60d0783c59af620136cc0d28ef482bc7,farm_2945_original,266064978,0,97201,95287,1,0,0,DONE,DONE,719,719,1,,4.74
p3066_c001_farm,cdd0ae7b4c999599,kaggle-environments 1.32.7,a52ba1bfe9df9dc1d504550af46744ef8d474797cdba7af2412dc40a3ebdf3b8,main,bfee70e9daaebeae0737a880f1df8f1c60d0783c59af620136cc0d28ef482bc7,farm_2945_original,266064978,1,97201,95287,1,0,0,DONE,DONE,719,719,1,,4.64
p3066_c001_farm,cdd0ae7b4c999599,kaggle-environments 1.32.7,a52ba1bfe9df9dc1d504550af46744ef8d474797cdba7af2412dc40a3ebdf3b8,main,bfee70e9daaebeae0737a880f1df8f1c60d0783c59af620136cc0d28ef482bc7,farm_2945_original,267865996,0,141574,141255,1,0,0,DONE,DONE,719,719,1,,4.45
p3066_c001_farm,cdd0ae7b4c999599,kaggle-environments 1.32.7,a52ba1bfe9df9dc1d504550af46744ef8d474797cdba7af2412dc40a3ebdf3b8,main,bfee70e9daaebeae0737a880f1df8f1c60d0783c59af620136cc0d28ef482bc7,farm_2945_original,267865996,1,141574,141255,1,0,0,DONE,DONE,719,719,1,,5.12
p3066_c001_farm,cdd0ae7b4c999599,kaggle-environments 1.32.7,a52ba1bfe9df9dc1d504550af46744ef8d474797cdba7af2412dc40a3ebdf3b8,main,bfee70e9daaebeae0737a880f1df8f1c60d0783c59af620136cc0d28ef482bc7,farm_2945_original,268416285,0,132446,132625,0,1,0,DONE,DONE,719,719,1,,4.77
p3066_c001_farm,cdd0ae7b4c999599,kaggle-environments 1.32.7,a52ba1bfe9df9dc1d504550af46744ef8d474797cdba7af2412dc40a3ebdf3b8,main,bfee70e9daaebeae0737a880f1df8f1c60d0783c59af620136cc0d28ef482bc7,farm_2945_original,268416285,1,132446,132625,0,1,0,DONE,DONE,719,719,1,,5.07
p3066_c001_farm,cdd0ae7b4c999599,kaggle-environments 1.32.7,a52ba1bfe9df9dc1d504550af46744ef8d474797cdba7af2412dc40a3ebdf3b8,main,bfee70e9daaebeae0737a880f1df8f1c60d0783c59af620136cc0d28ef482bc7,farm_2945_original,270212011,0,117082,116453,1,0,0,DONE,DONE,719,719,1,,4.98
p3066_c001_farm,cdd0ae7b4c999599,kaggle-environments 1.32.7,a52ba1bfe9df9dc1d504550af46744ef8d474797cdba7af2412dc40a3ebdf3b8,main,bfee70e9daaebeae0737a880f1df8f1c60d0783c59af620136cc0d28ef482bc7,farm_2945_original,270212011,1,117082,116453,1,0,0,DONE,DONE,719,719,1,,4.62
p3066_c001_farm,cdd0ae7b4c999599,kaggle-environments 1.32.7,a52ba1bfe9df9dc1d504550af46744ef8d474797cdba7af2412dc40a3ebdf3b8,main,bfee70e9daaebeae0737a880f1df8f1c60d0783c59af620136cc0d28ef482bc7,farm_2945_original,271213467,0,85975,84749,1,0,0,DONE,DONE,719,719,1,,4.34
p3066_c001_farm,cdd0ae7b4c999599,kaggle-environments 1.32.7,a52ba1bfe9df9dc1d504550af46744ef8d474797cdba7af2412dc40a3ebdf3b8,main,bfee70e9daaebeae0737a880f1df8f1c60d0783c59af620136cc0d28ef482bc7,farm_2945_original,271213467,1,85975,84749,1,0,0,DONE,DONE,719,719,1,,4.45
p3066_c001_farm,cdd0ae7b4c999599,kaggle-environments 1.32.7,a52ba1bfe9df9dc1d504550af46744ef8d474797cdba7af2412dc40a3ebdf3b8,main,bfee70e9daaebeae0737a880f1df8f1c60d0783c59af620136cc0d28ef482bc7,farm_2945_original,272752417,0,103430,101140,1,0,0,DONE,DONE,719,719,1,,4.34
p3066_c001_farm,cdd0ae7b4c999599,kaggle-environments 1.32.7,a52ba1bfe9df9dc1d504550af46744ef8d474797cdba7af2412dc40a3ebdf3b8,main,bfee70e9daaebeae0737a880f1df8f1c60d0783c59af620136cc0d28ef482bc7,farm_2945_original,272752417,1,103430,101140,1,0,0,DONE,DONE,719,719,1,,4.51
p3066_c001_farm,cdd0ae7b4c999599,kaggle-environments 1.32.7,a52ba1bfe9df9dc1d504550af46744ef8d474797cdba7af2412dc40a3ebdf3b8,main,bfee70e9daaebeae0737a880f1df8f1c60d0783c59af620136cc0d28ef482bc7,farm_2945_original,276129185,0,127158,125836,1,0,0,DONE,DONE,719,719,1,,4.29
p3066_c001_farm,cdd0ae7b4c999599,kaggle-environments 1.32.7,a52ba1bfe9df9dc1d504550af46744ef8d474797cdba7af2412dc40a3ebdf3b8,main,bfee70e9daaebeae0737a880f1df8f1c60d0783c59af620136cc0d28ef482bc7,farm_2945_original,276129185,1,127158,125836,1,0,0,DONE,DONE,719,719,1,,4.22
p3066_c001_farm,cdd0ae7b4c999599,kaggle-environments 1.32.7,a52ba1bfe9df9dc1d504550af46744ef8d474797cdba7af2412dc40a3ebdf3b8,main,bfee70e9daaebeae0737a880f1df8f1c60d0783c59af620136cc0d28ef482bc7,farm_2945_original,280994253,0,99530,104431,0,1,0,DONE,DONE,719,719,1,,4.62
p3066_c001_farm,cdd0ae7b4c999599,kaggle-environments 1.32.7,a52ba1bfe9df9dc1d504550af46744ef8d474797cdba7af2412dc40a3ebdf3b8,main,bfee70e9daaebeae0737a880f1df8f1c60d0783c59af620136cc0d28ef482bc7,farm_2945_original,280994253,1,99530,104431,0,1,0,DONE,DONE,719,719,1,,4.44
p3066_c001_farm,cdd0ae7b4c999599,kaggle-environments 1.32.7,a52ba1bfe9df9dc1d504550af46744ef8d474797cdba7af2412dc40a3ebdf3b8,main,bfee70e9daaebeae0737a880f1df8f1c60d0783c59af620136cc0d28ef482bc7,farm_2945_original,284050073,0,72980,72451,1,0,0,DONE,DONE,719,719,1,,4.17
p3066_c001_farm,cdd0ae7b4c999599,kaggle-environments 1.32.7,a52ba1bfe9df9dc1d504550af46744ef8d474797cdba7af2412dc40a3ebdf3b8,main,bfee70e9daaebeae0737a880f1df8f1c60d0783c59af620136cc0d28ef482bc7,farm_2945_original,284050073,1,72980,72451,1,0,0,DONE,DONE,719,719,1,,4.23
p3066_c001_farm,cdd0ae7b4c999599,kaggle-environments 1.32.7,a52ba1bfe9df9dc1d504550af46744ef8d474797cdba7af2412dc40a3ebdf3b8,main,bfee70e9daaebeae0737a880f1df8f1c60d0783c59af620136cc0d28ef482bc7,farm_2945_original,286469594,0,84454,86274,0,1,0,DONE,DONE,719,719,1,,4.45
p3066_c001_farm,cdd0ae7b4c999599,kaggle-environments 1.32.7,a52ba1bfe9df9dc1d504550af46744ef8d474797cdba7af2412dc40a3ebdf3b8,main,bfee70e9daaebeae0737a880f1df8f1c60d0783c59af620136cc0d28ef482bc7,farm_2945_original,286469594,1,87399,84704,1,0,0,DONE,DONE,719,719,1,,4.62
p3066_c001_farm,cdd0ae7b4c999599,kaggle-environments 1.32.7,a52ba1bfe9df9dc1d504550af46744ef8d474797cdba7af2412dc40a3ebdf3b8,main,bfee70e9daaebeae0737a880f1df8f1c60d0783c59af620136cc0d28ef482bc7,farm_2945_original,290144135,0,79136,79273,0,1,0,DONE,DONE,719,719,1,,4.19
p3066_c001_farm,cdd0ae7b4c999599,kaggle-environments 1.32.7,a52ba1bfe9df9dc1d504550af46744ef8d474797cdba7af2412dc40a3ebdf3b8,main,bfee70e9daaebeae0737a880f1df8f1c60d0783c59af620136cc0d28ef482bc7,farm_2945_original,290144135,1,79136,79273,0,1,0,DONE,DONE,719,719,1,,4.23
p3066_c001_farm,cdd0ae7b4c999599,kaggle-environments 1.32.7,a52ba1bfe9df9dc1d504550af46744ef8d474797cdba7af2412dc40a3ebdf3b8,main,bfee70e9daaebeae0737a880f1df8f1c60d0783c59af620136cc0d28ef482bc7,farm_2945_original,291481271,0,80304,83835,0,1,0,DONE,DONE,719,719,1,,4.24
p3066_c001_farm,cdd0ae7b4c999599,kaggle-environments 1.32.7,a52ba1bfe9df9dc1d504550af46744ef8d474797cdba7af2412dc40a3ebdf3b8,main,bfee70e9daaebeae0737a880f1df8f1c60d0783c59af620136cc0d28ef482bc7,farm_2945_original,291481271,1,80304,83834,0,1,0,DONE,DONE,719,719,1,,4.41
p3066_c001_farm,cdd0ae7b4c999599,kaggle-environments 1.32.7,a52ba1bfe9df9dc1d504550af46744ef8d474797cdba7af2412dc40a3ebdf3b8,main,bfee70e9daaebeae0737a880f1df8f1c60d0783c59af620136cc0d28ef482bc7,farm_2945_original,295497128,0,101291,100331,1,0,0,DONE,DONE,719,719,1,,4.62
p3066_c001_farm,cdd0ae7b4c999599,kaggle-environments 1.32.7,a52ba1bfe9df9dc1d504550af46744ef8d474797cdba7af2412dc40a3ebdf3b8,main,bfee70e9daaebeae0737a880f1df8f1c60d0783c59af620136cc0d28ef482bc7,farm_2945_original,295497128,1,101291,100331,1,0,0,DONE,DONE,719,719,1,,5.06
p3066_c001_farm,cdd0ae7b4c999599,kaggle-environments 1.32.7,a52ba1bfe9df9dc1d504550af46744ef8d474797cdba7af2412dc40a3ebdf3b8,main,bfee70e9daaebeae0737a880f1df8f1c60d0783c59af620136cc0d28ef482bc7,farm_2945_original,297167139,0,97562,95052,1,0,0,DONE,DONE,719,719,1,,4.54
p3066_c001_farm,cdd0ae7b4c999599,kaggle-environments 1.32.7,a52ba1bfe9df9dc1d504550af46744ef8d474797cdba7af2412dc40a3ebdf3b8,main,bfee70e9daaebeae0737a880f1df8f1c60d0783c59af620136cc0d28ef482bc7,farm_2945_original,297167139,1,97562,95052,1,0,0,DONE,DONE,719,719,1,,4.63
p3066_c001_farm,cdd0ae7b4c999599,kaggle-environments 1.32.7,a52ba1bfe9df9dc1d504550af46744ef8d474797cdba7af2412dc40a3ebdf3b8,main,bfee70e9daaebeae0737a880f1df8f1c60d0783c59af620136cc0d28ef482bc7,farm_2945_original,298942269,0,80167,77940,1,0,0,DONE,DONE,719,719,1,,4.53
p3066_c001_farm,cdd0ae7b4c999599,kaggle-environments 1.32.7,a52ba1bfe9df9dc1d504550af46744ef8d474797cdba7af2412dc40a3ebdf3b8,main,bfee70e9daaebeae0737a880f1df8f1c60d0783c59af620136cc0d28ef482bc7,farm_2945_original,298942269,1,80167,77940,1,0,0,DONE,DONE,719,719,1,,5.0
p3066_c001_farm,cdd0ae7b4c999599,kaggle-environments 1.32.7,a52ba1bfe9df9dc1d504550af46744ef8d474797cdba7af2412dc40a3ebdf3b8,main,bfee70e9daaebeae0737a880f1df8f1c60d0783c59af620136cc0d28ef482bc7,farm_2945_original,304187692,0,87215,85690,1,0,0,DONE,DONE,719,719,1,,4.59
p3066_c001_farm,cdd0ae7b4c999599,kaggle-environments 1.32.7,a52ba1bfe9df9dc1d504550af46744ef8d474797cdba7af2412dc40a3ebdf3b8,main,bfee70e9daaebeae0737a880f1df8f1c60d0783c59af620136cc0d28ef482bc7,farm_2945_original,304187692,1,87215,85690,1,0,0,DONE,DONE,719,719,1,,4.66
p3066_c001_farm,cdd0ae7b4c999599,kaggle-environments 1.32.7,a52ba1bfe9df9dc1d504550af46744ef8d474797cdba7af2412dc40a3ebdf3b8,main,bfee70e9daaebeae0737a880f1df8f1c60d0783c59af620136cc0d28ef482bc7,farm_2945_original,304305137,0,94408,91363,1,0,0,DONE,DONE,719,719,1,,4.33
p3066_c001_farm,cdd0ae7b4c999599,kaggle-environments 1.32.7,a52ba1bfe9df9dc1d504550af46744ef8d474797cdba7af2412dc40a3ebdf3b8,main,bfee70e9daaebeae0737a880f1df8f1c60d0783c59af620136cc0d28ef482bc7,farm_2945_original,304305137,1,94408,91363,1,0,0,DONE,DONE,719,719,1,,4.59
p3066_c001_farm,cdd0ae7b4c999599,kaggle-environments 1.32.7,a52ba1bfe9df9dc1d504550af46744ef8d474797cdba7af2412dc40a3ebdf3b8,main,bfee70e9daaebeae0737a880f1df8f1c60d0783c59af620136cc0d28ef482bc7,farm_2945_original,306982199,0,116118,116002,1,0,0,DONE,DONE,719,719,1,,4.2
p3066_c001_farm,cdd0ae7b4c999599,kaggle-environments 1.32.7,a52ba1bfe9df9dc1d504550af46744ef8d474797cdba7af2412dc40a3ebdf3b8,main,bfee70e9daaebeae0737a880f1df8f1c60d0783c59af620136cc0d28ef482bc7,farm_2945_original,306982199,1,116118,116002,1,0,0,DONE,DONE,719,719,1,,4.43
p3066_c001_farm,cdd0ae7b4c999599,kaggle-environments 1.32.7,a52ba1bfe9df9dc1d504550af46744ef8d474797cdba7af2412dc40a3ebdf3b8,main,bfee70e9daaebeae0737a880f1df8f1c60d0783c59af620136cc0d28ef482bc7,farm_2945_original,311994045,0,115804,116851,0,1,0,DONE,DONE,719,719,1,,4.33
p3066_c001_farm,cdd0ae7b4c999599,kaggle-environments 1.32.7,a52ba1bfe9df9dc1d504550af46744ef8d474797cdba7af2412dc40a3ebdf3b8,main,bfee70e9daaebeae0737a880f1df8f1c60d0783c59af620136cc0d28ef482bc7,farm_2945_original,311994045,1,115804,116851,0,1,0,DONE,DONE,719,719,1,,4.65
p3066_c001_farm,cdd0ae7b4c999599,kaggle-environments 1.32.7,a52ba1bfe9df9dc1d504550af46744ef8d474797cdba7af2412dc40a3ebdf3b8,main,bfee70e9daaebeae0737a880f1df8f1c60d0783c59af620136cc0d28ef482bc7,farm_2945_original,313460815,0,113886,114432,0,1,0,DONE,DONE,719,719,1,,4.09
p3066_c001_farm,cdd0ae7b4c999599,kaggle-environments 1.32.7,a52ba1bfe9df9dc1d504550af46744ef8d474797cdba7af2412dc40a3ebdf3b8,main,bfee70e9daaebeae0737a880f1df8f1c60d0783c59af620136cc0d28ef482bc7,farm_2945_original,313460815,1,113957,114383,0,1,0,DONE,DONE,719,719,1,,4.66
p3066_c001_farm,cdd0ae7b4c999599,kaggle-environments 1.32.7,a52ba1bfe9df9dc1d504550af46744ef8d474797cdba7af2412dc40a3ebdf3b8,main,bfee70e9daaebeae0737a880f1df8f1c60d0783c59af620136cc0d28ef482bc7,farm_2945_original,314816792,0,77909,76551,1,0,0,DONE,DONE,719,719,1,,4.39
p3066_c001_farm,cdd0ae7b4c999599,kaggle-environments 1.32.7,a52ba1bfe9df9dc1d504550af46744ef8d474797cdba7af2412dc40a3ebdf3b8,main,bfee70e9daaebeae0737a880f1df8f1c60d0783c59af620136cc0d28ef482bc7,farm_2945_original,314816792,1,77909,76551,1,0,0,DONE,DONE,719,719,1,,4.68
p3066_c001_farm,cdd0ae7b4c999599,kaggle-environments 1.32.7,a52ba1bfe9df9dc1d504550af46744ef8d474797cdba7af2412dc40a3ebdf3b8,main,bfee70e9daaebeae0737a880f1df8f1c60d0783c59af620136cc0d28ef482bc7,farm_2945_original,314863912,0,81964,82571,0,1,0,DONE,DONE,719,719,1,,4.3
p3066_c001_farm,cdd0ae7b4c999599,kaggle-environments 1.32.7,a52ba1bfe9df9dc1d504550af46744ef8d474797cdba7af2412dc40a3ebdf3b8,main,bfee70e9daaebeae0737a880f1df8f1c60d0783c59af620136cc0d28ef482bc7,farm_2945_original,314863912,1,81964,82571,0,1,0,DONE,DONE,719,719,1,,4.37
p3066_c001_farm,cdd0ae7b4c999599,kaggle-environments 1.32.7,a52ba1bfe9df9dc1d504550af46744ef8d474797cdba7af2412dc40a3ebdf3b8,main,bfee70e9daaebeae0737a880f1df8f1c60d0783c59af620136cc0d28ef482bc7,farm_2945_original,315410585,0,94394,92752,1,0,0,DONE,DONE,719,719,1,,4.17
p3066_c001_farm,cdd0ae7b4c999599,kaggle-environments 1.32.7,a52ba1bfe9df9dc1d504550af46744ef8d474797cdba7af2412dc40a3ebdf3b8,main,bfee70e9daaebeae0737a880f1df8f1c60d0783c59af620136cc0d28ef482bc7,farm_2945_original,315410585,1,94394,92752,1,0,0,DONE,DONE,719,719,1,,4.48
p3066_c001_farm,cdd0ae7b4c999599,kaggle-environments 1.32.7,a52ba1bfe9df9dc1d504550af46744ef8d474797cdba7af2412dc40a3ebdf3b8,main,bfee70e9daaebeae0737a880f1df8f1c60d0783c59af620136cc0d28ef482bc7,farm_2945_original,316995331,0,112980,112448,1,0,0,DONE,DONE,719,719,1,,4.25
p3066_c001_farm,cdd0ae7b4c999599,kaggle-environments 1.32.7,a52ba1bfe9df9dc1d504550af46744ef8d474797cdba7af2412dc40a3ebdf3b8,main,bfee70e9daaebeae0737a880f1df8f1c60d0783c59af620136cc0d28ef482bc7,farm_2945_original,316995331,1,112845,112583,1,0,0,DONE,DONE,719,719,1,,4.43
p3066_c001_farm,cdd0ae7b4c999599,kaggle-environments 1.32.7,a52ba1bfe9df9dc1d504550af46744ef8d474797cdba7af2412dc40a3ebdf3b8,main,bfee70e9daaebeae0737a880f1df8f1c60d0783c59af620136cc0d28ef482bc7,farm_2945_original,317969597,0,85021,83050,1,0,0,DONE,DONE,719,719,1,,4.25
p3066_c001_farm,cdd0ae7b4c999599,kaggle-environments 1.32.7,a52ba1bfe9df9dc1d504550af46744ef8d474797cdba7af2412dc40a3ebdf3b8,main,bfee70e9daaebeae0737a880f1df8f1c60d0783c59af620136cc0d28ef482bc7,farm_2945_original,317969597,1,85021,83050,1,0,0,DONE,DONE,719,719,1,,4.56
p3066_c001_farm,cdd0ae7b4c999599,kaggle-environments 1.32.7,a52ba1bfe9df9dc1d504550af46744ef8d474797cdba7af2412dc40a3ebdf3b8,main,bfee70e9daaebeae0737a880f1df8f1c60d0783c59af620136cc0d28ef482bc7,farm_2945_original,320999821,0,86904,86249,1,0,0,DONE,DONE,719,719,1,,4.44
p3066_c001_farm,cdd0ae7b4c999599,kaggle-environments 1.32.7,a52ba1bfe9df9dc1d504550af46744ef8d474797cdba7af2412dc40a3ebdf3b8,main,bfee70e9daaebeae0737a880f1df8f1c60d0783c59af620136cc0d28ef482bc7,farm_2945_original,320999821,1,86904,86249,1,0,0,DONE,DONE,719,719,1,,4.58
p3066_c001_farm,cdd0ae7b4c999599,kaggle-environments 1.32.7,a52ba1bfe9df9dc1d504550af46744ef8d474797cdba7af2412dc40a3ebdf3b8,main,bfee70e9daaebeae0737a880f1df8f1c60d0783c59af620136cc0d28ef482bc7,farm_2945_original,321492174,0,77578,78298,0,1,0,DONE,DONE,719,719,1,,4.33
p3066_c001_farm,cdd0ae7b4c999599,kaggle-environments 1.32.7,a52ba1bfe9df9dc1d504550af46744ef8d474797cdba7af2412dc40a3ebdf3b8,main,bfee70e9daaebeae0737a880f1df8f1c60d0783c59af620136cc0d28ef482bc7,farm_2945_original,321492174,1,77578,78298,0,1,0,DONE,DONE,719,719,1,,4.3
p3066_c001_farm,cdd0ae7b4c999599,kaggle-environments 1.32.7,a52ba1bfe9df9dc1d504550af46744ef8d474797cdba7af2412dc40a3ebdf3b8,main,bfee70e9daaebeae0737a880f1df8f1c60d0783c59af620136cc0d28ef482bc7,farm_2945_original,322729294,0,92198,92796,0,1,0,DONE,DONE,719,719,1,,4.32
p3066_c001_farm,cdd0ae7b4c999599,kaggle-environments 1.32.7,a52ba1bfe9df9dc1d504550af46744ef8d474797cdba7af2412dc40a3ebdf3b8,main,bfee70e9daaebeae0737a880f1df8f1c60d0783c59af620136cc0d28ef482bc7,farm_2945_original,322729294,1,92198,92796,0,1,0,DONE,DONE,719,719,1,,4.64
p3066_c001_farm,cdd0ae7b4c999599,kaggle-environments 1.32.7,a52ba1bfe9df9dc1d504550af46744ef8d474797cdba7af2412dc40a3ebdf3b8,main,bfee70e9daaebeae0737a880f1df8f1c60d0783c59af620136cc0d28ef482bc7,farm_2945_original,326180350,0,77337,75200,1,0,0,DONE,DONE,719,719,1,,4.55
p3066_c001_farm,cdd0ae7b4c999599,kaggle-environments 1.32.7,a52ba1bfe9df9dc1d504550af46744ef8d474797cdba7af2412dc40a3ebdf3b8,main,bfee70e9daaebeae0737a880f1df8f1c60d0783c59af620136cc0d28ef482bc7,farm_2945_original,326180350,1,77337,75200,1,0,0,DONE,DONE,719,719,1,,4.9
p3066_c001_farm,cdd0ae7b4c999599,kaggle-environments 1.32.7,a52ba1bfe9df9dc1d504550af46744ef8d474797cdba7af2412dc40a3ebdf3b8,main,bfee70e9daaebeae0737a880f1df8f1c60d0783c59af620136cc0d28ef482bc7,farm_2945_original,326301111,0,122550,122816,0,1,0,DONE,DONE,719,719,1,,4.76
p3066_c001_farm,cdd0ae7b4c999599,kaggle-environments 1.32.7,a52ba1bfe9df9dc1d504550af46744ef8d474797cdba7af2412dc40a3ebdf3b8,main,bfee70e9daaebeae0737a880f1df8f1c60d0783c59af620136cc0d28ef482bc7,farm_2945_original,326301111,1,122550,122816,0,1,0,DONE,DONE,719,719,1,,4.63
p3066_c001_farm,cdd0ae7b4c999599,kaggle-environments 1.32.7,a52ba1bfe9df9dc1d504550af46744ef8d474797cdba7af2412dc40a3ebdf3b8,main,bfee70e9daaebeae0737a880f1df8f1c60d0783c59af620136cc0d28ef482bc7,farm_2945_original,326817610,0,109747,110051,0,1,0,DONE,DONE,719,719,1,,4.59
p3066_c001_farm,cdd0ae7b4c999599,kaggle-environments 1.32.7,a52ba1bfe9df9dc1d504550af46744ef8d474797cdba7af2412dc40a3ebdf3b8,main,bfee70e9daaebeae0737a880f1df8f1c60d0783c59af620136cc0d28ef482bc7,farm_2945_original,326817610,1,109747,110051,0,1,0,DONE,DONE,719,719,1,,4.63
p3066_c001_farm,cdd0ae7b4c999599,kaggle-environments 1.32.7,a52ba1bfe9df9dc1d504550af46744ef8d474797cdba7af2412dc40a3ebdf3b8,main,bfee70e9daaebeae0737a880f1df8f1c60d0783c59af620136cc0d28ef482bc7,farm_2945_original,329948488,0,103258,104535,0,1,0,DONE,DONE,719,719,1,,4.73
p3066_c001_farm,cdd0ae7b4c999599,kaggle-environments 1.32.7,a52ba1bfe9df9dc1d504550af46744ef8d474797cdba7af2412dc40a3ebdf3b8,main,bfee70e9daaebeae0737a880f1df8f1c60d0783c59af620136cc0d28ef482bc7,farm_2945_original,329948488,1,103258,104535,0,1,0,DONE,DONE,719,719,1,,4.54
p3066_c001_farm,cdd0ae7b4c999599,kaggle-environments 1.32.7,a52ba1bfe9df9dc1d504550af46744ef8d474797cdba7af2412dc40a3ebdf3b8,main,bfee70e9daaebeae0737a880f1df8f1c60d0783c59af620136cc0d28ef482bc7,farm_2945_original,330231434,0,92519,91868,1,0,0,DONE,DONE,719,719,1,,4.51
p3066_c001_farm,cdd0ae7b4c999599,kaggle-environments 1.32.7,a52ba1bfe9df9dc1d504550af46744ef8d474797cdba7af2412dc40a3ebdf3b8,main,bfee70e9daaebeae0737a880f1df8f1c60d0783c59af620136cc0d28ef482bc7,farm_2945_original,330231434,1,92519,91868,1,0,0,DONE,DONE,719,719,1,,4.55
p3066_c001_farm,cdd0ae7b4c999599,kaggle-environments 1.32.7,a52ba1bfe9df9dc1d504550af46744ef8d474797cdba7af2412dc40a3ebdf3b8,main,bfee70e9daaebeae0737a880f1df8f1c60d0783c59af620136cc0d28ef482bc7,farm_2945_original,330744118,0,74025,73866,1,0,0,DONE,DONE,719,719,1,,4.23
p3066_c001_farm,cdd0ae7b4c999599,kaggle-environments 1.32.7,a52ba1bfe9df9dc1d504550af46744ef8d474797cdba7af2412dc40a3ebdf3b8,main,bfee70e9daaebeae0737a880f1df8f1c60d0783c59af620136cc0d28ef482bc7,farm_2945_original,330744118,1,73908,73983,0,1,0,DONE,DONE,719,719,1,,4.83
p3066_c001_farm,cdd0ae7b4c999599,kaggle-environments 1.32.7,a52ba1bfe9df9dc1d504550af46744ef8d474797cdba7af2412dc40a3ebdf3b8,main,bfee70e9daaebeae0737a880f1df8f1c60d0783c59af620136cc0d28ef482bc7,farm_2945_original,333410233,0,86854,86211,1,0,0,DONE,DONE,719,719,1,,4.51
p3066_c001_farm,cdd0ae7b4c999599,kaggle-environments 1.32.7,a52ba1bfe9df9dc1d504550af46744ef8d474797cdba7af2412dc40a3ebdf3b8,main,bfee70e9daaebeae0737a880f1df8f1c60d0783c59af620136cc0d28ef482bc7,farm_2945_original,333410233,1,86854,86211,1,0,0,DONE,DONE,719,719,1,,4.51
p3066_c001_farm,cdd0ae7b4c999599,kaggle-environments 1.32.7,a52ba1bfe9df9dc1d504550af46744ef8d474797cdba7af2412dc40a3ebdf3b8,main,bfee70e9daaebeae0737a880f1df8f1c60d0783c59af620136cc0d28ef482bc7,farm_2945_original,335769314,0,62678,62881,0,1,0,DONE,DONE,719,719,1,,5.16
p3066_c001_farm,cdd0ae7b4c999599,kaggle-environments 1.32.7,a52ba1bfe9df9dc1d504550af46744ef8d474797cdba7af2412dc40a3ebdf3b8,main,bfee70e9daaebeae0737a880f1df8f1c60d0783c59af620136cc0d28ef482bc7,farm_2945_original,335769314,1,62678,62881,0,1,0,DONE,DONE,719,719,1,,4.89
p3066_c001_farm,cdd0ae7b4c999599,kaggle-environments 1.32.7,a52ba1bfe9df9dc1d504550af46744ef8d474797cdba7af2412dc40a3ebdf3b8,main,bfee70e9daaebeae0737a880f1df8f1c60d0783c59af620136cc0d28ef482bc7,farm_2945_original,343874067,0,72517,72382,1,0,0,DONE,DONE,719,719,1,,4.34
p3066_c001_farm,cdd0ae7b4c999599,kaggle-environments 1.32.7,a52ba1bfe9df9dc1d504550af46744ef8d474797cdba7af2412dc40a3ebdf3b8,main,bfee70e9daaebeae0737a880f1df8f1c60d0783c59af620136cc0d28ef482bc7,farm_2945_original,343874067,1,72517,72382,1,0,0,DONE,DONE,719,719,1,,5.22
p3066_c001_farm,cdd0ae7b4c999599,kaggle-environments 1.32.7,a52ba1bfe9df9dc1d504550af46744ef8d474797cdba7af2412dc40a3ebdf3b8,main,bfee70e9daaebeae0737a880f1df8f1c60d0783c59af620136cc0d28ef482bc7,farm_2945_original,344606943,0,87269,90383,0,1,0,DONE,DONE,719,719,1,,4.66
p3066_c001_farm,cdd0ae7b4c999599,kaggle-environments 1.32.7,a52ba1bfe9df9dc1d504550af46744ef8d474797cdba7af2412dc40a3ebdf3b8,main,bfee70e9daaebeae0737a880f1df8f1c60d0783c59af620136cc0d28ef482bc7,farm_2945_original,344606943,1,87269,90383,0,1,0,DONE,DONE,719,719,1,,4.51
p3066_c001_farm,cdd0ae7b4c999599,kaggle-environments 1.32.7,a52ba1bfe9df9dc1d504550af46744ef8d474797cdba7af2412dc40a3ebdf3b8,main,bfee70e9daaebeae0737a880f1df8f1c60d0783c59af620136cc0d28ef482bc7,farm_2945_original,347753166,0,79402,80753,0,1,0,DONE,DONE,719,719,1,,5.44
p3066_c001_farm,cdd0ae7b4c999599,kaggle-environments 1.32.7,a52ba1bfe9df9dc1d504550af46744ef8d474797cdba7af2412dc40a3ebdf3b8,main,bfee70e9daaebeae0737a880f1df8f1c60d0783c59af620136cc0d28ef482bc7,farm_2945_original,347753166,1,79402,80753,0,1,0,DONE,DONE,719,719,1,,5.56
p3066_c001_farm,cdd0ae7b4c999599,kaggle-environments 1.32.7,a52ba1bfe9df9dc1d504550af46744ef8d474797cdba7af2412dc40a3ebdf3b8,main,bfee70e9daaebeae0737a880f1df8f1c60d0783c59af620136cc0d28ef482bc7,farm_2945_original,349696718,0,123631,123607,1,0,0,DONE,DONE,719,719,1,,4.19
p3066_c001_farm,cdd0ae7b4c999599,kaggle-environments 1.32.7,a52ba1bfe9df9dc1d504550af46744ef8d474797cdba7af2412dc40a3ebdf3b8,main,bfee70e9daaebeae0737a880f1df8f1c60d0783c59af620136cc0d28ef482bc7,farm_2945_original,349696718,1,123631,123607,1,0,0,DONE,DONE,719,719,1,,4.33
p3066_c001_farm,cdd0ae7b4c999599,kaggle-environments 1.32.7,a52ba1bfe9df9dc1d504550af46744ef8d474797cdba7af2412dc40a3ebdf3b8,main,bfee70e9daaebeae0737a880f1df8f1c60d0783c59af620136cc0d28ef482bc7,farm_2945_original,352662196,0,89850,90594,0,1,0,DONE,DONE,719,719,1,,4.52
p3066_c001_farm,cdd0ae7b4c999599,kaggle-environments 1.32.7,a52ba1bfe9df9dc1d504550af46744ef8d474797cdba7af2412dc40a3ebdf3b8,main,bfee70e9daaebeae0737a880f1df8f1c60d0783c59af620136cc0d28ef482bc7,farm_2945_original,352662196,1,89850,90594,0,1,0,DONE,DONE,719,719,1,,5.23
p3066_c001_farm,cdd0ae7b4c999599,kaggle-environments 1.32.7,a52ba1bfe9df9dc1d504550af46744ef8d474797cdba7af2412dc40a3ebdf3b8,main,bfee70e9daaebeae0737a880f1df8f1c60d0783c59af620136cc0d28ef482bc7,farm_2945_original,354162115,0,89389,87040,1,0,0,DONE,DONE,719,719,1,,4.48
p3066_c001_farm,cdd0ae7b4c999599,kaggle-environments 1.32.7,a52ba1bfe9df9dc1d504550af46744ef8d474797cdba7af2412dc40a3ebdf3b8,main,bfee70e9daaebeae0737a880f1df8f1c60d0783c59af620136cc0d28ef482bc7,farm_2945_original,354162115,1,89260,87169,1,0,0,DONE,DONE,719,719,1,,4.77
p3066_c001_farm,cdd0ae7b4c999599,kaggle-environments 1.32.7,a52ba1bfe9df9dc1d504550af46744ef8d474797cdba7af2412dc40a3ebdf3b8,main,bfee70e9daaebeae0737a880f1df8f1c60d0783c59af620136cc0d28ef482bc7,farm_2945_original,354922960,0,95021,94189,1,0,0,DONE,DONE,719,719,1,,5.67
p3066_c001_farm,cdd0ae7b4c999599,kaggle-environments 1.32.7,a52ba1bfe9df9dc1d504550af46744ef8d474797cdba7af2412dc40a3ebdf3b8,main,bfee70e9daaebeae0737a880f1df8f1c60d0783c59af620136cc0d28ef482bc7,farm_2945_original,354922960,1,95021,94189,1,0,0,DONE,DONE,719,719,1,,4.41
p3066_c001_farm,cdd0ae7b4c999599,kaggle-environments 1.32.7,a52ba1bfe9df9dc1d504550af46744ef8d474797cdba7af2412dc40a3ebdf3b8,main,bfee70e9daaebeae0737a880f1df8f1c60d0783c59af620136cc0d28ef482bc7,farm_2945_original,357147783,0,127342,127878,0,1,0,DONE,DONE,719,719,1,,4.69
p3066_c001_farm,cdd0ae7b4c999599,kaggle-environments 1.32.7,a52ba1bfe9df9dc1d504550af46744ef8d474797cdba7af2412dc40a3ebdf3b8,main,bfee70e9daaebeae0737a880f1df8f1c60d0783c59af620136cc0d28ef482bc7,farm_2945_original,357147783,1,127342,127878,0,1,0,DONE,DONE,719,719,1,,5.75
p3066_c001_farm,cdd0ae7b4c999599,kaggle-environments 1.32.7,a52ba1bfe9df9dc1d504550af46744ef8d474797cdba7af2412dc40a3ebdf3b8,main,bfee70e9daaebeae0737a880f1df8f1c60d0783c59af620136cc0d28ef482bc7,farm_2945_original,359335025,0,60400,58766,1,0,0,DONE,DONE,719,719,1,,5.88
p3066_c001_farm,cdd0ae7b4c999599,kaggle-environments 1.32.7,a52ba1bfe9df9dc1d504550af46744ef8d474797cdba7af2412dc40a3ebdf3b8,main,bfee70e9daaebeae0737a880f1df8f1c60d0783c59af620136cc0d28ef482bc7,farm_2945_original,359335025,1,60400,58766,1,0,0,DONE,DONE,719,719,1,,4.92
p3066_c001_farm,cdd0ae7b4c999599,kaggle-environments 1.32.7,a52ba1bfe9df9dc1d504550af46744ef8d474797cdba7af2412dc40a3ebdf3b8,main,bfee70e9daaebeae0737a880f1df8f1c60d0783c59af620136cc0d28ef482bc7,farm_2945_original,360429910,0,78365,75858,1,0,0,DONE,DONE,719,719,1,,4.74
p3066_c001_farm,cdd0ae7b4c999599,kaggle-environments 1.32.7,a52ba1bfe9df9dc1d504550af46744ef8d474797cdba7af2412dc40a3ebdf3b8,main,bfee70e9daaebeae0737a880f1df8f1c60d0783c59af620136cc0d28ef482bc7,farm_2945_original,360429910,1,78365,75858,1,0,0,DONE,DONE,719,719,1,,5.33
p3066_c001_farm,cdd0ae7b4c999599,kaggle-environments 1.32.7,a52ba1bfe9df9dc1d504550af46744ef8d474797cdba7af2412dc40a3ebdf3b8,main,bfee70e9daaebeae0737a880f1df8f1c60d0783c59af620136cc0d28ef482bc7,farm_2945_original,362578649,0,71116,70502,1,0,0,DONE,DONE,719,719,1,,6.2
p3066_c001_farm,cdd0ae7b4c999599,kaggle-environments 1.32.7,a52ba1bfe9df9dc1d504550af46744ef8d474797cdba7af2412dc40a3ebdf3b8,main,bfee70e9daaebeae0737a880f1df8f1c60d0783c59af620136cc0d28ef482bc7,farm_2945_original,362578649,1,71116,70502,1,0,0,DONE,DONE,719,719,1,,6.05
p3066_c001_farm,cdd0ae7b4c999599,kaggle-environments 1.32.7,a52ba1bfe9df9dc1d504550af46744ef8d474797cdba7af2412dc40a3ebdf3b8,main,bfee70e9daaebeae0737a880f1df8f1c60d0783c59af620136cc0d28ef482bc7,farm_2945_original,367822176,0,64041,62427,1,0,0,DONE,DONE,719,719,1,,4.95
p3066_c001_farm,cdd0ae7b4c999599,kaggle-environments 1.32.7,a52ba1bfe9df9dc1d504550af46744ef8d474797cdba7af2412dc40a3ebdf3b8,main,bfee70e9daaebeae0737a880f1df8f1c60d0783c59af620136cc0d28ef482bc7,farm_2945_original,367822176,1,64041,62427,1,0,0,DONE,DONE,719,719,1,,6.06
p3066_c001_farm,cdd0ae7b4c999599,kaggle-environments 1.32.7,a52ba1bfe9df9dc1d504550af46744ef8d474797cdba7af2412dc40a3ebdf3b8,main,bfee70e9daaebeae0737a880f1df8f1c60d0783c59af620136cc0d28ef482bc7,farm_2945_original,371187819,0,98841,99441,0,1,0,DONE,DONE,719,719,1,,5.52
p3066_c001_farm,cdd0ae7b4c999599,kaggle-environments 1.32.7,a52ba1bfe9df9dc1d504550af46744ef8d474797cdba7af2412dc40a3ebdf3b8,main,bfee70e9daaebeae0737a880f1df8f1c60d0783c59af620136cc0d28ef482bc7,farm_2945_original,371187819,1,98841,99441,0,1,0,DONE,DONE,719,719,1,,4.33
p3066_c001_farm,cdd0ae7b4c999599,kaggle-environments 1.32.7,a52ba1bfe9df9dc1d504550af46744ef8d474797cdba7af2412dc40a3ebdf3b8,main,bfee70e9daaebeae0737a880f1df8f1c60d0783c59af620136cc0d28ef482bc7,farm_2945_original,374447715,0,81548,80950,1,0,0,DONE,DONE,719,719,1,,4.61
p3066_c001_farm,cdd0ae7b4c999599,kaggle-environments 1.32.7,a52ba1bfe9df9dc1d504550af46744ef8d474797cdba7af2412dc40a3ebdf3b8,main,bfee70e9daaebeae0737a880f1df8f1c60d0783c59af620136cc0d28ef482bc7,farm_2945_original,374447715,1,81548,80950,1,0,0,DONE,DONE,719,719,1,,5.32
p3066_c001_farm,cdd0ae7b4c999599,kaggle-environments 1.32.7,a52ba1bfe9df9dc1d504550af46744ef8d474797cdba7af2412dc40a3ebdf3b8,main,bfee70e9daaebeae0737a880f1df8f1c60d0783c59af620136cc0d28ef482bc7,farm_2945_original,374542663,0,88951,88709,1,0,0,DONE,DONE,719,719,1,,5.36
p3066_c001_farm,cdd0ae7b4c999599,kaggle-environments 1.32.7,a52ba1bfe9df9dc1d504550af46744ef8d474797cdba7af2412dc40a3ebdf3b8,main,bfee70e9daaebeae0737a880f1df8f1c60d0783c59af620136cc0d28ef482bc7,farm_2945_original,374542663,1,88951,88709,1,0,0,DONE,DONE,719,719,1,,4.85
p3066_c001_farm,cdd0ae7b4c999599,kaggle-environments 1.32.7,a52ba1bfe9df9dc1d504550af46744ef8d474797cdba7af2412dc40a3ebdf3b8,main,bfee70e9daaebeae0737a880f1df8f1c60d0783c59af620136cc0d28ef482bc7,farm_2945_original,375251735,0,129521,130345,0,1,0,DONE,DONE,719,719,1,,4.45
p3066_c001_farm,cdd0ae7b4c999599,kaggle-environments 1.32.7,a52ba1bfe9df9dc1d504550af46744ef8d474797cdba7af2412dc40a3ebdf3b8,main,bfee70e9daaebeae0737a880f1df8f1c60d0783c59af620136cc0d28ef482bc7,farm_2945_original,375251735,1,129521,130345,0,1,0,DONE,DONE,719,719,1,,4.55
p3066_c001_farm,cdd0ae7b4c999599,kaggle-environments 1.32.7,a52ba1bfe9df9dc1d504550af46744ef8d474797cdba7af2412dc40a3ebdf3b8,main,bfee70e9daaebeae0737a880f1df8f1c60d0783c59af620136cc0d28ef482bc7,farm_2945_original,378479224,0,80859,81206,0,1,0,DONE,DONE,719,719,1,,4.94
p3066_c001_farm,cdd0ae7b4c999599,kaggle-environments 1.32.7,a52ba1bfe9df9dc1d504550af46744ef8d474797cdba7af2412dc40a3ebdf3b8,main,bfee70e9daaebeae0737a880f1df8f1c60d0783c59af620136cc0d28ef482bc7,farm_2945_original,378479224,1,80859,81206,0,1,0,DONE,DONE,719,719,1,,5.39
p3066_c001_farm,cdd0ae7b4c999599,kaggle-environments 1.32.7,a52ba1bfe9df9dc1d504550af46744ef8d474797cdba7af2412dc40a3ebdf3b8,main,bfee70e9daaebeae0737a880f1df8f1c60d0783c59af620136cc0d28ef482bc7,farm_2945_original,379180580,0,87681,87918,0,1,0,DONE,DONE,719,719,1,,4.67
p3066_c001_farm,cdd0ae7b4c999599,kaggle-environments 1.32.7,a52ba1bfe9df9dc1d504550af46744ef8d474797cdba7af2412dc40a3ebdf3b8,main,bfee70e9daaebeae0737a880f1df8f1c60d0783c59af620136cc0d28ef482bc7,farm_2945_original,379180580,1,87681,87918,0,1,0,DONE,DONE,719,719,1,,4.73
p3066_c001_farm,cdd0ae7b4c999599,kaggle-environments 1.32.7,a52ba1bfe9df9dc1d504550af46744ef8d474797cdba7af2412dc40a3ebdf3b8,main,bfee70e9daaebeae0737a880f1df8f1c60d0783c59af620136cc0d28ef482bc7,farm_2945_original,383202827,0,99340,99362,0,1,0,DONE,DONE,719,719,1,,4.41
p3066_c001_farm,cdd0ae7b4c999599,kaggle-environments 1.32.7,a52ba1bfe9df9dc1d504550af46744ef8d474797cdba7af2412dc40a3ebdf3b8,main,bfee70e9daaebeae0737a880f1df8f1c60d0783c59af620136cc0d28ef482bc7,farm_2945_original,383202827,1,99340,99362,0,1,0,DONE,DONE,719,719,1,,4.45
p3066_c001_farm,cdd0ae7b4c999599,kaggle-environments 1.32.7,a52ba1bfe9df9dc1d504550af46744ef8d474797cdba7af2412dc40a3ebdf3b8,main,bfee70e9daaebeae0737a880f1df8f1c60d0783c59af620136cc0d28ef482bc7,farm_2945_original,384060394,0,89020,88701,1,0,0,DONE,DONE,719,719,1,,4.77
p3066_c001_farm,cdd0ae7b4c999599,kaggle-environments 1.32.7,a52ba1bfe9df9dc1d504550af46744ef8d474797cdba7af2412dc40a3ebdf3b8,main,bfee70e9daaebeae0737a880f1df8f1c60d0783c59af620136cc0d28ef482bc7,farm_2945_original,384060394,1,89020,88701,1,0,0,DONE,DONE,719,719,1,,4.84
p3066_c001_farm,cdd0ae7b4c999599,kaggle-environments 1.32.7,a52ba1bfe9df9dc1d504550af46744ef8d474797cdba7af2412dc40a3ebdf3b8,main,bfee70e9daaebeae0737a880f1df8f1c60d0783c59af620136cc0d28ef482bc7,farm_2945_original,384457459,0,69283,69852,0,1,0,DONE,DONE,719,719,1,,5.35
p3066_c001_farm,cdd0ae7b4c999599,kaggle-environments 1.32.7,a52ba1bfe9df9dc1d504550af46744ef8d474797cdba7af2412dc40a3ebdf3b8,main,bfee70e9daaebeae0737a880f1df8f1c60d0783c59af620136cc0d28ef482bc7,farm_2945_original,384457459,1,69283,69852,0,1,0,DONE,DONE,719,719,1,,5.3
p3066_c001_farm,cdd0ae7b4c999599,kaggle-environments 1.32.7,a52ba1bfe9df9dc1d504550af46744ef8d474797cdba7af2412dc40a3ebdf3b8,main,bfee70e9daaebeae0737a880f1df8f1c60d0783c59af620136cc0d28ef482bc7,farm_2945_original,384759268,0,110612,111834,0,1,0,DONE,DONE,719,719,1,,4.72
p3066_c001_farm,cdd0ae7b4c999599,kaggle-environments 1.32.7,a52ba1bfe9df9dc1d504550af46744ef8d474797cdba7af2412dc40a3ebdf3b8,main,bfee70e9daaebeae0737a880f1df8f1c60d0783c59af620136cc0d28ef482bc7,farm_2945_original,384759268,1,110612,111834,0,1,0,DONE,DONE,719,719,1,,4.73
p3066_c001_farm,cdd0ae7b4c999599,kaggle-environments 1.32.7,a52ba1bfe9df9dc1d504550af46744ef8d474797cdba7af2412dc40a3ebdf3b8,main,bfee70e9daaebeae0737a880f1df8f1c60d0783c59af620136cc0d28ef482bc7,farm_2945_original,385467461,0,107782,108553,0,1,0,DONE,DONE,719,719,1,,4.93
p3066_c001_farm,cdd0ae7b4c999599,kaggle-environments 1.32.7,a52ba1bfe9df9dc1d504550af46744ef8d474797cdba7af2412dc40a3ebdf3b8,main,bfee70e9daaebeae0737a880f1df8f1c60d0783c59af620136cc0d28ef482bc7,farm_2945_original,385467461,1,107782,108553,0,1,0,DONE,DONE,719,719,1,,4.69
p3066_c001_farm,cdd0ae7b4c999599,kaggle-environments 1.32.7,a52ba1bfe9df9dc1d504550af46744ef8d474797cdba7af2412dc40a3ebdf3b8,main,bfee70e9daaebeae0737a880f1df8f1c60d0783c59af620136cc0d28ef482bc7,farm_2945_original,385530804,0,108611,108650,0,1,0,DONE,DONE,719,719,1,,4.86
p3066_c001_farm,cdd0ae7b4c999599,kaggle-environments 1.32.7,a52ba1bfe9df9dc1d504550af46744ef8d474797cdba7af2412dc40a3ebdf3b8,main,bfee70e9daaebeae0737a880f1df8f1c60d0783c59af620136cc0d28ef482bc7,farm_2945_original,385530804,1,108611,108650,0,1,0,DONE,DONE,719,719,1,,4.45
p3066_c001_farm,cdd0ae7b4c999599,kaggle-environments 1.32.7,a52ba1bfe9df9dc1d504550af46744ef8d474797cdba7af2412dc40a3ebdf3b8,main,bfee70e9daaebeae0737a880f1df8f1c60d0783c59af620136cc0d28ef482bc7,farm_2945_original,394471166,0,105004,104825,1,0,0,DONE,DONE,719,719,1,,4.86
p3066_c001_farm,cdd0ae7b4c999599,kaggle-environments 1.32.7,a52ba1bfe9df9dc1d504550af46744ef8d474797cdba7af2412dc40a3ebdf3b8,main,bfee70e9daaebeae0737a880f1df8f1c60d0783c59af620136cc0d28ef482bc7,farm_2945_original,394471166,1,105004,104825,1,0,0,DONE,DONE,719,719,1,,5.45
p3066_c001_farm,cdd0ae7b4c999599,kaggle-environments 1.32.7,a52ba1bfe9df9dc1d504550af46744ef8d474797cdba7af2412dc40a3ebdf3b8,main,bfee70e9daaebeae0737a880f1df8f1c60d0783c59af620136cc0d28ef482bc7,farm_2945_original,394833418,0,108534,106158,1,0,0,DONE,DONE,719,719,1,,4.5
p3066_c001_farm,cdd0ae7b4c999599,kaggle-environments 1.32.7,a52ba1bfe9df9dc1d504550af46744ef8d474797cdba7af2412dc40a3ebdf3b8,main,bfee70e9daaebeae0737a880f1df8f1c60d0783c59af620136cc0d28ef482bc7,farm_2945_original,394833418,1,108534,106158,1,0,0,DONE,DONE,719,719,1,,4.71
p3066_c001_farm,cdd0ae7b4c999599,kaggle-environments 1.32.7,a52ba1bfe9df9dc1d504550af46744ef8d474797cdba7af2412dc40a3ebdf3b8,main,bfee70e9daaebeae0737a880f1df8f1c60d0783c59af620136cc0d28ef482bc7,farm_2945_original,398187590,0,136797,136375,1,0,0,DONE,DONE,719,719,1,,4.49
p3066_c001_farm,cdd0ae7b4c999599,kaggle-environments 1.32.7,a52ba1bfe9df9dc1d504550af46744ef8d474797cdba7af2412dc40a3ebdf3b8,main,bfee70e9daaebeae0737a880f1df8f1c60d0783c59af620136cc0d28ef482bc7,farm_2945_original,398187590,1,136797,136375,1,0,0,DONE,DONE,719,719,1,,4.32
p3066_c001_farm,cdd0ae7b4c999599,kaggle-environments 1.32.7,a52ba1bfe9df9dc1d504550af46744ef8d474797cdba7af2412dc40a3ebdf3b8,main,bfee70e9daaebeae0737a880f1df8f1c60d0783c59af620136cc0d28ef482bc7,farm_2945_original,400509605,0,102444,101085,1,0,0,DONE,DONE,719,719,1,,4.81
p3066_c001_farm,cdd0ae7b4c999599,kaggle-environments 1.32.7,a52ba1bfe9df9dc1d504550af46744ef8d474797cdba7af2412dc40a3ebdf3b8,main,bfee70e9daaebeae0737a880f1df8f1c60d0783c59af620136cc0d28ef482bc7,farm_2945_original,400509605,1,102444,101085,1,0,0,DONE,DONE,719,719,1,,5.2
p3066_c001_farm,cdd0ae7b4c999599,kaggle-environments 1.32.7,a52ba1bfe9df9dc1d504550af46744ef8d474797cdba7af2412dc40a3ebdf3b8,main,bfee70e9daaebeae0737a880f1df8f1c60d0783c59af620136cc0d28ef482bc7,farm_2945_original,401397591,0,95722,94092,1,0,0,DONE,DONE,719,719,1,,4.5
p3066_c001_farm,cdd0ae7b4c999599,kaggle-environments 1.32.7,a52ba1bfe9df9dc1d504550af46744ef8d474797cdba7af2412dc40a3ebdf3b8,main,bfee70e9daaebeae0737a880f1df8f1c60d0783c59af620136cc0d28ef482bc7,farm_2945_original,401397591,1,95722,94092,1,0,0,DONE,DONE,719,719,1,,4.62
p3066_c001_farm,cdd0ae7b4c999599,kaggle-environments 1.32.7,a52ba1bfe9df9dc1d504550af46744ef8d474797cdba7af2412dc40a3ebdf3b8,main,bfee70e9daaebeae0737a880f1df8f1c60d0783c59af620136cc0d28ef482bc7,farm_2945_original,401421676,0,118470,119630,0,1,0,DONE,DONE,719,719,1,,5.04
p3066_c001_farm,cdd0ae7b4c999599,kaggle-environments 1.32.7,a52ba1bfe9df9dc1d504550af46744ef8d474797cdba7af2412dc40a3ebdf3b8,main,bfee70e9daaebeae0737a880f1df8f1c60d0783c59af620136cc0d28ef482bc7,farm_2945_original,401421676,1,118470,119630,0,1,0,DONE,DONE,719,719,1,,5.05
p3066_c001_farm,cdd0ae7b4c999599,kaggle-environments 1.32.7,a52ba1bfe9df9dc1d504550af46744ef8d474797cdba7af2412dc40a3ebdf3b8,main,bfee70e9daaebeae0737a880f1df8f1c60d0783c59af620136cc0d28ef482bc7,farm_2945_original,401975774,0,134853,134055,1,0,0,DONE,DONE,719,719,1,,5.65
p3066_c001_farm,cdd0ae7b4c999599,kaggle-environments 1.32.7,a52ba1bfe9df9dc1d504550af46744ef8d474797cdba7af2412dc40a3ebdf3b8,main,bfee70e9daaebeae0737a880f1df8f1c60d0783c59af620136cc0d28ef482bc7,farm_2945_original,401975774,1,134853,134055,1,0,0,DONE,DONE,719,719,1,,4.65
p3066_c001_farm,cdd0ae7b4c999599,kaggle-environments 1.32.7,a52ba1bfe9df9dc1d504550af46744ef8d474797cdba7af2412dc40a3ebdf3b8,main,bfee70e9daaebeae0737a880f1df8f1c60d0783c59af620136cc0d28ef482bc7,farm_2945_original,402439054,0,69455,66824,1,0,0,DONE,DONE,719,719,1,,4.57
p3066_c001_farm,cdd0ae7b4c999599,kaggle-environments 1.32.7,a52ba1bfe9df9dc1d504550af46744ef8d474797cdba7af2412dc40a3ebdf3b8,main,bfee70e9daaebeae0737a880f1df8f1c60d0783c59af620136cc0d28ef482bc7,farm_2945_original,402439054,1,69455,66824,1,0,0,DONE,DONE,719,719,1,,4.3
p3066_c001_farm,cdd0ae7b4c999599,kaggle-environments 1.32.7,a52ba1bfe9df9dc1d504550af46744ef8d474797cdba7af2412dc40a3ebdf3b8,main,bfee70e9daaebeae0737a880f1df8f1c60d0783c59af620136cc0d28ef482bc7,farm_2945_original,404822543,0,105790,106545,0,1,0,DONE,DONE,719,719,1,,5.0
p3066_c001_farm,cdd0ae7b4c999599,kaggle-environments 1.32.7,a52ba1bfe9df9dc1d504550af46744ef8d474797cdba7af2412dc40a3ebdf3b8,main,bfee70e9daaebeae0737a880f1df8f1c60d0783c59af620136cc0d28ef482bc7,farm_2945_original,404822543,1,105790,106545,0,1,0,DONE,DONE,719,719,1,,4.49
p3066_c001_farm,cdd0ae7b4c999599,kaggle-environments 1.32.7,a52ba1bfe9df9dc1d504550af46744ef8d474797cdba7af2412dc40a3ebdf3b8,main,bfee70e9daaebeae0737a880f1df8f1c60d0783c59af620136cc0d28ef482bc7,farm_2945_original,409128422,0,115917,113686,1,0,0,DONE,DONE,719,719,1,,4.31
p3066_c001_farm,cdd0ae7b4c999599,kaggle-environments 1.32.7,a52ba1bfe9df9dc1d504550af46744ef8d474797cdba7af2412dc40a3ebdf3b8,main,bfee70e9daaebeae0737a880f1df8f1c60d0783c59af620136cc0d28ef482bc7,farm_2945_original,409128422,1,115917,113686,1,0,0,DONE,DONE,719,719,1,,4.54
p3066_c001_farm,cdd0ae7b4c999599,kaggle-environments 1.32.7,a52ba1bfe9df9dc1d504550af46744ef8d474797cdba7af2412dc40a3ebdf3b8,main,bfee70e9daaebeae0737a880f1df8f1c60d0783c59af620136cc0d28ef482bc7,farm_2945_original,409482909,0,87387,83525,1,0,0,DONE,DONE,719,719,1,,4.92
p3066_c001_farm,cdd0ae7b4c999599,kaggle-environments 1.32.7,a52ba1bfe9df9dc1d504550af46744ef8d474797cdba7af2412dc40a3ebdf3b8,main,bfee70e9daaebeae0737a880f1df8f1c60d0783c59af620136cc0d28ef482bc7,farm_2945_original,409482909,1,87387,83525,1,0,0,DONE,DONE,719,719,1,,4.56
p3066_c001_farm,cdd0ae7b4c999599,kaggle-environments 1.32.7,a52ba1bfe9df9dc1d504550af46744ef8d474797cdba7af2412dc40a3ebdf3b8,main,bfee70e9daaebeae0737a880f1df8f1c60d0783c59af620136cc0d28ef482bc7,farm_2945_original,411214301,0,95474,93708,1,0,0,DONE,DONE,719,719,1,,5.42
p3066_c001_farm,cdd0ae7b4c999599,kaggle-environments 1.32.7,a52ba1bfe9df9dc1d504550af46744ef8d474797cdba7af2412dc40a3ebdf3b8,main,bfee70e9daaebeae0737a880f1df8f1c60d0783c59af620136cc0d28ef482bc7,farm_2945_original,411214301,1,95474,93708,1,0,0,DONE,DONE,719,719,1,,4.96
p3066_c001_farm,cdd0ae7b4c999599,kaggle-environments 1.32.7,a52ba1bfe9df9dc1d504550af46744ef8d474797cdba7af2412dc40a3ebdf3b8,main,bfee70e9daaebeae0737a880f1df8f1c60d0783c59af620136cc0d28ef482bc7,farm_2945_original,417771363,0,55134,56369,0,1,0,DONE,DONE,719,719,1,,4.35
p3066_c001_farm,cdd0ae7b4c999599,kaggle-environments 1.32.7,a52ba1bfe9df9dc1d504550af46744ef8d474797cdba7af2412dc40a3ebdf3b8,main,bfee70e9daaebeae0737a880f1df8f1c60d0783c59af620136cc0d28ef482bc7,farm_2945_original,417771363,1,55134,56369,0,1,0,DONE,DONE,719,719,1,,4.31
p3066_c001_farm,cdd0ae7b4c999599,kaggle-environments 1.32.7,a52ba1bfe9df9dc1d504550af46744ef8d474797cdba7af2412dc40a3ebdf3b8,main,bfee70e9daaebeae0737a880f1df8f1c60d0783c59af620136cc0d28ef482bc7,farm_2945_original,419175930,0,102677,103843,0,1,0,DONE,DONE,719,719,1,,4.57
p3066_c001_farm,cdd0ae7b4c999599,kaggle-environments 1.32.7,a52ba1bfe9df9dc1d504550af46744ef8d474797cdba7af2412dc40a3ebdf3b8,main,bfee70e9daaebeae0737a880f1df8f1c60d0783c59af620136cc0d28ef482bc7,farm_2945_original,419175930,1,102677,103843,0,1,0,DONE,DONE,719,719,1,,5.0
p3066_c001_farm,cdd0ae7b4c999599,kaggle-environments 1.32.7,a52ba1bfe9df9dc1d504550af46744ef8d474797cdba7af2412dc40a3ebdf3b8,main,bfee70e9daaebeae0737a880f1df8f1c60d0783c59af620136cc0d28ef482bc7,farm_2945_original,424724662,0,144091,142427,1,0,0,DONE,DONE,719,719,1,,5.03
p3066_c001_farm,cdd0ae7b4c999599,kaggle-environments 1.32.7,a52ba1bfe9df9dc1d504550af46744ef8d474797cdba7af2412dc40a3ebdf3b8,main,bfee70e9daaebeae0737a880f1df8f1c60d0783c59af620136cc0d28ef482bc7,farm_2945_original,424724662,1,144217,142301,1,0,0,DONE,DONE,719,719,1,,4.44
p3066_c001_farm,cdd0ae7b4c999599,kaggle-environments 1.32.7,a52ba1bfe9df9dc1d504550af46744ef8d474797cdba7af2412dc40a3ebdf3b8,main,bfee70e9daaebeae0737a880f1df8f1c60d0783c59af620136cc0d28ef482bc7,farm_2945_original,433492586,0,70176,68631,1,0,0,DONE,DONE,719,719,1,,4.39
p3066_c001_farm,cdd0ae7b4c999599,kaggle-environments 1.32.7,a52ba1bfe9df9dc1d504550af46744ef8d474797cdba7af2412dc40a3ebdf3b8,main,bfee70e9daaebeae0737a880f1df8f1c60d0783c59af620136cc0d28ef482bc7,farm_2945_original,433492586,1,70176,68631,1,0,0,DONE,DONE,719,719,1,,5.04
p3066_c001_farm,cdd0ae7b4c999599,kaggle-environments 1.32.7,a52ba1bfe9df9dc1d504550af46744ef8d474797cdba7af2412dc40a3ebdf3b8,main,bfee70e9daaebeae0737a880f1df8f1c60d0783c59af620136cc0d28ef482bc7,farm_2945_original,434922050,0,116700,114780,1,0,0,DONE,DONE,719,719,1,,4.59
p3066_c001_farm,cdd0ae7b4c999599,kaggle-environments 1.32.7,a52ba1bfe9df9dc1d504550af46744ef8d474797cdba7af2412dc40a3ebdf3b8,main,bfee70e9daaebeae0737a880f1df8f1c60d0783c59af620136cc0d28ef482bc7,farm_2945_original,434922050,1,116700,114780,1,0,0,DONE,DONE,719,719,1,,5.28
p3066_c001_farm,cdd0ae7b4c999599,kaggle-environments 1.32.7,a52ba1bfe9df9dc1d504550af46744ef8d474797cdba7af2412dc40a3ebdf3b8,main,bfee70e9daaebeae0737a880f1df8f1c60d0783c59af620136cc0d28ef482bc7,farm_2945_original,437173943,0,123098,122771,1,0,0,DONE,DONE,719,719,1,,5.45
p3066_c001_farm,cdd0ae7b4c999599,kaggle-environments 1.32.7,a52ba1bfe9df9dc1d504550af46744ef8d474797cdba7af2412dc40a3ebdf3b8,main,bfee70e9daaebeae0737a880f1df8f1c60d0783c59af620136cc0d28ef482bc7,farm_2945_original,437173943,1,123098,122771,1,0,0,DONE,DONE,719,719,1,,4.47
p3066_c001_farm,cdd0ae7b4c999599,kaggle-environments 1.32.7,a52ba1bfe9df9dc1d504550af46744ef8d474797cdba7af2412dc40a3ebdf3b8,main,bfee70e9daaebeae0737a880f1df8f1c60d0783c59af620136cc0d28ef482bc7,farm_2945_original,438291633,0,78928,77771,1,0,0,DONE,DONE,719,719,1,,4.4
p3066_c001_farm,cdd0ae7b4c999599,kaggle-environments 1.32.7,a52ba1bfe9df9dc1d504550af46744ef8d474797cdba7af2412dc40a3ebdf3b8,main,bfee70e9daaebeae0737a880f1df8f1c60d0783c59af620136cc0d28ef482bc7,farm_2945_original,438291633,1,78928,77771,1,0,0,DONE,DONE,719,719,1,,4.61
p3066_c001_farm,cdd0ae7b4c999599,kaggle-environments 1.32.7,a52ba1bfe9df9dc1d504550af46744ef8d474797cdba7af2412dc40a3ebdf3b8,main,bfee70e9daaebeae0737a880f1df8f1c60d0783c59af620136cc0d28ef482bc7,farm_2945_original,443120366,0,103622,101448,1,0,0,DONE,DONE,719,719,1,,4.59
p3066_c001_farm,cdd0ae7b4c999599,kaggle-environments 1.32.7,a52ba1bfe9df9dc1d504550af46744ef8d474797cdba7af2412dc40a3ebdf3b8,main,bfee70e9daaebeae0737a880f1df8f1c60d0783c59af620136cc0d28ef482bc7,farm_2945_original,443120366,1,103622,101448,1,0,0,DONE,DONE,719,719,1,,5.61
p3066_c001_farm,cdd0ae7b4c999599,kaggle-environments 1.32.7,a52ba1bfe9df9dc1d504550af46744ef8d474797cdba7af2412dc40a3ebdf3b8,main,bfee70e9daaebeae0737a880f1df8f1c60d0783c59af620136cc0d28ef482bc7,farm_2945_original,448061490,0,88582,89291,0,1,0,DONE,DONE,719,719,1,,4.58
p3066_c001_farm,cdd0ae7b4c999599,kaggle-environments 1.32.7,a52ba1bfe9df9dc1d504550af46744ef8d474797cdba7af2412dc40a3ebdf3b8,main,bfee70e9daaebeae0737a880f1df8f1c60d0783c59af620136cc0d28ef482bc7,farm_2945_original,448061490,1,88105,89709,0,1,0,DONE,DONE,719,719,1,,4.82
p3066_c001_farm,cdd0ae7b4c999599,kaggle-environments 1.32.7,a52ba1bfe9df9dc1d504550af46744ef8d474797cdba7af2412dc40a3ebdf3b8,main,bfee70e9daaebeae0737a880f1df8f1c60d0783c59af620136cc0d28ef482bc7,farm_2945_original,452699881,0,71101,69278,1,0,0,DONE,DONE,719,719,1,,4.51
p3066_c001_farm,cdd0ae7b4c999599,kaggle-environments 1.32.7,a52ba1bfe9df9dc1d504550af46744ef8d474797cdba7af2412dc40a3ebdf3b8,main,bfee70e9daaebeae0737a880f1df8f1c60d0783c59af620136cc0d28ef482bc7,farm_2945_original,452699881,1,71101,69278,1,0,0,DONE,DONE,719,719,1,,4.31
p3066_c001_farm,cdd0ae7b4c999599,kaggle-environments 1.32.7,a52ba1bfe9df9dc1d504550af46744ef8d474797cdba7af2412dc40a3ebdf3b8,main,bfee70e9daaebeae0737a880f1df8f1c60d0783c59af620136cc0d28ef482bc7,farm_2945_original,456161391,0,127691,127542,1,0,0,DONE,DONE,719,719,1,,4.97
p3066_c001_farm,cdd0ae7b4c999599,kaggle-environments 1.32.7,a52ba1bfe9df9dc1d504550af46744ef8d474797cdba7af2412dc40a3ebdf3b8,main,bfee70e9daaebeae0737a880f1df8f1c60d0783c59af620136cc0d28ef482bc7,farm_2945_original,456161391,1,127691,127542,1,0,0,DONE,DONE,719,719,1,,4.61
p3066_c001_farm,cdd0ae7b4c999599,kaggle-environments 1.32.7,a52ba1bfe9df9dc1d504550af46744ef8d474797cdba7af2412dc40a3ebdf3b8,main,bfee70e9daaebeae0737a880f1df8f1c60d0783c59af620136cc0d28ef482bc7,farm_2945_original,456720214,0,93152,89839,1,0,0,DONE,DONE,719,719,1,,5.49
p3066_c001_farm,cdd0ae7b4c999599,kaggle-environments 1.32.7,a52ba1bfe9df9dc1d504550af46744ef8d474797cdba7af2412dc40a3ebdf3b8,main,bfee70e9daaebeae0737a880f1df8f1c60d0783c59af620136cc0d28ef482bc7,farm_2945_original,456720214,1,93152,89839,1,0,0,DONE,DONE,719,719,1,,4.61
p3066_c001_farm,cdd0ae7b4c999599,kaggle-environments 1.32.7,a52ba1bfe9df9dc1d504550af46744ef8d474797cdba7af2412dc40a3ebdf3b8,main,bfee70e9daaebeae0737a880f1df8f1c60d0783c59af620136cc0d28ef482bc7,farm_2945_original,462411185,0,105664,104973,1,0,0,DONE,DONE,719,719,1,,4.63
p3066_c001_farm,cdd0ae7b4c999599,kaggle-environments 1.32.7,a52ba1bfe9df9dc1d504550af46744ef8d474797cdba7af2412dc40a3ebdf3b8,main,bfee70e9daaebeae0737a880f1df8f1c60d0783c59af620136cc0d28ef482bc7,farm_2945_original,462411185,1,105664,104973,1,0,0,DONE,DONE,719,719,1,,4.31
p3066_c001_farm,cdd0ae7b4c999599,kaggle-environments 1.32.7,a52ba1bfe9df9dc1d504550af46744ef8d474797cdba7af2412dc40a3ebdf3b8,main,bfee70e9daaebeae0737a880f1df8f1c60d0783c59af620136cc0d28ef482bc7,farm_2945_original,465241085,0,81224,81180,1,0,0,DONE,DONE,719,719,1,,5.03
p3066_c001_farm,cdd0ae7b4c999599,kaggle-environments 1.32.7,a52ba1bfe9df9dc1d504550af46744ef8d474797cdba7af2412dc40a3ebdf3b8,main,bfee70e9daaebeae0737a880f1df8f1c60d0783c59af620136cc0d28ef482bc7,farm_2945_original,465241085,1,81224,81180,1,0,0,DONE,DONE,719,719,1,,4.66
p3066_c001_farm,cdd0ae7b4c999599,kaggle-environments 1.32.7,a52ba1bfe9df9dc1d504550af46744ef8d474797cdba7af2412dc40a3ebdf3b8,main,bfee70e9daaebeae0737a880f1df8f1c60d0783c59af620136cc0d28ef482bc7,farm_2945_original,469957904,0,78274,78889,0,1,0,DONE,DONE,719,719,1,,5.26
p3066_c001_farm,cdd0ae7b4c999599,kaggle-environments 1.32.7,a52ba1bfe9df9dc1d504550af46744ef8d474797cdba7af2412dc40a3ebdf3b8,main,bfee70e9daaebeae0737a880f1df8f1c60d0783c59af620136cc0d28ef482bc7,farm_2945_original,469957904,1,78274,78889,0,1,0,DONE,DONE,719,719,1,,5.25
p3066_c001_farm,cdd0ae7b4c999599,kaggle-environments 1.32.7,a52ba1bfe9df9dc1d504550af46744ef8d474797cdba7af2412dc40a3ebdf3b8,main,bfee70e9daaebeae0737a880f1df8f1c60d0783c59af620136cc0d28ef482bc7,farm_2945_original,470070161,0,96678,96853,0,1,0,DONE,DONE,719,719,1,,4.4
p3066_c001_farm,cdd0ae7b4c999599,kaggle-environments 1.32.7,a52ba1bfe9df9dc1d504550af46744ef8d474797cdba7af2412dc40a3ebdf3b8,main,bfee70e9daaebeae0737a880f1df8f1c60d0783c59af620136cc0d28ef482bc7,farm_2945_original,470070161,1,96678,96853,0,1,0,DONE,DONE,719,719,1,,4.55
p3066_c001_farm,cdd0ae7b4c999599,kaggle-environments 1.32.7,a52ba1bfe9df9dc1d504550af46744ef8d474797cdba7af2412dc40a3ebdf3b8,main,bfee70e9daaebeae0737a880f1df8f1c60d0783c59af620136cc0d28ef482bc7,farm_2945_original,471831356,0,117910,118089,0,1,0,DONE,DONE,719,719,1,,4.5
p3066_c001_farm,cdd0ae7b4c999599,kaggle-environments 1.32.7,a52ba1bfe9df9dc1d504550af46744ef8d474797cdba7af2412dc40a3ebdf3b8,main,bfee70e9daaebeae0737a880f1df8f1c60d0783c59af620136cc0d28ef482bc7,farm_2945_original,471831356,1,117910,118089,0,1,0,DONE,DONE,719,719,1,,4.42
p3066_c001_farm,cdd0ae7b4c999599,kaggle-environments 1.32.7,a52ba1bfe9df9dc1d504550af46744ef8d474797cdba7af2412dc40a3ebdf3b8,main,bfee70e9daaebeae0737a880f1df8f1c60d0783c59af620136cc0d28ef482bc7,farm_2945_original,474595349,0,125083,124489,1,0,0,DONE,DONE,719,719,1,,4.68
p3066_c001_farm,cdd0ae7b4c999599,kaggle-environments 1.32.7,a52ba1bfe9df9dc1d504550af46744ef8d474797cdba7af2412dc40a3ebdf3b8,main,bfee70e9daaebeae0737a880f1df8f1c60d0783c59af620136cc0d28ef482bc7,farm_2945_original,474595349,1,125083,124489,1,0,0,DONE,DONE,719,719,1,,4.81
p3066_c001_farm,cdd0ae7b4c999599,kaggle-environments 1.32.7,a52ba1bfe9df9dc1d504550af46744ef8d474797cdba7af2412dc40a3ebdf3b8,main,bfee70e9daaebeae0737a880f1df8f1c60d0783c59af620136cc0d28ef482bc7,farm_2945_original,475908397,0,73112,72902,1,0,0,DONE,DONE,719,719,1,,4.36
p3066_c001_farm,cdd0ae7b4c999599,kaggle-environments 1.32.7,a52ba1bfe9df9dc1d504550af46744ef8d474797cdba7af2412dc40a3ebdf3b8,main,bfee70e9daaebeae0737a880f1df8f1c60d0783c59af620136cc0d28ef482bc7,farm_2945_original,475908397,1,73112,72902,1,0,0,DONE,DONE,719,719,1,,4.53
p3066_c001_farm,cdd0ae7b4c999599,kaggle-environments 1.32.7,a52ba1bfe9df9dc1d504550af46744ef8d474797cdba7af2412dc40a3ebdf3b8,main,bfee70e9daaebeae0737a880f1df8f1c60d0783c59af620136cc0d28ef482bc7,farm_2945_original,476138433,0,151675,150794,1,0,0,DONE,DONE,719,719,1,,4.23
p3066_c001_farm,cdd0ae7b4c999599,kaggle-environments 1.32.7,a52ba1bfe9df9dc1d504550af46744ef8d474797cdba7af2412dc40a3ebdf3b8,main,bfee70e9daaebeae0737a880f1df8f1c60d0783c59af620136cc0d28ef482bc7,farm_2945_original,476138433,1,151675,150794,1,0,0,DONE,DONE,719,719,1,,4.25
p3066_c001_farm,cdd0ae7b4c999599,kaggle-environments 1.32.7,a52ba1bfe9df9dc1d504550af46744ef8d474797cdba7af2412dc40a3ebdf3b8,main,bfee70e9daaebeae0737a880f1df8f1c60d0783c59af620136cc0d28ef482bc7,farm_2945_original,479122216,0,115717,115219,1,0,0,DONE,DONE,719,719,1,,4.24
p3066_c001_farm,cdd0ae7b4c999599,kaggle-environments 1.32.7,a52ba1bfe9df9dc1d504550af46744ef8d474797cdba7af2412dc40a3ebdf3b8,main,bfee70e9daaebeae0737a880f1df8f1c60d0783c59af620136cc0d28ef482bc7,farm_2945_original,479122216,1,115717,115219,1,0,0,DONE,DONE,719,719,1,,4.53
p3066_c001_farm,cdd0ae7b4c999599,kaggle-environments 1.32.7,a52ba1bfe9df9dc1d504550af46744ef8d474797cdba7af2412dc40a3ebdf3b8,main,bfee70e9daaebeae0737a880f1df8f1c60d0783c59af620136cc0d28ef482bc7,farm_2945_original,482959909,0,98941,98657,1,0,0,DONE,DONE,719,719,1,,4.62
p3066_c001_farm,cdd0ae7b4c999599,kaggle-environments 1.32.7,a52ba1bfe9df9dc1d504550af46744ef8d474797cdba7af2412dc40a3ebdf3b8,main,bfee70e9daaebeae0737a880f1df8f1c60d0783c59af620136cc0d28ef482bc7,farm_2945_original,482959909,1,98941,98657,1,0,0,DONE,DONE,719,719,1,,4.51
p3066_c001_farm,cdd0ae7b4c999599,kaggle-environments 1.32.7,a52ba1bfe9df9dc1d504550af46744ef8d474797cdba7af2412dc40a3ebdf3b8,main,bfee70e9daaebeae0737a880f1df8f1c60d0783c59af620136cc0d28ef482bc7,farm_2945_original,484600815,0,124701,124734,0,1,0,DONE,DONE,719,719,1,,4.31
p3066_c001_farm,cdd0ae7b4c999599,kaggle-environments 1.32.7,a52ba1bfe9df9dc1d504550af46744ef8d474797cdba7af2412dc40a3ebdf3b8,main,bfee70e9daaebeae0737a880f1df8f1c60d0783c59af620136cc0d28ef482bc7,farm_2945_original,484600815,1,124701,124734,0,1,0,DONE,DONE,719,719,1,,4.73
p3066_c001_farm,cdd0ae7b4c999599,kaggle-environments 1.32.7,a52ba1bfe9df9dc1d504550af46744ef8d474797cdba7af2412dc40a3ebdf3b8,main,bfee70e9daaebeae0737a880f1df8f1c60d0783c59af620136cc0d28ef482bc7,farm_2945_original,489047414,0,58958,58769,1,0,0,DONE,DONE,719,719,1,,4.95
p3066_c001_farm,cdd0ae7b4c999599,kaggle-environments 1.32.7,a52ba1bfe9df9dc1d504550af46744ef8d474797cdba7af2412dc40a3ebdf3b8,main,bfee70e9daaebeae0737a880f1df8f1c60d0783c59af620136cc0d28ef482bc7,farm_2945_original,489047414,1,58958,58769,1,0,0,DONE,DONE,719,719,1,,4.58
p3066_c001_farm,cdd0ae7b4c999599,kaggle-environments 1.32.7,a52ba1bfe9df9dc1d504550af46744ef8d474797cdba7af2412dc40a3ebdf3b8,main,bfee70e9daaebeae0737a880f1df8f1c60d0783c59af620136cc0d28ef482bc7,farm_2945_original,489401326,0,101912,103242,0,1,0,DONE,DONE,719,719,1,,4.5
p3066_c001_farm,cdd0ae7b4c999599,kaggle-environments 1.32.7,a52ba1bfe9df9dc1d504550af46744ef8d474797cdba7af2412dc40a3ebdf3b8,main,bfee70e9daaebeae0737a880f1df8f1c60d0783c59af620136cc0d28ef482bc7,farm_2945_original,489401326,1,101912,103242,0,1,0,DONE,DONE,719,719,1,,4.52
p3066_c001_farm,cdd0ae7b4c999599,kaggle-environments 1.32.7,a52ba1bfe9df9dc1d504550af46744ef8d474797cdba7af2412dc40a3ebdf3b8,main,bfee70e9daaebeae0737a880f1df8f1c60d0783c59af620136cc0d28ef482bc7,farm_2945_original,489668136,0,116827,116725,1,0,0,DONE,DONE,719,719,1,,4.55
p3066_c001_farm,cdd0ae7b4c999599,kaggle-environments 1.32.7,a52ba1bfe9df9dc1d504550af46744ef8d474797cdba7af2412dc40a3ebdf3b8,main,bfee70e9daaebeae0737a880f1df8f1c60d0783c59af620136cc0d28ef482bc7,farm_2945_original,489668136,1,116827,116725,1,0,0,DONE,DONE,719,719,1,,4.33
p3066_c001_farm,cdd0ae7b4c999599,kaggle-environments 1.32.7,a52ba1bfe9df9dc1d504550af46744ef8d474797cdba7af2412dc40a3ebdf3b8,main,bfee70e9daaebeae0737a880f1df8f1c60d0783c59af620136cc0d28ef482bc7,farm_2945_original,490976042,0,120011,119852,1,0,0,DONE,DONE,719,719,1,,4.26
p3066_c001_farm,cdd0ae7b4c999599,kaggle-environments 1.32.7,a52ba1bfe9df9dc1d504550af46744ef8d474797cdba7af2412dc40a3ebdf3b8,main,bfee70e9daaebeae0737a880f1df8f1c60d0783c59af620136cc0d28ef482bc7,farm_2945_original,490976042,1,120011,119852,1,0,0,DONE,DONE,719,719,1,,4.73
p3066_c001_farm,cdd0ae7b4c999599,kaggle-environments 1.32.7,a52ba1bfe9df9dc1d504550af46744ef8d474797cdba7af2412dc40a3ebdf3b8,main,bfee70e9daaebeae0737a880f1df8f1c60d0783c59af620136cc0d28ef482bc7,farm_2945_original,493678754,0,92513,93891,0,1,0,DONE,DONE,719,719,1,,4.67
p3066_c001_farm,cdd0ae7b4c999599,kaggle-environments 1.32.7,a52ba1bfe9df9dc1d504550af46744ef8d474797cdba7af2412dc40a3ebdf3b8,main,bfee70e9daaebeae0737a880f1df8f1c60d0783c59af620136cc0d28ef482bc7,farm_2945_original,493678754,1,92513,93891,0,1,0,DONE,DONE,719,719,1,,4.52
p3066_c001_farm,cdd0ae7b4c999599,kaggle-environments 1.32.7,a52ba1bfe9df9dc1d504550af46744ef8d474797cdba7af2412dc40a3ebdf3b8,main,bfee70e9daaebeae0737a880f1df8f1c60d0783c59af620136cc0d28ef482bc7,farm_2945_original,493753758,0,80193,79771,1,0,0,DONE,DONE,719,719,1,,4.32
p3066_c001_farm,cdd0ae7b4c999599,kaggle-environments 1.32.7,a52ba1bfe9df9dc1d504550af46744ef8d474797cdba7af2412dc40a3ebdf3b8,main,bfee70e9daaebeae0737a880f1df8f1c60d0783c59af620136cc0d28ef482bc7,farm_2945_original,493753758,1,80193,79771,1,0,0,DONE,DONE,719,719,1,,4.87
p3066_c001_farm,cdd0ae7b4c999599,kaggle-environments 1.32.7,a52ba1bfe9df9dc1d504550af46744ef8d474797cdba7af2412dc40a3ebdf3b8,main,bfee70e9daaebeae0737a880f1df8f1c60d0783c59af620136cc0d28ef482bc7,farm_2945_original,495268821,0,126452,125473,1,0,0,DONE,DONE,719,719,1,,4.53
p3066_c001_farm,cdd0ae7b4c999599,kaggle-environments 1.32.7,a52ba1bfe9df9dc1d504550af46744ef8d474797cdba7af2412dc40a3ebdf3b8,main,bfee70e9daaebeae0737a880f1df8f1c60d0783c59af620136cc0d28ef482bc7,farm_2945_original,495268821,1,126584,125341,1,0,0,DONE,DONE,719,719,1,,4.84
p3066_c001_farm,cdd0ae7b4c999599,kaggle-environments 1.32.7,a52ba1bfe9df9dc1d504550af46744ef8d474797cdba7af2412dc40a3ebdf3b8,main,bfee70e9daaebeae0737a880f1df8f1c60d0783c59af620136cc0d28ef482bc7,farm_2945_original,503326514,0,137643,137678,0,1,0,DONE,DONE,719,719,1,,4.92
p3066_c001_farm,cdd0ae7b4c999599,kaggle-environments 1.32.7,a52ba1bfe9df9dc1d504550af46744ef8d474797cdba7af2412dc40a3ebdf3b8,main,bfee70e9daaebeae0737a880f1df8f1c60d0783c59af620136cc0d28ef482bc7,farm_2945_original,503326514,1,137643,137678,0,1,0,DONE,DONE,719,719,1,,4.54
p3066_c001_farm,cdd0ae7b4c999599,kaggle-environments 1.32.7,a52ba1bfe9df9dc1d504550af46744ef8d474797cdba7af2412dc40a3ebdf3b8,main,bfee70e9daaebeae0737a880f1df8f1c60d0783c59af620136cc0d28ef482bc7,farm_2945_original,503687205,0,104104,104812,0,1,0,DONE,DONE,719,719,1,,5.12
p3066_c001_farm,cdd0ae7b4c999599,kaggle-environments 1.32.7,a52ba1bfe9df9dc1d504550af46744ef8d474797cdba7af2412dc40a3ebdf3b8,main,bfee70e9daaebeae0737a880f1df8f1c60d0783c59af620136cc0d28ef482bc7,farm_2945_original,503687205,1,104104,104812,0,1,0,DONE,DONE,719,719,1,,4.4
p3066_c001_farm,cdd0ae7b4c999599,kaggle-environments 1.32.7,a52ba1bfe9df9dc1d504550af46744ef8d474797cdba7af2412dc40a3ebdf3b8,main,bfee70e9daaebeae0737a880f1df8f1c60d0783c59af620136cc0d28ef482bc7,farm_2945_original,505579120,0,81915,80720,1,0,0,DONE,DONE,719,719,1,,4.62
p3066_c001_farm,cdd0ae7b4c999599,kaggle-environments 1.32.7,a52ba1bfe9df9dc1d504550af46744ef8d474797cdba7af2412dc40a3ebdf3b8,main,bfee70e9daaebeae0737a880f1df8f1c60d0783c59af620136cc0d28ef482bc7,farm_2945_original,505579120,1,81915,80720,1,0,0,DONE,DONE,719,719,1,,5.01
p3066_c001_farm,cdd0ae7b4c999599,kaggle-environments 1.32.7,a52ba1bfe9df9dc1d504550af46744ef8d474797cdba7af2412dc40a3ebdf3b8,main,bfee70e9daaebeae0737a880f1df8f1c60d0783c59af620136cc0d28ef482bc7,farm_2945_original,505757428,0,117819,118943,0,1,0,DONE,DONE,719,719,1,,4.63
p3066_c001_farm,cdd0ae7b4c999599,kaggle-environments 1.32.7,a52ba1bfe9df9dc1d504550af46744ef8d474797cdba7af2412dc40a3ebdf3b8,main,bfee70e9daaebeae0737a880f1df8f1c60d0783c59af620136cc0d28ef482bc7,farm_2945_original,505757428,1,117819,118943,0,1,0,DONE,DONE,719,719,1,,5.27
p3066_c001_farm,cdd0ae7b4c999599,kaggle-environments 1.32.7,a52ba1bfe9df9dc1d504550af46744ef8d474797cdba7af2412dc40a3ebdf3b8,main,bfee70e9daaebeae0737a880f1df8f1c60d0783c59af620136cc0d28ef482bc7,farm_2945_original,508154806,0,111005,110765,1,0,0,DONE,DONE,719,719,1,,4.72
p3066_c001_farm,cdd0ae7b4c999599,kaggle-environments 1.32.7,a52ba1bfe9df9dc1d504550af46744ef8d474797cdba7af2412dc40a3ebdf3b8,main,bfee70e9daaebeae0737a880f1df8f1c60d0783c59af620136cc0d28ef482bc7,farm_2945_original,508154806,1,111005,110765,1,0,0,DONE,DONE,719,719,1,,4.41
p3066_c001_farm,cdd0ae7b4c999599,kaggle-environments 1.32.7,a52ba1bfe9df9dc1d504550af46744ef8d474797cdba7af2412dc40a3ebdf3b8,main,bfee70e9daaebeae0737a880f1df8f1c60d0783c59af620136cc0d28ef482bc7,farm_2945_original,511271508,0,67689,64820,1,0,0,DONE,DONE,719,719,1,,4.6
p3066_c001_farm,cdd0ae7b4c999599,kaggle-environments 1.32.7,a52ba1bfe9df9dc1d504550af46744ef8d474797cdba7af2412dc40a3ebdf3b8,main,bfee70e9daaebeae0737a880f1df8f1c60d0783c59af620136cc0d28ef482bc7,farm_2945_original,511271508,1,67689,64820,1,0,0,DONE,DONE,719,719,1,,4.55
p3066_c001_farm,cdd0ae7b4c999599,kaggle-environments 1.32.7,a52ba1bfe9df9dc1d504550af46744ef8d474797cdba7af2412dc40a3ebdf3b8,main,bfee70e9daaebeae0737a880f1df8f1c60d0783c59af620136cc0d28ef482bc7,farm_2945_original,513405735,0,84139,83082,1,0,0,DONE,DONE,719,719,1,,4.32
p3066_c001_farm,cdd0ae7b4c999599,kaggle-environments 1.32.7,a52ba1bfe9df9dc1d504550af46744ef8d474797cdba7af2412dc40a3ebdf3b8,main,bfee70e9daaebeae0737a880f1df8f1c60d0783c59af620136cc0d28ef482bc7,farm_2945_original,513405735,1,84139,83082,1,0,0,DONE,DONE,719,719,1,,4.24
p3066_c001_farm,cdd0ae7b4c999599,kaggle-environments 1.32.7,a52ba1bfe9df9dc1d504550af46744ef8d474797cdba7af2412dc40a3ebdf3b8,main,bfee70e9daaebeae0737a880f1df8f1c60d0783c59af620136cc0d28ef482bc7,farm_2945_original,514211692,0,82337,80115,1,0,0,DONE,DONE,719,719,1,,4.45
p3066_c001_farm,cdd0ae7b4c999599,kaggle-environments 1.32.7,a52ba1bfe9df9dc1d504550af46744ef8d474797cdba7af2412dc40a3ebdf3b8,main,bfee70e9daaebeae0737a880f1df8f1c60d0783c59af620136cc0d28ef482bc7,farm_2945_original,514211692,1,82337,80115,1,0,0,DONE,DONE,719,719,1,,4.54
p3066_c001_farm,cdd0ae7b4c999599,kaggle-environments 1.32.7,a52ba1bfe9df9dc1d504550af46744ef8d474797cdba7af2412dc40a3ebdf3b8,main,bfee70e9daaebeae0737a880f1df8f1c60d0783c59af620136cc0d28ef482bc7,farm_2945_original,517166803,0,112399,114235,0,1,0,DONE,DONE,719,719,1,,4.16
p3066_c001_farm,cdd0ae7b4c999599,kaggle-environments 1.32.7,a52ba1bfe9df9dc1d504550af46744ef8d474797cdba7af2412dc40a3ebdf3b8,main,bfee70e9daaebeae0737a880f1df8f1c60d0783c59af620136cc0d28ef482bc7,farm_2945_original,517166803,1,112399,114235,0,1,0,DONE,DONE,719,719,1,,4.48
p3066_c001_farm,cdd0ae7b4c999599,kaggle-environments 1.32.7,a52ba1bfe9df9dc1d504550af46744ef8d474797cdba7af2412dc40a3ebdf3b8,main,bfee70e9daaebeae0737a880f1df8f1c60d0783c59af620136cc0d28ef482bc7,farm_2945_original,517576207,0,71783,72621,0,1,0,DONE,DONE,719,719,1,,4.27
p3066_c001_farm,cdd0ae7b4c999599,kaggle-environments 1.32.7,a52ba1bfe9df9dc1d504550af46744ef8d474797cdba7af2412dc40a3ebdf3b8,main,bfee70e9daaebeae0737a880f1df8f1c60d0783c59af620136cc0d28ef482bc7,farm_2945_original,517576207,1,71783,72621,0,1,0,DONE,DONE,719,719,1,,4.27
p3066_c001_farm,cdd0ae7b4c999599,kaggle-environments 1.32.7,a52ba1bfe9df9dc1d504550af46744ef8d474797cdba7af2412dc40a3ebdf3b8,main,bfee70e9daaebeae0737a880f1df8f1c60d0783c59af620136cc0d28ef482bc7,farm_2945_original,519017022,0,82841,80248,1,0,0,DONE,DONE,719,719,1,,4.29
p3066_c001_farm,cdd0ae7b4c999599,kaggle-environments 1.32.7,a52ba1bfe9df9dc1d504550af46744ef8d474797cdba7af2412dc40a3ebdf3b8,main,bfee70e9daaebeae0737a880f1df8f1c60d0783c59af620136cc0d28ef482bc7,farm_2945_original,519017022,1,82841,80248,1,0,0,DONE,DONE,719,719,1,,4.37
p3066_c001_farm,cdd0ae7b4c999599,kaggle-environments 1.32.7,a52ba1bfe9df9dc1d504550af46744ef8d474797cdba7af2412dc40a3ebdf3b8,main,bfee70e9daaebeae0737a880f1df8f1c60d0783c59af620136cc0d28ef482bc7,farm_2945_original,521081115,0,89404,89832,0,1,0,DONE,DONE,719,719,1,,4.18
p3066_c001_farm,cdd0ae7b4c999599,kaggle-environments 1.32.7,a52ba1bfe9df9dc1d504550af46744ef8d474797cdba7af2412dc40a3ebdf3b8,main,bfee70e9daaebeae0737a880f1df8f1c60d0783c59af620136cc0d28ef482bc7,farm_2945_original,521081115,1,89404,89832,0,1,0,DONE,DONE,719,719,1,,4.24
p3066_c001_farm,cdd0ae7b4c999599,kaggle-environments 1.32.7,a52ba1bfe9df9dc1d504550af46744ef8d474797cdba7af2412dc40a3ebdf3b8,main,bfee70e9daaebeae0737a880f1df8f1c60d0783c59af620136cc0d28ef482bc7,farm_2945_original,521086887,0,105027,104956,1,0,0,DONE,DONE,719,719,1,,4.19
p3066_c001_farm,cdd0ae7b4c999599,kaggle-environments 1.32.7,a52ba1bfe9df9dc1d504550af46744ef8d474797cdba7af2412dc40a3ebdf3b8,main,bfee70e9daaebeae0737a880f1df8f1c60d0783c59af620136cc0d28ef482bc7,farm_2945_original,521086887,1,105027,104956,1,0,0,DONE,DONE,719,719,1,,4.23
p3066_c001_farm,cdd0ae7b4c999599,kaggle-environments 1.32.7,a52ba1bfe9df9dc1d504550af46744ef8d474797cdba7af2412dc40a3ebdf3b8,main,bfee70e9daaebeae0737a880f1df8f1c60d0783c59af620136cc0d28ef482bc7,farm_2945_original,521257964,0,105216,105155,1,0,0,DONE,DONE,719,719,1,,4.25
p3066_c001_farm,cdd0ae7b4c999599,kaggle-environments 1.32.7,a52ba1bfe9df9dc1d504550af46744ef8d474797cdba7af2412dc40a3ebdf3b8,main,bfee70e9daaebeae0737a880f1df8f1c60d0783c59af620136cc0d28ef482bc7,farm_2945_original,521257964,1,105216,105155,1,0,0,DONE,DONE,719,719,1,,4.48
p3066_c001_farm,cdd0ae7b4c999599,kaggle-environments 1.32.7,a52ba1bfe9df9dc1d504550af46744ef8d474797cdba7af2412dc40a3ebdf3b8,main,bfee70e9daaebeae0737a880f1df8f1c60d0783c59af620136cc0d28ef482bc7,farm_2945_original,524753394,0,71316,70531,1,0,0,DONE,DONE,719,719,1,,4.79
p3066_c001_farm,cdd0ae7b4c999599,kaggle-environments 1.32.7,a52ba1bfe9df9dc1d504550af46744ef8d474797cdba7af2412dc40a3ebdf3b8,main,bfee70e9daaebeae0737a880f1df8f1c60d0783c59af620136cc0d28ef482bc7,farm_2945_original,524753394,1,71316,70531,1,0,0,DONE,DONE,719,719,1,,4.72
p3066_c001_farm,cdd0ae7b4c999599,kaggle-environments 1.32.7,a52ba1bfe9df9dc1d504550af46744ef8d474797cdba7af2412dc40a3ebdf3b8,main,bfee70e9daaebeae0737a880f1df8f1c60d0783c59af620136cc0d28ef482bc7,farm_2945_original,525599854,0,90481,95345,0,1,0,DONE,DONE,719,719,1,,4.26
p3066_c001_farm,cdd0ae7b4c999599,kaggle-environments 1.32.7,a52ba1bfe9df9dc1d504550af46744ef8d474797cdba7af2412dc40a3ebdf3b8,main,bfee70e9daaebeae0737a880f1df8f1c60d0783c59af620136cc0d28ef482bc7,farm_2945_original,525599854,1,90481,95345,0,1,0,DONE,DONE,719,719,1,,4.25
p3066_c001_farm,cdd0ae7b4c999599,kaggle-environments 1.32.7,a52ba1bfe9df9dc1d504550af46744ef8d474797cdba7af2412dc40a3ebdf3b8,main,bfee70e9daaebeae0737a880f1df8f1c60d0783c59af620136cc0d28ef482bc7,farm_2945_original,528610972,0,94987,93248,1,0,0,DONE,DONE,719,719,1,,4.26
p3066_c001_farm,cdd0ae7b4c999599,kaggle-environments 1.32.7,a52ba1bfe9df9dc1d504550af46744ef8d474797cdba7af2412dc40a3ebdf3b8,main,bfee70e9daaebeae0737a880f1df8f1c60d0783c59af620136cc0d28ef482bc7,farm_2945_original,528610972,1,94987,93248,1,0,0,DONE,DONE,719,719,1,,4.25
p3066_c001_farm,cdd0ae7b4c999599,kaggle-environments 1.32.7,a52ba1bfe9df9dc1d504550af46744ef8d474797cdba7af2412dc40a3ebdf3b8,main,bfee70e9daaebeae0737a880f1df8f1c60d0783c59af620136cc0d28ef482bc7,farm_2945_original,534889110,0,123057,123460,0,1,0,DONE,DONE,719,719,1,,4.47
p3066_c001_farm,cdd0ae7b4c999599,kaggle-environments 1.32.7,a52ba1bfe9df9dc1d504550af46744ef8d474797cdba7af2412dc40a3ebdf3b8,main,bfee70e9daaebeae0737a880f1df8f1c60d0783c59af620136cc0d28ef482bc7,farm_2945_original,534889110,1,123057,123460,0,1,0,DONE,DONE,719,719,1,,4.35
p3066_c001_farm,cdd0ae7b4c999599,kaggle-environments 1.32.7,a52ba1bfe9df9dc1d504550af46744ef8d474797cdba7af2412dc40a3ebdf3b8,main,bfee70e9daaebeae0737a880f1df8f1c60d0783c59af620136cc0d28ef482bc7,farm_2945_original,536028917,0,93955,97997,0,1,0,DONE,DONE,719,719,1,,4.6
p3066_c001_farm,cdd0ae7b4c999599,kaggle-environments 1.32.7,a52ba1bfe9df9dc1d504550af46744ef8d474797cdba7af2412dc40a3ebdf3b8,main,bfee70e9daaebeae0737a880f1df8f1c60d0783c59af620136cc0d28ef482bc7,farm_2945_original,536028917,1,88866,92848,0,1,0,DONE,DONE,719,719,1,,4.48
p3066_c001_farm,cdd0ae7b4c999599,kaggle-environments 1.32.7,a52ba1bfe9df9dc1d504550af46744ef8d474797cdba7af2412dc40a3ebdf3b8,main,bfee70e9daaebeae0737a880f1df8f1c60d0783c59af620136cc0d28ef482bc7,farm_2945_original,536809336,0,84063,86249,0,1,0,DONE,DONE,719,719,1,,4.6
p3066_c001_farm,cdd0ae7b4c999599,kaggle-environments 1.32.7,a52ba1bfe9df9dc1d504550af46744ef8d474797cdba7af2412dc40a3ebdf3b8,main,bfee70e9daaebeae0737a880f1df8f1c60d0783c59af620136cc0d28ef482bc7,farm_2945_original,536809336,1,84003,86269,0,1,0,DONE,DONE,719,719,1,,4.46
p3066_c001_farm,cdd0ae7b4c999599,kaggle-environments 1.32.7,a52ba1bfe9df9dc1d504550af46744ef8d474797cdba7af2412dc40a3ebdf3b8,main,bfee70e9daaebeae0737a880f1df8f1c60d0783c59af620136cc0d28ef482bc7,farm_2945_original,537088443,0,102756,104261,0,1,0,DONE,DONE,719,719,1,,4.54
p3066_c001_farm,cdd0ae7b4c999599,kaggle-environments 1.32.7,a52ba1bfe9df9dc1d504550af46744ef8d474797cdba7af2412dc40a3ebdf3b8,main,bfee70e9daaebeae0737a880f1df8f1c60d0783c59af620136cc0d28ef482bc7,farm_2945_original,537088443,1,102756,104261,0,1,0,DONE,DONE,719,719,1,,4.26
p3066_c001_farm,cdd0ae7b4c999599,kaggle-environments 1.32.7,a52ba1bfe9df9dc1d504550af46744ef8d474797cdba7af2412dc40a3ebdf3b8,main,bfee70e9daaebeae0737a880f1df8f1c60d0783c59af620136cc0d28ef482bc7,farm_2945_original,543888094,0,92951,90884,1,0,0,DONE,DONE,719,719,1,,4.15
p3066_c001_farm,cdd0ae7b4c999599,kaggle-environments 1.32.7,a52ba1bfe9df9dc1d504550af46744ef8d474797cdba7af2412dc40a3ebdf3b8,main,bfee70e9daaebeae0737a880f1df8f1c60d0783c59af620136cc0d28ef482bc7,farm_2945_original,543888094,1,92951,90884,1,0,0,DONE,DONE,719,719,1,,4.39
p3066_c001_farm,cdd0ae7b4c999599,kaggle-environments 1.32.7,a52ba1bfe9df9dc1d504550af46744ef8d474797cdba7af2412dc40a3ebdf3b8,main,bfee70e9daaebeae0737a880f1df8f1c60d0783c59af620136cc0d28ef482bc7,farm_2945_original,545033779,0,104430,105602,0,1,0,DONE,DONE,719,719,1,,4.25
p3066_c001_farm,cdd0ae7b4c999599,kaggle-environments 1.32.7,a52ba1bfe9df9dc1d504550af46744ef8d474797cdba7af2412dc40a3ebdf3b8,main,bfee70e9daaebeae0737a880f1df8f1c60d0783c59af620136cc0d28ef482bc7,farm_2945_original,545033779,1,104430,105602,0,1,0,DONE,DONE,719,719,1,,4.23
p3066_c001_farm,cdd0ae7b4c999599,kaggle-environments 1.32.7,a52ba1bfe9df9dc1d504550af46744ef8d474797cdba7af2412dc40a3ebdf3b8,main,bfee70e9daaebeae0737a880f1df8f1c60d0783c59af620136cc0d28ef482bc7,farm_2945_original,545670799,0,128919,122238,1,0,0,DONE,DONE,719,719,1,,4.51
p3066_c001_farm,cdd0ae7b4c999599,kaggle-environments 1.32.7,a52ba1bfe9df9dc1d504550af46744ef8d474797cdba7af2412dc40a3ebdf3b8,main,bfee70e9daaebeae0737a880f1df8f1c60d0783c59af620136cc0d28ef482bc7,farm_2945_original,545670799,1,122604,128729,0,1,0,DONE,DONE,719,719,1,,4.25
p3066_c001_farm,cdd0ae7b4c999599,kaggle-environments 1.32.7,a52ba1bfe9df9dc1d504550af46744ef8d474797cdba7af2412dc40a3ebdf3b8,main,bfee70e9daaebeae0737a880f1df8f1c60d0783c59af620136cc0d28ef482bc7,farm_2945_original,549617199,0,96621,96825,0,1,0,DONE,DONE,719,719,1,,4.22
p3066_c001_farm,cdd0ae7b4c999599,kaggle-environments 1.32.7,a52ba1bfe9df9dc1d504550af46744ef8d474797cdba7af2412dc40a3ebdf3b8,main,bfee70e9daaebeae0737a880f1df8f1c60d0783c59af620136cc0d28ef482bc7,farm_2945_original,549617199,1,96621,96825,0,1,0,DONE,DONE,719,719,1,,4.27
p3066_c001_farm,cdd0ae7b4c999599,kaggle-environments 1.32.7,a52ba1bfe9df9dc1d504550af46744ef8d474797cdba7af2412dc40a3ebdf3b8,main,bfee70e9daaebeae0737a880f1df8f1c60d0783c59af620136cc0d28ef482bc7,farm_2945_original,550592187,0,135098,135611,0,1,0,DONE,DONE,719,719,1,,4.59
p3066_c001_farm,cdd0ae7b4c999599,kaggle-environments 1.32.7,a52ba1bfe9df9dc1d504550af46744ef8d474797cdba7af2412dc40a3ebdf3b8,main,bfee70e9daaebeae0737a880f1df8f1c60d0783c59af620136cc0d28ef482bc7,farm_2945_original,550592187,1,135098,135611,0,1,0,DONE,DONE,719,719,1,,4.34
p3066_c001_farm,cdd0ae7b4c999599,kaggle-environments 1.32.7,a52ba1bfe9df9dc1d504550af46744ef8d474797cdba7af2412dc40a3ebdf3b8,main,bfee70e9daaebeae0737a880f1df8f1c60d0783c59af620136cc0d28ef482bc7,farm_2945_original,554654868,0,88805,88671,1,0,0,DONE,DONE,719,719,1,,4.31
p3066_c001_farm,cdd0ae7b4c999599,kaggle-environments 1.32.7,a52ba1bfe9df9dc1d504550af46744ef8d474797cdba7af2412dc40a3ebdf3b8,main,bfee70e9daaebeae0737a880f1df8f1c60d0783c59af620136cc0d28ef482bc7,farm_2945_original,554654868,1,88881,88596,1,0,0,DONE,DONE,719,719,1,,4.17
p3066_c001_farm,cdd0ae7b4c999599,kaggle-environments 1.32.7,a52ba1bfe9df9dc1d504550af46744ef8d474797cdba7af2412dc40a3ebdf3b8,main,bfee70e9daaebeae0737a880f1df8f1c60d0783c59af620136cc0d28ef482bc7,farm_2945_original,557579674,0,109615,110140,0,1,0,DONE,DONE,719,719,1,,4.56
p3066_c001_farm,cdd0ae7b4c999599,kaggle-environments 1.32.7,a52ba1bfe9df9dc1d504550af46744ef8d474797cdba7af2412dc40a3ebdf3b8,main,bfee70e9daaebeae0737a880f1df8f1c60d0783c59af620136cc0d28ef482bc7,farm_2945_original,557579674,1,109615,110140,0,1,0,DONE,DONE,719,719,1,,4.58
p3066_c001_farm,cdd0ae7b4c999599,kaggle-environments 1.32.7,a52ba1bfe9df9dc1d504550af46744ef8d474797cdba7af2412dc40a3ebdf3b8,main,bfee70e9daaebeae0737a880f1df8f1c60d0783c59af620136cc0d28ef482bc7,farm_2945_original,558194199,0,91770,91780,0,1,0,DONE,DONE,719,719,1,,4.49
p3066_c001_farm,cdd0ae7b4c999599,kaggle-environments 1.32.7,a52ba1bfe9df9dc1d504550af46744ef8d474797cdba7af2412dc40a3ebdf3b8,main,bfee70e9daaebeae0737a880f1df8f1c60d0783c59af620136cc0d28ef482bc7,farm_2945_original,558194199,1,91770,91780,0,1,0,DONE,DONE,719,719,1,,4.24
p3066_c001_farm,cdd0ae7b4c999599,kaggle-environments 1.32.7,a52ba1bfe9df9dc1d504550af46744ef8d474797cdba7af2412dc40a3ebdf3b8,main,bfee70e9daaebeae0737a880f1df8f1c60d0783c59af620136cc0d28ef482bc7,farm_2945_original,564022272,0,91397,91277,1,0,0,DONE,DONE,719,719,1,,4.17
p3066_c001_farm,cdd0ae7b4c999599,kaggle-environments 1.32.7,a52ba1bfe9df9dc1d504550af46744ef8d474797cdba7af2412dc40a3ebdf3b8,main,bfee70e9daaebeae0737a880f1df8f1c60d0783c59af620136cc0d28ef482bc7,farm_2945_original,564022272,1,91397,91277,1,0,0,DONE,DONE,719,719,1,,4.24
p3066_c001_farm,cdd0ae7b4c999599,kaggle-environments 1.32.7,a52ba1bfe9df9dc1d504550af46744ef8d474797cdba7af2412dc40a3ebdf3b8,main,bfee70e9daaebeae0737a880f1df8f1c60d0783c59af620136cc0d28ef482bc7,farm_2945_original,564863036,0,97492,98721,0,1,0,DONE,DONE,719,719,1,,4.26
p3066_c001_farm,cdd0ae7b4c999599,kaggle-environments 1.32.7,a52ba1bfe9df9dc1d504550af46744ef8d474797cdba7af2412dc40a3ebdf3b8,main,bfee70e9daaebeae0737a880f1df8f1c60d0783c59af620136cc0d28ef482bc7,farm_2945_original,564863036,1,97492,98721,0,1,0,DONE,DONE,719,719,1,,4.56
p3066_c001_farm,cdd0ae7b4c999599,kaggle-environments 1.32.7,a52ba1bfe9df9dc1d504550af46744ef8d474797cdba7af2412dc40a3ebdf3b8,main,bfee70e9daaebeae0737a880f1df8f1c60d0783c59af620136cc0d28ef482bc7,farm_2945_original,565569323,0,106220,105609,1,0,0,DONE,DONE,719,719,1,,4.81
p3066_c001_farm,cdd0ae7b4c999599,kaggle-environments 1.32.7,a52ba1bfe9df9dc1d504550af46744ef8d474797cdba7af2412dc40a3ebdf3b8,main,bfee70e9daaebeae0737a880f1df8f1c60d0783c59af620136cc0d28ef482bc7,farm_2945_original,565569323,1,106220,105609,1,0,0,DONE,DONE,719,719,1,,4.59
p3066_c001_farm,cdd0ae7b4c999599,kaggle-environments 1.32.7,a52ba1bfe9df9dc1d504550af46744ef8d474797cdba7af2412dc40a3ebdf3b8,main,bfee70e9daaebeae0737a880f1df8f1c60d0783c59af620136cc0d28ef482bc7,farm_2945_original,568313661,0,81038,80575,1,0,0,DONE,DONE,719,719,1,,4.19
p3066_c001_farm,cdd0ae7b4c999599,kaggle-environments 1.32.7,a52ba1bfe9df9dc1d504550af46744ef8d474797cdba7af2412dc40a3ebdf3b8,main,bfee70e9daaebeae0737a880f1df8f1c60d0783c59af620136cc0d28ef482bc7,farm_2945_original,568313661,1,81038,80575,1,0,0,DONE,DONE,719,719,1,,4.58
p3066_c001_farm,cdd0ae7b4c999599,kaggle-environments 1.32.7,a52ba1bfe9df9dc1d504550af46744ef8d474797cdba7af2412dc40a3ebdf3b8,main,bfee70e9daaebeae0737a880f1df8f1c60d0783c59af620136cc0d28ef482bc7,farm_2945_original,569691051,0,129885,129604,1,0,0,DONE,DONE,719,719,1,,4.17
p3066_c001_farm,cdd0ae7b4c999599,kaggle-environments 1.32.7,a52ba1bfe9df9dc1d504550af46744ef8d474797cdba7af2412dc40a3ebdf3b8,main,bfee70e9daaebeae0737a880f1df8f1c60d0783c59af620136cc0d28ef482bc7,farm_2945_original,569691051,1,129885,129604,1,0,0,DONE,DONE,719,719,1,,4.45
p3066_c001_farm,cdd0ae7b4c999599,kaggle-environments 1.32.7,a52ba1bfe9df9dc1d504550af46744ef8d474797cdba7af2412dc40a3ebdf3b8,main,bfee70e9daaebeae0737a880f1df8f1c60d0783c59af620136cc0d28ef482bc7,farm_2945_original,570705989,0,68126,69623,0,1,0,DONE,DONE,719,719,1,,4.03
p3066_c001_farm,cdd0ae7b4c999599,kaggle-environments 1.32.7,a52ba1bfe9df9dc1d504550af46744ef8d474797cdba7af2412dc40a3ebdf3b8,main,bfee70e9daaebeae0737a880f1df8f1c60d0783c59af620136cc0d28ef482bc7,farm_2945_original,570705989,1,68126,69623,0,1,0,DONE,DONE,719,719,1,,4.18
p3066_c001_farm,cdd0ae7b4c999599,kaggle-environments 1.32.7,a52ba1bfe9df9dc1d504550af46744ef8d474797cdba7af2412dc40a3ebdf3b8,main,bfee70e9daaebeae0737a880f1df8f1c60d0783c59af620136cc0d28ef482bc7,farm_2945_original,570996699,0,130447,119657,1,0,0,DONE,DONE,719,719,1,,4.5
p3066_c001_farm,cdd0ae7b4c999599,kaggle-environments 1.32.7,a52ba1bfe9df9dc1d504550af46744ef8d474797cdba7af2412dc40a3ebdf3b8,main,bfee70e9daaebeae0737a880f1df8f1c60d0783c59af620136cc0d28ef482bc7,farm_2945_original,570996699,1,129474,120638,1,0,0,DONE,DONE,719,719,1,,4.49
p3066_c001_farm,cdd0ae7b4c999599,kaggle-environments 1.32.7,a52ba1bfe9df9dc1d504550af46744ef8d474797cdba7af2412dc40a3ebdf3b8,main,bfee70e9daaebeae0737a880f1df8f1c60d0783c59af620136cc0d28ef482bc7,farm_2945_original,572002130,0,100855,100243,1,0,0,DONE,DONE,719,719,1,,4.76
p3066_c001_farm,cdd0ae7b4c999599,kaggle-environments 1.32.7,a52ba1bfe9df9dc1d504550af46744ef8d474797cdba7af2412dc40a3ebdf3b8,main,bfee70e9daaebeae0737a880f1df8f1c60d0783c59af620136cc0d28ef482bc7,farm_2945_original,572002130,1,100855,100243,1,0,0,DONE,DONE,719,719,1,,4.98
p3066_c001_farm,cdd0ae7b4c999599,kaggle-environments 1.32.7,a52ba1bfe9df9dc1d504550af46744ef8d474797cdba7af2412dc40a3ebdf3b8,main,bfee70e9daaebeae0737a880f1df8f1c60d0783c59af620136cc0d28ef482bc7,farm_2945_original,572472665,0,80086,79798,1,0,0,DONE,DONE,719,719,1,,4.5
p3066_c001_farm,cdd0ae7b4c999599,kaggle-environments 1.32.7,a52ba1bfe9df9dc1d504550af46744ef8d474797cdba7af2412dc40a3ebdf3b8,main,bfee70e9daaebeae0737a880f1df8f1c60d0783c59af620136cc0d28ef482bc7,farm_2945_original,572472665,1,80086,79798,1,0,0,DONE,DONE,719,719,1,,4.26
p3066_c001_farm,cdd0ae7b4c999599,kaggle-environments 1.32.7,a52ba1bfe9df9dc1d504550af46744ef8d474797cdba7af2412dc40a3ebdf3b8,main,bfee70e9daaebeae0737a880f1df8f1c60d0783c59af620136cc0d28ef482bc7,farm_2945_original,573596305,0,96708,95372,1,0,0,DONE,DONE,719,719,1,,4.72
p3066_c001_farm,cdd0ae7b4c999599,kaggle-environments 1.32.7,a52ba1bfe9df9dc1d504550af46744ef8d474797cdba7af2412dc40a3ebdf3b8,main,bfee70e9daaebeae0737a880f1df8f1c60d0783c59af620136cc0d28ef482bc7,farm_2945_original,573596305,1,96200,95418,1,0,0,DONE,DONE,719,719,1,,4.6
p3066_c001_farm,cdd0ae7b4c999599,kaggle-environments 1.32.7,a52ba1bfe9df9dc1d504550af46744ef8d474797cdba7af2412dc40a3ebdf3b8,main,bfee70e9daaebeae0737a880f1df8f1c60d0783c59af620136cc0d28ef482bc7,farm_2945_original,574990569,0,77606,76581,1,0,0,DONE,DONE,719,719,1,,4.58
p3066_c001_farm,cdd0ae7b4c999599,kaggle-environments 1.32.7,a52ba1bfe9df9dc1d504550af46744ef8d474797cdba7af2412dc40a3ebdf3b8,main,bfee70e9daaebeae0737a880f1df8f1c60d0783c59af620136cc0d28ef482bc7,farm_2945_original,574990569,1,77606,76581,1,0,0,DONE,DONE,719,719,1,,4.28
p3066_c001_farm,cdd0ae7b4c999599,kaggle-environments 1.32.7,a52ba1bfe9df9dc1d504550af46744ef8d474797cdba7af2412dc40a3ebdf3b8,main,bfee70e9daaebeae0737a880f1df8f1c60d0783c59af620136cc0d28ef482bc7,farm_2945_original,575706284,0,73236,72796,1,0,0,DONE,DONE,719,719,1,,4.32
p3066_c001_farm,cdd0ae7b4c999599,kaggle-environments 1.32.7,a52ba1bfe9df9dc1d504550af46744ef8d474797cdba7af2412dc40a3ebdf3b8,main,bfee70e9daaebeae0737a880f1df8f1c60d0783c59af620136cc0d28ef482bc7,farm_2945_original,575706284,1,73236,72796,1,0,0,DONE,DONE,719,719,1,,4.45
p3066_c001_farm,cdd0ae7b4c999599,kaggle-environments 1.32.7,a52ba1bfe9df9dc1d504550af46744ef8d474797cdba7af2412dc40a3ebdf3b8,main,bfee70e9daaebeae0737a880f1df8f1c60d0783c59af620136cc0d28ef482bc7,farm_2945_original,579336468,0,107131,107341,0,1,0,DONE,DONE,719,719,1,,4.54
p3066_c001_farm,cdd0ae7b4c999599,kaggle-environments 1.32.7,a52ba1bfe9df9dc1d504550af46744ef8d474797cdba7af2412dc40a3ebdf3b8,main,bfee70e9daaebeae0737a880f1df8f1c60d0783c59af620136cc0d28ef482bc7,farm_2945_original,579336468,1,107131,107341,0,1,0,DONE,DONE,719,719,1,,4.76
p3066_c001_farm,cdd0ae7b4c999599,kaggle-environments 1.32.7,a52ba1bfe9df9dc1d504550af46744ef8d474797cdba7af2412dc40a3ebdf3b8,main,bfee70e9daaebeae0737a880f1df8f1c60d0783c59af620136cc0d28ef482bc7,farm_2945_original,581901179,0,113285,121970,0,1,0,DONE,DONE,719,719,1,,4.39
p3066_c001_farm,cdd0ae7b4c999599,kaggle-environments 1.32.7,a52ba1bfe9df9dc1d504550af46744ef8d474797cdba7af2412dc40a3ebdf3b8,main,bfee70e9daaebeae0737a880f1df8f1c60d0783c59af620136cc0d28ef482bc7,farm_2945_original,581901179,1,122745,110774,1,0,0,DONE,DONE,719,719,1,,4.24
p3066_c001_farm,cdd0ae7b4c999599,kaggle-environments 1.32.7,a52ba1bfe9df9dc1d504550af46744ef8d474797cdba7af2412dc40a3ebdf3b8,main,bfee70e9daaebeae0737a880f1df8f1c60d0783c59af620136cc0d28ef482bc7,farm_2945_original,582731825,0,96761,97668,0,1,0,DONE,DONE,719,719,1,,4.16
p3066_c001_farm,cdd0ae7b4c999599,kaggle-environments 1.32.7,a52ba1bfe9df9dc1d504550af46744ef8d474797cdba7af2412dc40a3ebdf3b8,main,bfee70e9daaebeae0737a880f1df8f1c60d0783c59af620136cc0d28ef482bc7,farm_2945_original,582731825,1,96761,97668,0,1,0,DONE,DONE,719,719,1,,4.3
p3066_c001_farm,cdd0ae7b4c999599,kaggle-environments 1.32.7,a52ba1bfe9df9dc1d504550af46744ef8d474797cdba7af2412dc40a3ebdf3b8,main,bfee70e9daaebeae0737a880f1df8f1c60d0783c59af620136cc0d28ef482bc7,farm_2945_original,584242389,0,140638,139267,1,0,0,DONE,DONE,719,719,1,,4.54
p3066_c001_farm,cdd0ae7b4c999599,kaggle-environments 1.32.7,a52ba1bfe9df9dc1d504550af46744ef8d474797cdba7af2412dc40a3ebdf3b8,main,bfee70e9daaebeae0737a880f1df8f1c60d0783c59af620136cc0d28ef482bc7,farm_2945_original,584242389,1,140638,139267,1,0,0,DONE,DONE,719,719,1,,4.74
p3066_c001_farm,cdd0ae7b4c999599,kaggle-environments 1.32.7,a52ba1bfe9df9dc1d504550af46744ef8d474797cdba7af2412dc40a3ebdf3b8,main,bfee70e9daaebeae0737a880f1df8f1c60d0783c59af620136cc0d28ef482bc7,farm_2945_original,584355409,0,82698,83198,0,1,0,DONE,DONE,719,719,1,,4.83
p3066_c001_farm,cdd0ae7b4c999599,kaggle-environments 1.32.7,a52ba1bfe9df9dc1d504550af46744ef8d474797cdba7af2412dc40a3ebdf3b8,main,bfee70e9daaebeae0737a880f1df8f1c60d0783c59af620136cc0d28ef482bc7,farm_2945_original,584355409,1,82698,83198,0,1,0,DONE,DONE,719,719,1,,4.31
p3066_c001_farm,cdd0ae7b4c999599,kaggle-environments 1.32.7,a52ba1bfe9df9dc1d504550af46744ef8d474797cdba7af2412dc40a3ebdf3b8,main,bfee70e9daaebeae0737a880f1df8f1c60d0783c59af620136cc0d28ef482bc7,farm_2945_original,585668180,0,82182,81679,1,0,0,DONE,DONE,719,719,1,,4.63
p3066_c001_farm,cdd0ae7b4c999599,kaggle-environments 1.32.7,a52ba1bfe9df9dc1d504550af46744ef8d474797cdba7af2412dc40a3ebdf3b8,main,bfee70e9daaebeae0737a880f1df8f1c60d0783c59af620136cc0d28ef482bc7,farm_2945_original,585668180,1,82682,81314,1,0,0,DONE,DONE,719,719,1,,4.49
p3066_c001_farm,cdd0ae7b4c999599,kaggle-environments 1.32.7,a52ba1bfe9df9dc1d504550af46744ef8d474797cdba7af2412dc40a3ebdf3b8,main,bfee70e9daaebeae0737a880f1df8f1c60d0783c59af620136cc0d28ef482bc7,farm_2945_original,588856189,0,109952,109254,1,0,0,DONE,DONE,719,719,1,,4.3
p3066_c001_farm,cdd0ae7b4c999599,kaggle-environments 1.32.7,a52ba1bfe9df9dc1d504550af46744ef8d474797cdba7af2412dc40a3ebdf3b8,main,bfee70e9daaebeae0737a880f1df8f1c60d0783c59af620136cc0d28ef482bc7,farm_2945_original,588856189,1,109952,109254,1,0,0,DONE,DONE,719,719,1,,4.28
p3066_c001_farm,cdd0ae7b4c999599,kaggle-environments 1.32.7,a52ba1bfe9df9dc1d504550af46744ef8d474797cdba7af2412dc40a3ebdf3b8,main,bfee70e9daaebeae0737a880f1df8f1c60d0783c59af620136cc0d28ef482bc7,farm_2945_original,589839122,0,145166,144585,1,0,0,DONE,DONE,719,719,1,,4.3
p3066_c001_farm,cdd0ae7b4c999599,kaggle-environments 1.32.7,a52ba1bfe9df9dc1d504550af46744ef8d474797cdba7af2412dc40a3ebdf3b8,main,bfee70e9daaebeae0737a880f1df8f1c60d0783c59af620136cc0d28ef482bc7,farm_2945_original,589839122,1,145166,144585,1,0,0,DONE,DONE,719,719,1,,4.3
p3066_c001_farm,cdd0ae7b4c999599,kaggle-environments 1.32.7,a52ba1bfe9df9dc1d504550af46744ef8d474797cdba7af2412dc40a3ebdf3b8,main,bfee70e9daaebeae0737a880f1df8f1c60d0783c59af620136cc0d28ef482bc7,farm_2945_original,591738052,0,74929,72952,1,0,0,DONE,DONE,719,719,1,,4.42
p3066_c001_farm,cdd0ae7b4c999599,kaggle-environments 1.32.7,a52ba1bfe9df9dc1d504550af46744ef8d474797cdba7af2412dc40a3ebdf3b8,main,bfee70e9daaebeae0737a880f1df8f1c60d0783c59af620136cc0d28ef482bc7,farm_2945_original,591738052,1,74929,72952,1,0,0,DONE,DONE,719,719,1,,4.7
p3066_c001_farm,cdd0ae7b4c999599,kaggle-environments 1.32.7,a52ba1bfe9df9dc1d504550af46744ef8d474797cdba7af2412dc40a3ebdf3b8,main,bfee70e9daaebeae0737a880f1df8f1c60d0783c59af620136cc0d28ef482bc7,farm_2945_original,593050443,0,63872,64787,0,1,0,DONE,DONE,719,719,1,,4.29
p3066_c001_farm,cdd0ae7b4c999599,kaggle-environments 1.32.7,a52ba1bfe9df9dc1d504550af46744ef8d474797cdba7af2412dc40a3ebdf3b8,main,bfee70e9daaebeae0737a880f1df8f1c60d0783c59af620136cc0d28ef482bc7,farm_2945_original,593050443,1,63908,64938,0,1,0,DONE,DONE,719,719,1,,4.35
p3066_c001_farm,cdd0ae7b4c999599,kaggle-environments 1.32.7,a52ba1bfe9df9dc1d504550af46744ef8d474797cdba7af2412dc40a3ebdf3b8,main,bfee70e9daaebeae0737a880f1df8f1c60d0783c59af620136cc0d28ef482bc7,farm_2945_original,594899847,0,106206,106303,0,1,0,DONE,DONE,719,719,1,,4.52
p3066_c001_farm,cdd0ae7b4c999599,kaggle-environments 1.32.7,a52ba1bfe9df9dc1d504550af46744ef8d474797cdba7af2412dc40a3ebdf3b8,main,bfee70e9daaebeae0737a880f1df8f1c60d0783c59af620136cc0d28ef482bc7,farm_2945_original,594899847,1,106206,106303,0,1,0,DONE,DONE,719,719,1,,4.59
p3066_c001_farm,cdd0ae7b4c999599,kaggle-environments 1.32.7,a52ba1bfe9df9dc1d504550af46744ef8d474797cdba7af2412dc40a3ebdf3b8,main,bfee70e9daaebeae0737a880f1df8f1c60d0783c59af620136cc0d28ef482bc7,farm_2945_original,596495269,0,103648,101021,1,0,0,DONE,DONE,719,719,1,,4.36
p3066_c001_farm,cdd0ae7b4c999599,kaggle-environments 1.32.7,a52ba1bfe9df9dc1d504550af46744ef8d474797cdba7af2412dc40a3ebdf3b8,main,bfee70e9daaebeae0737a880f1df8f1c60d0783c59af620136cc0d28ef482bc7,farm_2945_original,596495269,1,103738,100935,1,0,0,DONE,DONE,719,719,1,,4.27
p3066_c001_farm,cdd0ae7b4c999599,kaggle-environments 1.32.7,a52ba1bfe9df9dc1d504550af46744ef8d474797cdba7af2412dc40a3ebdf3b8,main,bfee70e9daaebeae0737a880f1df8f1c60d0783c59af620136cc0d28ef482bc7,farm_2945_original,597576929,0,103854,103605,1,0,0,DONE,DONE,719,719,1,,4.24
p3066_c001_farm,cdd0ae7b4c999599,kaggle-environments 1.32.7,a52ba1bfe9df9dc1d504550af46744ef8d474797cdba7af2412dc40a3ebdf3b8,main,bfee70e9daaebeae0737a880f1df8f1c60d0783c59af620136cc0d28ef482bc7,farm_2945_original,597576929,1,103854,103605,1,0,0,DONE,DONE,719,719,1,,4.54
p3066_c001_farm,cdd0ae7b4c999599,kaggle-environments 1.32.7,a52ba1bfe9df9dc1d504550af46744ef8d474797cdba7af2412dc40a3ebdf3b8,main,bfee70e9daaebeae0737a880f1df8f1c60d0783c59af620136cc0d28ef482bc7,farm_2945_original,597664195,0,110134,108627,1,0,0,DONE,DONE,719,719,1,,4.39
p3066_c001_farm,cdd0ae7b4c999599,kaggle-environments 1.32.7,a52ba1bfe9df9dc1d504550af46744ef8d474797cdba7af2412dc40a3ebdf3b8,main,bfee70e9daaebeae0737a880f1df8f1c60d0783c59af620136cc0d28ef482bc7,farm_2945_original,597664195,1,110134,108627,1,0,0,DONE,DONE,719,719,1,,4.6
p3066_c001_farm,cdd0ae7b4c999599,kaggle-environments 1.32.7,a52ba1bfe9df9dc1d504550af46744ef8d474797cdba7af2412dc40a3ebdf3b8,main,bfee70e9daaebeae0737a880f1df8f1c60d0783c59af620136cc0d28ef482bc7,farm_2945_original,597683262,0,69842,71059,0,1,0,DONE,DONE,719,719,1,,4.37
p3066_c001_farm,cdd0ae7b4c999599,kaggle-environments 1.32.7,a52ba1bfe9df9dc1d504550af46744ef8d474797cdba7af2412dc40a3ebdf3b8,main,bfee70e9daaebeae0737a880f1df8f1c60d0783c59af620136cc0d28ef482bc7,farm_2945_original,597683262,1,69842,71059,0,1,0,DONE,DONE,719,719,1,,4.27
p3066_c001_farm,cdd0ae7b4c999599,kaggle-environments 1.32.7,a52ba1bfe9df9dc1d504550af46744ef8d474797cdba7af2412dc40a3ebdf3b8,main,bfee70e9daaebeae0737a880f1df8f1c60d0783c59af620136cc0d28ef482bc7,farm_2945_original,599407018,0,132224,131925,1,0,0,DONE,DONE,719,719,1,,4.55
p3066_c001_farm,cdd0ae7b4c999599,kaggle-environments 1.32.7,a52ba1bfe9df9dc1d504550af46744ef8d474797cdba7af2412dc40a3ebdf3b8,main,bfee70e9daaebeae0737a880f1df8f1c60d0783c59af620136cc0d28ef482bc7,farm_2945_original,599407018,1,132224,131925,1,0,0,DONE,DONE,719,719,1,,5.29
p3066_c001_farm,cdd0ae7b4c999599,kaggle-environments 1.32.7,a52ba1bfe9df9dc1d504550af46744ef8d474797cdba7af2412dc40a3ebdf3b8,main,bfee70e9daaebeae0737a880f1df8f1c60d0783c59af620136cc0d28ef482bc7,farm_2945_original,603588047,0,117707,117995,0,1,0,DONE,DONE,719,719,1,,4.58
p3066_c001_farm,cdd0ae7b4c999599,kaggle-environments 1.32.7,a52ba1bfe9df9dc1d504550af46744ef8d474797cdba7af2412dc40a3ebdf3b8,main,bfee70e9daaebeae0737a880f1df8f1c60d0783c59af620136cc0d28ef482bc7,farm_2945_original,603588047,1,117707,117995,0,1,0,DONE,DONE,719,719,1,,5.0
p3066_c001_farm,cdd0ae7b4c999599,kaggle-environments 1.32.7,a52ba1bfe9df9dc1d504550af46744ef8d474797cdba7af2412dc40a3ebdf3b8,main,bfee70e9daaebeae0737a880f1df8f1c60d0783c59af620136cc0d28ef482bc7,farm_2945_original,604356696,0,99573,99967,0,1,0,DONE,DONE,719,719,1,,4.64
p3066_c001_farm,cdd0ae7b4c999599,kaggle-environments 1.32.7,a52ba1bfe9df9dc1d504550af46744ef8d474797cdba7af2412dc40a3ebdf3b8,main,bfee70e9daaebeae0737a880f1df8f1c60d0783c59af620136cc0d28ef482bc7,farm_2945_original,604356696,1,99573,99967,0,1,0,DONE,DONE,719,719,1,,4.83
p3066_c001_farm,cdd0ae7b4c999599,kaggle-environments 1.32.7,a52ba1bfe9df9dc1d504550af46744ef8d474797cdba7af2412dc40a3ebdf3b8,main,bfee70e9daaebeae0737a880f1df8f1c60d0783c59af620136cc0d28ef482bc7,farm_2945_original,605758587,0,92230,92456,0,1,0,DONE,DONE,719,719,1,,4.32
p3066_c001_farm,cdd0ae7b4c999599,kaggle-environments 1.32.7,a52ba1bfe9df9dc1d504550af46744ef8d474797cdba7af2412dc40a3ebdf3b8,main,bfee70e9daaebeae0737a880f1df8f1c60d0783c59af620136cc0d28ef482bc7,farm_2945_original,605758587,1,92230,92456,0,1,0,DONE,DONE,719,719,1,,4.36
p3066_c001_farm,cdd0ae7b4c999599,kaggle-environments 1.32.7,a52ba1bfe9df9dc1d504550af46744ef8d474797cdba7af2412dc40a3ebdf3b8,main,bfee70e9daaebeae0737a880f1df8f1c60d0783c59af620136cc0d28ef482bc7,farm_2945_original,606977258,0,82649,80560,1,0,0,DONE,DONE,719,719,1,,4.97
p3066_c001_farm,cdd0ae7b4c999599,kaggle-environments 1.32.7,a52ba1bfe9df9dc1d504550af46744ef8d474797cdba7af2412dc40a3ebdf3b8,main,bfee70e9daaebeae0737a880f1df8f1c60d0783c59af620136cc0d28ef482bc7,farm_2945_original,606977258,1,82649,80560,1,0,0,DONE,DONE,719,719,1,,4.45
p3066_c001_farm,cdd0ae7b4c999599,kaggle-environments 1.32.7,a52ba1bfe9df9dc1d504550af46744ef8d474797cdba7af2412dc40a3ebdf3b8,main,bfee70e9daaebeae0737a880f1df8f1c60d0783c59af620136cc0d28ef482bc7,farm_2945_original,610352948,0,90221,90114,1,0,0,DONE,DONE,719,719,1,,4.99
p3066_c001_farm,cdd0ae7b4c999599,kaggle-environments 1.32.7,a52ba1bfe9df9dc1d504550af46744ef8d474797cdba7af2412dc40a3ebdf3b8,main,bfee70e9daaebeae0737a880f1df8f1c60d0783c59af620136cc0d28ef482bc7,farm_2945_original,610352948,1,90221,90114,1,0,0,DONE,DONE,719,719,1,,4.37
p3066_c001_farm,cdd0ae7b4c999599,kaggle-environments 1.32.7,a52ba1bfe9df9dc1d504550af46744ef8d474797cdba7af2412dc40a3ebdf3b8,main,bfee70e9daaebeae0737a880f1df8f1c60d0783c59af620136cc0d28ef482bc7,farm_2945_original,612551623,0,89682,88614,1,0,0,DONE,DONE,719,719,1,,4.47
p3066_c001_farm,cdd0ae7b4c999599,kaggle-environments 1.32.7,a52ba1bfe9df9dc1d504550af46744ef8d474797cdba7af2412dc40a3ebdf3b8,main,bfee70e9daaebeae0737a880f1df8f1c60d0783c59af620136cc0d28ef482bc7,farm_2945_original,612551623,1,89682,88614,1,0,0,DONE,DONE,719,719,1,,4.93
p3066_c001_farm,cdd0ae7b4c999599,kaggle-environments 1.32.7,a52ba1bfe9df9dc1d504550af46744ef8d474797cdba7af2412dc40a3ebdf3b8,main,bfee70e9daaebeae0737a880f1df8f1c60d0783c59af620136cc0d28ef482bc7,farm_2945_original,614406023,0,78781,77646,1,0,0,DONE,DONE,719,719,1,,4.33
p3066_c001_farm,cdd0ae7b4c999599,kaggle-environments 1.32.7,a52ba1bfe9df9dc1d504550af46744ef8d474797cdba7af2412dc40a3ebdf3b8,main,bfee70e9daaebeae0737a880f1df8f1c60d0783c59af620136cc0d28ef482bc7,farm_2945_original,614406023,1,78781,77646,1,0,0,DONE,DONE,719,719,1,,4.81
p3066_c001_farm,cdd0ae7b4c999599,kaggle-environments 1.32.7,a52ba1bfe9df9dc1d504550af46744ef8d474797cdba7af2412dc40a3ebdf3b8,main,bfee70e9daaebeae0737a880f1df8f1c60d0783c59af620136cc0d28ef482bc7,farm_2945_original,615774306,0,80123,76144,1,0,0,DONE,DONE,719,719,1,,4.45
p3066_c001_farm,cdd0ae7b4c999599,kaggle-environments 1.32.7,a52ba1bfe9df9dc1d504550af46744ef8d474797cdba7af2412dc40a3ebdf3b8,main,bfee70e9daaebeae0737a880f1df8f1c60d0783c59af620136cc0d28ef482bc7,farm_2945_original,615774306,1,80123,76144,1,0,0,DONE,DONE,719,719,1,,4.29
p3066_c001_farm,cdd0ae7b4c999599,kaggle-environments 1.32.7,a52ba1bfe9df9dc1d504550af46744ef8d474797cdba7af2412dc40a3ebdf3b8,main,bfee70e9daaebeae0737a880f1df8f1c60d0783c59af620136cc0d28ef482bc7,farm_2945_original,623824198,0,119125,119373,0,1,0,DONE,DONE,719,719,1,,4.23
p3066_c001_farm,cdd0ae7b4c999599,kaggle-environments 1.32.7,a52ba1bfe9df9dc1d504550af46744ef8d474797cdba7af2412dc40a3ebdf3b8,main,bfee70e9daaebeae0737a880f1df8f1c60d0783c59af620136cc0d28ef482bc7,farm_2945_original,623824198,1,119125,119373,0,1,0,DONE,DONE,719,719,1,,4.35
p3066_c001_farm,cdd0ae7b4c999599,kaggle-environments 1.32.7,a52ba1bfe9df9dc1d504550af46744ef8d474797cdba7af2412dc40a3ebdf3b8,main,bfee70e9daaebeae0737a880f1df8f1c60d0783c59af620136cc0d28ef482bc7,farm_2945_original,626468679,0,74263,74879,0,1,0,DONE,DONE,719,719,1,,4.24
p3066_c001_farm,cdd0ae7b4c999599,kaggle-environments 1.32.7,a52ba1bfe9df9dc1d504550af46744ef8d474797cdba7af2412dc40a3ebdf3b8,main,bfee70e9daaebeae0737a880f1df8f1c60d0783c59af620136cc0d28ef482bc7,farm_2945_original,626468679,1,74263,74879,0,1,0,DONE,DONE,719,719,1,,4.55
p3066_c001_farm,cdd0ae7b4c999599,kaggle-environments 1.32.7,a52ba1bfe9df9dc1d504550af46744ef8d474797cdba7af2412dc40a3ebdf3b8,main,bfee70e9daaebeae0737a880f1df8f1c60d0783c59af620136cc0d28ef482bc7,farm_2945_original,628006481,0,82012,81629,1,0,0,DONE,DONE,719,719,1,,4.61
p3066_c001_farm,cdd0ae7b4c999599,kaggle-environments 1.32.7,a52ba1bfe9df9dc1d504550af46744ef8d474797cdba7af2412dc40a3ebdf3b8,main,bfee70e9daaebeae0737a880f1df8f1c60d0783c59af620136cc0d28ef482bc7,farm_2945_original,628006481,1,82012,81629,1,0,0,DONE,DONE,719,719,1,,4.77
p3066_c001_farm,cdd0ae7b4c999599,kaggle-environments 1.32.7,a52ba1bfe9df9dc1d504550af46744ef8d474797cdba7af2412dc40a3ebdf3b8,main,bfee70e9daaebeae0737a880f1df8f1c60d0783c59af620136cc0d28ef482bc7,farm_2945_original,628069553,0,99785,99472,1,0,0,DONE,DONE,719,719,1,,4.42
p3066_c001_farm,cdd0ae7b4c999599,kaggle-environments 1.32.7,a52ba1bfe9df9dc1d504550af46744ef8d474797cdba7af2412dc40a3ebdf3b8,main,bfee70e9daaebeae0737a880f1df8f1c60d0783c59af620136cc0d28ef482bc7,farm_2945_original,628069553,1,99653,99604,1,0,0,DONE,DONE,719,719,1,,4.39
p3066_c001_farm,cdd0ae7b4c999599,kaggle-environments 1.32.7,a52ba1bfe9df9dc1d504550af46744ef8d474797cdba7af2412dc40a3ebdf3b8,main,bfee70e9daaebeae0737a880f1df8f1c60d0783c59af620136cc0d28ef482bc7,farm_2945_original,628347565,0,105739,105230,1,0,0,DONE,DONE,719,719,1,,4.41
p3066_c001_farm,cdd0ae7b4c999599,kaggle-environments 1.32.7,a52ba1bfe9df9dc1d504550af46744ef8d474797cdba7af2412dc40a3ebdf3b8,main,bfee70e9daaebeae0737a880f1df8f1c60d0783c59af620136cc0d28ef482bc7,farm_2945_original,628347565,1,105739,105230,1,0,0,DONE,DONE,719,719,1,,4.38
p3066_c001_farm,cdd0ae7b4c999599,kaggle-environments 1.32.7,a52ba1bfe9df9dc1d504550af46744ef8d474797cdba7af2412dc40a3ebdf3b8,main,bfee70e9daaebeae0737a880f1df8f1c60d0783c59af620136cc0d28ef482bc7,farm_2945_original,631024953,0,93655,95068,0,1,0,DONE,DONE,719,719,1,,4.53
p3066_c001_farm,cdd0ae7b4c999599,kaggle-environments 1.32.7,a52ba1bfe9df9dc1d504550af46744ef8d474797cdba7af2412dc40a3ebdf3b8,main,bfee70e9daaebeae0737a880f1df8f1c60d0783c59af620136cc0d28ef482bc7,farm_2945_original,631024953,1,93655,95068,0,1,0,DONE,DONE,719,719,1,,4.31
p3066_c001_farm,cdd0ae7b4c999599,kaggle-environments 1.32.7,a52ba1bfe9df9dc1d504550af46744ef8d474797cdba7af2412dc40a3ebdf3b8,main,bfee70e9daaebeae0737a880f1df8f1c60d0783c59af620136cc0d28ef482bc7,farm_2945_original,632567788,0,100717,101310,0,1,0,DONE,DONE,719,719,1,,4.19
p3066_c001_farm,cdd0ae7b4c999599,kaggle-environments 1.32.7,a52ba1bfe9df9dc1d504550af46744ef8d474797cdba7af2412dc40a3ebdf3b8,main,bfee70e9daaebeae0737a880f1df8f1c60d0783c59af620136cc0d28ef482bc7,farm_2945_original,632567788,1,100717,101310,0,1,0,DONE,DONE,719,719,1,,4.43
p3066_c001_farm,cdd0ae7b4c999599,kaggle-environments 1.32.7,a52ba1bfe9df9dc1d504550af46744ef8d474797cdba7af2412dc40a3ebdf3b8,main,bfee70e9daaebeae0737a880f1df8f1c60d0783c59af620136cc0d28ef482bc7,farm_2945_original,634416294,0,98865,97652,1,0,0,DONE,DONE,719,719,1,,4.57
p3066_c001_farm,cdd0ae7b4c999599,kaggle-environments 1.32.7,a52ba1bfe9df9dc1d504550af46744ef8d474797cdba7af2412dc40a3ebdf3b8,main,bfee70e9daaebeae0737a880f1df8f1c60d0783c59af620136cc0d28ef482bc7,farm_2945_original,634416294,1,98865,97652,1,0,0,DONE,DONE,719,719,1,,4.16
p3066_c001_farm,cdd0ae7b4c999599,kaggle-environments 1.32.7,a52ba1bfe9df9dc1d504550af46744ef8d474797cdba7af2412dc40a3ebdf3b8,main,bfee70e9daaebeae0737a880f1df8f1c60d0783c59af620136cc0d28ef482bc7,farm_2945_original,636069535,0,100116,100491,0,1,0,DONE,DONE,719,719,1,,4.55
p3066_c001_farm,cdd0ae7b4c999599,kaggle-environments 1.32.7,a52ba1bfe9df9dc1d504550af46744ef8d474797cdba7af2412dc40a3ebdf3b8,main,bfee70e9daaebeae0737a880f1df8f1c60d0783c59af620136cc0d28ef482bc7,farm_2945_original,636069535,1,100116,100491,0,1,0,DONE,DONE,719,719,1,,4.22
p3066_c001_farm,cdd0ae7b4c999599,kaggle-environments 1.32.7,a52ba1bfe9df9dc1d504550af46744ef8d474797cdba7af2412dc40a3ebdf3b8,main,bfee70e9daaebeae0737a880f1df8f1c60d0783c59af620136cc0d28ef482bc7,farm_2945_original,636116220,0,122898,122844,1,0,0,DONE,DONE,719,719,1,,4.24
p3066_c001_farm,cdd0ae7b4c999599,kaggle-environments 1.32.7,a52ba1bfe9df9dc1d504550af46744ef8d474797cdba7af2412dc40a3ebdf3b8,main,bfee70e9daaebeae0737a880f1df8f1c60d0783c59af620136cc0d28ef482bc7,farm_2945_original,636116220,1,122898,122844,1,0,0,DONE,DONE,719,719,1,,4.68
p3066_c001_farm,cdd0ae7b4c999599,kaggle-environments 1.32.7,a52ba1bfe9df9dc1d504550af46744ef8d474797cdba7af2412dc40a3ebdf3b8,main,bfee70e9daaebeae0737a880f1df8f1c60d0783c59af620136cc0d28ef482bc7,farm_2945_original,645823058,0,94315,95011,0,1,0,DONE,DONE,719,719,1,,4.2
p3066_c001_farm,cdd0ae7b4c999599,kaggle-environments 1.32.7,a52ba1bfe9df9dc1d504550af46744ef8d474797cdba7af2412dc40a3ebdf3b8,main,bfee70e9daaebeae0737a880f1df8f1c60d0783c59af620136cc0d28ef482bc7,farm_2945_original,645823058,1,94315,95011,0,1,0,DONE,DONE,719,719,1,,4.32
p3066_c001_farm,cdd0ae7b4c999599,kaggle-environments 1.32.7,a52ba1bfe9df9dc1d504550af46744ef8d474797cdba7af2412dc40a3ebdf3b8,main,bfee70e9daaebeae0737a880f1df8f1c60d0783c59af620136cc0d28ef482bc7,farm_2945_original,649842139,0,115894,116429,0,1,0,DONE,DONE,719,719,1,,4.94
p3066_c001_farm,cdd0ae7b4c999599,kaggle-environments 1.32.7,a52ba1bfe9df9dc1d504550af46744ef8d474797cdba7af2412dc40a3ebdf3b8,main,bfee70e9daaebeae0737a880f1df8f1c60d0783c59af620136cc0d28ef482bc7,farm_2945_original,649842139,1,115894,116429,0,1,0,DONE,DONE,719,719,1,,4.45
p3066_c001_farm,cdd0ae7b4c999599,kaggle-environments 1.32.7,a52ba1bfe9df9dc1d504550af46744ef8d474797cdba7af2412dc40a3ebdf3b8,main,bfee70e9daaebeae0737a880f1df8f1c60d0783c59af620136cc0d28ef482bc7,farm_2945_original,657986074,0,169628,167873,1,0,0,DONE,DONE,719,719,1,,4.52
p3066_c001_farm,cdd0ae7b4c999599,kaggle-environments 1.32.7,a52ba1bfe9df9dc1d504550af46744ef8d474797cdba7af2412dc40a3ebdf3b8,main,bfee70e9daaebeae0737a880f1df8f1c60d0783c59af620136cc0d28ef482bc7,farm_2945_original,657986074,1,168306,169352,0,1,0,DONE,DONE,719,719,1,,4.33
p3066_c001_farm,cdd0ae7b4c999599,kaggle-environments 1.32.7,a52ba1bfe9df9dc1d504550af46744ef8d474797cdba7af2412dc40a3ebdf3b8,main,bfee70e9daaebeae0737a880f1df8f1c60d0783c59af620136cc0d28ef482bc7,farm_2945_original,658170202,0,111337,120225,0,1,0,DONE,DONE,719,719,1,,4.76
p3066_c001_farm,cdd0ae7b4c999599,kaggle-environments 1.32.7,a52ba1bfe9df9dc1d504550af46744ef8d474797cdba7af2412dc40a3ebdf3b8,main,bfee70e9daaebeae0737a880f1df8f1c60d0783c59af620136cc0d28ef482bc7,farm_2945_original,658170202,1,111337,120225,0,1,0,DONE,DONE,719,719,1,,5.05
p3066_c001_farm,cdd0ae7b4c999599,kaggle-environments 1.32.7,a52ba1bfe9df9dc1d504550af46744ef8d474797cdba7af2412dc40a3ebdf3b8,main,bfee70e9daaebeae0737a880f1df8f1c60d0783c59af620136cc0d28ef482bc7,farm_2945_original,658386570,0,75857,74633,1,0,0,DONE,DONE,719,719,1,,4.85
p3066_c001_farm,cdd0ae7b4c999599,kaggle-environments 1.32.7,a52ba1bfe9df9dc1d504550af46744ef8d474797cdba7af2412dc40a3ebdf3b8,main,bfee70e9daaebeae0737a880f1df8f1c60d0783c59af620136cc0d28ef482bc7,farm_2945_original,658386570,1,75169,75236,0,1,0,DONE,DONE,719,719,1,,4.63
p3066_c001_farm,cdd0ae7b4c999599,kaggle-environments 1.32.7,a52ba1bfe9df9dc1d504550af46744ef8d474797cdba7af2412dc40a3ebdf3b8,main,bfee70e9daaebeae0737a880f1df8f1c60d0783c59af620136cc0d28ef482bc7,farm_2945_original,659013034,0,91313,88784,1,0,0,DONE,DONE,719,719,1,,4.48
p3066_c001_farm,cdd0ae7b4c999599,kaggle-environments 1.32.7,a52ba1bfe9df9dc1d504550af46744ef8d474797cdba7af2412dc40a3ebdf3b8,main,bfee70e9daaebeae0737a880f1df8f1c60d0783c59af620136cc0d28ef482bc7,farm_2945_original,659013034,1,91313,88784,1,0,0,DONE,DONE,719,719,1,,4.32
p3066_c001_farm,cdd0ae7b4c999599,kaggle-environments 1.32.7,a52ba1bfe9df9dc1d504550af46744ef8d474797cdba7af2412dc40a3ebdf3b8,main,bfee70e9daaebeae0737a880f1df8f1c60d0783c59af620136cc0d28ef482bc7,farm_2945_original,662048323,0,105969,105039,1,0,0,DONE,DONE,719,719,1,,4.61
p3066_c001_farm,cdd0ae7b4c999599,kaggle-environments 1.32.7,a52ba1bfe9df9dc1d504550af46744ef8d474797cdba7af2412dc40a3ebdf3b8,main,bfee70e9daaebeae0737a880f1df8f1c60d0783c59af620136cc0d28ef482bc7,farm_2945_original,662048323,1,105969,105039,1,0,0,DONE,DONE,719,719,1,,4.84
p3066_c001_farm,cdd0ae7b4c999599,kaggle-environments 1.32.7,a52ba1bfe9df9dc1d504550af46744ef8d474797cdba7af2412dc40a3ebdf3b8,main,bfee70e9daaebeae0737a880f1df8f1c60d0783c59af620136cc0d28ef482bc7,farm_2945_original,667210036,0,104402,104162,1,0,0,DONE,DONE,719,719,1,,4.83
p3066_c001_farm,cdd0ae7b4c999599,kaggle-environments 1.32.7,a52ba1bfe9df9dc1d504550af46744ef8d474797cdba7af2412dc40a3ebdf3b8,main,bfee70e9daaebeae0737a880f1df8f1c60d0783c59af620136cc0d28ef482bc7,farm_2945_original,667210036,1,104402,104162,1,0,0,DONE,DONE,719,719,1,,4.31
p3066_c001_farm,cdd0ae7b4c999599,kaggle-environments 1.32.7,a52ba1bfe9df9dc1d504550af46744ef8d474797cdba7af2412dc40a3ebdf3b8,main,bfee70e9daaebeae0737a880f1df8f1c60d0783c59af620136cc0d28ef482bc7,farm_2945_original,670903499,0,135199,134714,1,0,0,DONE,DONE,719,719,1,,4.92
p3066_c001_farm,cdd0ae7b4c999599,kaggle-environments 1.32.7,a52ba1bfe9df9dc1d504550af46744ef8d474797cdba7af2412dc40a3ebdf3b8,main,bfee70e9daaebeae0737a880f1df8f1c60d0783c59af620136cc0d28ef482bc7,farm_2945_original,670903499,1,135199,134714,1,0,0,DONE,DONE,719,719,1,,4.6
p3066_c001_farm,cdd0ae7b4c999599,kaggle-environments 1.32.7,a52ba1bfe9df9dc1d504550af46744ef8d474797cdba7af2412dc40a3ebdf3b8,main,bfee70e9daaebeae0737a880f1df8f1c60d0783c59af620136cc0d28ef482bc7,farm_2945_original,674816306,0,92488,97788,0,1,0,DONE,DONE,719,719,1,,4.82
p3066_c001_farm,cdd0ae7b4c999599,kaggle-environments 1.32.7,a52ba1bfe9df9dc1d504550af46744ef8d474797cdba7af2412dc40a3ebdf3b8,main,bfee70e9daaebeae0737a880f1df8f1c60d0783c59af620136cc0d28ef482bc7,farm_2945_original,674816306,1,92488,97788,0,1,0,DONE,DONE,719,719,1,,5.18
p3066_c001_farm,cdd0ae7b4c999599,kaggle-environments 1.32.7,a52ba1bfe9df9dc1d504550af46744ef8d474797cdba7af2412dc40a3ebdf3b8,main,bfee70e9daaebeae0737a880f1df8f1c60d0783c59af620136cc0d28ef482bc7,farm_2945_original,679965872,0,67995,67884,1,0,0,DONE,DONE,719,719,1,,4.57
p3066_c001_farm,cdd0ae7b4c999599,kaggle-environments 1.32.7,a52ba1bfe9df9dc1d504550af46744ef8d474797cdba7af2412dc40a3ebdf3b8,main,bfee70e9daaebeae0737a880f1df8f1c60d0783c59af620136cc0d28ef482bc7,farm_2945_original,679965872,1,67995,67884,1,0,0,DONE,DONE,719,719,1,,5.05
p3066_c001_farm,cdd0ae7b4c999599,kaggle-environments 1.32.7,a52ba1bfe9df9dc1d504550af46744ef8d474797cdba7af2412dc40a3ebdf3b8,main,bfee70e9daaebeae0737a880f1df8f1c60d0783c59af620136cc0d28ef482bc7,farm_2945_original,682407688,0,144328,143171,1,0,0,DONE,DONE,719,719,1,,4.51
p3066_c001_farm,cdd0ae7b4c999599,kaggle-environments 1.32.7,a52ba1bfe9df9dc1d504550af46744ef8d474797cdba7af2412dc40a3ebdf3b8,main,bfee70e9daaebeae0737a880f1df8f1c60d0783c59af620136cc0d28ef482bc7,farm_2945_original,682407688,1,144328,143171,1,0,0,DONE,DONE,719,719,1,,4.2
p3066_c001_farm,cdd0ae7b4c999599,kaggle-environments 1.32.7,a52ba1bfe9df9dc1d504550af46744ef8d474797cdba7af2412dc40a3ebdf3b8,main,bfee70e9daaebeae0737a880f1df8f1c60d0783c59af620136cc0d28ef482bc7,farm_2945_original,686520500,0,117701,116862,1,0,0,DONE,DONE,719,719,1,,4.55
p3066_c001_farm,cdd0ae7b4c999599,kaggle-environments 1.32.7,a52ba1bfe9df9dc1d504550af46744ef8d474797cdba7af2412dc40a3ebdf3b8,main,bfee70e9daaebeae0737a880f1df8f1c60d0783c59af620136cc0d28ef482bc7,farm_2945_original,686520500,1,117701,116862,1,0,0,DONE,DONE,719,719,1,,4.41
p3066_c001_farm,cdd0ae7b4c999599,kaggle-environments 1.32.7,a52ba1bfe9df9dc1d504550af46744ef8d474797cdba7af2412dc40a3ebdf3b8,main,bfee70e9daaebeae0737a880f1df8f1c60d0783c59af620136cc0d28ef482bc7,farm_2945_original,688268542,0,71687,74086,0,1,0,DONE,DONE,719,719,1,,4.86
p3066_c001_farm,cdd0ae7b4c999599,kaggle-environments 1.32.7,a52ba1bfe9df9dc1d504550af46744ef8d474797cdba7af2412dc40a3ebdf3b8,main,bfee70e9daaebeae0737a880f1df8f1c60d0783c59af620136cc0d28ef482bc7,farm_2945_original,688268542,1,71687,74086,0,1,0,DONE,DONE,719,719,1,,4.51
p3066_c001_farm,cdd0ae7b4c999599,kaggle-environments 1.32.7,a52ba1bfe9df9dc1d504550af46744ef8d474797cdba7af2412dc40a3ebdf3b8,main,bfee70e9daaebeae0737a880f1df8f1c60d0783c59af620136cc0d28ef482bc7,farm_2945_original,689147808,0,84958,83439,1,0,0,DONE,DONE,719,719,1,,4.25
p3066_c001_farm,cdd0ae7b4c999599,kaggle-environments 1.32.7,a52ba1bfe9df9dc1d504550af46744ef8d474797cdba7af2412dc40a3ebdf3b8,main,bfee70e9daaebeae0737a880f1df8f1c60d0783c59af620136cc0d28ef482bc7,farm_2945_original,689147808,1,84958,83439,1,0,0,DONE,DONE,719,719,1,,4.31
p3066_c001_farm,cdd0ae7b4c999599,kaggle-environments 1.32.7,a52ba1bfe9df9dc1d504550af46744ef8d474797cdba7af2412dc40a3ebdf3b8,main,bfee70e9daaebeae0737a880f1df8f1c60d0783c59af620136cc0d28ef482bc7,farm_2945_original,691749807,0,102485,104255,0,1,0,DONE,DONE,719,719,1,,4.19
p3066_c001_farm,cdd0ae7b4c999599,kaggle-environments 1.32.7,a52ba1bfe9df9dc1d504550af46744ef8d474797cdba7af2412dc40a3ebdf3b8,main,bfee70e9daaebeae0737a880f1df8f1c60d0783c59af620136cc0d28ef482bc7,farm_2945_original,691749807,1,102408,104329,0,1,0,DONE,DONE,719,719,1,,4.36
p3066_c001_farm,cdd0ae7b4c999599,kaggle-environments 1.32.7,a52ba1bfe9df9dc1d504550af46744ef8d474797cdba7af2412dc40a3ebdf3b8,main,bfee70e9daaebeae0737a880f1df8f1c60d0783c59af620136cc0d28ef482bc7,farm_2945_original,693225133,0,150407,150806,0,1,0,DONE,DONE,719,719,1,,4.37
p3066_c001_farm,cdd0ae7b4c999599,kaggle-environments 1.32.7,a52ba1bfe9df9dc1d504550af46744ef8d474797cdba7af2412dc40a3ebdf3b8,main,bfee70e9daaebeae0737a880f1df8f1c60d0783c59af620136cc0d28ef482bc7,farm_2945_original,693225133,1,150407,150806,0,1,0,DONE,DONE,719,719,1,,4.53
p3066_c001_farm,cdd0ae7b4c999599,kaggle-environments 1.32.7,a52ba1bfe9df9dc1d504550af46744ef8d474797cdba7af2412dc40a3ebdf3b8,main,bfee70e9daaebeae0737a880f1df8f1c60d0783c59af620136cc0d28ef482bc7,farm_2945_original,693893402,0,103423,103466,0,1,0,DONE,DONE,719,719,1,,4.84
p3066_c001_farm,cdd0ae7b4c999599,kaggle-environments 1.32.7,a52ba1bfe9df9dc1d504550af46744ef8d474797cdba7af2412dc40a3ebdf3b8,main,bfee70e9daaebeae0737a880f1df8f1c60d0783c59af620136cc0d28ef482bc7,farm_2945_original,693893402,1,103423,103466,0,1,0,DONE,DONE,719,719,1,,4.51
p3066_c001_farm,cdd0ae7b4c999599,kaggle-environments 1.32.7,a52ba1bfe9df9dc1d504550af46744ef8d474797cdba7af2412dc40a3ebdf3b8,main,bfee70e9daaebeae0737a880f1df8f1c60d0783c59af620136cc0d28ef482bc7,farm_2945_original,696964775,0,87792,87313,1,0,0,DONE,DONE,719,719,1,,4.82
p3066_c001_farm,cdd0ae7b4c999599,kaggle-environments 1.32.7,a52ba1bfe9df9dc1d504550af46744ef8d474797cdba7af2412dc40a3ebdf3b8,main,bfee70e9daaebeae0737a880f1df8f1c60d0783c59af620136cc0d28ef482bc7,farm_2945_original,696964775,1,87792,87313,1,0,0,DONE,DONE,719,719,1,,4.54
p3066_c001_farm,cdd0ae7b4c999599,kaggle-environments 1.32.7,a52ba1bfe9df9dc1d504550af46744ef8d474797cdba7af2412dc40a3ebdf3b8,main,bfee70e9daaebeae0737a880f1df8f1c60d0783c59af620136cc0d28ef482bc7,farm_2945_original,702009600,0,135710,135094,1,0,0,DONE,DONE,719,719,1,,4.19
p3066_c001_farm,cdd0ae7b4c999599,kaggle-environments 1.32.7,a52ba1bfe9df9dc1d504550af46744ef8d474797cdba7af2412dc40a3ebdf3b8,main,bfee70e9daaebeae0737a880f1df8f1c60d0783c59af620136cc0d28ef482bc7,farm_2945_original,702009600,1,135710,135094,1,0,0,DONE,DONE,719,719,1,,4.27
p3066_c001_farm,cdd0ae7b4c999599,kaggle-environments 1.32.7,a52ba1bfe9df9dc1d504550af46744ef8d474797cdba7af2412dc40a3ebdf3b8,main,bfee70e9daaebeae0737a880f1df8f1c60d0783c59af620136cc0d28ef482bc7,farm_2945_original,710863628,0,75123,74417,1,0,0,DONE,DONE,719,719,1,,4.47
p3066_c001_farm,cdd0ae7b4c999599,kaggle-environments 1.32.7,a52ba1bfe9df9dc1d504550af46744ef8d474797cdba7af2412dc40a3ebdf3b8,main,bfee70e9daaebeae0737a880f1df8f1c60d0783c59af620136cc0d28ef482bc7,farm_2945_original,710863628,1,75123,74417,1,0,0,DONE,DONE,719,719,1,,4.38
p3066_c001_farm,cdd0ae7b4c999599,kaggle-environments 1.32.7,a52ba1bfe9df9dc1d504550af46744ef8d474797cdba7af2412dc40a3ebdf3b8,main,bfee70e9daaebeae0737a880f1df8f1c60d0783c59af620136cc0d28ef482bc7,farm_2945_original,711604144,0,70818,69952,1,0,0,DONE,DONE,719,719,1,,4.31
p3066_c001_farm,cdd0ae7b4c999599,kaggle-environments 1.32.7,a52ba1bfe9df9dc1d504550af46744ef8d474797cdba7af2412dc40a3ebdf3b8,main,bfee70e9daaebeae0737a880f1df8f1c60d0783c59af620136cc0d28ef482bc7,farm_2945_original,711604144,1,70818,69952,1,0,0,DONE,DONE,719,719,1,,4.32
p3066_c001_farm,cdd0ae7b4c999599,kaggle-environments 1.32.7,a52ba1bfe9df9dc1d504550af46744ef8d474797cdba7af2412dc40a3ebdf3b8,main,bfee70e9daaebeae0737a880f1df8f1c60d0783c59af620136cc0d28ef482bc7,farm_2945_original,712234100,0,75008,75597,0,1,0,DONE,DONE,719,719,1,,4.31
p3066_c001_farm,cdd0ae7b4c999599,kaggle-environments 1.32.7,a52ba1bfe9df9dc1d504550af46744ef8d474797cdba7af2412dc40a3ebdf3b8,main,bfee70e9daaebeae0737a880f1df8f1c60d0783c59af620136cc0d28ef482bc7,farm_2945_original,712234100,1,75008,75597,0,1,0,DONE,DONE,719,719,1,,4.23
p3066_c001_farm,cdd0ae7b4c999599,kaggle-environments 1.32.7,a52ba1bfe9df9dc1d504550af46744ef8d474797cdba7af2412dc40a3ebdf3b8,main,bfee70e9daaebeae0737a880f1df8f1c60d0783c59af620136cc0d28ef482bc7,farm_2945_original,712613391,0,105693,103791,1,0,0,DONE,DONE,719,719,1,,4.37
p3066_c001_farm,cdd0ae7b4c999599,kaggle-environments 1.32.7,a52ba1bfe9df9dc1d504550af46744ef8d474797cdba7af2412dc40a3ebdf3b8,main,bfee70e9daaebeae0737a880f1df8f1c60d0783c59af620136cc0d28ef482bc7,farm_2945_original,712613391,1,105693,103791,1,0,0,DONE,DONE,719,719,1,,4.43
p3066_c001_farm,cdd0ae7b4c999599,kaggle-environments 1.32.7,a52ba1bfe9df9dc1d504550af46744ef8d474797cdba7af2412dc40a3ebdf3b8,main,bfee70e9daaebeae0737a880f1df8f1c60d0783c59af620136cc0d28ef482bc7,farm_2945_original,713755397,0,90681,91324,0,1,0,DONE,DONE,719,719,1,,4.3
p3066_c001_farm,cdd0ae7b4c999599,kaggle-environments 1.32.7,a52ba1bfe9df9dc1d504550af46744ef8d474797cdba7af2412dc40a3ebdf3b8,main,bfee70e9daaebeae0737a880f1df8f1c60d0783c59af620136cc0d28ef482bc7,farm_2945_original,713755397,1,90681,91324,0,1,0,DONE,DONE,719,719,1,,4.16
p3066_c001_farm,cdd0ae7b4c999599,kaggle-environments 1.32.7,a52ba1bfe9df9dc1d504550af46744ef8d474797cdba7af2412dc40a3ebdf3b8,main,bfee70e9daaebeae0737a880f1df8f1c60d0783c59af620136cc0d28ef482bc7,farm_2945_original,715567454,0,109891,110042,0,1,0,DONE,DONE,719,719,1,,4.32
p3066_c001_farm,cdd0ae7b4c999599,kaggle-environments 1.32.7,a52ba1bfe9df9dc1d504550af46744ef8d474797cdba7af2412dc40a3ebdf3b8,main,bfee70e9daaebeae0737a880f1df8f1c60d0783c59af620136cc0d28ef482bc7,farm_2945_original,715567454,1,109891,110042,0,1,0,DONE,DONE,719,719,1,,4.71
p3066_c001_farm,cdd0ae7b4c999599,kaggle-environments 1.32.7,a52ba1bfe9df9dc1d504550af46744ef8d474797cdba7af2412dc40a3ebdf3b8,main,bfee70e9daaebeae0737a880f1df8f1c60d0783c59af620136cc0d28ef482bc7,farm_2945_original,723371101,0,95756,94852,1,0,0,DONE,DONE,719,719,1,,4.63
p3066_c001_farm,cdd0ae7b4c999599,kaggle-environments 1.32.7,a52ba1bfe9df9dc1d504550af46744ef8d474797cdba7af2412dc40a3ebdf3b8,main,bfee70e9daaebeae0737a880f1df8f1c60d0783c59af620136cc0d28ef482bc7,farm_2945_original,723371101,1,95756,94852,1,0,0,DONE,DONE,719,719,1,,4.37
p3066_c001_farm,cdd0ae7b4c999599,kaggle-environments 1.32.7,a52ba1bfe9df9dc1d504550af46744ef8d474797cdba7af2412dc40a3ebdf3b8,main,bfee70e9daaebeae0737a880f1df8f1c60d0783c59af620136cc0d28ef482bc7,farm_2945_original,723676587,0,97169,97118,1,0,0,DONE,DONE,719,719,1,,4.4
p3066_c001_farm,cdd0ae7b4c999599,kaggle-environments 1.32.7,a52ba1bfe9df9dc1d504550af46744ef8d474797cdba7af2412dc40a3ebdf3b8,main,bfee70e9daaebeae0737a880f1df8f1c60d0783c59af620136cc0d28ef482bc7,farm_2945_original,723676587,1,97169,97118,1,0,0,DONE,DONE,719,719,1,,4.14
p3066_c001_farm,cdd0ae7b4c999599,kaggle-environments 1.32.7,a52ba1bfe9df9dc1d504550af46744ef8d474797cdba7af2412dc40a3ebdf3b8,main,bfee70e9daaebeae0737a880f1df8f1c60d0783c59af620136cc0d28ef482bc7,farm_2945_original,726306807,0,106805,107076,0,1,0,DONE,DONE,719,719,1,,4.59
p3066_c001_farm,cdd0ae7b4c999599,kaggle-environments 1.32.7,a52ba1bfe9df9dc1d504550af46744ef8d474797cdba7af2412dc40a3ebdf3b8,main,bfee70e9daaebeae0737a880f1df8f1c60d0783c59af620136cc0d28ef482bc7,farm_2945_original,726306807,1,106805,107076,0,1,0,DONE,DONE,719,719,1,,4.21
p3066_c001_farm,cdd0ae7b4c999599,kaggle-environments 1.32.7,a52ba1bfe9df9dc1d504550af46744ef8d474797cdba7af2412dc40a3ebdf3b8,main,bfee70e9daaebeae0737a880f1df8f1c60d0783c59af620136cc0d28ef482bc7,farm_2945_original,728999114,0,125057,124714,1,0,0,DONE,DONE,719,719,1,,4.31
p3066_c001_farm,cdd0ae7b4c999599,kaggle-environments 1.32.7,a52ba1bfe9df9dc1d504550af46744ef8d474797cdba7af2412dc40a3ebdf3b8,main,bfee70e9daaebeae0737a880f1df8f1c60d0783c59af620136cc0d28ef482bc7,farm_2945_original,728999114,1,125057,124714,1,0,0,DONE,DONE,719,719,1,,4.17
p3066_c001_farm,cdd0ae7b4c999599,kaggle-environments 1.32.7,a52ba1bfe9df9dc1d504550af46744ef8d474797cdba7af2412dc40a3ebdf3b8,main,bfee70e9daaebeae0737a880f1df8f1c60d0783c59af620136cc0d28ef482bc7,farm_2945_original,730671115,0,124886,125729,0,1,0,DONE,DONE,719,719,1,,4.11
p3066_c001_farm,cdd0ae7b4c999599,kaggle-environments 1.32.7,a52ba1bfe9df9dc1d504550af46744ef8d474797cdba7af2412dc40a3ebdf3b8,main,bfee70e9daaebeae0737a880f1df8f1c60d0783c59af620136cc0d28ef482bc7,farm_2945_original,730671115,1,124886,125729,0,1,0,DONE,DONE,719,719,1,,4.49
p3066_c001_farm,cdd0ae7b4c999599,kaggle-environments 1.32.7,a52ba1bfe9df9dc1d504550af46744ef8d474797cdba7af2412dc40a3ebdf3b8,main,bfee70e9daaebeae0737a880f1df8f1c60d0783c59af620136cc0d28ef482bc7,farm_2945_original,733494318,0,82380,82549,0,1,0,DONE,DONE,719,719,1,,4.32
p3066_c001_farm,cdd0ae7b4c999599,kaggle-environments 1.32.7,a52ba1bfe9df9dc1d504550af46744ef8d474797cdba7af2412dc40a3ebdf3b8,main,bfee70e9daaebeae0737a880f1df8f1c60d0783c59af620136cc0d28ef482bc7,farm_2945_original,733494318,1,82380,82549,0,1,0,DONE,DONE,719,719,1,,4.39
p3066_c001_farm,cdd0ae7b4c999599,kaggle-environments 1.32.7,a52ba1bfe9df9dc1d504550af46744ef8d474797cdba7af2412dc40a3ebdf3b8,main,bfee70e9daaebeae0737a880f1df8f1c60d0783c59af620136cc0d28ef482bc7,farm_2945_original,734592322,0,94432,94674,0,1,0,DONE,DONE,719,719,1,,4.1
p3066_c001_farm,cdd0ae7b4c999599,kaggle-environments 1.32.7,a52ba1bfe9df9dc1d504550af46744ef8d474797cdba7af2412dc40a3ebdf3b8,main,bfee70e9daaebeae0737a880f1df8f1c60d0783c59af620136cc0d28ef482bc7,farm_2945_original,734592322,1,94432,94674,0,1,0,DONE,DONE,719,719,1,,4.48
p3066_c001_farm,cdd0ae7b4c999599,kaggle-environments 1.32.7,a52ba1bfe9df9dc1d504550af46744ef8d474797cdba7af2412dc40a3ebdf3b8,main,bfee70e9daaebeae0737a880f1df8f1c60d0783c59af620136cc0d28ef482bc7,farm_2945_original,740324123,0,75880,73712,1,0,0,DONE,DONE,719,719,1,,4.43
p3066_c001_farm,cdd0ae7b4c999599,kaggle-environments 1.32.7,a52ba1bfe9df9dc1d504550af46744ef8d474797cdba7af2412dc40a3ebdf3b8,main,bfee70e9daaebeae0737a880f1df8f1c60d0783c59af620136cc0d28ef482bc7,farm_2945_original,740324123,1,75880,73712,1,0,0,DONE,DONE,719,719,1,,4.22
p3066_c001_farm,cdd0ae7b4c999599,kaggle-environments 1.32.7,a52ba1bfe9df9dc1d504550af46744ef8d474797cdba7af2412dc40a3ebdf3b8,main,bfee70e9daaebeae0737a880f1df8f1c60d0783c59af620136cc0d28ef482bc7,farm_2945_original,742848293,0,114177,114012,1,0,0,DONE,DONE,719,719,1,,4.06
p3066_c001_farm,cdd0ae7b4c999599,kaggle-environments 1.32.7,a52ba1bfe9df9dc1d504550af46744ef8d474797cdba7af2412dc40a3ebdf3b8,main,bfee70e9daaebeae0737a880f1df8f1c60d0783c59af620136cc0d28ef482bc7,farm_2945_original,742848293,1,114177,114012,1,0,0,DONE,DONE,719,719,1,,4.3
p3066_c001_farm,cdd0ae7b4c999599,kaggle-environments 1.32.7,a52ba1bfe9df9dc1d504550af46744ef8d474797cdba7af2412dc40a3ebdf3b8,main,bfee70e9daaebeae0737a880f1df8f1c60d0783c59af620136cc0d28ef482bc7,farm_2945_original,743361428,0,113898,119475,0,1,0,DONE,DONE,719,719,1,,4.4
p3066_c001_farm,cdd0ae7b4c999599,kaggle-environments 1.32.7,a52ba1bfe9df9dc1d504550af46744ef8d474797cdba7af2412dc40a3ebdf3b8,main,bfee70e9daaebeae0737a880f1df8f1c60d0783c59af620136cc0d28ef482bc7,farm_2945_original,743361428,1,113898,119475,0,1,0,DONE,DONE,719,719,1,,4.61
p3066_c001_farm,cdd0ae7b4c999599,kaggle-environments 1.32.7,a52ba1bfe9df9dc1d504550af46744ef8d474797cdba7af2412dc40a3ebdf3b8,main,bfee70e9daaebeae0737a880f1df8f1c60d0783c59af620136cc0d28ef482bc7,farm_2945_original,747235075,0,95544,94028,1,0,0,DONE,DONE,719,719,1,,4.5
p3066_c001_farm,cdd0ae7b4c999599,kaggle-environments 1.32.7,a52ba1bfe9df9dc1d504550af46744ef8d474797cdba7af2412dc40a3ebdf3b8,main,bfee70e9daaebeae0737a880f1df8f1c60d0783c59af620136cc0d28ef482bc7,farm_2945_original,747235075,1,95544,94028,1,0,0,DONE,DONE,719,719,1,,4.37
p3066_c001_farm,cdd0ae7b4c999599,kaggle-environments 1.32.7,a52ba1bfe9df9dc1d504550af46744ef8d474797cdba7af2412dc40a3ebdf3b8,main,bfee70e9daaebeae0737a880f1df8f1c60d0783c59af620136cc0d28ef482bc7,farm_2945_original,755297758,0,99382,100129,0,1,0,DONE,DONE,719,719,1,,4.33
p3066_c001_farm,cdd0ae7b4c999599,kaggle-environments 1.32.7,a52ba1bfe9df9dc1d504550af46744ef8d474797cdba7af2412dc40a3ebdf3b8,main,bfee70e9daaebeae0737a880f1df8f1c60d0783c59af620136cc0d28ef482bc7,farm_2945_original,755297758,1,99382,100129,0,1,0,DONE,DONE,719,719,1,,4.58
p3066_c001_farm,cdd0ae7b4c999599,kaggle-environments 1.32.7,a52ba1bfe9df9dc1d504550af46744ef8d474797cdba7af2412dc40a3ebdf3b8,main,bfee70e9daaebeae0737a880f1df8f1c60d0783c59af620136cc0d28ef482bc7,farm_2945_original,756441739,0,132274,132438,0,1,0,DONE,DONE,719,719,1,,4.19
p3066_c001_farm,cdd0ae7b4c999599,kaggle-environments 1.32.7,a52ba1bfe9df9dc1d504550af46744ef8d474797cdba7af2412dc40a3ebdf3b8,main,bfee70e9daaebeae0737a880f1df8f1c60d0783c59af620136cc0d28ef482bc7,farm_2945_original,756441739,1,132274,132438,0,1,0,DONE,DONE,719,719,1,,4.26
p3066_c001_farm,cdd0ae7b4c999599,kaggle-environments 1.32.7,a52ba1bfe9df9dc1d504550af46744ef8d474797cdba7af2412dc40a3ebdf3b8,main,bfee70e9daaebeae0737a880f1df8f1c60d0783c59af620136cc0d28ef482bc7,farm_2945_original,758365951,0,75883,71599,1,0,0,DONE,DONE,719,719,1,,4.4
p3066_c001_farm,cdd0ae7b4c999599,kaggle-environments 1.32.7,a52ba1bfe9df9dc1d504550af46744ef8d474797cdba7af2412dc40a3ebdf3b8,main,bfee70e9daaebeae0737a880f1df8f1c60d0783c59af620136cc0d28ef482bc7,farm_2945_original,758365951,1,75883,71599,1,0,0,DONE,DONE,719,719,1,,5.24
p3066_c001_farm,cdd0ae7b4c999599,kaggle-environments 1.32.7,a52ba1bfe9df9dc1d504550af46744ef8d474797cdba7af2412dc40a3ebdf3b8,main,bfee70e9daaebeae0737a880f1df8f1c60d0783c59af620136cc0d28ef482bc7,farm_2945_original,760010240,0,63909,63092,1,0,0,DONE,DONE,719,719,1,,4.48
p3066_c001_farm,cdd0ae7b4c999599,kaggle-environments 1.32.7,a52ba1bfe9df9dc1d504550af46744ef8d474797cdba7af2412dc40a3ebdf3b8,main,bfee70e9daaebeae0737a880f1df8f1c60d0783c59af620136cc0d28ef482bc7,farm_2945_original,760010240,1,63909,63092,1,0,0,DONE,DONE,719,719,1,,4.41
p3066_c001_farm,cdd0ae7b4c999599,kaggle-environments 1.32.7,a52ba1bfe9df9dc1d504550af46744ef8d474797cdba7af2412dc40a3ebdf3b8,main,bfee70e9daaebeae0737a880f1df8f1c60d0783c59af620136cc0d28ef482bc7,farm_2945_original,762188861,0,144300,144156,1,0,0,DONE,DONE,719,719,1,,4.44
p3066_c001_farm,cdd0ae7b4c999599,kaggle-environments 1.32.7,a52ba1bfe9df9dc1d504550af46744ef8d474797cdba7af2412dc40a3ebdf3b8,main,bfee70e9daaebeae0737a880f1df8f1c60d0783c59af620136cc0d28ef482bc7,farm_2945_original,762188861,1,144300,144156,1,0,0,DONE,DONE,719,719,1,,4.67
p3066_c001_farm,cdd0ae7b4c999599,kaggle-environments 1.32.7,a52ba1bfe9df9dc1d504550af46744ef8d474797cdba7af2412dc40a3ebdf3b8,main,bfee70e9daaebeae0737a880f1df8f1c60d0783c59af620136cc0d28ef482bc7,farm_2945_original,769706658,0,97172,96955,1,0,0,DONE,DONE,719,719,1,,4.39
p3066_c001_farm,cdd0ae7b4c999599,kaggle-environments 1.32.7,a52ba1bfe9df9dc1d504550af46744ef8d474797cdba7af2412dc40a3ebdf3b8,main,bfee70e9daaebeae0737a880f1df8f1c60d0783c59af620136cc0d28ef482bc7,farm_2945_original,769706658,1,97172,96955,1,0,0,DONE,DONE,719,719,1,,4.46
p3066_c001_farm,cdd0ae7b4c999599,kaggle-environments 1.32.7,a52ba1bfe9df9dc1d504550af46744ef8d474797cdba7af2412dc40a3ebdf3b8,main,bfee70e9daaebeae0737a880f1df8f1c60d0783c59af620136cc0d28ef482bc7,farm_2945_original,773567126,0,57213,56111,1,0,0,DONE,DONE,719,719,1,,4.46
p3066_c001_farm,cdd0ae7b4c999599,kaggle-environments 1.32.7,a52ba1bfe9df9dc1d504550af46744ef8d474797cdba7af2412dc40a3ebdf3b8,main,bfee70e9daaebeae0737a880f1df8f1c60d0783c59af620136cc0d28ef482bc7,farm_2945_original,773567126,1,57213,56111,1,0,0,DONE,DONE,719,719,1,,4.34
p3066_c001_farm,cdd0ae7b4c999599,kaggle-environments 1.32.7,a52ba1bfe9df9dc1d504550af46744ef8d474797cdba7af2412dc40a3ebdf3b8,main,bfee70e9daaebeae0737a880f1df8f1c60d0783c59af620136cc0d28ef482bc7,farm_2945_original,773635011,0,95671,100554,0,1,0,DONE,DONE,719,719,1,,4.63
p3066_c001_farm,cdd0ae7b4c999599,kaggle-environments 1.32.7,a52ba1bfe9df9dc1d504550af46744ef8d474797cdba7af2412dc40a3ebdf3b8,main,bfee70e9daaebeae0737a880f1df8f1c60d0783c59af620136cc0d28ef482bc7,farm_2945_original,773635011,1,95671,100554,0,1,0,DONE,DONE,719,719,1,,4.64
p3066_c001_farm,cdd0ae7b4c999599,kaggle-environments 1.32.7,a52ba1bfe9df9dc1d504550af46744ef8d474797cdba7af2412dc40a3ebdf3b8,main,bfee70e9daaebeae0737a880f1df8f1c60d0783c59af620136cc0d28ef482bc7,farm_2945_original,774602861,0,98419,86337,1,0,0,DONE,DONE,719,719,1,,4.44
p3066_c001_farm,cdd0ae7b4c999599,kaggle-environments 1.32.7,a52ba1bfe9df9dc1d504550af46744ef8d474797cdba7af2412dc40a3ebdf3b8,main,bfee70e9daaebeae0737a880f1df8f1c60d0783c59af620136cc0d28ef482bc7,farm_2945_original,774602861,1,89811,96347,0,1,0,DONE,DONE,719,719,1,,4.52
p3066_c001_farm,cdd0ae7b4c999599,kaggle-environments 1.32.7,a52ba1bfe9df9dc1d504550af46744ef8d474797cdba7af2412dc40a3ebdf3b8,main,bfee70e9daaebeae0737a880f1df8f1c60d0783c59af620136cc0d28ef482bc7,farm_2945_original,776904301,0,91012,87966,1,0,0,DONE,DONE,719,719,1,,4.22
p3066_c001_farm,cdd0ae7b4c999599,kaggle-environments 1.32.7,a52ba1bfe9df9dc1d504550af46744ef8d474797cdba7af2412dc40a3ebdf3b8,main,bfee70e9daaebeae0737a880f1df8f1c60d0783c59af620136cc0d28ef482bc7,farm_2945_original,776904301,1,91012,87966,1,0,0,DONE,DONE,719,719,1,,4.5
p3066_c001_farm,cdd0ae7b4c999599,kaggle-environments 1.32.7,a52ba1bfe9df9dc1d504550af46744ef8d474797cdba7af2412dc40a3ebdf3b8,main,bfee70e9daaebeae0737a880f1df8f1c60d0783c59af620136cc0d28ef482bc7,farm_2945_original,777697939,0,105774,106062,0,1,0,DONE,DONE,719,719,1,,4.51
p3066_c001_farm,cdd0ae7b4c999599,kaggle-environments 1.32.7,a52ba1bfe9df9dc1d504550af46744ef8d474797cdba7af2412dc40a3ebdf3b8,main,bfee70e9daaebeae0737a880f1df8f1c60d0783c59af620136cc0d28ef482bc7,farm_2945_original,777697939,1,105774,106062,0,1,0,DONE,DONE,719,719,1,,4.25
p3066_c001_farm,cdd0ae7b4c999599,kaggle-environments 1.32.7,a52ba1bfe9df9dc1d504550af46744ef8d474797cdba7af2412dc40a3ebdf3b8,main,bfee70e9daaebeae0737a880f1df8f1c60d0783c59af620136cc0d28ef482bc7,farm_2945_original,781571118,0,82938,82316,1,0,0,DONE,DONE,719,719,1,,4.37
p3066_c001_farm,cdd0ae7b4c999599,kaggle-environments 1.32.7,a52ba1bfe9df9dc1d504550af46744ef8d474797cdba7af2412dc40a3ebdf3b8,main,bfee70e9daaebeae0737a880f1df8f1c60d0783c59af620136cc0d28ef482bc7,farm_2945_original,781571118,1,82938,82316,1,0,0,DONE,DONE,719,719,1,,4.61
p3066_c001_farm,cdd0ae7b4c999599,kaggle-environments 1.32.7,a52ba1bfe9df9dc1d504550af46744ef8d474797cdba7af2412dc40a3ebdf3b8,main,bfee70e9daaebeae0737a880f1df8f1c60d0783c59af620136cc0d28ef482bc7,farm_2945_original,783328546,0,126301,125413,1,0,0,DONE,DONE,719,719,1,,4.24
p3066_c001_farm,cdd0ae7b4c999599,kaggle-environments 1.32.7,a52ba1bfe9df9dc1d504550af46744ef8d474797cdba7af2412dc40a3ebdf3b8,main,bfee70e9daaebeae0737a880f1df8f1c60d0783c59af620136cc0d28ef482bc7,farm_2945_original,783328546,1,126301,125413,1,0,0,DONE,DONE,719,719,1,,4.23
p3066_c001_farm,cdd0ae7b4c999599,kaggle-environments 1.32.7,a52ba1bfe9df9dc1d504550af46744ef8d474797cdba7af2412dc40a3ebdf3b8,main,bfee70e9daaebeae0737a880f1df8f1c60d0783c59af620136cc0d28ef482bc7,farm_2945_original,785648768,0,103518,106111,0,1,0,DONE,DONE,719,719,1,,4.39
p3066_c001_farm,cdd0ae7b4c999599,kaggle-environments 1.32.7,a52ba1bfe9df9dc1d504550af46744ef8d474797cdba7af2412dc40a3ebdf3b8,main,bfee70e9daaebeae0737a880f1df8f1c60d0783c59af620136cc0d28ef482bc7,farm_2945_original,785648768,1,103518,106111,0,1,0,DONE,DONE,719,719,1,,4.24
p3066_c001_farm,cdd0ae7b4c999599,kaggle-environments 1.32.7,a52ba1bfe9df9dc1d504550af46744ef8d474797cdba7af2412dc40a3ebdf3b8,main,bfee70e9daaebeae0737a880f1df8f1c60d0783c59af620136cc0d28ef482bc7,farm_2945_original,787893994,0,146577,151209,0,1,0,DONE,DONE,719,719,1,,4.55
p3066_c001_farm,cdd0ae7b4c999599,kaggle-environments 1.32.7,a52ba1bfe9df9dc1d504550af46744ef8d474797cdba7af2412dc40a3ebdf3b8,main,bfee70e9daaebeae0737a880f1df8f1c60d0783c59af620136cc0d28ef482bc7,farm_2945_original,787893994,1,146577,151209,0,1,0,DONE,DONE,719,719,1,,4.4
p3066_c001_farm,cdd0ae7b4c999599,kaggle-environments 1.32.7,a52ba1bfe9df9dc1d504550af46744ef8d474797cdba7af2412dc40a3ebdf3b8,main,bfee70e9daaebeae0737a880f1df8f1c60d0783c59af620136cc0d28ef482bc7,farm_2945_original,789963080,0,83243,84104,0,1,0,DONE,DONE,719,719,1,,4.37
p3066_c001_farm,cdd0ae7b4c999599,kaggle-environments 1.32.7,a52ba1bfe9df9dc1d504550af46744ef8d474797cdba7af2412dc40a3ebdf3b8,main,bfee70e9daaebeae0737a880f1df8f1c60d0783c59af620136cc0d28ef482bc7,farm_2945_original,789963080,1,83243,84104,0,1,0,DONE,DONE,719,719,1,,4.47
p3066_c001_farm,cdd0ae7b4c999599,kaggle-environments 1.32.7,a52ba1bfe9df9dc1d504550af46744ef8d474797cdba7af2412dc40a3ebdf3b8,main,bfee70e9daaebeae0737a880f1df8f1c60d0783c59af620136cc0d28ef482bc7,farm_2945_original,791889696,0,98729,98325,1,0,0,DONE,DONE,719,719,1,,4.38
p3066_c001_farm,cdd0ae7b4c999599,kaggle-environments 1.32.7,a52ba1bfe9df9dc1d504550af46744ef8d474797cdba7af2412dc40a3ebdf3b8,main,bfee70e9daaebeae0737a880f1df8f1c60d0783c59af620136cc0d28ef482bc7,farm_2945_original,791889696,1,98729,98325,1,0,0,DONE,DONE,719,719,1,,4.34
p3066_c001_farm,cdd0ae7b4c999599,kaggle-environments 1.32.7,a52ba1bfe9df9dc1d504550af46744ef8d474797cdba7af2412dc40a3ebdf3b8,main,bfee70e9daaebeae0737a880f1df8f1c60d0783c59af620136cc0d28ef482bc7,farm_2945_original,792620738,0,89268,88493,1,0,0,DONE,DONE,719,719,1,,4.33
p3066_c001_farm,cdd0ae7b4c999599,kaggle-environments 1.32.7,a52ba1bfe9df9dc1d504550af46744ef8d474797cdba7af2412dc40a3ebdf3b8,main,bfee70e9daaebeae0737a880f1df8f1c60d0783c59af620136cc0d28ef482bc7,farm_2945_original,792620738,1,89268,88493,1,0,0,DONE,DONE,719,719,1,,4.78
p3066_c001_farm,cdd0ae7b4c999599,kaggle-environments 1.32.7,a52ba1bfe9df9dc1d504550af46744ef8d474797cdba7af2412dc40a3ebdf3b8,main,bfee70e9daaebeae0737a880f1df8f1c60d0783c59af620136cc0d28ef482bc7,farm_2945_original,793285173,0,63823,63546,1,0,0,DONE,DONE,719,719,1,,4.26
p3066_c001_farm,cdd0ae7b4c999599,kaggle-environments 1.32.7,a52ba1bfe9df9dc1d504550af46744ef8d474797cdba7af2412dc40a3ebdf3b8,main,bfee70e9daaebeae0737a880f1df8f1c60d0783c59af620136cc0d28ef482bc7,farm_2945_original,793285173,1,63823,63546,1,0,0,DONE,DONE,719,719,1,,4.41
p3066_c001_farm,cdd0ae7b4c999599,kaggle-environments 1.32.7,a52ba1bfe9df9dc1d504550af46744ef8d474797cdba7af2412dc40a3ebdf3b8,main,bfee70e9daaebeae0737a880f1df8f1c60d0783c59af620136cc0d28ef482bc7,farm_2945_original,793715924,0,72804,72181,1,0,0,DONE,DONE,719,719,1,,4.48
p3066_c001_farm,cdd0ae7b4c999599,kaggle-environments 1.32.7,a52ba1bfe9df9dc1d504550af46744ef8d474797cdba7af2412dc40a3ebdf3b8,main,bfee70e9daaebeae0737a880f1df8f1c60d0783c59af620136cc0d28ef482bc7,farm_2945_original,793715924,1,72804,72181,1,0,0,DONE,DONE,719,719,1,,4.3
p3066_c001_farm,cdd0ae7b4c999599,kaggle-environments 1.32.7,a52ba1bfe9df9dc1d504550af46744ef8d474797cdba7af2412dc40a3ebdf3b8,main,bfee70e9daaebeae0737a880f1df8f1c60d0783c59af620136cc0d28ef482bc7,farm_2945_original,798083752,0,86226,85167,1,0,0,DONE,DONE,719,719,1,,4.81
p3066_c001_farm,cdd0ae7b4c999599,kaggle-environments 1.32.7,a52ba1bfe9df9dc1d504550af46744ef8d474797cdba7af2412dc40a3ebdf3b8,main,bfee70e9daaebeae0737a880f1df8f1c60d0783c59af620136cc0d28ef482bc7,farm_2945_original,798083752,1,86744,84639,1,0,0,DONE,DONE,719,719,1,,4.35
p3066_c001_farm,cdd0ae7b4c999599,kaggle-environments 1.32.7,a52ba1bfe9df9dc1d504550af46744ef8d474797cdba7af2412dc40a3ebdf3b8,main,bfee70e9daaebeae0737a880f1df8f1c60d0783c59af620136cc0d28ef482bc7,farm_2945_original,798472448,0,124303,123270,1,0,0,DONE,DONE,719,719,1,,5.35
p3066_c001_farm,cdd0ae7b4c999599,kaggle-environments 1.32.7,a52ba1bfe9df9dc1d504550af46744ef8d474797cdba7af2412dc40a3ebdf3b8,main,bfee70e9daaebeae0737a880f1df8f1c60d0783c59af620136cc0d28ef482bc7,farm_2945_original,798472448,1,124303,123270,1,0,0,DONE,DONE,719,719,1,,4.55
p3066_c001_farm,cdd0ae7b4c999599,kaggle-environments 1.32.7,a52ba1bfe9df9dc1d504550af46744ef8d474797cdba7af2412dc40a3ebdf3b8,main,bfee70e9daaebeae0737a880f1df8f1c60d0783c59af620136cc0d28ef482bc7,farm_2945_original,804444002,0,56499,53576,1,0,0,DONE,DONE,719,719,1,,4.67
p3066_c001_farm,cdd0ae7b4c999599,kaggle-environments 1.32.7,a52ba1bfe9df9dc1d504550af46744ef8d474797cdba7af2412dc40a3ebdf3b8,main,bfee70e9daaebeae0737a880f1df8f1c60d0783c59af620136cc0d28ef482bc7,farm_2945_original,804444002,1,56499,53576,1,0,0,DONE,DONE,719,719,1,,4.94
p3066_c001_farm,cdd0ae7b4c999599,kaggle-environments 1.32.7,a52ba1bfe9df9dc1d504550af46744ef8d474797cdba7af2412dc40a3ebdf3b8,main,bfee70e9daaebeae0737a880f1df8f1c60d0783c59af620136cc0d28ef482bc7,farm_2945_original,806234758,0,146170,146385,0,1,0,DONE,DONE,719,719,1,,4.67
p3066_c001_farm,cdd0ae7b4c999599,kaggle-environments 1.32.7,a52ba1bfe9df9dc1d504550af46744ef8d474797cdba7af2412dc40a3ebdf3b8,main,bfee70e9daaebeae0737a880f1df8f1c60d0783c59af620136cc0d28ef482bc7,farm_2945_original,806234758,1,146170,146385,0,1,0,DONE,DONE,719,719,1,,4.41
p3066_c001_farm,cdd0ae7b4c999599,kaggle-environments 1.32.7,a52ba1bfe9df9dc1d504550af46744ef8d474797cdba7af2412dc40a3ebdf3b8,main,bfee70e9daaebeae0737a880f1df8f1c60d0783c59af620136cc0d28ef482bc7,farm_2945_original,806337752,0,94231,93007,1,0,0,DONE,DONE,719,719,1,,4.5
p3066_c001_farm,cdd0ae7b4c999599,kaggle-environments 1.32.7,a52ba1bfe9df9dc1d504550af46744ef8d474797cdba7af2412dc40a3ebdf3b8,main,bfee70e9daaebeae0737a880f1df8f1c60d0783c59af620136cc0d28ef482bc7,farm_2945_original,806337752,1,94938,92221,1,0,0,DONE,DONE,719,719,1,,4.56
p3066_c001_farm,cdd0ae7b4c999599,kaggle-environments 1.32.7,a52ba1bfe9df9dc1d504550af46744ef8d474797cdba7af2412dc40a3ebdf3b8,main,bfee70e9daaebeae0737a880f1df8f1c60d0783c59af620136cc0d28ef482bc7,farm_2945_original,806751398,0,63021,61023,1,0,0,DONE,DONE,719,719,1,,4.53
p3066_c001_farm,cdd0ae7b4c999599,kaggle-environments 1.32.7,a52ba1bfe9df9dc1d504550af46744ef8d474797cdba7af2412dc40a3ebdf3b8,main,bfee70e9daaebeae0737a880f1df8f1c60d0783c59af620136cc0d28ef482bc7,farm_2945_original,806751398,1,63021,61023,1,0,0,DONE,DONE,719,719,1,,4.18
p3066_c001_farm,cdd0ae7b4c999599,kaggle-environments 1.32.7,a52ba1bfe9df9dc1d504550af46744ef8d474797cdba7af2412dc40a3ebdf3b8,main,bfee70e9daaebeae0737a880f1df8f1c60d0783c59af620136cc0d28ef482bc7,farm_2945_original,812761183,0,123305,123072,1,0,0,DONE,DONE,719,719,1,,4.32
p3066_c001_farm,cdd0ae7b4c999599,kaggle-environments 1.32.7,a52ba1bfe9df9dc1d504550af46744ef8d474797cdba7af2412dc40a3ebdf3b8,main,bfee70e9daaebeae0737a880f1df8f1c60d0783c59af620136cc0d28ef482bc7,farm_2945_original,812761183,1,123305,123072,1,0,0,DONE,DONE,719,719,1,,4.47
p3066_c001_farm,cdd0ae7b4c999599,kaggle-environments 1.32.7,a52ba1bfe9df9dc1d504550af46744ef8d474797cdba7af2412dc40a3ebdf3b8,main,bfee70e9daaebeae0737a880f1df8f1c60d0783c59af620136cc0d28ef482bc7,farm_2945_original,814042698,0,112473,113529,0,1,0,DONE,DONE,719,719,1,,4.22
p3066_c001_farm,cdd0ae7b4c999599,kaggle-environments 1.32.7,a52ba1bfe9df9dc1d504550af46744ef8d474797cdba7af2412dc40a3ebdf3b8,main,bfee70e9daaebeae0737a880f1df8f1c60d0783c59af620136cc0d28ef482bc7,farm_2945_original,814042698,1,112473,113529,0,1,0,DONE,DONE,719,719,1,,4.24
p3066_c001_farm,cdd0ae7b4c999599,kaggle-environments 1.32.7,a52ba1bfe9df9dc1d504550af46744ef8d474797cdba7af2412dc40a3ebdf3b8,main,bfee70e9daaebeae0737a880f1df8f1c60d0783c59af620136cc0d28ef482bc7,farm_2945_original,816422345,0,65105,63839,1,0,0,DONE,DONE,719,719,1,,4.42
p3066_c001_farm,cdd0ae7b4c999599,kaggle-environments 1.32.7,a52ba1bfe9df9dc1d504550af46744ef8d474797cdba7af2412dc40a3ebdf3b8,main,bfee70e9daaebeae0737a880f1df8f1c60d0783c59af620136cc0d28ef482bc7,farm_2945_original,816422345,1,65105,63839,1,0,0,DONE,DONE,719,719,1,,4.54
p3066_c001_farm,cdd0ae7b4c999599,kaggle-environments 1.32.7,a52ba1bfe9df9dc1d504550af46744ef8d474797cdba7af2412dc40a3ebdf3b8,main,bfee70e9daaebeae0737a880f1df8f1c60d0783c59af620136cc0d28ef482bc7,farm_2945_original,818392913,0,103191,101050,1,0,0,DONE,DONE,719,719,1,,4.56
p3066_c001_farm,cdd0ae7b4c999599,kaggle-environments 1.32.7,a52ba1bfe9df9dc1d504550af46744ef8d474797cdba7af2412dc40a3ebdf3b8,main,bfee70e9daaebeae0737a880f1df8f1c60d0783c59af620136cc0d28ef482bc7,farm_2945_original,818392913,1,103191,101050,1,0,0,DONE,DONE,719,719,1,,4.57
p3066_c001_farm,cdd0ae7b4c999599,kaggle-environments 1.32.7,a52ba1bfe9df9dc1d504550af46744ef8d474797cdba7af2412dc40a3ebdf3b8,main,bfee70e9daaebeae0737a880f1df8f1c60d0783c59af620136cc0d28ef482bc7,farm_2945_original,820461682,0,70659,71870,0,1,0,DONE,DONE,719,719,1,,4.33
p3066_c001_farm,cdd0ae7b4c999599,kaggle-environments 1.32.7,a52ba1bfe9df9dc1d504550af46744ef8d474797cdba7af2412dc40a3ebdf3b8,main,bfee70e9daaebeae0737a880f1df8f1c60d0783c59af620136cc0d28ef482bc7,farm_2945_original,820461682,1,70659,71870,0,1,0,DONE,DONE,719,719,1,,4.23
p3066_c001_farm,cdd0ae7b4c999599,kaggle-environments 1.32.7,a52ba1bfe9df9dc1d504550af46744ef8d474797cdba7af2412dc40a3ebdf3b8,main,bfee70e9daaebeae0737a880f1df8f1c60d0783c59af620136cc0d28ef482bc7,farm_2945_original,821350546,0,63897,62066,1,0,0,DONE,DONE,719,719,1,,4.18
p3066_c001_farm,cdd0ae7b4c999599,kaggle-environments 1.32.7,a52ba1bfe9df9dc1d504550af46744ef8d474797cdba7af2412dc40a3ebdf3b8,main,bfee70e9daaebeae0737a880f1df8f1c60d0783c59af620136cc0d28ef482bc7,farm_2945_original,821350546,1,63897,62066,1,0,0,DONE,DONE,719,719,1,,4.29
p3066_c001_farm,cdd0ae7b4c999599,kaggle-environments 1.32.7,a52ba1bfe9df9dc1d504550af46744ef8d474797cdba7af2412dc40a3ebdf3b8,main,bfee70e9daaebeae0737a880f1df8f1c60d0783c59af620136cc0d28ef482bc7,farm_2945_original,822973715,0,53358,52920,1,0,0,DONE,DONE,719,719,1,,4.7
p3066_c001_farm,cdd0ae7b4c999599,kaggle-environments 1.32.7,a52ba1bfe9df9dc1d504550af46744ef8d474797cdba7af2412dc40a3ebdf3b8,main,bfee70e9daaebeae0737a880f1df8f1c60d0783c59af620136cc0d28ef482bc7,farm_2945_original,822973715,1,53358,52920,1,0,0,DONE,DONE,719,719,1,,4.28
p3066_c001_farm,cdd0ae7b4c999599,kaggle-environments 1.32.7,a52ba1bfe9df9dc1d504550af46744ef8d474797cdba7af2412dc40a3ebdf3b8,main,bfee70e9daaebeae0737a880f1df8f1c60d0783c59af620136cc0d28ef482bc7,farm_2945_original,823034285,0,107402,106252,1,0,0,DONE,DONE,719,719,1,,4.54
p3066_c001_farm,cdd0ae7b4c999599,kaggle-environments 1.32.7,a52ba1bfe9df9dc1d504550af46744ef8d474797cdba7af2412dc40a3ebdf3b8,main,bfee70e9daaebeae0737a880f1df8f1c60d0783c59af620136cc0d28ef482bc7,farm_2945_original,823034285,1,107402,106252,1,0,0,DONE,DONE,719,719,1,,4.31
p3066_c001_farm,cdd0ae7b4c999599,kaggle-environments 1.32.7,a52ba1bfe9df9dc1d504550af46744ef8d474797cdba7af2412dc40a3ebdf3b8,main,bfee70e9daaebeae0737a880f1df8f1c60d0783c59af620136cc0d28ef482bc7,farm_2945_original,826238937,0,105327,104654,1,0,0,DONE,DONE,719,719,1,,4.76
p3066_c001_farm,cdd0ae7b4c999599,kaggle-environments 1.32.7,a52ba1bfe9df9dc1d504550af46744ef8d474797cdba7af2412dc40a3ebdf3b8,main,bfee70e9daaebeae0737a880f1df8f1c60d0783c59af620136cc0d28ef482bc7,farm_2945_original,826238937,1,105327,104654,1,0,0,DONE,DONE,719,719,1,,4.37
p3066_c001_farm,cdd0ae7b4c999599,kaggle-environments 1.32.7,a52ba1bfe9df9dc1d504550af46744ef8d474797cdba7af2412dc40a3ebdf3b8,main,bfee70e9daaebeae0737a880f1df8f1c60d0783c59af620136cc0d28ef482bc7,farm_2945_original,829921682,0,80923,80752,1,0,0,DONE,DONE,719,719,1,,4.38
p3066_c001_farm,cdd0ae7b4c999599,kaggle-environments 1.32.7,a52ba1bfe9df9dc1d504550af46744ef8d474797cdba7af2412dc40a3ebdf3b8,main,bfee70e9daaebeae0737a880f1df8f1c60d0783c59af620136cc0d28ef482bc7,farm_2945_original,829921682,1,80923,80752,1,0,0,DONE,DONE,719,719,1,,4.64
p3066_c001_farm,cdd0ae7b4c999599,kaggle-environments 1.32.7,a52ba1bfe9df9dc1d504550af46744ef8d474797cdba7af2412dc40a3ebdf3b8,main,bfee70e9daaebeae0737a880f1df8f1c60d0783c59af620136cc0d28ef482bc7,farm_2945_original,830781509,0,113175,114215,0,1,0,DONE,DONE,719,719,1,,4.23
p3066_c001_farm,cdd0ae7b4c999599,kaggle-environments 1.32.7,a52ba1bfe9df9dc1d504550af46744ef8d474797cdba7af2412dc40a3ebdf3b8,main,bfee70e9daaebeae0737a880f1df8f1c60d0783c59af620136cc0d28ef482bc7,farm_2945_original,830781509,1,113175,114215,0,1,0,DONE,DONE,719,719,1,,4.38
p3066_c001_farm,cdd0ae7b4c999599,kaggle-environments 1.32.7,a52ba1bfe9df9dc1d504550af46744ef8d474797cdba7af2412dc40a3ebdf3b8,main,bfee70e9daaebeae0737a880f1df8f1c60d0783c59af620136cc0d28ef482bc7,farm_2945_original,834408802,0,62335,62303,1,0,0,DONE,DONE,719,719,1,,4.47
p3066_c001_farm,cdd0ae7b4c999599,kaggle-environments 1.32.7,a52ba1bfe9df9dc1d504550af46744ef8d474797cdba7af2412dc40a3ebdf3b8,main,bfee70e9daaebeae0737a880f1df8f1c60d0783c59af620136cc0d28ef482bc7,farm_2945_original,834408802,1,62335,62303,1,0,0,DONE,DONE,719,719,1,,4.6
p3066_c001_farm,cdd0ae7b4c999599,kaggle-environments 1.32.7,a52ba1bfe9df9dc1d504550af46744ef8d474797cdba7af2412dc40a3ebdf3b8,main,bfee70e9daaebeae0737a880f1df8f1c60d0783c59af620136cc0d28ef482bc7,farm_2945_original,836282065,0,81578,81852,0,1,0,DONE,DONE,719,719,1,,4.14
p3066_c001_farm,cdd0ae7b4c999599,kaggle-environments 1.32.7,a52ba1bfe9df9dc1d504550af46744ef8d474797cdba7af2412dc40a3ebdf3b8,main,bfee70e9daaebeae0737a880f1df8f1c60d0783c59af620136cc0d28ef482bc7,farm_2945_original,836282065,1,98830,100481,0,1,0,DONE,DONE,719,719,1,,4.21
p3066_c001_farm,cdd0ae7b4c999599,kaggle-environments 1.32.7,a52ba1bfe9df9dc1d504550af46744ef8d474797cdba7af2412dc40a3ebdf3b8,main,bfee70e9daaebeae0737a880f1df8f1c60d0783c59af620136cc0d28ef482bc7,farm_2945_original,838488738,0,97290,97201,1,0,0,DONE,DONE,719,719,1,,4.41
p3066_c001_farm,cdd0ae7b4c999599,kaggle-environments 1.32.7,a52ba1bfe9df9dc1d504550af46744ef8d474797cdba7af2412dc40a3ebdf3b8,main,bfee70e9daaebeae0737a880f1df8f1c60d0783c59af620136cc0d28ef482bc7,farm_2945_original,838488738,1,97290,97201,1,0,0,DONE,DONE,719,719,1,,4.33
p3066_c001_farm,cdd0ae7b4c999599,kaggle-environments 1.32.7,a52ba1bfe9df9dc1d504550af46744ef8d474797cdba7af2412dc40a3ebdf3b8,main,bfee70e9daaebeae0737a880f1df8f1c60d0783c59af620136cc0d28ef482bc7,farm_2945_original,841886376,0,135589,134587,1,0,0,DONE,DONE,719,719,1,,4.33
p3066_c001_farm,cdd0ae7b4c999599,kaggle-environments 1.32.7,a52ba1bfe9df9dc1d504550af46744ef8d474797cdba7af2412dc40a3ebdf3b8,main,bfee70e9daaebeae0737a880f1df8f1c60d0783c59af620136cc0d28ef482bc7,farm_2945_original,841886376,1,134572,135605,0,1,0,DONE,DONE,719,719,1,,4.21
p3066_c001_farm,cdd0ae7b4c999599,kaggle-environments 1.32.7,a52ba1bfe9df9dc1d504550af46744ef8d474797cdba7af2412dc40a3ebdf3b8,main,bfee70e9daaebeae0737a880f1df8f1c60d0783c59af620136cc0d28ef482bc7,farm_2945_original,844389525,0,94632,94744,0,1,0,DONE,DONE,719,719,1,,4.43
p3066_c001_farm,cdd0ae7b4c999599,kaggle-environments 1.32.7,a52ba1bfe9df9dc1d504550af46744ef8d474797cdba7af2412dc40a3ebdf3b8,main,bfee70e9daaebeae0737a880f1df8f1c60d0783c59af620136cc0d28ef482bc7,farm_2945_original,844389525,1,94632,94744,0,1,0,DONE,DONE,719,719,1,,4.21
p3066_c001_farm,cdd0ae7b4c999599,kaggle-environments 1.32.7,a52ba1bfe9df9dc1d504550af46744ef8d474797cdba7af2412dc40a3ebdf3b8,main,bfee70e9daaebeae0737a880f1df8f1c60d0783c59af620136cc0d28ef482bc7,farm_2945_original,846242367,0,56737,56477,1,0,0,DONE,DONE,719,719,1,,4.51
p3066_c001_farm,cdd0ae7b4c999599,kaggle-environments 1.32.7,a52ba1bfe9df9dc1d504550af46744ef8d474797cdba7af2412dc40a3ebdf3b8,main,bfee70e9daaebeae0737a880f1df8f1c60d0783c59af620136cc0d28ef482bc7,farm_2945_original,846242367,1,56737,56477,1,0,0,DONE,DONE,719,719,1,,4.2
p3066_c001_farm,cdd0ae7b4c999599,kaggle-environments 1.32.7,a52ba1bfe9df9dc1d504550af46744ef8d474797cdba7af2412dc40a3ebdf3b8,main,bfee70e9daaebeae0737a880f1df8f1c60d0783c59af620136cc0d28ef482bc7,farm_2945_original,846647691,0,112283,112355,0,1,0,DONE,DONE,719,719,1,,4.41
p3066_c001_farm,cdd0ae7b4c999599,kaggle-environments 1.32.7,a52ba1bfe9df9dc1d504550af46744ef8d474797cdba7af2412dc40a3ebdf3b8,main,bfee70e9daaebeae0737a880f1df8f1c60d0783c59af620136cc0d28ef482bc7,farm_2945_original,846647691,1,112283,112355,0,1,0,DONE,DONE,719,719,1,,4.21
p3066_c001_farm,cdd0ae7b4c999599,kaggle-environments 1.32.7,a52ba1bfe9df9dc1d504550af46744ef8d474797cdba7af2412dc40a3ebdf3b8,main,bfee70e9daaebeae0737a880f1df8f1c60d0783c59af620136cc0d28ef482bc7,farm_2945_original,848938037,0,85923,84062,1,0,0,DONE,DONE,719,719,1,,4.39
p3066_c001_farm,cdd0ae7b4c999599,kaggle-environments 1.32.7,a52ba1bfe9df9dc1d504550af46744ef8d474797cdba7af2412dc40a3ebdf3b8,main,bfee70e9daaebeae0737a880f1df8f1c60d0783c59af620136cc0d28ef482bc7,farm_2945_original,848938037,1,85923,84062,1,0,0,DONE,DONE,719,719,1,,4.26
p3066_c001_farm,cdd0ae7b4c999599,kaggle-environments 1.32.7,a52ba1bfe9df9dc1d504550af46744ef8d474797cdba7af2412dc40a3ebdf3b8,main,bfee70e9daaebeae0737a880f1df8f1c60d0783c59af620136cc0d28ef482bc7,farm_2945_original,850092483,0,128964,129115,0,1,0,DONE,DONE,719,719,1,,4.33
p3066_c001_farm,cdd0ae7b4c999599,kaggle-environments 1.32.7,a52ba1bfe9df9dc1d504550af46744ef8d474797cdba7af2412dc40a3ebdf3b8,main,bfee70e9daaebeae0737a880f1df8f1c60d0783c59af620136cc0d28ef482bc7,farm_2945_original,850092483,1,128964,129115,0,1,0,DONE,DONE,719,719,1,,4.44
p3066_c001_farm,cdd0ae7b4c999599,kaggle-environments 1.32.7,a52ba1bfe9df9dc1d504550af46744ef8d474797cdba7af2412dc40a3ebdf3b8,main,bfee70e9daaebeae0737a880f1df8f1c60d0783c59af620136cc0d28ef482bc7,farm_2945_original,853357061,0,83674,79797,1,0,0,DONE,DONE,719,719,1,,4.56
p3066_c001_farm,cdd0ae7b4c999599,kaggle-environments 1.32.7,a52ba1bfe9df9dc1d504550af46744ef8d474797cdba7af2412dc40a3ebdf3b8,main,bfee70e9daaebeae0737a880f1df8f1c60d0783c59af620136cc0d28ef482bc7,farm_2945_original,853357061,1,81321,82206,0,1,0,DONE,DONE,719,719,1,,4.42
p3066_c001_farm,cdd0ae7b4c999599,kaggle-environments 1.32.7,a52ba1bfe9df9dc1d504550af46744ef8d474797cdba7af2412dc40a3ebdf3b8,main,bfee70e9daaebeae0737a880f1df8f1c60d0783c59af620136cc0d28ef482bc7,farm_2945_original,854244753,0,86609,86635,0,1,0,DONE,DONE,719,719,1,,4.49
p3066_c001_farm,cdd0ae7b4c999599,kaggle-environments 1.32.7,a52ba1bfe9df9dc1d504550af46744ef8d474797cdba7af2412dc40a3ebdf3b8,main,bfee70e9daaebeae0737a880f1df8f1c60d0783c59af620136cc0d28ef482bc7,farm_2945_original,854244753,1,86609,86635,0,1,0,DONE,DONE,719,719,1,,4.43
p3066_c001_farm,cdd0ae7b4c999599,kaggle-environments 1.32.7,a52ba1bfe9df9dc1d504550af46744ef8d474797cdba7af2412dc40a3ebdf3b8,main,bfee70e9daaebeae0737a880f1df8f1c60d0783c59af620136cc0d28ef482bc7,farm_2945_original,854579663,0,99467,97666,1,0,0,DONE,DONE,719,719,1,,4.35
p3066_c001_farm,cdd0ae7b4c999599,kaggle-environments 1.32.7,a52ba1bfe9df9dc1d504550af46744ef8d474797cdba7af2412dc40a3ebdf3b8,main,bfee70e9daaebeae0737a880f1df8f1c60d0783c59af620136cc0d28ef482bc7,farm_2945_original,854579663,1,99467,97666,1,0,0,DONE,DONE,719,719,1,,4.56
p3066_c001_farm,cdd0ae7b4c999599,kaggle-environments 1.32.7,a52ba1bfe9df9dc1d504550af46744ef8d474797cdba7af2412dc40a3ebdf3b8,main,bfee70e9daaebeae0737a880f1df8f1c60d0783c59af620136cc0d28ef482bc7,farm_2945_original,854943650,0,119305,119082,1,0,0,DONE,DONE,719,719,1,,4.69
p3066_c001_farm,cdd0ae7b4c999599,kaggle-environments 1.32.7,a52ba1bfe9df9dc1d504550af46744ef8d474797cdba7af2412dc40a3ebdf3b8,main,bfee70e9daaebeae0737a880f1df8f1c60d0783c59af620136cc0d28ef482bc7,farm_2945_original,854943650,1,119305,119082,1,0,0,DONE,DONE,719,719,1,,4.63
p3066_c001_farm,cdd0ae7b4c999599,kaggle-environments 1.32.7,a52ba1bfe9df9dc1d504550af46744ef8d474797cdba7af2412dc40a3ebdf3b8,main,bfee70e9daaebeae0737a880f1df8f1c60d0783c59af620136cc0d28ef482bc7,farm_2945_original,855679173,0,76847,77111,0,1,0,DONE,DONE,719,719,1,,4.64
p3066_c001_farm,cdd0ae7b4c999599,kaggle-environments 1.32.7,a52ba1bfe9df9dc1d504550af46744ef8d474797cdba7af2412dc40a3ebdf3b8,main,bfee70e9daaebeae0737a880f1df8f1c60d0783c59af620136cc0d28ef482bc7,farm_2945_original,855679173,1,76847,77111,0,1,0,DONE,DONE,719,719,1,,4.17
p3066_c001_farm,cdd0ae7b4c999599,kaggle-environments 1.32.7,a52ba1bfe9df9dc1d504550af46744ef8d474797cdba7af2412dc40a3ebdf3b8,main,bfee70e9daaebeae0737a880f1df8f1c60d0783c59af620136cc0d28ef482bc7,farm_2945_original,858010337,0,94060,92276,1,0,0,DONE,DONE,719,719,1,,4.17
p3066_c001_farm,cdd0ae7b4c999599,kaggle-environments 1.32.7,a52ba1bfe9df9dc1d504550af46744ef8d474797cdba7af2412dc40a3ebdf3b8,main,bfee70e9daaebeae0737a880f1df8f1c60d0783c59af620136cc0d28ef482bc7,farm_2945_original,858010337,1,94060,92276,1,0,0,DONE,DONE,719,719,1,,4.26
p3066_c001_farm,cdd0ae7b4c999599,kaggle-environments 1.32.7,a52ba1bfe9df9dc1d504550af46744ef8d474797cdba7af2412dc40a3ebdf3b8,main,bfee70e9daaebeae0737a880f1df8f1c60d0783c59af620136cc0d28ef482bc7,farm_2945_original,858757268,0,77527,75824,1,0,0,DONE,DONE,719,719,1,,4.31
p3066_c001_farm,cdd0ae7b4c999599,kaggle-environments 1.32.7,a52ba1bfe9df9dc1d504550af46744ef8d474797cdba7af2412dc40a3ebdf3b8,main,bfee70e9daaebeae0737a880f1df8f1c60d0783c59af620136cc0d28ef482bc7,farm_2945_original,858757268,1,77527,75824,1,0,0,DONE,DONE,719,719,1,,4.1
p3066_c001_farm,cdd0ae7b4c999599,kaggle-environments 1.32.7,a52ba1bfe9df9dc1d504550af46744ef8d474797cdba7af2412dc40a3ebdf3b8,main,bfee70e9daaebeae0737a880f1df8f1c60d0783c59af620136cc0d28ef482bc7,farm_2945_original,860945528,0,80798,79481,1,0,0,DONE,DONE,719,719,1,,4.31
p3066_c001_farm,cdd0ae7b4c999599,kaggle-environments 1.32.7,a52ba1bfe9df9dc1d504550af46744ef8d474797cdba7af2412dc40a3ebdf3b8,main,bfee70e9daaebeae0737a880f1df8f1c60d0783c59af620136cc0d28ef482bc7,farm_2945_original,860945528,1,80798,79481,1,0,0,DONE,DONE,719,719,1,,4.21
p3066_c001_farm,cdd0ae7b4c999599,kaggle-environments 1.32.7,a52ba1bfe9df9dc1d504550af46744ef8d474797cdba7af2412dc40a3ebdf3b8,main,bfee70e9daaebeae0737a880f1df8f1c60d0783c59af620136cc0d28ef482bc7,farm_2945_original,863169507,0,63963,62512,1,0,0,DONE,DONE,719,719,1,,4.51
p3066_c001_farm,cdd0ae7b4c999599,kaggle-environments 1.32.7,a52ba1bfe9df9dc1d504550af46744ef8d474797cdba7af2412dc40a3ebdf3b8,main,bfee70e9daaebeae0737a880f1df8f1c60d0783c59af620136cc0d28ef482bc7,farm_2945_original,863169507,1,63963,62512,1,0,0,DONE,DONE,719,719,1,,4.41
p3066_c001_farm,cdd0ae7b4c999599,kaggle-environments 1.32.7,a52ba1bfe9df9dc1d504550af46744ef8d474797cdba7af2412dc40a3ebdf3b8,main,bfee70e9daaebeae0737a880f1df8f1c60d0783c59af620136cc0d28ef482bc7,farm_2945_original,866821801,0,79677,72559,1,0,0,DONE,DONE,719,719,1,,4.5
p3066_c001_farm,cdd0ae7b4c999599,kaggle-environments 1.32.7,a52ba1bfe9df9dc1d504550af46744ef8d474797cdba7af2412dc40a3ebdf3b8,main,bfee70e9daaebeae0737a880f1df8f1c60d0783c59af620136cc0d28ef482bc7,farm_2945_original,866821801,1,79677,72559,1,0,0,DONE,DONE,719,719,1,,4.24
p3066_c001_farm,cdd0ae7b4c999599,kaggle-environments 1.32.7,a52ba1bfe9df9dc1d504550af46744ef8d474797cdba7af2412dc40a3ebdf3b8,main,bfee70e9daaebeae0737a880f1df8f1c60d0783c59af620136cc0d28ef482bc7,farm_2945_original,867794122,0,66832,66866,0,1,0,DONE,DONE,719,719,1,,4.41
p3066_c001_farm,cdd0ae7b4c999599,kaggle-environments 1.32.7,a52ba1bfe9df9dc1d504550af46744ef8d474797cdba7af2412dc40a3ebdf3b8,main,bfee70e9daaebeae0737a880f1df8f1c60d0783c59af620136cc0d28ef482bc7,farm_2945_original,867794122,1,66832,66866,0,1,0,DONE,DONE,719,719,1,,4.62
p3066_c001_farm,cdd0ae7b4c999599,kaggle-environments 1.32.7,a52ba1bfe9df9dc1d504550af46744ef8d474797cdba7af2412dc40a3ebdf3b8,main,bfee70e9daaebeae0737a880f1df8f1c60d0783c59af620136cc0d28ef482bc7,farm_2945_original,868846335,0,131409,131678,0,1,0,DONE,DONE,719,719,1,,4.54
p3066_c001_farm,cdd0ae7b4c999599,kaggle-environments 1.32.7,a52ba1bfe9df9dc1d504550af46744ef8d474797cdba7af2412dc40a3ebdf3b8,main,bfee70e9daaebeae0737a880f1df8f1c60d0783c59af620136cc0d28ef482bc7,farm_2945_original,868846335,1,131409,131678,0,1,0,DONE,DONE,719,719,1,,4.16
p3066_c001_farm,cdd0ae7b4c999599,kaggle-environments 1.32.7,a52ba1bfe9df9dc1d504550af46744ef8d474797cdba7af2412dc40a3ebdf3b8,main,bfee70e9daaebeae0737a880f1df8f1c60d0783c59af620136cc0d28ef482bc7,farm_2945_original,875053145,0,108867,113813,0,1,0,DONE,DONE,719,719,1,,4.37
p3066_c001_farm,cdd0ae7b4c999599,kaggle-environments 1.32.7,a52ba1bfe9df9dc1d504550af46744ef8d474797cdba7af2412dc40a3ebdf3b8,main,bfee70e9daaebeae0737a880f1df8f1c60d0783c59af620136cc0d28ef482bc7,farm_2945_original,875053145,1,108867,113813,0,1,0,DONE,DONE,719,719,1,,4.6
p3066_c001_farm,cdd0ae7b4c999599,kaggle-environments 1.32.7,a52ba1bfe9df9dc1d504550af46744ef8d474797cdba7af2412dc40a3ebdf3b8,main,bfee70e9daaebeae0737a880f1df8f1c60d0783c59af620136cc0d28ef482bc7,farm_2945_original,876299035,0,83186,83234,0,1,0,DONE,DONE,719,719,1,,4.3
p3066_c001_farm,cdd0ae7b4c999599,kaggle-environments 1.32.7,a52ba1bfe9df9dc1d504550af46744ef8d474797cdba7af2412dc40a3ebdf3b8,main,bfee70e9daaebeae0737a880f1df8f1c60d0783c59af620136cc0d28ef482bc7,farm_2945_original,876299035,1,83186,83234,0,1,0,DONE,DONE,719,719,1,,4.23
p3066_c001_farm,cdd0ae7b4c999599,kaggle-environments 1.32.7,a52ba1bfe9df9dc1d504550af46744ef8d474797cdba7af2412dc40a3ebdf3b8,main,bfee70e9daaebeae0737a880f1df8f1c60d0783c59af620136cc0d28ef482bc7,farm_2945_original,880034204,0,63214,60889,1,0,0,DONE,DONE,719,719,1,,4.39
p3066_c001_farm,cdd0ae7b4c999599,kaggle-environments 1.32.7,a52ba1bfe9df9dc1d504550af46744ef8d474797cdba7af2412dc40a3ebdf3b8,main,bfee70e9daaebeae0737a880f1df8f1c60d0783c59af620136cc0d28ef482bc7,farm_2945_original,880034204,1,63214,60889,1,0,0,DONE,DONE,719,719,1,,4.4
p3066_c001_farm,cdd0ae7b4c999599,kaggle-environments 1.32.7,a52ba1bfe9df9dc1d504550af46744ef8d474797cdba7af2412dc40a3ebdf3b8,main,bfee70e9daaebeae0737a880f1df8f1c60d0783c59af620136cc0d28ef482bc7,farm_2945_original,880965919,0,112940,113945,0,1,0,DONE,DONE,719,719,1,,4.52
p3066_c001_farm,cdd0ae7b4c999599,kaggle-environments 1.32.7,a52ba1bfe9df9dc1d504550af46744ef8d474797cdba7af2412dc40a3ebdf3b8,main,bfee70e9daaebeae0737a880f1df8f1c60d0783c59af620136cc0d28ef482bc7,farm_2945_original,880965919,1,112820,114058,0,1,0,DONE,DONE,719,719,1,,4.69
p3066_c001_farm,cdd0ae7b4c999599,kaggle-environments 1.32.7,a52ba1bfe9df9dc1d504550af46744ef8d474797cdba7af2412dc40a3ebdf3b8,main,bfee70e9daaebeae0737a880f1df8f1c60d0783c59af620136cc0d28ef482bc7,farm_2945_original,882208115,0,119217,120111,0,1,0,DONE,DONE,719,719,1,,4.47
p3066_c001_farm,cdd0ae7b4c999599,kaggle-environments 1.32.7,a52ba1bfe9df9dc1d504550af46744ef8d474797cdba7af2412dc40a3ebdf3b8,main,bfee70e9daaebeae0737a880f1df8f1c60d0783c59af620136cc0d28ef482bc7,farm_2945_original,882208115,1,119217,120111,0,1,0,DONE,DONE,719,719,1,,4.36
p3066_c001_farm,cdd0ae7b4c999599,kaggle-environments 1.32.7,a52ba1bfe9df9dc1d504550af46744ef8d474797cdba7af2412dc40a3ebdf3b8,main,bfee70e9daaebeae0737a880f1df8f1c60d0783c59af620136cc0d28ef482bc7,farm_2945_original,882255791,0,81571,81782,0,1,0,DONE,DONE,719,719,1,,4.3
p3066_c001_farm,cdd0ae7b4c999599,kaggle-environments 1.32.7,a52ba1bfe9df9dc1d504550af46744ef8d474797cdba7af2412dc40a3ebdf3b8,main,bfee70e9daaebeae0737a880f1df8f1c60d0783c59af620136cc0d28ef482bc7,farm_2945_original,882255791,1,81571,81782,0,1,0,DONE,DONE,719,719,1,,4.33
p3066_c001_farm,cdd0ae7b4c999599,kaggle-environments 1.32.7,a52ba1bfe9df9dc1d504550af46744ef8d474797cdba7af2412dc40a3ebdf3b8,main,bfee70e9daaebeae0737a880f1df8f1c60d0783c59af620136cc0d28ef482bc7,farm_2945_original,885950114,0,108779,109294,0,1,0,DONE,DONE,719,719,1,,4.8
p3066_c001_farm,cdd0ae7b4c999599,kaggle-environments 1.32.7,a52ba1bfe9df9dc1d504550af46744ef8d474797cdba7af2412dc40a3ebdf3b8,main,bfee70e9daaebeae0737a880f1df8f1c60d0783c59af620136cc0d28ef482bc7,farm_2945_original,885950114,1,106829,108440,0,1,0,DONE,DONE,719,719,1,,4.48
p3066_c001_farm,cdd0ae7b4c999599,kaggle-environments 1.32.7,a52ba1bfe9df9dc1d504550af46744ef8d474797cdba7af2412dc40a3ebdf3b8,main,bfee70e9daaebeae0737a880f1df8f1c60d0783c59af620136cc0d28ef482bc7,farm_2945_original,889556151,0,67938,70034,0,1,0,DONE,DONE,719,719,1,,4.61
p3066_c001_farm,cdd0ae7b4c999599,kaggle-environments 1.32.7,a52ba1bfe9df9dc1d504550af46744ef8d474797cdba7af2412dc40a3ebdf3b8,main,bfee70e9daaebeae0737a880f1df8f1c60d0783c59af620136cc0d28ef482bc7,farm_2945_original,889556151,1,67938,70034,0,1,0,DONE,DONE,719,719,1,,4.3
p3066_c001_farm,cdd0ae7b4c999599,kaggle-environments 1.32.7,a52ba1bfe9df9dc1d504550af46744ef8d474797cdba7af2412dc40a3ebdf3b8,main,bfee70e9daaebeae0737a880f1df8f1c60d0783c59af620136cc0d28ef482bc7,farm_2945_original,895237640,0,104880,105645,0,1,0,DONE,DONE,719,719,1,,4.19
p3066_c001_farm,cdd0ae7b4c999599,kaggle-environments 1.32.7,a52ba1bfe9df9dc1d504550af46744ef8d474797cdba7af2412dc40a3ebdf3b8,main,bfee70e9daaebeae0737a880f1df8f1c60d0783c59af620136cc0d28ef482bc7,farm_2945_original,895237640,1,104880,105645,0,1,0,DONE,DONE,719,719,1,,4.24
p3066_c001_farm,cdd0ae7b4c999599,kaggle-environments 1.32.7,a52ba1bfe9df9dc1d504550af46744ef8d474797cdba7af2412dc40a3ebdf3b8,main,bfee70e9daaebeae0737a880f1df8f1c60d0783c59af620136cc0d28ef482bc7,farm_2945_original,896920340,0,77581,82307,0,1,0,DONE,DONE,719,719,1,,4.85
p3066_c001_farm,cdd0ae7b4c999599,kaggle-environments 1.32.7,a52ba1bfe9df9dc1d504550af46744ef8d474797cdba7af2412dc40a3ebdf3b8,main,bfee70e9daaebeae0737a880f1df8f1c60d0783c59af620136cc0d28ef482bc7,farm_2945_original,896920340,1,77581,82307,0,1,0,DONE,DONE,719,719,1,,4.68
p3066_c001_farm,cdd0ae7b4c999599,kaggle-environments 1.32.7,a52ba1bfe9df9dc1d504550af46744ef8d474797cdba7af2412dc40a3ebdf3b8,main,bfee70e9daaebeae0737a880f1df8f1c60d0783c59af620136cc0d28ef482bc7,farm_2945_original,898155825,0,88308,86822,1,0,0,DONE,DONE,719,719,1,,4.46
p3066_c001_farm,cdd0ae7b4c999599,kaggle-environments 1.32.7,a52ba1bfe9df9dc1d504550af46744ef8d474797cdba7af2412dc40a3ebdf3b8,main,bfee70e9daaebeae0737a880f1df8f1c60d0783c59af620136cc0d28ef482bc7,farm_2945_original,898155825,1,88308,86822,1,0,0,DONE,DONE,719,719,1,,4.56
p3066_c001_farm,cdd0ae7b4c999599,kaggle-environments 1.32.7,a52ba1bfe9df9dc1d504550af46744ef8d474797cdba7af2412dc40a3ebdf3b8,main,bfee70e9daaebeae0737a880f1df8f1c60d0783c59af620136cc0d28ef482bc7,farm_2945_original,900242495,0,129445,129722,0,1,0,DONE,DONE,719,719,1,,4.23
p3066_c001_farm,cdd0ae7b4c999599,kaggle-environments 1.32.7,a52ba1bfe9df9dc1d504550af46744ef8d474797cdba7af2412dc40a3ebdf3b8,main,bfee70e9daaebeae0737a880f1df8f1c60d0783c59af620136cc0d28ef482bc7,farm_2945_original,900242495,1,129445,129722,0,1,0,DONE,DONE,719,719,1,,4.52
p3066_c001_farm,cdd0ae7b4c999599,kaggle-environments 1.32.7,a52ba1bfe9df9dc1d504550af46744ef8d474797cdba7af2412dc40a3ebdf3b8,main,bfee70e9daaebeae0737a880f1df8f1c60d0783c59af620136cc0d28ef482bc7,farm_2945_original,907015870,0,133180,131993,1,0,0,DONE,DONE,719,719,1,,4.63
p3066_c001_farm,cdd0ae7b4c999599,kaggle-environments 1.32.7,a52ba1bfe9df9dc1d504550af46744ef8d474797cdba7af2412dc40a3ebdf3b8,main,bfee70e9daaebeae0737a880f1df8f1c60d0783c59af620136cc0d28ef482bc7,farm_2945_original,907015870,1,133180,131993,1,0,0,DONE,DONE,719,719,1,,4.38
p3066_c001_farm,cdd0ae7b4c999599,kaggle-environments 1.32.7,a52ba1bfe9df9dc1d504550af46744ef8d474797cdba7af2412dc40a3ebdf3b8,main,bfee70e9daaebeae0737a880f1df8f1c60d0783c59af620136cc0d28ef482bc7,farm_2945_original,908917723,0,109452,109934,0,1,0,DONE,DONE,719,719,1,,4.75
p3066_c001_farm,cdd0ae7b4c999599,kaggle-environments 1.32.7,a52ba1bfe9df9dc1d504550af46744ef8d474797cdba7af2412dc40a3ebdf3b8,main,bfee70e9daaebeae0737a880f1df8f1c60d0783c59af620136cc0d28ef482bc7,farm_2945_original,908917723,1,109452,109934,0,1,0,DONE,DONE,719,719,1,,4.58
p3066_c001_farm,cdd0ae7b4c999599,kaggle-environments 1.32.7,a52ba1bfe9df9dc1d504550af46744ef8d474797cdba7af2412dc40a3ebdf3b8,main,bfee70e9daaebeae0737a880f1df8f1c60d0783c59af620136cc0d28ef482bc7,farm_2945_original,909243086,0,73068,74302,0,1,0,DONE,DONE,719,719,1,,4.37
p3066_c001_farm,cdd0ae7b4c999599,kaggle-environments 1.32.7,a52ba1bfe9df9dc1d504550af46744ef8d474797cdba7af2412dc40a3ebdf3b8,main,bfee70e9daaebeae0737a880f1df8f1c60d0783c59af620136cc0d28ef482bc7,farm_2945_original,909243086,1,73068,74302,0,1,0,DONE,DONE,719,719,1,,4.15
p3066_c001_farm,cdd0ae7b4c999599,kaggle-environments 1.32.7,a52ba1bfe9df9dc1d504550af46744ef8d474797cdba7af2412dc40a3ebdf3b8,main,bfee70e9daaebeae0737a880f1df8f1c60d0783c59af620136cc0d28ef482bc7,farm_2945_original,911681106,0,89080,89819,0,1,0,DONE,DONE,719,719,1,,4.48
p3066_c001_farm,cdd0ae7b4c999599,kaggle-environments 1.32.7,a52ba1bfe9df9dc1d504550af46744ef8d474797cdba7af2412dc40a3ebdf3b8,main,bfee70e9daaebeae0737a880f1df8f1c60d0783c59af620136cc0d28ef482bc7,farm_2945_original,911681106,1,89080,89819,0,1,0,DONE,DONE,719,719,1,,4.53
p3066_c001_farm,cdd0ae7b4c999599,kaggle-environments 1.32.7,a52ba1bfe9df9dc1d504550af46744ef8d474797cdba7af2412dc40a3ebdf3b8,main,bfee70e9daaebeae0737a880f1df8f1c60d0783c59af620136cc0d28ef482bc7,farm_2945_original,913476941,0,89428,88675,1,0,0,DONE,DONE,719,719,1,,4.29
p3066_c001_farm,cdd0ae7b4c999599,kaggle-environments 1.32.7,a52ba1bfe9df9dc1d504550af46744ef8d474797cdba7af2412dc40a3ebdf3b8,main,bfee70e9daaebeae0737a880f1df8f1c60d0783c59af620136cc0d28ef482bc7,farm_2945_original,913476941,1,89428,88675,1,0,0,DONE,DONE,719,719,1,,4.28
p3066_c001_farm,cdd0ae7b4c999599,kaggle-environments 1.32.7,a52ba1bfe9df9dc1d504550af46744ef8d474797cdba7af2412dc40a3ebdf3b8,main,bfee70e9daaebeae0737a880f1df8f1c60d0783c59af620136cc0d28ef482bc7,farm_2945_original,922854145,0,90931,89523,1,0,0,DONE,DONE,719,719,1,,4.6
p3066_c001_farm,cdd0ae7b4c999599,kaggle-environments 1.32.7,a52ba1bfe9df9dc1d504550af46744ef8d474797cdba7af2412dc40a3ebdf3b8,main,bfee70e9daaebeae0737a880f1df8f1c60d0783c59af620136cc0d28ef482bc7,farm_2945_original,922854145,1,90931,89523,1,0,0,DONE,DONE,719,719,1,,4.3
p3066_c001_farm,cdd0ae7b4c999599,kaggle-environments 1.32.7,a52ba1bfe9df9dc1d504550af46744ef8d474797cdba7af2412dc40a3ebdf3b8,main,bfee70e9daaebeae0737a880f1df8f1c60d0783c59af620136cc0d28ef482bc7,farm_2945_original,924420094,0,93317,93265,1,0,0,DONE,DONE,719,719,1,,4.63
p3066_c001_farm,cdd0ae7b4c999599,kaggle-environments 1.32.7,a52ba1bfe9df9dc1d504550af46744ef8d474797cdba7af2412dc40a3ebdf3b8,main,bfee70e9daaebeae0737a880f1df8f1c60d0783c59af620136cc0d28ef482bc7,farm_2945_original,924420094,1,93317,93265,1,0,0,DONE,DONE,719,719,1,,4.33
p3066_c001_farm,cdd0ae7b4c999599,kaggle-environments 1.32.7,a52ba1bfe9df9dc1d504550af46744ef8d474797cdba7af2412dc40a3ebdf3b8,main,bfee70e9daaebeae0737a880f1df8f1c60d0783c59af620136cc0d28ef482bc7,farm_2945_original,937904229,0,85931,83080,1,0,0,DONE,DONE,719,719,1,,4.44
p3066_c001_farm,cdd0ae7b4c999599,kaggle-environments 1.32.7,a52ba1bfe9df9dc1d504550af46744ef8d474797cdba7af2412dc40a3ebdf3b8,main,bfee70e9daaebeae0737a880f1df8f1c60d0783c59af620136cc0d28ef482bc7,farm_2945_original,937904229,1,85931,83080,1,0,0,DONE,DONE,719,719,1,,4.5
p3066_c001_farm,cdd0ae7b4c999599,kaggle-environments 1.32.7,a52ba1bfe9df9dc1d504550af46744ef8d474797cdba7af2412dc40a3ebdf3b8,main,bfee70e9daaebeae0737a880f1df8f1c60d0783c59af620136cc0d28ef482bc7,farm_2945_original,938364083,0,117008,119022,0,1,0,DONE,DONE,719,719,1,,4.4
p3066_c001_farm,cdd0ae7b4c999599,kaggle-environments 1.32.7,a52ba1bfe9df9dc1d504550af46744ef8d474797cdba7af2412dc40a3ebdf3b8,main,bfee70e9daaebeae0737a880f1df8f1c60d0783c59af620136cc0d28ef482bc7,farm_2945_original,938364083,1,117008,119022,0,1,0,DONE,DONE,719,719,1,,4.86
p3066_c001_farm,cdd0ae7b4c999599,kaggle-environments 1.32.7,a52ba1bfe9df9dc1d504550af46744ef8d474797cdba7af2412dc40a3ebdf3b8,main,bfee70e9daaebeae0737a880f1df8f1c60d0783c59af620136cc0d28ef482bc7,farm_2945_original,941386634,0,118774,120751,0,1,0,DONE,DONE,719,719,1,,4.47
p3066_c001_farm,cdd0ae7b4c999599,kaggle-environments 1.32.7,a52ba1bfe9df9dc1d504550af46744ef8d474797cdba7af2412dc40a3ebdf3b8,main,bfee70e9daaebeae0737a880f1df8f1c60d0783c59af620136cc0d28ef482bc7,farm_2945_original,941386634,1,105372,106280,0,1,0,DONE,DONE,719,719,1,,4.63
p3066_c001_farm,cdd0ae7b4c999599,kaggle-environments 1.32.7,a52ba1bfe9df9dc1d504550af46744ef8d474797cdba7af2412dc40a3ebdf3b8,main,bfee70e9daaebeae0737a880f1df8f1c60d0783c59af620136cc0d28ef482bc7,farm_2945_original,942310325,0,61605,59492,1,0,0,DONE,DONE,719,719,1,,4.28
p3066_c001_farm,cdd0ae7b4c999599,kaggle-environments 1.32.7,a52ba1bfe9df9dc1d504550af46744ef8d474797cdba7af2412dc40a3ebdf3b8,main,bfee70e9daaebeae0737a880f1df8f1c60d0783c59af620136cc0d28ef482bc7,farm_2945_original,942310325,1,61474,59634,1,0,0,DONE,DONE,719,719,1,,4.36
p3066_c001_farm,cdd0ae7b4c999599,kaggle-environments 1.32.7,a52ba1bfe9df9dc1d504550af46744ef8d474797cdba7af2412dc40a3ebdf3b8,main,bfee70e9daaebeae0737a880f1df8f1c60d0783c59af620136cc0d28ef482bc7,farm_2945_original,947310066,0,121697,121669,1,0,0,DONE,DONE,719,719,1,,4.54
p3066_c001_farm,cdd0ae7b4c999599,kaggle-environments 1.32.7,a52ba1bfe9df9dc1d504550af46744ef8d474797cdba7af2412dc40a3ebdf3b8,main,bfee70e9daaebeae0737a880f1df8f1c60d0783c59af620136cc0d28ef482bc7,farm_2945_original,947310066,1,121697,121669,1,0,0,DONE,DONE,719,719,1,,4.72
p3066_c001_farm,cdd0ae7b4c999599,kaggle-environments 1.32.7,a52ba1bfe9df9dc1d504550af46744ef8d474797cdba7af2412dc40a3ebdf3b8,main,bfee70e9daaebeae0737a880f1df8f1c60d0783c59af620136cc0d28ef482bc7,farm_2945_original,948329093,0,158077,156159,1,0,0,DONE,DONE,719,719,1,,4.28
p3066_c001_farm,cdd0ae7b4c999599,kaggle-environments 1.32.7,a52ba1bfe9df9dc1d504550af46744ef8d474797cdba7af2412dc40a3ebdf3b8,main,bfee70e9daaebeae0737a880f1df8f1c60d0783c59af620136cc0d28ef482bc7,farm_2945_original,948329093,1,158077,156159,1,0,0,DONE,DONE,719,719,1,,4.37
p3066_c001_farm,cdd0ae7b4c999599,kaggle-environments 1.32.7,a52ba1bfe9df9dc1d504550af46744ef8d474797cdba7af2412dc40a3ebdf3b8,main,bfee70e9daaebeae0737a880f1df8f1c60d0783c59af620136cc0d28ef482bc7,farm_2945_original,949601905,0,104769,104541,1,0,0,DONE,DONE,719,719,1,,4.13
p3066_c001_farm,cdd0ae7b4c999599,kaggle-environments 1.32.7,a52ba1bfe9df9dc1d504550af46744ef8d474797cdba7af2412dc40a3ebdf3b8,main,bfee70e9daaebeae0737a880f1df8f1c60d0783c59af620136cc0d28ef482bc7,farm_2945_original,949601905,1,104769,104541,1,0,0,DONE,DONE,719,719,1,,4.38
p3066_c001_farm,cdd0ae7b4c999599,kaggle-environments 1.32.7,a52ba1bfe9df9dc1d504550af46744ef8d474797cdba7af2412dc40a3ebdf3b8,main,bfee70e9daaebeae0737a880f1df8f1c60d0783c59af620136cc0d28ef482bc7,farm_2945_original,952457682,0,104924,104940,0,1,0,DONE,DONE,719,719,1,,4.53
p3066_c001_farm,cdd0ae7b4c999599,kaggle-environments 1.32.7,a52ba1bfe9df9dc1d504550af46744ef8d474797cdba7af2412dc40a3ebdf3b8,main,bfee70e9daaebeae0737a880f1df8f1c60d0783c59af620136cc0d28ef482bc7,farm_2945_original,952457682,1,104924,104940,0,1,0,DONE,DONE,719,719,1,,4.38
p3066_c001_farm,cdd0ae7b4c999599,kaggle-environments 1.32.7,a52ba1bfe9df9dc1d504550af46744ef8d474797cdba7af2412dc40a3ebdf3b8,main,bfee70e9daaebeae0737a880f1df8f1c60d0783c59af620136cc0d28ef482bc7,farm_2945_original,956257388,0,107486,105582,1,0,0,DONE,DONE,719,719,1,,4.15
p3066_c001_farm,cdd0ae7b4c999599,kaggle-environments 1.32.7,a52ba1bfe9df9dc1d504550af46744ef8d474797cdba7af2412dc40a3ebdf3b8,main,bfee70e9daaebeae0737a880f1df8f1c60d0783c59af620136cc0d28ef482bc7,farm_2945_original,956257388,1,107486,105582,1,0,0,DONE,DONE,719,719,1,,4.39
p3066_c001_farm,cdd0ae7b4c999599,kaggle-environments 1.32.7,a52ba1bfe9df9dc1d504550af46744ef8d474797cdba7af2412dc40a3ebdf3b8,main,bfee70e9daaebeae0737a880f1df8f1c60d0783c59af620136cc0d28ef482bc7,farm_2945_original,959677009,0,94460,94690,0,1,0,DONE,DONE,719,719,1,,4.13
p3066_c001_farm,cdd0ae7b4c999599,kaggle-environments 1.32.7,a52ba1bfe9df9dc1d504550af46744ef8d474797cdba7af2412dc40a3ebdf3b8,main,bfee70e9daaebeae0737a880f1df8f1c60d0783c59af620136cc0d28ef482bc7,farm_2945_original,959677009,1,94460,94690,0,1,0,DONE,DONE,719,719,1,,4.59
p3066_c001_farm,cdd0ae7b4c999599,kaggle-environments 1.32.7,a52ba1bfe9df9dc1d504550af46744ef8d474797cdba7af2412dc40a3ebdf3b8,main,bfee70e9daaebeae0737a880f1df8f1c60d0783c59af620136cc0d28ef482bc7,farm_2945_original,960655227,0,111074,121570,0,1,0,DONE,DONE,719,719,1,,4.61
p3066_c001_farm,cdd0ae7b4c999599,kaggle-environments 1.32.7,a52ba1bfe9df9dc1d504550af46744ef8d474797cdba7af2412dc40a3ebdf3b8,main,bfee70e9daaebeae0737a880f1df8f1c60d0783c59af620136cc0d28ef482bc7,farm_2945_original,960655227,1,111074,121570,0,1,0,DONE,DONE,719,719,1,,4.63
p3066_c001_farm,cdd0ae7b4c999599,kaggle-environments 1.32.7,a52ba1bfe9df9dc1d504550af46744ef8d474797cdba7af2412dc40a3ebdf3b8,main,bfee70e9daaebeae0737a880f1df8f1c60d0783c59af620136cc0d28ef482bc7,farm_2945_original,961029644,0,106723,107592,0,1,0,DONE,DONE,719,719,1,,4.64
p3066_c001_farm,cdd0ae7b4c999599,kaggle-environments 1.32.7,a52ba1bfe9df9dc1d504550af46744ef8d474797cdba7af2412dc40a3ebdf3b8,main,bfee70e9daaebeae0737a880f1df8f1c60d0783c59af620136cc0d28ef482bc7,farm_2945_original,961029644,1,106723,107592,0,1,0,DONE,DONE,719,719,1,,4.52
p3066_c001_farm,cdd0ae7b4c999599,kaggle-environments 1.32.7,a52ba1bfe9df9dc1d504550af46744ef8d474797cdba7af2412dc40a3ebdf3b8,main,bfee70e9daaebeae0737a880f1df8f1c60d0783c59af620136cc0d28ef482bc7,farm_2945_original,961408502,0,98247,98223,1,0,0,DONE,DONE,719,719,1,,4.47
p3066_c001_farm,cdd0ae7b4c999599,kaggle-environments 1.32.7,a52ba1bfe9df9dc1d504550af46744ef8d474797cdba7af2412dc40a3ebdf3b8,main,bfee70e9daaebeae0737a880f1df8f1c60d0783c59af620136cc0d28ef482bc7,farm_2945_original,961408502,1,98247,98223,1,0,0,DONE,DONE,719,719,1,,4.42
p3066_c001_farm,cdd0ae7b4c999599,kaggle-environments 1.32.7,a52ba1bfe9df9dc1d504550af46744ef8d474797cdba7af2412dc40a3ebdf3b8,main,bfee70e9daaebeae0737a880f1df8f1c60d0783c59af620136cc0d28ef482bc7,farm_2945_original,963190576,0,93916,94439,0,1,0,DONE,DONE,719,719,1,,4.68
p3066_c001_farm,cdd0ae7b4c999599,kaggle-environments 1.32.7,a52ba1bfe9df9dc1d504550af46744ef8d474797cdba7af2412dc40a3ebdf3b8,main,bfee70e9daaebeae0737a880f1df8f1c60d0783c59af620136cc0d28ef482bc7,farm_2945_original,963190576,1,93916,94439,0,1,0,DONE,DONE,719,719,1,,4.62
p3066_c001_farm,cdd0ae7b4c999599,kaggle-environments 1.32.7,a52ba1bfe9df9dc1d504550af46744ef8d474797cdba7af2412dc40a3ebdf3b8,main,bfee70e9daaebeae0737a880f1df8f1c60d0783c59af620136cc0d28ef482bc7,farm_2945_original,963207839,0,83268,84464,0,1,0,DONE,DONE,719,719,1,,4.45
p3066_c001_farm,cdd0ae7b4c999599,kaggle-environments 1.32.7,a52ba1bfe9df9dc1d504550af46744ef8d474797cdba7af2412dc40a3ebdf3b8,main,bfee70e9daaebeae0737a880f1df8f1c60d0783c59af620136cc0d28ef482bc7,farm_2945_original,963207839,1,83268,84464,0,1,0,DONE,DONE,719,719,1,,4.38
p3066_c001_farm,cdd0ae7b4c999599,kaggle-environments 1.32.7,a52ba1bfe9df9dc1d504550af46744ef8d474797cdba7af2412dc40a3ebdf3b8,main,bfee70e9daaebeae0737a880f1df8f1c60d0783c59af620136cc0d28ef482bc7,farm_2945_original,963926912,0,108807,123377,0,1,0,DONE,DONE,719,719,1,,4.57
p3066_c001_farm,cdd0ae7b4c999599,kaggle-environments 1.32.7,a52ba1bfe9df9dc1d504550af46744ef8d474797cdba7af2412dc40a3ebdf3b8,main,bfee70e9daaebeae0737a880f1df8f1c60d0783c59af620136cc0d28ef482bc7,farm_2945_original,963926912,1,108807,123377,0,1,0,DONE,DONE,719,719,1,,4.89
p3066_c001_farm,cdd0ae7b4c999599,kaggle-environments 1.32.7,a52ba1bfe9df9dc1d504550af46744ef8d474797cdba7af2412dc40a3ebdf3b8,main,bfee70e9daaebeae0737a880f1df8f1c60d0783c59af620136cc0d28ef482bc7,farm_2945_original,968503716,0,111111,111943,0,1,0,DONE,DONE,719,719,1,,4.21
p3066_c001_farm,cdd0ae7b4c999599,kaggle-environments 1.32.7,a52ba1bfe9df9dc1d504550af46744ef8d474797cdba7af2412dc40a3ebdf3b8,main,bfee70e9daaebeae0737a880f1df8f1c60d0783c59af620136cc0d28ef482bc7,farm_2945_original,968503716,1,111111,111943,0,1,0,DONE,DONE,719,719,1,,4.58
p3066_c001_farm,cdd0ae7b4c999599,kaggle-environments 1.32.7,a52ba1bfe9df9dc1d504550af46744ef8d474797cdba7af2412dc40a3ebdf3b8,main,bfee70e9daaebeae0737a880f1df8f1c60d0783c59af620136cc0d28ef482bc7,farm_2945_original,972011188,0,61519,60499,1,0,0,DONE,DONE,719,719,1,,4.26
p3066_c001_farm,cdd0ae7b4c999599,kaggle-environments 1.32.7,a52ba1bfe9df9dc1d504550af46744ef8d474797cdba7af2412dc40a3ebdf3b8,main,bfee70e9daaebeae0737a880f1df8f1c60d0783c59af620136cc0d28ef482bc7,farm_2945_original,972011188,1,61519,60499,1,0,0,DONE,DONE,719,719,1,,4.36
p3066_c001_farm,cdd0ae7b4c999599,kaggle-environments 1.32.7,a52ba1bfe9df9dc1d504550af46744ef8d474797cdba7af2412dc40a3ebdf3b8,main,bfee70e9daaebeae0737a880f1df8f1c60d0783c59af620136cc0d28ef482bc7,farm_2945_original,975217775,0,108155,110077,0,1,0,DONE,DONE,719,719,1,,4.05
p3066_c001_farm,cdd0ae7b4c999599,kaggle-environments 1.32.7,a52ba1bfe9df9dc1d504550af46744ef8d474797cdba7af2412dc40a3ebdf3b8,main,bfee70e9daaebeae0737a880f1df8f1c60d0783c59af620136cc0d28ef482bc7,farm_2945_original,975217775,1,108155,110077,0,1,0,DONE,DONE,719,719,1,,4.32
p3066_c001_farm,cdd0ae7b4c999599,kaggle-environments 1.32.7,a52ba1bfe9df9dc1d504550af46744ef8d474797cdba7af2412dc40a3ebdf3b8,main,bfee70e9daaebeae0737a880f1df8f1c60d0783c59af620136cc0d28ef482bc7,farm_2945_original,975352435,0,65507,64519,1,0,0,DONE,DONE,719,719,1,,4.43
p3066_c001_farm,cdd0ae7b4c999599,kaggle-environments 1.32.7,a52ba1bfe9df9dc1d504550af46744ef8d474797cdba7af2412dc40a3ebdf3b8,main,bfee70e9daaebeae0737a880f1df8f1c60d0783c59af620136cc0d28ef482bc7,farm_2945_original,975352435,1,65507,64519,1,0,0,DONE,DONE,719,719,1,,4.29
p3066_c001_farm,cdd0ae7b4c999599,kaggle-environments 1.32.7,a52ba1bfe9df9dc1d504550af46744ef8d474797cdba7af2412dc40a3ebdf3b8,main,bfee70e9daaebeae0737a880f1df8f1c60d0783c59af620136cc0d28ef482bc7,farm_2945_original,975426015,0,95065,93424,1,0,0,DONE,DONE,719,719,1,,4.38
p3066_c001_farm,cdd0ae7b4c999599,kaggle-environments 1.32.7,a52ba1bfe9df9dc1d504550af46744ef8d474797cdba7af2412dc40a3ebdf3b8,main,bfee70e9daaebeae0737a880f1df8f1c60d0783c59af620136cc0d28ef482bc7,farm_2945_original,975426015,1,95065,93424,1,0,0,DONE,DONE,719,719,1,,4.09
p3066_c001_farm,cdd0ae7b4c999599,kaggle-environments 1.32.7,a52ba1bfe9df9dc1d504550af46744ef8d474797cdba7af2412dc40a3ebdf3b8,main,bfee70e9daaebeae0737a880f1df8f1c60d0783c59af620136cc0d28ef482bc7,farm_2945_original,976872641,0,109981,111159,0,1,0,DONE,DONE,719,719,1,,4.15
p3066_c001_farm,cdd0ae7b4c999599,kaggle-environments 1.32.7,a52ba1bfe9df9dc1d504550af46744ef8d474797cdba7af2412dc40a3ebdf3b8,main,bfee70e9daaebeae0737a880f1df8f1c60d0783c59af620136cc0d28ef482bc7,farm_2945_original,976872641,1,109981,111159,0,1,0,DONE,DONE,719,719,1,,4.16
p3066_c001_farm,cdd0ae7b4c999599,kaggle-environments 1.32.7,a52ba1bfe9df9dc1d504550af46744ef8d474797cdba7af2412dc40a3ebdf3b8,main,bfee70e9daaebeae0737a880f1df8f1c60d0783c59af620136cc0d28ef482bc7,farm_2945_original,977902658,0,93615,97763,0,1,0,DONE,DONE,719,719,1,,4.52
p3066_c001_farm,cdd0ae7b4c999599,kaggle-environments 1.32.7,a52ba1bfe9df9dc1d504550af46744ef8d474797cdba7af2412dc40a3ebdf3b8,main,bfee70e9daaebeae0737a880f1df8f1c60d0783c59af620136cc0d28ef482bc7,farm_2945_original,977902658,1,93615,97763,0,1,0,DONE,DONE,719,719,1,,4.56
p3066_c001_farm,cdd0ae7b4c999599,kaggle-environments 1.32.7,a52ba1bfe9df9dc1d504550af46744ef8d474797cdba7af2412dc40a3ebdf3b8,main,bfee70e9daaebeae0737a880f1df8f1c60d0783c59af620136cc0d28ef482bc7,farm_2945_original,979178680,0,106026,104181,1,0,0,DONE,DONE,719,719,1,,4.24
p3066_c001_farm,cdd0ae7b4c999599,kaggle-environments 1.32.7,a52ba1bfe9df9dc1d504550af46744ef8d474797cdba7af2412dc40a3ebdf3b8,main,bfee70e9daaebeae0737a880f1df8f1c60d0783c59af620136cc0d28ef482bc7,farm_2945_original,979178680,1,106026,104181,1,0,0,DONE,DONE,719,719,1,,4.25
p3066_c001_farm,cdd0ae7b4c999599,kaggle-environments 1.32.7,a52ba1bfe9df9dc1d504550af46744ef8d474797cdba7af2412dc40a3ebdf3b8,main,bfee70e9daaebeae0737a880f1df8f1c60d0783c59af620136cc0d28ef482bc7,farm_2945_original,980346889,0,59841,59885,0,1,0,DONE,DONE,719,719,1,,4.24
p3066_c001_farm,cdd0ae7b4c999599,kaggle-environments 1.32.7,a52ba1bfe9df9dc1d504550af46744ef8d474797cdba7af2412dc40a3ebdf3b8,main,bfee70e9daaebeae0737a880f1df8f1c60d0783c59af620136cc0d28ef482bc7,farm_2945_original,980346889,1,59841,59885,0,1,0,DONE,DONE,719,719,1,,4.16
p3066_c001_farm,cdd0ae7b4c999599,kaggle-environments 1.32.7,a52ba1bfe9df9dc1d504550af46744ef8d474797cdba7af2412dc40a3ebdf3b8,main,bfee70e9daaebeae0737a880f1df8f1c60d0783c59af620136cc0d28ef482bc7,farm_2945_original,980414572,0,98264,95712,1,0,0,DONE,DONE,719,719,1,,4.58
p3066_c001_farm,cdd0ae7b4c999599,kaggle-environments 1.32.7,a52ba1bfe9df9dc1d504550af46744ef8d474797cdba7af2412dc40a3ebdf3b8,main,bfee70e9daaebeae0737a880f1df8f1c60d0783c59af620136cc0d28ef482bc7,farm_2945_original,980414572,1,98264,95712,1,0,0,DONE,DONE,719,719,1,,4.43
p3066_c001_farm,cdd0ae7b4c999599,kaggle-environments 1.32.7,a52ba1bfe9df9dc1d504550af46744ef8d474797cdba7af2412dc40a3ebdf3b8,main,bfee70e9daaebeae0737a880f1df8f1c60d0783c59af620136cc0d28ef482bc7,farm_2945_original,981603125,0,103092,102952,1,0,0,DONE,DONE,719,719,1,,4.62
p3066_c001_farm,cdd0ae7b4c999599,kaggle-environments 1.32.7,a52ba1bfe9df9dc1d504550af46744ef8d474797cdba7af2412dc40a3ebdf3b8,main,bfee70e9daaebeae0737a880f1df8f1c60d0783c59af620136cc0d28ef482bc7,farm_2945_original,981603125,1,103092,102952,1,0,0,DONE,DONE,719,719,1,,4.44
p3066_c001_farm,cdd0ae7b4c999599,kaggle-environments 1.32.7,a52ba1bfe9df9dc1d504550af46744ef8d474797cdba7af2412dc40a3ebdf3b8,main,bfee70e9daaebeae0737a880f1df8f1c60d0783c59af620136cc0d28ef482bc7,farm_2945_original,984964294,0,87306,87128,1,0,0,DONE,DONE,719,719,1,,4.36
p3066_c001_farm,cdd0ae7b4c999599,kaggle-environments 1.32.7,a52ba1bfe9df9dc1d504550af46744ef8d474797cdba7af2412dc40a3ebdf3b8,main,bfee70e9daaebeae0737a880f1df8f1c60d0783c59af620136cc0d28ef482bc7,farm_2945_original,984964294,1,87306,87128,1,0,0,DONE,DONE,719,719,1,,4.48
p3066_c001_farm,cdd0ae7b4c999599,kaggle-environments 1.32.7,a52ba1bfe9df9dc1d504550af46744ef8d474797cdba7af2412dc40a3ebdf3b8,main,bfee70e9daaebeae0737a880f1df8f1c60d0783c59af620136cc0d28ef482bc7,farm_2945_original,985340199,0,99244,99403,0,1,0,DONE,DONE,719,719,1,,4.26
p3066_c001_farm,cdd0ae7b4c999599,kaggle-environments 1.32.7,a52ba1bfe9df9dc1d504550af46744ef8d474797cdba7af2412dc40a3ebdf3b8,main,bfee70e9daaebeae0737a880f1df8f1c60d0783c59af620136cc0d28ef482bc7,farm_2945_original,985340199,1,99244,99403,0,1,0,DONE,DONE,719,719,1,,4.49
p3066_c001_farm,cdd0ae7b4c999599,kaggle-environments 1.32.7,a52ba1bfe9df9dc1d504550af46744ef8d474797cdba7af2412dc40a3ebdf3b8,main,bfee70e9daaebeae0737a880f1df8f1c60d0783c59af620136cc0d28ef482bc7,farm_2945_original,985497414,0,118609,118425,1,0,0,DONE,DONE,719,719,1,,4.32
p3066_c001_farm,cdd0ae7b4c999599,kaggle-environments 1.32.7,a52ba1bfe9df9dc1d504550af46744ef8d474797cdba7af2412dc40a3ebdf3b8,main,bfee70e9daaebeae0737a880f1df8f1c60d0783c59af620136cc0d28ef482bc7,farm_2945_original,985497414,1,118609,118425,1,0,0,DONE,DONE,719,719,1,,4.3
p3066_c001_farm,cdd0ae7b4c999599,kaggle-environments 1.32.7,a52ba1bfe9df9dc1d504550af46744ef8d474797cdba7af2412dc40a3ebdf3b8,main,bfee70e9daaebeae0737a880f1df8f1c60d0783c59af620136cc0d28ef482bc7,farm_2945_original,988078519,0,77394,77875,0,1,0,DONE,DONE,719,719,1,,4.24
p3066_c001_farm,cdd0ae7b4c999599,kaggle-environments 1.32.7,a52ba1bfe9df9dc1d504550af46744ef8d474797cdba7af2412dc40a3ebdf3b8,main,bfee70e9daaebeae0737a880f1df8f1c60d0783c59af620136cc0d28ef482bc7,farm_2945_original,988078519,1,77394,77875,0,1,0,DONE,DONE,719,719,1,,4.44
p3066_c001_farm,cdd0ae7b4c999599,kaggle-environments 1.32.7,a52ba1bfe9df9dc1d504550af46744ef8d474797cdba7af2412dc40a3ebdf3b8,main,bfee70e9daaebeae0737a880f1df8f1c60d0783c59af620136cc0d28ef482bc7,farm_2945_original,989720844,0,127137,137135,0,1,0,DONE,DONE,719,719,1,,4.49
p3066_c001_farm,cdd0ae7b4c999599,kaggle-environments 1.32.7,a52ba1bfe9df9dc1d504550af46744ef8d474797cdba7af2412dc40a3ebdf3b8,main,bfee70e9daaebeae0737a880f1df8f1c60d0783c59af620136cc0d28ef482bc7,farm_2945_original,989720844,1,127137,137135,0,1,0,DONE,DONE,719,719,1,,4.47
p3066_c001_farm,cdd0ae7b4c999599,kaggle-environments 1.32.7,a52ba1bfe9df9dc1d504550af46744ef8d474797cdba7af2412dc40a3ebdf3b8,main,bfee70e9daaebeae0737a880f1df8f1c60d0783c59af620136cc0d28ef482bc7,farm_2945_original,990052526,0,148514,148523,0,1,0,DONE,DONE,719,719,1,,4.61
p3066_c001_farm,cdd0ae7b4c999599,kaggle-environments 1.32.7,a52ba1bfe9df9dc1d504550af46744ef8d474797cdba7af2412dc40a3ebdf3b8,main,bfee70e9daaebeae0737a880f1df8f1c60d0783c59af620136cc0d28ef482bc7,farm_2945_original,990052526,1,148514,148523,0,1,0,DONE,DONE,719,719,1,,4.5
p3066_c001_farm,cdd0ae7b4c999599,kaggle-environments 1.32.7,a52ba1bfe9df9dc1d504550af46744ef8d474797cdba7af2412dc40a3ebdf3b8,main,bfee70e9daaebeae0737a880f1df8f1c60d0783c59af620136cc0d28ef482bc7,farm_2945_original,990179768,0,59989,59325,1,0,0,DONE,DONE,719,719,1,,4.35
p3066_c001_farm,cdd0ae7b4c999599,kaggle-environments 1.32.7,a52ba1bfe9df9dc1d504550af46744ef8d474797cdba7af2412dc40a3ebdf3b8,main,bfee70e9daaebeae0737a880f1df8f1c60d0783c59af620136cc0d28ef482bc7,farm_2945_original,990179768,1,59989,59325,1,0,0,DONE,DONE,719,719,1,,4.66
p3066_c001_farm,cdd0ae7b4c999599,kaggle-environments 1.32.7,a52ba1bfe9df9dc1d504550af46744ef8d474797cdba7af2412dc40a3ebdf3b8,main,bfee70e9daaebeae0737a880f1df8f1c60d0783c59af620136cc0d28ef482bc7,farm_2945_original,991126097,0,120699,118743,1,0,0,DONE,DONE,719,719,1,,4.47
p3066_c001_farm,cdd0ae7b4c999599,kaggle-environments 1.32.7,a52ba1bfe9df9dc1d504550af46744ef8d474797cdba7af2412dc40a3ebdf3b8,main,bfee70e9daaebeae0737a880f1df8f1c60d0783c59af620136cc0d28ef482bc7,farm_2945_original,991126097,1,120699,118743,1,0,0,DONE,DONE,719,719,1,,4.21
p3066_c001_farm,cdd0ae7b4c999599,kaggle-environments 1.32.7,a52ba1bfe9df9dc1d504550af46744ef8d474797cdba7af2412dc40a3ebdf3b8,main,bfee70e9daaebeae0737a880f1df8f1c60d0783c59af620136cc0d28ef482bc7,farm_2945_original,992061465,0,108373,107773,1,0,0,DONE,DONE,719,719,1,,4.31
p3066_c001_farm,cdd0ae7b4c999599,kaggle-environments 1.32.7,a52ba1bfe9df9dc1d504550af46744ef8d474797cdba7af2412dc40a3ebdf3b8,main,bfee70e9daaebeae0737a880f1df8f1c60d0783c59af620136cc0d28ef482bc7,farm_2945_original,992061465,1,108373,107773,1,0,0,DONE,DONE,719,719,1,,4.57
p3066_c001_farm,cdd0ae7b4c999599,kaggle-environments 1.32.7,a52ba1bfe9df9dc1d504550af46744ef8d474797cdba7af2412dc40a3ebdf3b8,main,bfee70e9daaebeae0737a880f1df8f1c60d0783c59af620136cc0d28ef482bc7,farm_2945_original,994487214,0,65095,64553,1,0,0,DONE,DONE,719,719,1,,4.17
p3066_c001_farm,cdd0ae7b4c999599,kaggle-environments 1.32.7,a52ba1bfe9df9dc1d504550af46744ef8d474797cdba7af2412dc40a3ebdf3b8,main,bfee70e9daaebeae0737a880f1df8f1c60d0783c59af620136cc0d28ef482bc7,farm_2945_original,994487214,1,65095,64553,1,0,0,DONE,DONE,719,719,1,,4.39
p3066_c001_farm,cdd0ae7b4c999599,kaggle-environments 1.32.7,a52ba1bfe9df9dc1d504550af46744ef8d474797cdba7af2412dc40a3ebdf3b8,main,bfee70e9daaebeae0737a880f1df8f1c60d0783c59af620136cc0d28ef482bc7,farm_2945_original,995256657,0,94162,93034,1,0,0,DONE,DONE,719,719,1,,4.43
p3066_c001_farm,cdd0ae7b4c999599,kaggle-environments 1.32.7,a52ba1bfe9df9dc1d504550af46744ef8d474797cdba7af2412dc40a3ebdf3b8,main,bfee70e9daaebeae0737a880f1df8f1c60d0783c59af620136cc0d28ef482bc7,farm_2945_original,995256657,1,94162,93034,1,0,0,DONE,DONE,719,719,1,,4.21
p3066_c001_farm,cdd0ae7b4c999599,kaggle-environments 1.32.7,a52ba1bfe9df9dc1d504550af46744ef8d474797cdba7af2412dc40a3ebdf3b8,main,bfee70e9daaebeae0737a880f1df8f1c60d0783c59af620136cc0d28ef482bc7,farm_2945_original,995893507,0,74312,72855,1,0,0,DONE,DONE,719,719,1,,4.69
p3066_c001_farm,cdd0ae7b4c999599,kaggle-environments 1.32.7,a52ba1bfe9df9dc1d504550af46744ef8d474797cdba7af2412dc40a3ebdf3b8,main,bfee70e9daaebeae0737a880f1df8f1c60d0783c59af620136cc0d28ef482bc7,farm_2945_original,995893507,1,74312,72855,1,0,0,DONE,DONE,719,719,1,,4.76
p3066_c001_farm,cdd0ae7b4c999599,kaggle-environments 1.32.7,a52ba1bfe9df9dc1d504550af46744ef8d474797cdba7af2412dc40a3ebdf3b8,main,bfee70e9daaebeae0737a880f1df8f1c60d0783c59af620136cc0d28ef482bc7,farm_2945_original,999700394,0,95420,96269,0,1,0,DONE,DONE,719,719,1,,4.3
p3066_c001_farm,cdd0ae7b4c999599,kaggle-environments 1.32.7,a52ba1bfe9df9dc1d504550af46744ef8d474797cdba7af2412dc40a3ebdf3b8,main,bfee70e9daaebeae0737a880f1df8f1c60d0783c59af620136cc0d28ef482bc7,farm_2945_original,999700394,1,95420,96269,0,1,0,DONE,DONE,719,719,1,,4.18
p3066_c001_farm,cdd0ae7b4c999599,kaggle-environments 1.32.7,a52ba1bfe9df9dc1d504550af46744ef8d474797cdba7af2412dc40a3ebdf3b8,main,bfee70e9daaebeae0737a880f1df8f1c60d0783c59af620136cc0d28ef482bc7,farm_2945_original,1000810244,0,103941,102759,1,0,0,DONE,DONE,719,719,1,,4.53
p3066_c001_farm,cdd0ae7b4c999599,kaggle-environments 1.32.7,a52ba1bfe9df9dc1d504550af46744ef8d474797cdba7af2412dc40a3ebdf3b8,main,bfee70e9daaebeae0737a880f1df8f1c60d0783c59af620136cc0d28ef482bc7,farm_2945_original,1000810244,1,103941,102759,1,0,0,DONE,DONE,719,719,1,,4.42
p3066_c001_farm,cdd0ae7b4c999599,kaggle-environments 1.32.7,a52ba1bfe9df9dc1d504550af46744ef8d474797cdba7af2412dc40a3ebdf3b8,main,bfee70e9daaebeae0737a880f1df8f1c60d0783c59af620136cc0d28ef482bc7,farm_2945_original,1003542336,0,73367,73816,0,1,0,DONE,DONE,719,719,1,,4.56
p3066_c001_farm,cdd0ae7b4c999599,kaggle-environments 1.32.7,a52ba1bfe9df9dc1d504550af46744ef8d474797cdba7af2412dc40a3ebdf3b8,main,bfee70e9daaebeae0737a880f1df8f1c60d0783c59af620136cc0d28ef482bc7,farm_2945_original,1003542336,1,73367,73816,0,1,0,DONE,DONE,719,719,1,,4.57
p3066_c001_farm,cdd0ae7b4c999599,kaggle-environments 1.32.7,a52ba1bfe9df9dc1d504550af46744ef8d474797cdba7af2412dc40a3ebdf3b8,main,bfee70e9daaebeae0737a880f1df8f1c60d0783c59af620136cc0d28ef482bc7,farm_2945_original,1004031388,0,145023,143803,1,0,0,DONE,DONE,719,719,1,,4.46
p3066_c001_farm,cdd0ae7b4c999599,kaggle-environments 1.32.7,a52ba1bfe9df9dc1d504550af46744ef8d474797cdba7af2412dc40a3ebdf3b8,main,bfee70e9daaebeae0737a880f1df8f1c60d0783c59af620136cc0d28ef482bc7,farm_2945_original,1004031388,1,145023,143803,1,0,0,DONE,DONE,719,719,1,,4.41
p3066_c001_farm,cdd0ae7b4c999599,kaggle-environments 1.32.7,a52ba1bfe9df9dc1d504550af46744ef8d474797cdba7af2412dc40a3ebdf3b8,main,bfee70e9daaebeae0737a880f1df8f1c60d0783c59af620136cc0d28ef482bc7,farm_2945_original,1007517624,0,116240,115586,1,0,0,DONE,DONE,719,719,1,,4.39
p3066_c001_farm,cdd0ae7b4c999599,kaggle-environments 1.32.7,a52ba1bfe9df9dc1d504550af46744ef8d474797cdba7af2412dc40a3ebdf3b8,main,bfee70e9daaebeae0737a880f1df8f1c60d0783c59af620136cc0d28ef482bc7,farm_2945_original,1007517624,1,116240,115586,1,0,0,DONE,DONE,719,719,1,,4.48
p3066_c001_farm,cdd0ae7b4c999599,kaggle-environments 1.32.7,a52ba1bfe9df9dc1d504550af46744ef8d474797cdba7af2412dc40a3ebdf3b8,main,bfee70e9daaebeae0737a880f1df8f1c60d0783c59af620136cc0d28ef482bc7,farm_2945_original,1008637882,0,87669,88040,0,1,0,DONE,DONE,719,719,1,,4.37
p3066_c001_farm,cdd0ae7b4c999599,kaggle-environments 1.32.7,a52ba1bfe9df9dc1d504550af46744ef8d474797cdba7af2412dc40a3ebdf3b8,main,bfee70e9daaebeae0737a880f1df8f1c60d0783c59af620136cc0d28ef482bc7,farm_2945_original,1008637882,1,87669,88040,0,1,0,DONE,DONE,719,719,1,,4.24
p3066_c001_farm,cdd0ae7b4c999599,kaggle-environments 1.32.7,a52ba1bfe9df9dc1d504550af46744ef8d474797cdba7af2412dc40a3ebdf3b8,main,bfee70e9daaebeae0737a880f1df8f1c60d0783c59af620136cc0d28ef482bc7,farm_2945_original,1009195572,0,75784,76115,0,1,0,DONE,DONE,719,719,1,,4.33
p3066_c001_farm,cdd0ae7b4c999599,kaggle-environments 1.32.7,a52ba1bfe9df9dc1d504550af46744ef8d474797cdba7af2412dc40a3ebdf3b8,main,bfee70e9daaebeae0737a880f1df8f1c60d0783c59af620136cc0d28ef482bc7,farm_2945_original,1009195572,1,75784,76115,0,1,0,DONE,DONE,719,719,1,,4.42
p3066_c001_farm,cdd0ae7b4c999599,kaggle-environments 1.32.7,a52ba1bfe9df9dc1d504550af46744ef8d474797cdba7af2412dc40a3ebdf3b8,main,bfee70e9daaebeae0737a880f1df8f1c60d0783c59af620136cc0d28ef482bc7,farm_2945_original,1013007047,0,94419,95996,0,1,0,DONE,DONE,719,719,1,,4.34
p3066_c001_farm,cdd0ae7b4c999599,kaggle-environments 1.32.7,a52ba1bfe9df9dc1d504550af46744ef8d474797cdba7af2412dc40a3ebdf3b8,main,bfee70e9daaebeae0737a880f1df8f1c60d0783c59af620136cc0d28ef482bc7,farm_2945_original,1013007047,1,94419,95996,0,1,0,DONE,DONE,719,719,1,,4.27
p3066_c001_farm,cdd0ae7b4c999599,kaggle-environments 1.32.7,a52ba1bfe9df9dc1d504550af46744ef8d474797cdba7af2412dc40a3ebdf3b8,main,bfee70e9daaebeae0737a880f1df8f1c60d0783c59af620136cc0d28ef482bc7,farm_2945_original,1019996172,0,79283,79398,0,1,0,DONE,DONE,719,719,1,,4.43
p3066_c001_farm,cdd0ae7b4c999599,kaggle-environments 1.32.7,a52ba1bfe9df9dc1d504550af46744ef8d474797cdba7af2412dc40a3ebdf3b8,main,bfee70e9daaebeae0737a880f1df8f1c60d0783c59af620136cc0d28ef482bc7,farm_2945_original,1019996172,1,79283,79398,0,1,0,DONE,DONE,719,719,1,,4.21
p3066_c001_farm,cdd0ae7b4c999599,kaggle-environments 1.32.7,a52ba1bfe9df9dc1d504550af46744ef8d474797cdba7af2412dc40a3ebdf3b8,main,bfee70e9daaebeae0737a880f1df8f1c60d0783c59af620136cc0d28ef482bc7,farm_2945_original,1021515676,0,97995,96569,1,0,0,DONE,DONE,719,719,1,,4.19
p3066_c001_farm,cdd0ae7b4c999599,kaggle-environments 1.32.7,a52ba1bfe9df9dc1d504550af46744ef8d474797cdba7af2412dc40a3ebdf3b8,main,bfee70e9daaebeae0737a880f1df8f1c60d0783c59af620136cc0d28ef482bc7,farm_2945_original,1021515676,1,97995,96569,1,0,0,DONE,DONE,719,719,1,,4.32
p3066_c001_farm,cdd0ae7b4c999599,kaggle-environments 1.32.7,a52ba1bfe9df9dc1d504550af46744ef8d474797cdba7af2412dc40a3ebdf3b8,main,bfee70e9daaebeae0737a880f1df8f1c60d0783c59af620136cc0d28ef482bc7,farm_2945_original,1021819996,0,104750,104235,1,0,0,DONE,DONE,719,719,1,,4.36
p3066_c001_farm,cdd0ae7b4c999599,kaggle-environments 1.32.7,a52ba1bfe9df9dc1d504550af46744ef8d474797cdba7af2412dc40a3ebdf3b8,main,bfee70e9daaebeae0737a880f1df8f1c60d0783c59af620136cc0d28ef482bc7,farm_2945_original,1021819996,1,104750,104235,1,0,0,DONE,DONE,719,719,1,,4.62
p3066_c001_farm,cdd0ae7b4c999599,kaggle-environments 1.32.7,a52ba1bfe9df9dc1d504550af46744ef8d474797cdba7af2412dc40a3ebdf3b8,main,bfee70e9daaebeae0737a880f1df8f1c60d0783c59af620136cc0d28ef482bc7,farm_2945_original,1023057527,0,83057,85738,0,1,0,DONE,DONE,719,719,1,,4.67
p3066_c001_farm,cdd0ae7b4c999599,kaggle-environments 1.32.7,a52ba1bfe9df9dc1d504550af46744ef8d474797cdba7af2412dc40a3ebdf3b8,main,bfee70e9daaebeae0737a880f1df8f1c60d0783c59af620136cc0d28ef482bc7,farm_2945_original,1023057527,1,83057,85738,0,1,0,DONE,DONE,719,719,1,,4.48
p3066_c001_farm,cdd0ae7b4c999599,kaggle-environments 1.32.7,a52ba1bfe9df9dc1d504550af46744ef8d474797cdba7af2412dc40a3ebdf3b8,main,bfee70e9daaebeae0737a880f1df8f1c60d0783c59af620136cc0d28ef482bc7,farm_2945_original,1025183762,0,106654,104326,1,0,0,DONE,DONE,719,719,1,,4.26
p3066_c001_farm,cdd0ae7b4c999599,kaggle-environments 1.32.7,a52ba1bfe9df9dc1d504550af46744ef8d474797cdba7af2412dc40a3ebdf3b8,main,bfee70e9daaebeae0737a880f1df8f1c60d0783c59af620136cc0d28ef482bc7,farm_2945_original,1025183762,1,106654,104326,1,0,0,DONE,DONE,719,719,1,,4.31
p3066_c001_farm,cdd0ae7b4c999599,kaggle-environments 1.32.7,a52ba1bfe9df9dc1d504550af46744ef8d474797cdba7af2412dc40a3ebdf3b8,main,bfee70e9daaebeae0737a880f1df8f1c60d0783c59af620136cc0d28ef482bc7,farm_2945_original,1029445810,0,139145,138773,1,0,0,DONE,DONE,719,719,1,,4.57
p3066_c001_farm,cdd0ae7b4c999599,kaggle-environments 1.32.7,a52ba1bfe9df9dc1d504550af46744ef8d474797cdba7af2412dc40a3ebdf3b8,main,bfee70e9daaebeae0737a880f1df8f1c60d0783c59af620136cc0d28ef482bc7,farm_2945_original,1029445810,1,139145,138773,1,0,0,DONE,DONE,719,719,1,,4.56
p3066_c001_farm,cdd0ae7b4c999599,kaggle-environments 1.32.7,a52ba1bfe9df9dc1d504550af46744ef8d474797cdba7af2412dc40a3ebdf3b8,main,bfee70e9daaebeae0737a880f1df8f1c60d0783c59af620136cc0d28ef482bc7,farm_2945_original,1032955368,0,88097,91854,0,1,0,DONE,DONE,719,719,1,,4.87
p3066_c001_farm,cdd0ae7b4c999599,kaggle-environments 1.32.7,a52ba1bfe9df9dc1d504550af46744ef8d474797cdba7af2412dc40a3ebdf3b8,main,bfee70e9daaebeae0737a880f1df8f1c60d0783c59af620136cc0d28ef482bc7,farm_2945_original,1032955368,1,77589,76996,1,0,0,DONE,DONE,719,719,1,,4.85
p3066_c001_farm,cdd0ae7b4c999599,kaggle-environments 1.32.7,a52ba1bfe9df9dc1d504550af46744ef8d474797cdba7af2412dc40a3ebdf3b8,main,bfee70e9daaebeae0737a880f1df8f1c60d0783c59af620136cc0d28ef482bc7,farm_2945_original,1035271655,0,77508,79255,0,1,0,DONE,DONE,719,719,1,,4.59
p3066_c001_farm,cdd0ae7b4c999599,kaggle-environments 1.32.7,a52ba1bfe9df9dc1d504550af46744ef8d474797cdba7af2412dc40a3ebdf3b8,main,bfee70e9daaebeae0737a880f1df8f1c60d0783c59af620136cc0d28ef482bc7,farm_2945_original,1035271655,1,77508,79255,0,1,0,DONE,DONE,719,719,1,,4.27
p3066_c001_farm,cdd0ae7b4c999599,kaggle-environments 1.32.7,a52ba1bfe9df9dc1d504550af46744ef8d474797cdba7af2412dc40a3ebdf3b8,main,bfee70e9daaebeae0737a880f1df8f1c60d0783c59af620136cc0d28ef482bc7,farm_2945_original,1035421940,0,81846,83679,0,1,0,DONE,DONE,719,719,1,,4.19
p3066_c001_farm,cdd0ae7b4c999599,kaggle-environments 1.32.7,a52ba1bfe9df9dc1d504550af46744ef8d474797cdba7af2412dc40a3ebdf3b8,main,bfee70e9daaebeae0737a880f1df8f1c60d0783c59af620136cc0d28ef482bc7,farm_2945_original,1035421940,1,81846,83679,0,1,0,DONE,DONE,719,719,1,,4.18
p3066_c001_farm,cdd0ae7b4c999599,kaggle-environments 1.32.7,a52ba1bfe9df9dc1d504550af46744ef8d474797cdba7af2412dc40a3ebdf3b8,main,bfee70e9daaebeae0737a880f1df8f1c60d0783c59af620136cc0d28ef482bc7,farm_2945_original,1044037877,0,87386,87542,0,1,0,DONE,DONE,719,719,1,,4.35
p3066_c001_farm,cdd0ae7b4c999599,kaggle-environments 1.32.7,a52ba1bfe9df9dc1d504550af46744ef8d474797cdba7af2412dc40a3ebdf3b8,main,bfee70e9daaebeae0737a880f1df8f1c60d0783c59af620136cc0d28ef482bc7,farm_2945_original,1044037877,1,87386,87542,0,1,0,DONE,DONE,719,719,1,,4.43
p3066_c001_farm,cdd0ae7b4c999599,kaggle-environments 1.32.7,a52ba1bfe9df9dc1d504550af46744ef8d474797cdba7af2412dc40a3ebdf3b8,main,bfee70e9daaebeae0737a880f1df8f1c60d0783c59af620136cc0d28ef482bc7,farm_2945_original,1044518372,0,102174,101607,1,0,0,DONE,DONE,719,719,1,,4.38
p3066_c001_farm,cdd0ae7b4c999599,kaggle-environments 1.32.7,a52ba1bfe9df9dc1d504550af46744ef8d474797cdba7af2412dc40a3ebdf3b8,main,bfee70e9daaebeae0737a880f1df8f1c60d0783c59af620136cc0d28ef482bc7,farm_2945_original,1044518372,1,102174,101607,1,0,0,DONE,DONE,719,719,1,,4.21
p3066_c001_farm,cdd0ae7b4c999599,kaggle-environments 1.32.7,a52ba1bfe9df9dc1d504550af46744ef8d474797cdba7af2412dc40a3ebdf3b8,main,bfee70e9daaebeae0737a880f1df8f1c60d0783c59af620136cc0d28ef482bc7,farm_2945_original,1046035060,0,77652,82006,0,1,0,DONE,DONE,719,719,1,,4.7
p3066_c001_farm,cdd0ae7b4c999599,kaggle-environments 1.32.7,a52ba1bfe9df9dc1d504550af46744ef8d474797cdba7af2412dc40a3ebdf3b8,main,bfee70e9daaebeae0737a880f1df8f1c60d0783c59af620136cc0d28ef482bc7,farm_2945_original,1046035060,1,77652,82006,0,1,0,DONE,DONE,719,719,1,,4.63
p3066_c001_farm,cdd0ae7b4c999599,kaggle-environments 1.32.7,a52ba1bfe9df9dc1d504550af46744ef8d474797cdba7af2412dc40a3ebdf3b8,main,bfee70e9daaebeae0737a880f1df8f1c60d0783c59af620136cc0d28ef482bc7,farm_2945_original,1049545150,0,142090,143020,0,1,0,DONE,DONE,719,719,1,,4.47
p3066_c001_farm,cdd0ae7b4c999599,kaggle-environments 1.32.7,a52ba1bfe9df9dc1d504550af46744ef8d474797cdba7af2412dc40a3ebdf3b8,main,bfee70e9daaebeae0737a880f1df8f1c60d0783c59af620136cc0d28ef482bc7,farm_2945_original,1049545150,1,142090,143020,0,1,0,DONE,DONE,719,719,1,,4.3
p3066_c001_farm,cdd0ae7b4c999599,kaggle-environments 1.32.7,a52ba1bfe9df9dc1d504550af46744ef8d474797cdba7af2412dc40a3ebdf3b8,main,bfee70e9daaebeae0737a880f1df8f1c60d0783c59af620136cc0d28ef482bc7,farm_2945_original,1050301730,0,91540,91550,0,1,0,DONE,DONE,719,719,1,,4.54
p3066_c001_farm,cdd0ae7b4c999599,kaggle-environments 1.32.7,a52ba1bfe9df9dc1d504550af46744ef8d474797cdba7af2412dc40a3ebdf3b8,main,bfee70e9daaebeae0737a880f1df8f1c60d0783c59af620136cc0d28ef482bc7,farm_2945_original,1050301730,1,91540,91550,0,1,0,DONE,DONE,719,719,1,,4.62
p3066_c001_farm,cdd0ae7b4c999599,kaggle-environments 1.32.7,a52ba1bfe9df9dc1d504550af46744ef8d474797cdba7af2412dc40a3ebdf3b8,main,bfee70e9daaebeae0737a880f1df8f1c60d0783c59af620136cc0d28ef482bc7,farm_2945_original,1051110846,0,100229,98689,1,0,0,DONE,DONE,719,719,1,,4.64
p3066_c001_farm,cdd0ae7b4c999599,kaggle-environments 1.32.7,a52ba1bfe9df9dc1d504550af46744ef8d474797cdba7af2412dc40a3ebdf3b8,main,bfee70e9daaebeae0737a880f1df8f1c60d0783c59af620136cc0d28ef482bc7,farm_2945_original,1051110846,1,100229,98689,1,0,0,DONE,DONE,719,719,1,,4.51
p3066_c001_farm,cdd0ae7b4c999599,kaggle-environments 1.32.7,a52ba1bfe9df9dc1d504550af46744ef8d474797cdba7af2412dc40a3ebdf3b8,main,bfee70e9daaebeae0737a880f1df8f1c60d0783c59af620136cc0d28ef482bc7,farm_2945_original,1052798484,0,77105,77404,0,1,0,DONE,DONE,719,719,1,,4.44
p3066_c001_farm,cdd0ae7b4c999599,kaggle-environments 1.32.7,a52ba1bfe9df9dc1d504550af46744ef8d474797cdba7af2412dc40a3ebdf3b8,main,bfee70e9daaebeae0737a880f1df8f1c60d0783c59af620136cc0d28ef482bc7,farm_2945_original,1052798484,1,77105,77404,0,1,0,DONE,DONE,719,719,1,,4.18
p3066_c001_farm,cdd0ae7b4c999599,kaggle-environments 1.32.7,a52ba1bfe9df9dc1d504550af46744ef8d474797cdba7af2412dc40a3ebdf3b8,main,bfee70e9daaebeae0737a880f1df8f1c60d0783c59af620136cc0d28ef482bc7,farm_2945_original,1053303763,0,117242,116767,1,0,0,DONE,DONE,719,719,1,,4.1
p3066_c001_farm,cdd0ae7b4c999599,kaggle-environments 1.32.7,a52ba1bfe9df9dc1d504550af46744ef8d474797cdba7af2412dc40a3ebdf3b8,main,bfee70e9daaebeae0737a880f1df8f1c60d0783c59af620136cc0d28ef482bc7,farm_2945_original,1053303763,1,117242,116767,1,0,0,DONE,DONE,719,719,1,,4.55
p3066_c001_farm,cdd0ae7b4c999599,kaggle-environments 1.32.7,a52ba1bfe9df9dc1d504550af46744ef8d474797cdba7af2412dc40a3ebdf3b8,main,bfee70e9daaebeae0737a880f1df8f1c60d0783c59af620136cc0d28ef482bc7,farm_2945_original,1053491400,0,128591,129581,0,1,0,DONE,DONE,719,719,1,,4.37
p3066_c001_farm,cdd0ae7b4c999599,kaggle-environments 1.32.7,a52ba1bfe9df9dc1d504550af46744ef8d474797cdba7af2412dc40a3ebdf3b8,main,bfee70e9daaebeae0737a880f1df8f1c60d0783c59af620136cc0d28ef482bc7,farm_2945_original,1053491400,1,128591,129581,0,1,0,DONE,DONE,719,719,1,,4.15
p3066_c001_farm,cdd0ae7b4c999599,kaggle-environments 1.32.7,a52ba1bfe9df9dc1d504550af46744ef8d474797cdba7af2412dc40a3ebdf3b8,main,bfee70e9daaebeae0737a880f1df8f1c60d0783c59af620136cc0d28ef482bc7,farm_2945_original,1053770544,0,114620,113675,1,0,0,DONE,DONE,719,719,1,,4.39
p3066_c001_farm,cdd0ae7b4c999599,kaggle-environments 1.32.7,a52ba1bfe9df9dc1d504550af46744ef8d474797cdba7af2412dc40a3ebdf3b8,main,bfee70e9daaebeae0737a880f1df8f1c60d0783c59af620136cc0d28ef482bc7,farm_2945_original,1053770544,1,114620,113675,1,0,0,DONE,DONE,719,719,1,,4.78
p3066_c001_farm,cdd0ae7b4c999599,kaggle-environments 1.32.7,a52ba1bfe9df9dc1d504550af46744ef8d474797cdba7af2412dc40a3ebdf3b8,main,bfee70e9daaebeae0737a880f1df8f1c60d0783c59af620136cc0d28ef482bc7,farm_2945_original,1054418618,0,140860,140132,1,0,0,DONE,DONE,719,719,1,,4.16
p3066_c001_farm,cdd0ae7b4c999599,kaggle-environments 1.32.7,a52ba1bfe9df9dc1d504550af46744ef8d474797cdba7af2412dc40a3ebdf3b8,main,bfee70e9daaebeae0737a880f1df8f1c60d0783c59af620136cc0d28ef482bc7,farm_2945_original,1054418618,1,140860,140132,1,0,0,DONE,DONE,719,719,1,,4.44
p3066_c001_farm,cdd0ae7b4c999599,kaggle-environments 1.32.7,a52ba1bfe9df9dc1d504550af46744ef8d474797cdba7af2412dc40a3ebdf3b8,main,bfee70e9daaebeae0737a880f1df8f1c60d0783c59af620136cc0d28ef482bc7,farm_2945_original,1055693804,0,116751,115986,1,0,0,DONE,DONE,719,719,1,,4.49
p3066_c001_farm,cdd0ae7b4c999599,kaggle-environments 1.32.7,a52ba1bfe9df9dc1d504550af46744ef8d474797cdba7af2412dc40a3ebdf3b8,main,bfee70e9daaebeae0737a880f1df8f1c60d0783c59af620136cc0d28ef482bc7,farm_2945_original,1055693804,1,116751,115986,1,0,0,DONE,DONE,719,719,1,,4.3
p3066_c001_farm,cdd0ae7b4c999599,kaggle-environments 1.32.7,a52ba1bfe9df9dc1d504550af46744ef8d474797cdba7af2412dc40a3ebdf3b8,main,bfee70e9daaebeae0737a880f1df8f1c60d0783c59af620136cc0d28ef482bc7,farm_2945_original,1056321518,0,73833,73458,1,0,0,DONE,DONE,719,719,1,,4.15
p3066_c001_farm,cdd0ae7b4c999599,kaggle-environments 1.32.7,a52ba1bfe9df9dc1d504550af46744ef8d474797cdba7af2412dc40a3ebdf3b8,main,bfee70e9daaebeae0737a880f1df8f1c60d0783c59af620136cc0d28ef482bc7,farm_2945_original,1056321518,1,73833,73458,1,0,0,DONE,DONE,719,719,1,,4.24
p3066_c001_farm,cdd0ae7b4c999599,kaggle-environments 1.32.7,a52ba1bfe9df9dc1d504550af46744ef8d474797cdba7af2412dc40a3ebdf3b8,main,bfee70e9daaebeae0737a880f1df8f1c60d0783c59af620136cc0d28ef482bc7,farm_2945_original,1056870283,0,97127,95655,1,0,0,DONE,DONE,719,719,1,,4.74
p3066_c001_farm,cdd0ae7b4c999599,kaggle-environments 1.32.7,a52ba1bfe9df9dc1d504550af46744ef8d474797cdba7af2412dc40a3ebdf3b8,main,bfee70e9daaebeae0737a880f1df8f1c60d0783c59af620136cc0d28ef482bc7,farm_2945_original,1056870283,1,97127,95655,1,0,0,DONE,DONE,719,719,1,,4.48
p3066_c001_farm,cdd0ae7b4c999599,kaggle-environments 1.32.7,a52ba1bfe9df9dc1d504550af46744ef8d474797cdba7af2412dc40a3ebdf3b8,main,bfee70e9daaebeae0737a880f1df8f1c60d0783c59af620136cc0d28ef482bc7,farm_2945_original,1058938463,0,123162,121853,1,0,0,DONE,DONE,719,719,1,,4.52
p3066_c001_farm,cdd0ae7b4c999599,kaggle-environments 1.32.7,a52ba1bfe9df9dc1d504550af46744ef8d474797cdba7af2412dc40a3ebdf3b8,main,bfee70e9daaebeae0737a880f1df8f1c60d0783c59af620136cc0d28ef482bc7,farm_2945_original,1058938463,1,123162,121853,1,0,0,DONE,DONE,719,719,1,,4.37
p3066_c001_farm,cdd0ae7b4c999599,kaggle-environments 1.32.7,a52ba1bfe9df9dc1d504550af46744ef8d474797cdba7af2412dc40a3ebdf3b8,main,bfee70e9daaebeae0737a880f1df8f1c60d0783c59af620136cc0d28ef482bc7,farm_2945_original,1059422864,0,67851,67805,1,0,0,DONE,DONE,719,719,1,,4.42
p3066_c001_farm,cdd0ae7b4c999599,kaggle-environments 1.32.7,a52ba1bfe9df9dc1d504550af46744ef8d474797cdba7af2412dc40a3ebdf3b8,main,bfee70e9daaebeae0737a880f1df8f1c60d0783c59af620136cc0d28ef482bc7,farm_2945_original,1059422864,1,67851,67805,1,0,0,DONE,DONE,719,719,1,,4.33
p3066_c001_farm,cdd0ae7b4c999599,kaggle-environments 1.32.7,a52ba1bfe9df9dc1d504550af46744ef8d474797cdba7af2412dc40a3ebdf3b8,main,bfee70e9daaebeae0737a880f1df8f1c60d0783c59af620136cc0d28ef482bc7,farm_2945_original,1059980553,0,101615,101514,1,0,0,DONE,DONE,719,719,1,,4.47
p3066_c001_farm,cdd0ae7b4c999599,kaggle-environments 1.32.7,a52ba1bfe9df9dc1d504550af46744ef8d474797cdba7af2412dc40a3ebdf3b8,main,bfee70e9daaebeae0737a880f1df8f1c60d0783c59af620136cc0d28ef482bc7,farm_2945_original,1059980553,1,101615,101514,1,0,0,DONE,DONE,719,719,1,,4.44
p3066_c001_farm,cdd0ae7b4c999599,kaggle-environments 1.32.7,a52ba1bfe9df9dc1d504550af46744ef8d474797cdba7af2412dc40a3ebdf3b8,main,bfee70e9daaebeae0737a880f1df8f1c60d0783c59af620136cc0d28ef482bc7,farm_2945_original,1062002424,0,94984,95751,0,1,0,DONE,DONE,719,719,1,,4.2
p3066_c001_farm,cdd0ae7b4c999599,kaggle-environments 1.32.7,a52ba1bfe9df9dc1d504550af46744ef8d474797cdba7af2412dc40a3ebdf3b8,main,bfee70e9daaebeae0737a880f1df8f1c60d0783c59af620136cc0d28ef482bc7,farm_2945_original,1062002424,1,94984,95751,0,1,0,DONE,DONE,719,719,1,,4.15
p3066_c001_farm,cdd0ae7b4c999599,kaggle-environments 1.32.7,a52ba1bfe9df9dc1d504550af46744ef8d474797cdba7af2412dc40a3ebdf3b8,main,bfee70e9daaebeae0737a880f1df8f1c60d0783c59af620136cc0d28ef482bc7,farm_2945_original,1063370765,0,112821,113652,0,1,0,DONE,DONE,719,719,1,,4.73
p3066_c001_farm,cdd0ae7b4c999599,kaggle-environments 1.32.7,a52ba1bfe9df9dc1d504550af46744ef8d474797cdba7af2412dc40a3ebdf3b8,main,bfee70e9daaebeae0737a880f1df8f1c60d0783c59af620136cc0d28ef482bc7,farm_2945_original,1063370765,1,112821,113652,0,1,0,DONE,DONE,719,719,1,,4.3
p3066_c001_farm,cdd0ae7b4c999599,kaggle-environments 1.32.7,a52ba1bfe9df9dc1d504550af46744ef8d474797cdba7af2412dc40a3ebdf3b8,main,bfee70e9daaebeae0737a880f1df8f1c60d0783c59af620136cc0d28ef482bc7,farm_2945_original,1064247403,0,66201,65364,1,0,0,DONE,DONE,719,719,1,,4.46
p3066_c001_farm,cdd0ae7b4c999599,kaggle-environments 1.32.7,a52ba1bfe9df9dc1d504550af46744ef8d474797cdba7af2412dc40a3ebdf3b8,main,bfee70e9daaebeae0737a880f1df8f1c60d0783c59af620136cc0d28ef482bc7,farm_2945_original,1064247403,1,66201,65364,1,0,0,DONE,DONE,719,719,1,,4.4
p3066_c001_farm,cdd0ae7b4c999599,kaggle-environments 1.32.7,a52ba1bfe9df9dc1d504550af46744ef8d474797cdba7af2412dc40a3ebdf3b8,main,bfee70e9daaebeae0737a880f1df8f1c60d0783c59af620136cc0d28ef482bc7,farm_2945_original,1064829531,0,126926,126937,0,1,0,DONE,DONE,719,719,1,,4.42
p3066_c001_farm,cdd0ae7b4c999599,kaggle-environments 1.32.7,a52ba1bfe9df9dc1d504550af46744ef8d474797cdba7af2412dc40a3ebdf3b8,main,bfee70e9daaebeae0737a880f1df8f1c60d0783c59af620136cc0d28ef482bc7,farm_2945_original,1064829531,1,126926,126937,0,1,0,DONE,DONE,719,719,1,,4.26
p3066_c001_farm,cdd0ae7b4c999599,kaggle-environments 1.32.7,a52ba1bfe9df9dc1d504550af46744ef8d474797cdba7af2412dc40a3ebdf3b8,main,bfee70e9daaebeae0737a880f1df8f1c60d0783c59af620136cc0d28ef482bc7,farm_2945_original,1067915326,0,72389,72735,0,1,0,DONE,DONE,719,719,1,,4.52
p3066_c001_farm,cdd0ae7b4c999599,kaggle-environments 1.32.7,a52ba1bfe9df9dc1d504550af46744ef8d474797cdba7af2412dc40a3ebdf3b8,main,bfee70e9daaebeae0737a880f1df8f1c60d0783c59af620136cc0d28ef482bc7,farm_2945_original,1067915326,1,72389,72735,0,1,0,DONE,DONE,719,719,1,,4.11
p3066_c001_farm,cdd0ae7b4c999599,kaggle-environments 1.32.7,a52ba1bfe9df9dc1d504550af46744ef8d474797cdba7af2412dc40a3ebdf3b8,main,bfee70e9daaebeae0737a880f1df8f1c60d0783c59af620136cc0d28ef482bc7,farm_2945_original,1068123878,0,100766,101468,0,1,0,DONE,DONE,719,719,1,,4.73
p3066_c001_farm,cdd0ae7b4c999599,kaggle-environments 1.32.7,a52ba1bfe9df9dc1d504550af46744ef8d474797cdba7af2412dc40a3ebdf3b8,main,bfee70e9daaebeae0737a880f1df8f1c60d0783c59af620136cc0d28ef482bc7,farm_2945_original,1068123878,1,100766,101468,0,1,0,DONE,DONE,719,719,1,,4.83
p3066_c001_farm,cdd0ae7b4c999599,kaggle-environments 1.32.7,a52ba1bfe9df9dc1d504550af46744ef8d474797cdba7af2412dc40a3ebdf3b8,main,bfee70e9daaebeae0737a880f1df8f1c60d0783c59af620136cc0d28ef482bc7,farm_2945_original,1071625791,0,57051,55667,1,0,0,DONE,DONE,719,719,1,,4.17
p3066_c001_farm,cdd0ae7b4c999599,kaggle-environments 1.32.7,a52ba1bfe9df9dc1d504550af46744ef8d474797cdba7af2412dc40a3ebdf3b8,main,bfee70e9daaebeae0737a880f1df8f1c60d0783c59af620136cc0d28ef482bc7,farm_2945_original,1071625791,1,57051,55667,1,0,0,DONE,DONE,719,719,1,,4.48
p3066_c001_farm,cdd0ae7b4c999599,kaggle-environments 1.32.7,a52ba1bfe9df9dc1d504550af46744ef8d474797cdba7af2412dc40a3ebdf3b8,main,bfee70e9daaebeae0737a880f1df8f1c60d0783c59af620136cc0d28ef482bc7,farm_2945_original,1071750641,0,58676,58892,0,1,0,DONE,DONE,719,719,1,,4.34
p3066_c001_farm,cdd0ae7b4c999599,kaggle-environments 1.32.7,a52ba1bfe9df9dc1d504550af46744ef8d474797cdba7af2412dc40a3ebdf3b8,main,bfee70e9daaebeae0737a880f1df8f1c60d0783c59af620136cc0d28ef482bc7,farm_2945_original,1071750641,1,58676,58892,0,1,0,DONE,DONE,719,719,1,,4.2
p3066_c001_farm,cdd0ae7b4c999599,kaggle-environments 1.32.7,a52ba1bfe9df9dc1d504550af46744ef8d474797cdba7af2412dc40a3ebdf3b8,main,bfee70e9daaebeae0737a880f1df8f1c60d0783c59af620136cc0d28ef482bc7,farm_2945_original,1076109572,0,71087,71326,0,1,0,DONE,DONE,719,719,1,,4.41
p3066_c001_farm,cdd0ae7b4c999599,kaggle-environments 1.32.7,a52ba1bfe9df9dc1d504550af46744ef8d474797cdba7af2412dc40a3ebdf3b8,main,bfee70e9daaebeae0737a880f1df8f1c60d0783c59af620136cc0d28ef482bc7,farm_2945_original,1076109572,1,71087,71326,0,1,0,DONE,DONE,719,719,1,,4.28
p3066_c001_farm,cdd0ae7b4c999599,kaggle-environments 1.32.7,a52ba1bfe9df9dc1d504550af46744ef8d474797cdba7af2412dc40a3ebdf3b8,main,bfee70e9daaebeae0737a880f1df8f1c60d0783c59af620136cc0d28ef482bc7,farm_2945_original,1076283350,0,89801,90070,0,1,0,DONE,DONE,719,719,1,,4.57
p3066_c001_farm,cdd0ae7b4c999599,kaggle-environments 1.32.7,a52ba1bfe9df9dc1d504550af46744ef8d474797cdba7af2412dc40a3ebdf3b8,main,bfee70e9daaebeae0737a880f1df8f1c60d0783c59af620136cc0d28ef482bc7,farm_2945_original,1076283350,1,89801,90070,0,1,0,DONE,DONE,719,719,1,,4.32
p3066_c001_farm,cdd0ae7b4c999599,kaggle-environments 1.32.7,a52ba1bfe9df9dc1d504550af46744ef8d474797cdba7af2412dc40a3ebdf3b8,main,bfee70e9daaebeae0737a880f1df8f1c60d0783c59af620136cc0d28ef482bc7,farm_2945_original,1076490134,0,81786,83377,0,1,0,DONE,DONE,719,719,1,,4.48
p3066_c001_farm,cdd0ae7b4c999599,kaggle-environments 1.32.7,a52ba1bfe9df9dc1d504550af46744ef8d474797cdba7af2412dc40a3ebdf3b8,main,bfee70e9daaebeae0737a880f1df8f1c60d0783c59af620136cc0d28ef482bc7,farm_2945_original,1076490134,1,81786,83377,0,1,0,DONE,DONE,719,719,1,,4.54
p3066_c001_farm,cdd0ae7b4c999599,kaggle-environments 1.32.7,a52ba1bfe9df9dc1d504550af46744ef8d474797cdba7af2412dc40a3ebdf3b8,main,bfee70e9daaebeae0737a880f1df8f1c60d0783c59af620136cc0d28ef482bc7,farm_2945_original,1077393784,0,117338,118912,0,1,0,DONE,DONE,719,719,1,,4.16
p3066_c001_farm,cdd0ae7b4c999599,kaggle-environments 1.32.7,a52ba1bfe9df9dc1d504550af46744ef8d474797cdba7af2412dc40a3ebdf3b8,main,bfee70e9daaebeae0737a880f1df8f1c60d0783c59af620136cc0d28ef482bc7,farm_2945_original,1077393784,1,117338,118912,0,1,0,DONE,DONE,719,719,1,,4.32
p3066_c001_farm,cdd0ae7b4c999599,kaggle-environments 1.32.7,a52ba1bfe9df9dc1d504550af46744ef8d474797cdba7af2412dc40a3ebdf3b8,main,bfee70e9daaebeae0737a880f1df8f1c60d0783c59af620136cc0d28ef482bc7,farm_2945_original,1078413127,0,93036,93539,0,1,0,DONE,DONE,719,719,1,,4.44
p3066_c001_farm,cdd0ae7b4c999599,kaggle-environments 1.32.7,a52ba1bfe9df9dc1d504550af46744ef8d474797cdba7af2412dc40a3ebdf3b8,main,bfee70e9daaebeae0737a880f1df8f1c60d0783c59af620136cc0d28ef482bc7,farm_2945_original,1078413127,1,93036,93539,0,1,0,DONE,DONE,719,719,1,,4.6
p3066_c001_farm,cdd0ae7b4c999599,kaggle-environments 1.32.7,a52ba1bfe9df9dc1d504550af46744ef8d474797cdba7af2412dc40a3ebdf3b8,main,bfee70e9daaebeae0737a880f1df8f1c60d0783c59af620136cc0d28ef482bc7,farm_2945_original,1078506012,0,84128,77216,1,0,0,DONE,DONE,719,719,1,,4.31
p3066_c001_farm,cdd0ae7b4c999599,kaggle-environments 1.32.7,a52ba1bfe9df9dc1d504550af46744ef8d474797cdba7af2412dc40a3ebdf3b8,main,bfee70e9daaebeae0737a880f1df8f1c60d0783c59af620136cc0d28ef482bc7,farm_2945_original,1078506012,1,80615,73182,1,0,0,DONE,DONE,719,719,1,,4.68
p3066_c001_farm,cdd0ae7b4c999599,kaggle-environments 1.32.7,a52ba1bfe9df9dc1d504550af46744ef8d474797cdba7af2412dc40a3ebdf3b8,main,bfee70e9daaebeae0737a880f1df8f1c60d0783c59af620136cc0d28ef482bc7,farm_2945_original,1078546661,0,122657,122537,1,0,0,DONE,DONE,719,719,1,,4.65
p3066_c001_farm,cdd0ae7b4c999599,kaggle-environments 1.32.7,a52ba1bfe9df9dc1d504550af46744ef8d474797cdba7af2412dc40a3ebdf3b8,main,bfee70e9daaebeae0737a880f1df8f1c60d0783c59af620136cc0d28ef482bc7,farm_2945_original,1078546661,1,122657,122537,1,0,0,DONE,DONE,719,719,1,,4.43
p3066_c001_farm,cdd0ae7b4c999599,kaggle-environments 1.32.7,a52ba1bfe9df9dc1d504550af46744ef8d474797cdba7af2412dc40a3ebdf3b8,main,bfee70e9daaebeae0737a880f1df8f1c60d0783c59af620136cc0d28ef482bc7,farm_2945_original,1080434211,0,97504,98038,0,1,0,DONE,DONE,719,719,1,,4.8
p3066_c001_farm,cdd0ae7b4c999599,kaggle-environments 1.32.7,a52ba1bfe9df9dc1d504550af46744ef8d474797cdba7af2412dc40a3ebdf3b8,main,bfee70e9daaebeae0737a880f1df8f1c60d0783c59af620136cc0d28ef482bc7,farm_2945_original,1080434211,1,97504,98038,0,1,0,DONE,DONE,719,719,1,,4.36
p3066_c001_farm,cdd0ae7b4c999599,kaggle-environments 1.32.7,a52ba1bfe9df9dc1d504550af46744ef8d474797cdba7af2412dc40a3ebdf3b8,main,bfee70e9daaebeae0737a880f1df8f1c60d0783c59af620136cc0d28ef482bc7,farm_2945_original,1080694309,0,120504,119474,1,0,0,DONE,DONE,719,719,1,,4.74
p3066_c001_farm,cdd0ae7b4c999599,kaggle-environments 1.32.7,a52ba1bfe9df9dc1d504550af46744ef8d474797cdba7af2412dc40a3ebdf3b8,main,bfee70e9daaebeae0737a880f1df8f1c60d0783c59af620136cc0d28ef482bc7,farm_2945_original,1080694309,1,120504,119474,1,0,0,DONE,DONE,719,719,1,,4.46
p3066_c001_farm,cdd0ae7b4c999599,kaggle-environments 1.32.7,a52ba1bfe9df9dc1d504550af46744ef8d474797cdba7af2412dc40a3ebdf3b8,main,bfee70e9daaebeae0737a880f1df8f1c60d0783c59af620136cc0d28ef482bc7,farm_2945_original,1082166263,0,72557,73935,0,1,0,DONE,DONE,719,719,1,,4.41
p3066_c001_farm,cdd0ae7b4c999599,kaggle-environments 1.32.7,a52ba1bfe9df9dc1d504550af46744ef8d474797cdba7af2412dc40a3ebdf3b8,main,bfee70e9daaebeae0737a880f1df8f1c60d0783c59af620136cc0d28ef482bc7,farm_2945_original,1082166263,1,72557,73935,0,1,0,DONE,DONE,719,719,1,,4.07
p3066_c001_farm,cdd0ae7b4c999599,kaggle-environments 1.32.7,a52ba1bfe9df9dc1d504550af46744ef8d474797cdba7af2412dc40a3ebdf3b8,main,bfee70e9daaebeae0737a880f1df8f1c60d0783c59af620136cc0d28ef482bc7,farm_2945_original,1082170693,0,110196,109942,1,0,0,DONE,DONE,719,719,1,,4.19
p3066_c001_farm,cdd0ae7b4c999599,kaggle-environments 1.32.7,a52ba1bfe9df9dc1d504550af46744ef8d474797cdba7af2412dc40a3ebdf3b8,main,bfee70e9daaebeae0737a880f1df8f1c60d0783c59af620136cc0d28ef482bc7,farm_2945_original,1082170693,1,110196,109942,1,0,0,DONE,DONE,719,719,1,,4.33
p3066_c001_farm,cdd0ae7b4c999599,kaggle-environments 1.32.7,a52ba1bfe9df9dc1d504550af46744ef8d474797cdba7af2412dc40a3ebdf3b8,main,bfee70e9daaebeae0737a880f1df8f1c60d0783c59af620136cc0d28ef482bc7,farm_2945_original,1084420597,0,89247,91232,0,1,0,DONE,DONE,719,719,1,,4.67
p3066_c001_farm,cdd0ae7b4c999599,kaggle-environments 1.32.7,a52ba1bfe9df9dc1d504550af46744ef8d474797cdba7af2412dc40a3ebdf3b8,main,bfee70e9daaebeae0737a880f1df8f1c60d0783c59af620136cc0d28ef482bc7,farm_2945_original,1084420597,1,89247,91232,0,1,0,DONE,DONE,719,719,1,,4.47
p3066_c001_farm,cdd0ae7b4c999599,kaggle-environments 1.32.7,a52ba1bfe9df9dc1d504550af46744ef8d474797cdba7af2412dc40a3ebdf3b8,main,bfee70e9daaebeae0737a880f1df8f1c60d0783c59af620136cc0d28ef482bc7,farm_2945_original,1086869697,0,118989,119206,0,1,0,DONE,DONE,719,719,1,,4.23
p3066_c001_farm,cdd0ae7b4c999599,kaggle-environments 1.32.7,a52ba1bfe9df9dc1d504550af46744ef8d474797cdba7af2412dc40a3ebdf3b8,main,bfee70e9daaebeae0737a880f1df8f1c60d0783c59af620136cc0d28ef482bc7,farm_2945_original,1086869697,1,118989,119206,0,1,0,DONE,DONE,719,719,1,,4.27
p3066_c001_farm,cdd0ae7b4c999599,kaggle-environments 1.32.7,a52ba1bfe9df9dc1d504550af46744ef8d474797cdba7af2412dc40a3ebdf3b8,main,bfee70e9daaebeae0737a880f1df8f1c60d0783c59af620136cc0d28ef482bc7,farm_2945_original,1088307232,0,81423,79797,1,0,0,DONE,DONE,719,719,1,,4.32
p3066_c001_farm,cdd0ae7b4c999599,kaggle-environments 1.32.7,a52ba1bfe9df9dc1d504550af46744ef8d474797cdba7af2412dc40a3ebdf3b8,main,bfee70e9daaebeae0737a880f1df8f1c60d0783c59af620136cc0d28ef482bc7,farm_2945_original,1088307232,1,81423,79797,1,0,0,DONE,DONE,719,719,1,,4.31
p3066_c001_farm,cdd0ae7b4c999599,kaggle-environments 1.32.7,a52ba1bfe9df9dc1d504550af46744ef8d474797cdba7af2412dc40a3ebdf3b8,main,bfee70e9daaebeae0737a880f1df8f1c60d0783c59af620136cc0d28ef482bc7,farm_2945_original,1091462566,0,115590,117193,0,1,0,DONE,DONE,719,719,1,,4.59
p3066_c001_farm,cdd0ae7b4c999599,kaggle-environments 1.32.7,a52ba1bfe9df9dc1d504550af46744ef8d474797cdba7af2412dc40a3ebdf3b8,main,bfee70e9daaebeae0737a880f1df8f1c60d0783c59af620136cc0d28ef482bc7,farm_2945_original,1091462566,1,115590,117193,0,1,0,DONE,DONE,719,719,1,,4.19
p3066_c001_farm,cdd0ae7b4c999599,kaggle-environments 1.32.7,a52ba1bfe9df9dc1d504550af46744ef8d474797cdba7af2412dc40a3ebdf3b8,main,bfee70e9daaebeae0737a880f1df8f1c60d0783c59af620136cc0d28ef482bc7,farm_2945_original,1091514343,0,67393,67506,0,1,0,DONE,DONE,719,719,1,,4.5
p3066_c001_farm,cdd0ae7b4c999599,kaggle-environments 1.32.7,a52ba1bfe9df9dc1d504550af46744ef8d474797cdba7af2412dc40a3ebdf3b8,main,bfee70e9daaebeae0737a880f1df8f1c60d0783c59af620136cc0d28ef482bc7,farm_2945_original,1091514343,1,67393,67506,0,1,0,DONE,DONE,719,719,1,,4.3
p3066_c001_farm,cdd0ae7b4c999599,kaggle-environments 1.32.7,a52ba1bfe9df9dc1d504550af46744ef8d474797cdba7af2412dc40a3ebdf3b8,main,bfee70e9daaebeae0737a880f1df8f1c60d0783c59af620136cc0d28ef482bc7,farm_2945_original,1092322281,0,101913,100699,1,0,0,DONE,DONE,719,719,1,,4.43
p3066_c001_farm,cdd0ae7b4c999599,kaggle-environments 1.32.7,a52ba1bfe9df9dc1d504550af46744ef8d474797cdba7af2412dc40a3ebdf3b8,main,bfee70e9daaebeae0737a880f1df8f1c60d0783c59af620136cc0d28ef482bc7,farm_2945_original,1092322281,1,101913,100699,1,0,0,DONE,DONE,719,719,1,,4.55
p3066_c001_farm,cdd0ae7b4c999599,kaggle-environments 1.32.7,a52ba1bfe9df9dc1d504550af46744ef8d474797cdba7af2412dc40a3ebdf3b8,main,bfee70e9daaebeae0737a880f1df8f1c60d0783c59af620136cc0d28ef482bc7,farm_2945_original,1094140670,0,98213,98861,0,1,0,DONE,DONE,719,719,1,,4.48
p3066_c001_farm,cdd0ae7b4c999599,kaggle-environments 1.32.7,a52ba1bfe9df9dc1d504550af46744ef8d474797cdba7af2412dc40a3ebdf3b8,main,bfee70e9daaebeae0737a880f1df8f1c60d0783c59af620136cc0d28ef482bc7,farm_2945_original,1094140670,1,98213,98861,0,1,0,DONE,DONE,719,719,1,,4.49
p3066_c001_farm,cdd0ae7b4c999599,kaggle-environments 1.32.7,a52ba1bfe9df9dc1d504550af46744ef8d474797cdba7af2412dc40a3ebdf3b8,main,bfee70e9daaebeae0737a880f1df8f1c60d0783c59af620136cc0d28ef482bc7,farm_2945_original,1096131152,0,72979,73424,0,1,0,DONE,DONE,719,719,1,,4.47
p3066_c001_farm,cdd0ae7b4c999599,kaggle-environments 1.32.7,a52ba1bfe9df9dc1d504550af46744ef8d474797cdba7af2412dc40a3ebdf3b8,main,bfee70e9daaebeae0737a880f1df8f1c60d0783c59af620136cc0d28ef482bc7,farm_2945_original,1096131152,1,72979,73424,0,1,0,DONE,DONE,719,719,1,,4.23
p3066_c001_farm,cdd0ae7b4c999599,kaggle-environments 1.32.7,a52ba1bfe9df9dc1d504550af46744ef8d474797cdba7af2412dc40a3ebdf3b8,main,bfee70e9daaebeae0737a880f1df8f1c60d0783c59af620136cc0d28ef482bc7,farm_2945_original,1097364178,0,124239,122844,1,0,0,DONE,DONE,719,719,1,,4.31
p3066_c001_farm,cdd0ae7b4c999599,kaggle-environments 1.32.7,a52ba1bfe9df9dc1d504550af46744ef8d474797cdba7af2412dc40a3ebdf3b8,main,bfee70e9daaebeae0737a880f1df8f1c60d0783c59af620136cc0d28ef482bc7,farm_2945_original,1097364178,1,124239,122844,1,0,0,DONE,DONE,719,719,1,,4.46
p3066_c001_farm,cdd0ae7b4c999599,kaggle-environments 1.32.7,a52ba1bfe9df9dc1d504550af46744ef8d474797cdba7af2412dc40a3ebdf3b8,main,bfee70e9daaebeae0737a880f1df8f1c60d0783c59af620136cc0d28ef482bc7,farm_2945_original,1099530277,0,97042,95683,1,0,0,DONE,DONE,719,719,1,,4.37
p3066_c001_farm,cdd0ae7b4c999599,kaggle-environments 1.32.7,a52ba1bfe9df9dc1d504550af46744ef8d474797cdba7af2412dc40a3ebdf3b8,main,bfee70e9daaebeae0737a880f1df8f1c60d0783c59af620136cc0d28ef482bc7,farm_2945_original,1099530277,1,97168,95557,1,0,0,DONE,DONE,719,719,1,,4.2
p3066_c001_farm,cdd0ae7b4c999599,kaggle-environments 1.32.7,a52ba1bfe9df9dc1d504550af46744ef8d474797cdba7af2412dc40a3ebdf3b8,main,bfee70e9daaebeae0737a880f1df8f1c60d0783c59af620136cc0d28ef482bc7,farm_2945_original,1101289592,0,115425,116075,0,1,0,DONE,DONE,719,719,1,,4.48
p3066_c001_farm,cdd0ae7b4c999599,kaggle-environments 1.32.7,a52ba1bfe9df9dc1d504550af46744ef8d474797cdba7af2412dc40a3ebdf3b8,main,bfee70e9daaebeae0737a880f1df8f1c60d0783c59af620136cc0d28ef482bc7,farm_2945_original,1101289592,1,115425,116075,0,1,0,DONE,DONE,719,719,1,,4.28
p3066_c001_farm,cdd0ae7b4c999599,kaggle-environments 1.32.7,a52ba1bfe9df9dc1d504550af46744ef8d474797cdba7af2412dc40a3ebdf3b8,main,bfee70e9daaebeae0737a880f1df8f1c60d0783c59af620136cc0d28ef482bc7,farm_2945_original,1109325984,0,87989,88155,0,1,0,DONE,DONE,719,719,1,,4.35
p3066_c001_farm,cdd0ae7b4c999599,kaggle-environments 1.32.7,a52ba1bfe9df9dc1d504550af46744ef8d474797cdba7af2412dc40a3ebdf3b8,main,bfee70e9daaebeae0737a880f1df8f1c60d0783c59af620136cc0d28ef482bc7,farm_2945_original,1109325984,1,87989,88155,0,1,0,DONE,DONE,719,719,1,,4.3
p3066_c001_farm,cdd0ae7b4c999599,kaggle-environments 1.32.7,a52ba1bfe9df9dc1d504550af46744ef8d474797cdba7af2412dc40a3ebdf3b8,main,bfee70e9daaebeae0737a880f1df8f1c60d0783c59af620136cc0d28ef482bc7,farm_2945_original,1111593401,0,59545,61018,0,1,0,DONE,DONE,719,719,1,,4.24
p3066_c001_farm,cdd0ae7b4c999599,kaggle-environments 1.32.7,a52ba1bfe9df9dc1d504550af46744ef8d474797cdba7af2412dc40a3ebdf3b8,main,bfee70e9daaebeae0737a880f1df8f1c60d0783c59af620136cc0d28ef482bc7,farm_2945_original,1111593401,1,59545,61018,0,1,0,DONE,DONE,719,719,1,,4.3
p3066_c001_farm,cdd0ae7b4c999599,kaggle-environments 1.32.7,a52ba1bfe9df9dc1d504550af46744ef8d474797cdba7af2412dc40a3ebdf3b8,main,bfee70e9daaebeae0737a880f1df8f1c60d0783c59af620136cc0d28ef482bc7,farm_2945_original,1113534569,0,80768,79860,1,0,0,DONE,DONE,719,719,1,,4.63
p3066_c001_farm,cdd0ae7b4c999599,kaggle-environments 1.32.7,a52ba1bfe9df9dc1d504550af46744ef8d474797cdba7af2412dc40a3ebdf3b8,main,bfee70e9daaebeae0737a880f1df8f1c60d0783c59af620136cc0d28ef482bc7,farm_2945_original,1113534569,1,80768,79860,1,0,0,DONE,DONE,719,719,1,,4.3
p3066_c001_farm,cdd0ae7b4c999599,kaggle-environments 1.32.7,a52ba1bfe9df9dc1d504550af46744ef8d474797cdba7af2412dc40a3ebdf3b8,main,bfee70e9daaebeae0737a880f1df8f1c60d0783c59af620136cc0d28ef482bc7,farm_2945_original,1114308355,0,77228,78832,0,1,0,DONE,DONE,719,719,1,,4.21
p3066_c001_farm,cdd0ae7b4c999599,kaggle-environments 1.32.7,a52ba1bfe9df9dc1d504550af46744ef8d474797cdba7af2412dc40a3ebdf3b8,main,bfee70e9daaebeae0737a880f1df8f1c60d0783c59af620136cc0d28ef482bc7,farm_2945_original,1114308355,1,77228,78832,0,1,0,DONE,DONE,719,719,1,,4.27
p3066_c001_farm,cdd0ae7b4c999599,kaggle-environments 1.32.7,a52ba1bfe9df9dc1d504550af46744ef8d474797cdba7af2412dc40a3ebdf3b8,main,bfee70e9daaebeae0737a880f1df8f1c60d0783c59af620136cc0d28ef482bc7,farm_2945_original,1115020116,0,145191,144937,1,0,0,DONE,DONE,719,719,1,,4.47
p3066_c001_farm,cdd0ae7b4c999599,kaggle-environments 1.32.7,a52ba1bfe9df9dc1d504550af46744ef8d474797cdba7af2412dc40a3ebdf3b8,main,bfee70e9daaebeae0737a880f1df8f1c60d0783c59af620136cc0d28ef482bc7,farm_2945_original,1115020116,1,145191,144937,1,0,0,DONE,DONE,719,719,1,,4.32
p3066_c001_farm,cdd0ae7b4c999599,kaggle-environments 1.32.7,a52ba1bfe9df9dc1d504550af46744ef8d474797cdba7af2412dc40a3ebdf3b8,main,bfee70e9daaebeae0737a880f1df8f1c60d0783c59af620136cc0d28ef482bc7,farm_2945_original,1115170125,0,83055,82446,1,0,0,DONE,DONE,719,719,1,,4.49
p3066_c001_farm,cdd0ae7b4c999599,kaggle-environments 1.32.7,a52ba1bfe9df9dc1d504550af46744ef8d474797cdba7af2412dc40a3ebdf3b8,main,bfee70e9daaebeae0737a880f1df8f1c60d0783c59af620136cc0d28ef482bc7,farm_2945_original,1115170125,1,83055,82446,1,0,0,DONE,DONE,719,719,1,,4.52
p3066_c001_farm,cdd0ae7b4c999599,kaggle-environments 1.32.7,a52ba1bfe9df9dc1d504550af46744ef8d474797cdba7af2412dc40a3ebdf3b8,main,bfee70e9daaebeae0737a880f1df8f1c60d0783c59af620136cc0d28ef482bc7,farm_2945_original,1115434211,0,85169,84957,1,0,0,DONE,DONE,719,719,1,,4.51
p3066_c001_farm,cdd0ae7b4c999599,kaggle-environments 1.32.7,a52ba1bfe9df9dc1d504550af46744ef8d474797cdba7af2412dc40a3ebdf3b8,main,bfee70e9daaebeae0737a880f1df8f1c60d0783c59af620136cc0d28ef482bc7,farm_2945_original,1115434211,1,85169,84957,1,0,0,DONE,DONE,719,719,1,,4.39
p3066_c001_farm,cdd0ae7b4c999599,kaggle-environments 1.32.7,a52ba1bfe9df9dc1d504550af46744ef8d474797cdba7af2412dc40a3ebdf3b8,main,bfee70e9daaebeae0737a880f1df8f1c60d0783c59af620136cc0d28ef482bc7,farm_2945_original,1117077517,0,84048,84458,0,1,0,DONE,DONE,719,719,1,,4.45
p3066_c001_farm,cdd0ae7b4c999599,kaggle-environments 1.32.7,a52ba1bfe9df9dc1d504550af46744ef8d474797cdba7af2412dc40a3ebdf3b8,main,bfee70e9daaebeae0737a880f1df8f1c60d0783c59af620136cc0d28ef482bc7,farm_2945_original,1117077517,1,84048,84458,0,1,0,DONE,DONE,719,719,1,,4.11
p3066_c001_farm,cdd0ae7b4c999599,kaggle-environments 1.32.7,a52ba1bfe9df9dc1d504550af46744ef8d474797cdba7af2412dc40a3ebdf3b8,main,bfee70e9daaebeae0737a880f1df8f1c60d0783c59af620136cc0d28ef482bc7,farm_2945_original,1122651069,0,75518,76339,0,1,0,DONE,DONE,719,719,1,,4.17
p3066_c001_farm,cdd0ae7b4c999599,kaggle-environments 1.32.7,a52ba1bfe9df9dc1d504550af46744ef8d474797cdba7af2412dc40a3ebdf3b8,main,bfee70e9daaebeae0737a880f1df8f1c60d0783c59af620136cc0d28ef482bc7,farm_2945_original,1122651069,1,90495,91080,0,1,0,DONE,DONE,719,719,1,,4.28
p3066_c001_farm,cdd0ae7b4c999599,kaggle-environments 1.32.7,a52ba1bfe9df9dc1d504550af46744ef8d474797cdba7af2412dc40a3ebdf3b8,main,bfee70e9daaebeae0737a880f1df8f1c60d0783c59af620136cc0d28ef482bc7,farm_2945_original,1126323244,0,88190,89134,0,1,0,DONE,DONE,719,719,1,,4.19
p3066_c001_farm,cdd0ae7b4c999599,kaggle-environments 1.32.7,a52ba1bfe9df9dc1d504550af46744ef8d474797cdba7af2412dc40a3ebdf3b8,main,bfee70e9daaebeae0737a880f1df8f1c60d0783c59af620136cc0d28ef482bc7,farm_2945_original,1126323244,1,88190,89134,0,1,0,DONE,DONE,719,719,1,,4.2
p3066_c001_farm,cdd0ae7b4c999599,kaggle-environments 1.32.7,a52ba1bfe9df9dc1d504550af46744ef8d474797cdba7af2412dc40a3ebdf3b8,main,bfee70e9daaebeae0737a880f1df8f1c60d0783c59af620136cc0d28ef482bc7,farm_2945_original,1126452007,0,107283,106119,1,0,0,DONE,DONE,719,719,1,,4.26
p3066_c001_farm,cdd0ae7b4c999599,kaggle-environments 1.32.7,a52ba1bfe9df9dc1d504550af46744ef8d474797cdba7af2412dc40a3ebdf3b8,main,bfee70e9daaebeae0737a880f1df8f1c60d0783c59af620136cc0d28ef482bc7,farm_2945_original,1126452007,1,107283,106119,1,0,0,DONE,DONE,719,719,1,,4.41
p3066_c001_farm,cdd0ae7b4c999599,kaggle-environments 1.32.7,a52ba1bfe9df9dc1d504550af46744ef8d474797cdba7af2412dc40a3ebdf3b8,main,bfee70e9daaebeae0737a880f1df8f1c60d0783c59af620136cc0d28ef482bc7,farm_2945_original,1126481514,0,101279,101143,1,0,0,DONE,DONE,719,719,1,,4.61
p3066_c001_farm,cdd0ae7b4c999599,kaggle-environments 1.32.7,a52ba1bfe9df9dc1d504550af46744ef8d474797cdba7af2412dc40a3ebdf3b8,main,bfee70e9daaebeae0737a880f1df8f1c60d0783c59af620136cc0d28ef482bc7,farm_2945_original,1126481514,1,101279,101143,1,0,0,DONE,DONE,719,719,1,,4.26
p3066_c001_farm,cdd0ae7b4c999599,kaggle-environments 1.32.7,a52ba1bfe9df9dc1d504550af46744ef8d474797cdba7af2412dc40a3ebdf3b8,main,bfee70e9daaebeae0737a880f1df8f1c60d0783c59af620136cc0d28ef482bc7,farm_2945_original,1126907374,0,112553,112205,1,0,0,DONE,DONE,719,719,1,,4.56
p3066_c001_farm,cdd0ae7b4c999599,kaggle-environments 1.32.7,a52ba1bfe9df9dc1d504550af46744ef8d474797cdba7af2412dc40a3ebdf3b8,main,bfee70e9daaebeae0737a880f1df8f1c60d0783c59af620136cc0d28ef482bc7,farm_2945_original,1126907374,1,112553,112205,1,0,0,DONE,DONE,719,719,1,,4.21
p3066_c001_farm,cdd0ae7b4c999599,kaggle-environments 1.32.7,a52ba1bfe9df9dc1d504550af46744ef8d474797cdba7af2412dc40a3ebdf3b8,main,bfee70e9daaebeae0737a880f1df8f1c60d0783c59af620136cc0d28ef482bc7,farm_2945_original,1127292416,0,97639,96477,1,0,0,DONE,DONE,719,719,1,,4.7
p3066_c001_farm,cdd0ae7b4c999599,kaggle-environments 1.32.7,a52ba1bfe9df9dc1d504550af46744ef8d474797cdba7af2412dc40a3ebdf3b8,main,bfee70e9daaebeae0737a880f1df8f1c60d0783c59af620136cc0d28ef482bc7,farm_2945_original,1127292416,1,97639,96477,1,0,0,DONE,DONE,719,719,1,,4.46
p3066_c001_farm,cdd0ae7b4c999599,kaggle-environments 1.32.7,a52ba1bfe9df9dc1d504550af46744ef8d474797cdba7af2412dc40a3ebdf3b8,main,bfee70e9daaebeae0737a880f1df8f1c60d0783c59af620136cc0d28ef482bc7,farm_2945_original,1129172228,0,115684,115520,1,0,0,DONE,DONE,719,719,1,,4.22
p3066_c001_farm,cdd0ae7b4c999599,kaggle-environments 1.32.7,a52ba1bfe9df9dc1d504550af46744ef8d474797cdba7af2412dc40a3ebdf3b8,main,bfee70e9daaebeae0737a880f1df8f1c60d0783c59af620136cc0d28ef482bc7,farm_2945_original,1129172228,1,115684,115520,1,0,0,DONE,DONE,719,719,1,,4.19
p3066_c001_farm,cdd0ae7b4c999599,kaggle-environments 1.32.7,a52ba1bfe9df9dc1d504550af46744ef8d474797cdba7af2412dc40a3ebdf3b8,main,bfee70e9daaebeae0737a880f1df8f1c60d0783c59af620136cc0d28ef482bc7,farm_2945_original,1131912892,0,92350,89130,1,0,0,DONE,DONE,719,719,1,,4.36
p3066_c001_farm,cdd0ae7b4c999599,kaggle-environments 1.32.7,a52ba1bfe9df9dc1d504550af46744ef8d474797cdba7af2412dc40a3ebdf3b8,main,bfee70e9daaebeae0737a880f1df8f1c60d0783c59af620136cc0d28ef482bc7,farm_2945_original,1131912892,1,92350,89130,1,0,0,DONE,DONE,719,719,1,,4.21
p3066_c001_farm,cdd0ae7b4c999599,kaggle-environments 1.32.7,a52ba1bfe9df9dc1d504550af46744ef8d474797cdba7af2412dc40a3ebdf3b8,main,bfee70e9daaebeae0737a880f1df8f1c60d0783c59af620136cc0d28ef482bc7,farm_2945_original,1132877687,0,93827,93590,1,0,0,DONE,DONE,719,719,1,,4.49
p3066_c001_farm,cdd0ae7b4c999599,kaggle-environments 1.32.7,a52ba1bfe9df9dc1d504550af46744ef8d474797cdba7af2412dc40a3ebdf3b8,main,bfee70e9daaebeae0737a880f1df8f1c60d0783c59af620136cc0d28ef482bc7,farm_2945_original,1132877687,1,93827,93590,1,0,0,DONE,DONE,719,719,1,,4.21
p3066_c001_farm,cdd0ae7b4c999599,kaggle-environments 1.32.7,a52ba1bfe9df9dc1d504550af46744ef8d474797cdba7af2412dc40a3ebdf3b8,main,bfee70e9daaebeae0737a880f1df8f1c60d0783c59af620136cc0d28ef482bc7,farm_2945_original,1137444326,0,149042,148785,1,0,0,DONE,DONE,719,719,1,,4.42
p3066_c001_farm,cdd0ae7b4c999599,kaggle-environments 1.32.7,a52ba1bfe9df9dc1d504550af46744ef8d474797cdba7af2412dc40a3ebdf3b8,main,bfee70e9daaebeae0737a880f1df8f1c60d0783c59af620136cc0d28ef482bc7,farm_2945_original,1137444326,1,149042,148785,1,0,0,DONE,DONE,719,719,1,,4.41
p3066_c001_farm,cdd0ae7b4c999599,kaggle-environments 1.32.7,a52ba1bfe9df9dc1d504550af46744ef8d474797cdba7af2412dc40a3ebdf3b8,main,bfee70e9daaebeae0737a880f1df8f1c60d0783c59af620136cc0d28ef482bc7,farm_2945_original,1138584134,0,89646,88801,1,0,0,DONE,DONE,719,719,1,,4.33
p3066_c001_farm,cdd0ae7b4c999599,kaggle-environments 1.32.7,a52ba1bfe9df9dc1d504550af46744ef8d474797cdba7af2412dc40a3ebdf3b8,main,bfee70e9daaebeae0737a880f1df8f1c60d0783c59af620136cc0d28ef482bc7,farm_2945_original,1138584134,1,89646,88801,1,0,0,DONE,DONE,719,719,1,,4.5
p3066_c001_farm,cdd0ae7b4c999599,kaggle-environments 1.32.7,a52ba1bfe9df9dc1d504550af46744ef8d474797cdba7af2412dc40a3ebdf3b8,main,bfee70e9daaebeae0737a880f1df8f1c60d0783c59af620136cc0d28ef482bc7,farm_2945_original,1140057583,0,74525,74556,0,1,0,DONE,DONE,719,719,1,,4.16
p3066_c001_farm,cdd0ae7b4c999599,kaggle-environments 1.32.7,a52ba1bfe9df9dc1d504550af46744ef8d474797cdba7af2412dc40a3ebdf3b8,main,bfee70e9daaebeae0737a880f1df8f1c60d0783c59af620136cc0d28ef482bc7,farm_2945_original,1140057583,1,74525,74556,0,1,0,DONE,DONE,719,719,1,,4.64
p3066_c001_farm,cdd0ae7b4c999599,kaggle-environments 1.32.7,a52ba1bfe9df9dc1d504550af46744ef8d474797cdba7af2412dc40a3ebdf3b8,main,bfee70e9daaebeae0737a880f1df8f1c60d0783c59af620136cc0d28ef482bc7,farm_2945_original,1142883444,0,96434,103996,0,1,0,DONE,DONE,719,719,1,,4.41
p3066_c001_farm,cdd0ae7b4c999599,kaggle-environments 1.32.7,a52ba1bfe9df9dc1d504550af46744ef8d474797cdba7af2412dc40a3ebdf3b8,main,bfee70e9daaebeae0737a880f1df8f1c60d0783c59af620136cc0d28ef482bc7,farm_2945_original,1142883444,1,104061,98080,1,0,0,DONE,DONE,719,719,1,,4.35
p3066_c001_farm,cdd0ae7b4c999599,kaggle-environments 1.32.7,a52ba1bfe9df9dc1d504550af46744ef8d474797cdba7af2412dc40a3ebdf3b8,main,bfee70e9daaebeae0737a880f1df8f1c60d0783c59af620136cc0d28ef482bc7,farm_2945_original,1146079968,0,106162,109809,0,1,0,DONE,DONE,719,719,1,,4.36
p3066_c001_farm,cdd0ae7b4c999599,kaggle-environments 1.32.7,a52ba1bfe9df9dc1d504550af46744ef8d474797cdba7af2412dc40a3ebdf3b8,main,bfee70e9daaebeae0737a880f1df8f1c60d0783c59af620136cc0d28ef482bc7,farm_2945_original,1146079968,1,106162,109809,0,1,0,DONE,DONE,719,719,1,,4.44
p3066_c001_farm,cdd0ae7b4c999599,kaggle-environments 1.32.7,a52ba1bfe9df9dc1d504550af46744ef8d474797cdba7af2412dc40a3ebdf3b8,main,bfee70e9daaebeae0737a880f1df8f1c60d0783c59af620136cc0d28ef482bc7,farm_2945_original,1146485122,0,79176,77855,1,0,0,DONE,DONE,719,719,1,,4.62
p3066_c001_farm,cdd0ae7b4c999599,kaggle-environments 1.32.7,a52ba1bfe9df9dc1d504550af46744ef8d474797cdba7af2412dc40a3ebdf3b8,main,bfee70e9daaebeae0737a880f1df8f1c60d0783c59af620136cc0d28ef482bc7,farm_2945_original,1146485122,1,77620,77331,1,0,0,DONE,DONE,719,719,1,,4.55
p3066_c001_farm,cdd0ae7b4c999599,kaggle-environments 1.32.7,a52ba1bfe9df9dc1d504550af46744ef8d474797cdba7af2412dc40a3ebdf3b8,main,bfee70e9daaebeae0737a880f1df8f1c60d0783c59af620136cc0d28ef482bc7,farm_2945_original,1146578822,0,75449,75124,1,0,0,DONE,DONE,719,719,1,,4.54
p3066_c001_farm,cdd0ae7b4c999599,kaggle-environments 1.32.7,a52ba1bfe9df9dc1d504550af46744ef8d474797cdba7af2412dc40a3ebdf3b8,main,bfee70e9daaebeae0737a880f1df8f1c60d0783c59af620136cc0d28ef482bc7,farm_2945_original,1146578822,1,75449,75124,1,0,0,DONE,DONE,719,719,1,,4.43
p3066_c001_farm,cdd0ae7b4c999599,kaggle-environments 1.32.7,a52ba1bfe9df9dc1d504550af46744ef8d474797cdba7af2412dc40a3ebdf3b8,main,bfee70e9daaebeae0737a880f1df8f1c60d0783c59af620136cc0d28ef482bc7,farm_2945_original,1147580519,0,68812,67452,1,0,0,DONE,DONE,719,719,1,,4.15
p3066_c001_farm,cdd0ae7b4c999599,kaggle-environments 1.32.7,a52ba1bfe9df9dc1d504550af46744ef8d474797cdba7af2412dc40a3ebdf3b8,main,bfee70e9daaebeae0737a880f1df8f1c60d0783c59af620136cc0d28ef482bc7,farm_2945_original,1147580519,1,68812,67452,1,0,0,DONE,DONE,719,719,1,,4.2
p3066_c001_farm,cdd0ae7b4c999599,kaggle-environments 1.32.7,a52ba1bfe9df9dc1d504550af46744ef8d474797cdba7af2412dc40a3ebdf3b8,main,bfee70e9daaebeae0737a880f1df8f1c60d0783c59af620136cc0d28ef482bc7,farm_2945_original,1150669065,0,101529,101896,0,1,0,DONE,DONE,719,719,1,,4.27
p3066_c001_farm,cdd0ae7b4c999599,kaggle-environments 1.32.7,a52ba1bfe9df9dc1d504550af46744ef8d474797cdba7af2412dc40a3ebdf3b8,main,bfee70e9daaebeae0737a880f1df8f1c60d0783c59af620136cc0d28ef482bc7,farm_2945_original,1150669065,1,101529,101896,0,1,0,DONE,DONE,719,719,1,,4.25
p3066_c001_farm,cdd0ae7b4c999599,kaggle-environments 1.32.7,a52ba1bfe9df9dc1d504550af46744ef8d474797cdba7af2412dc40a3ebdf3b8,main,bfee70e9daaebeae0737a880f1df8f1c60d0783c59af620136cc0d28ef482bc7,farm_2945_original,1153068383,0,76521,77359,0,1,0,DONE,DONE,719,719,1,,4.45
p3066_c001_farm,cdd0ae7b4c999599,kaggle-environments 1.32.7,a52ba1bfe9df9dc1d504550af46744ef8d474797cdba7af2412dc40a3ebdf3b8,main,bfee70e9daaebeae0737a880f1df8f1c60d0783c59af620136cc0d28ef482bc7,farm_2945_original,1153068383,1,76521,77359,0,1,0,DONE,DONE,719,719,1,,4.33
p3066_c001_farm,cdd0ae7b4c999599,kaggle-environments 1.32.7,a52ba1bfe9df9dc1d504550af46744ef8d474797cdba7af2412dc40a3ebdf3b8,main,bfee70e9daaebeae0737a880f1df8f1c60d0783c59af620136cc0d28ef482bc7,farm_2945_original,1154322938,0,68783,70322,0,1,0,DONE,DONE,719,719,1,,4.3
p3066_c001_farm,cdd0ae7b4c999599,kaggle-environments 1.32.7,a52ba1bfe9df9dc1d504550af46744ef8d474797cdba7af2412dc40a3ebdf3b8,main,bfee70e9daaebeae0737a880f1df8f1c60d0783c59af620136cc0d28ef482bc7,farm_2945_original,1154322938,1,68783,70322,0,1,0,DONE,DONE,719,719,1,,4.17
p3066_c001_farm,cdd0ae7b4c999599,kaggle-environments 1.32.7,a52ba1bfe9df9dc1d504550af46744ef8d474797cdba7af2412dc40a3ebdf3b8,main,bfee70e9daaebeae0737a880f1df8f1c60d0783c59af620136cc0d28ef482bc7,farm_2945_original,1154666303,0,84254,83425,1,0,0,DONE,DONE,719,719,1,,4.52
p3066_c001_farm,cdd0ae7b4c999599,kaggle-environments 1.32.7,a52ba1bfe9df9dc1d504550af46744ef8d474797cdba7af2412dc40a3ebdf3b8,main,bfee70e9daaebeae0737a880f1df8f1c60d0783c59af620136cc0d28ef482bc7,farm_2945_original,1154666303,1,84254,83425,1,0,0,DONE,DONE,719,719,1,,4.75
p3066_c001_farm,cdd0ae7b4c999599,kaggle-environments 1.32.7,a52ba1bfe9df9dc1d504550af46744ef8d474797cdba7af2412dc40a3ebdf3b8,main,bfee70e9daaebeae0737a880f1df8f1c60d0783c59af620136cc0d28ef482bc7,farm_2945_original,1155847751,0,104603,103292,1,0,0,DONE,DONE,719,719,1,,4.48
p3066_c001_farm,cdd0ae7b4c999599,kaggle-environments 1.32.7,a52ba1bfe9df9dc1d504550af46744ef8d474797cdba7af2412dc40a3ebdf3b8,main,bfee70e9daaebeae0737a880f1df8f1c60d0783c59af620136cc0d28ef482bc7,farm_2945_original,1155847751,1,104603,103292,1,0,0,DONE,DONE,719,719,1,,4.37
p3066_c001_farm,cdd0ae7b4c999599,kaggle-environments 1.32.7,a52ba1bfe9df9dc1d504550af46744ef8d474797cdba7af2412dc40a3ebdf3b8,main,bfee70e9daaebeae0737a880f1df8f1c60d0783c59af620136cc0d28ef482bc7,farm_2945_original,1156066107,0,122051,122793,0,1,0,DONE,DONE,719,719,1,,4.26
p3066_c001_farm,cdd0ae7b4c999599,kaggle-environments 1.32.7,a52ba1bfe9df9dc1d504550af46744ef8d474797cdba7af2412dc40a3ebdf3b8,main,bfee70e9daaebeae0737a880f1df8f1c60d0783c59af620136cc0d28ef482bc7,farm_2945_original,1156066107,1,122972,121853,1,0,0,DONE,DONE,719,719,1,,4.27
p3066_c001_farm,cdd0ae7b4c999599,kaggle-environments 1.32.7,a52ba1bfe9df9dc1d504550af46744ef8d474797cdba7af2412dc40a3ebdf3b8,main,bfee70e9daaebeae0737a880f1df8f1c60d0783c59af620136cc0d28ef482bc7,farm_2945_original,1156635626,0,104489,104782,0,1,0,DONE,DONE,719,719,1,,4.61
p3066_c001_farm,cdd0ae7b4c999599,kaggle-environments 1.32.7,a52ba1bfe9df9dc1d504550af46744ef8d474797cdba7af2412dc40a3ebdf3b8,main,bfee70e9daaebeae0737a880f1df8f1c60d0783c59af620136cc0d28ef482bc7,farm_2945_original,1156635626,1,104489,104782,0,1,0,DONE,DONE,719,719,1,,4.19
p3066_c001_farm,cdd0ae7b4c999599,kaggle-environments 1.32.7,a52ba1bfe9df9dc1d504550af46744ef8d474797cdba7af2412dc40a3ebdf3b8,main,bfee70e9daaebeae0737a880f1df8f1c60d0783c59af620136cc0d28ef482bc7,farm_2945_original,1165378227,0,86743,84194,1,0,0,DONE,DONE,719,719,1,,4.27
p3066_c001_farm,cdd0ae7b4c999599,kaggle-environments 1.32.7,a52ba1bfe9df9dc1d504550af46744ef8d474797cdba7af2412dc40a3ebdf3b8,main,bfee70e9daaebeae0737a880f1df8f1c60d0783c59af620136cc0d28ef482bc7,farm_2945_original,1165378227,1,85922,84841,1,0,0,DONE,DONE,719,719,1,,4.44
p3066_c001_farm,cdd0ae7b4c999599,kaggle-environments 1.32.7,a52ba1bfe9df9dc1d504550af46744ef8d474797cdba7af2412dc40a3ebdf3b8,main,bfee70e9daaebeae0737a880f1df8f1c60d0783c59af620136cc0d28ef482bc7,farm_2945_original,1166193151,0,80916,82619,0,1,0,DONE,DONE,719,719,1,,4.52
p3066_c001_farm,cdd0ae7b4c999599,kaggle-environments 1.32.7,a52ba1bfe9df9dc1d504550af46744ef8d474797cdba7af2412dc40a3ebdf3b8,main,bfee70e9daaebeae0737a880f1df8f1c60d0783c59af620136cc0d28ef482bc7,farm_2945_original,1166193151,1,80916,82619,0,1,0,DONE,DONE,719,719,1,,4.15
p3066_c001_farm,cdd0ae7b4c999599,kaggle-environments 1.32.7,a52ba1bfe9df9dc1d504550af46744ef8d474797cdba7af2412dc40a3ebdf3b8,main,bfee70e9daaebeae0737a880f1df8f1c60d0783c59af620136cc0d28ef482bc7,farm_2945_original,1168519426,0,128953,129378,0,1,0,DONE,DONE,719,719,1,,4.42
p3066_c001_farm,cdd0ae7b4c999599,kaggle-environments 1.32.7,a52ba1bfe9df9dc1d504550af46744ef8d474797cdba7af2412dc40a3ebdf3b8,main,bfee70e9daaebeae0737a880f1df8f1c60d0783c59af620136cc0d28ef482bc7,farm_2945_original,1168519426,1,128953,129378,0,1,0,DONE,DONE,719,719,1,,4.28
p3066_c001_farm,cdd0ae7b4c999599,kaggle-environments 1.32.7,a52ba1bfe9df9dc1d504550af46744ef8d474797cdba7af2412dc40a3ebdf3b8,main,bfee70e9daaebeae0737a880f1df8f1c60d0783c59af620136cc0d28ef482bc7,farm_2945_original,1172065882,0,142804,144837,0,1,0,DONE,DONE,719,719,1,,4.78
p3066_c001_farm,cdd0ae7b4c999599,kaggle-environments 1.32.7,a52ba1bfe9df9dc1d504550af46744ef8d474797cdba7af2412dc40a3ebdf3b8,main,bfee70e9daaebeae0737a880f1df8f1c60d0783c59af620136cc0d28ef482bc7,farm_2945_original,1172065882,1,153520,158351,0,1,0,DONE,DONE,719,719,1,,4.37
p3066_c001_farm,cdd0ae7b4c999599,kaggle-environments 1.32.7,a52ba1bfe9df9dc1d504550af46744ef8d474797cdba7af2412dc40a3ebdf3b8,main,bfee70e9daaebeae0737a880f1df8f1c60d0783c59af620136cc0d28ef482bc7,farm_2945_original,1174521385,0,108359,107059,1,0,0,DONE,DONE,719,719,1,,4.3
p3066_c001_farm,cdd0ae7b4c999599,kaggle-environments 1.32.7,a52ba1bfe9df9dc1d504550af46744ef8d474797cdba7af2412dc40a3ebdf3b8,main,bfee70e9daaebeae0737a880f1df8f1c60d0783c59af620136cc0d28ef482bc7,farm_2945_original,1174521385,1,108359,107059,1,0,0,DONE,DONE,719,719,1,,4.41
p3066_c001_farm,cdd0ae7b4c999599,kaggle-environments 1.32.7,a52ba1bfe9df9dc1d504550af46744ef8d474797cdba7af2412dc40a3ebdf3b8,main,bfee70e9daaebeae0737a880f1df8f1c60d0783c59af620136cc0d28ef482bc7,farm_2945_original,1176212392,0,100596,100134,1,0,0,DONE,DONE,719,719,1,,4.32
p3066_c001_farm,cdd0ae7b4c999599,kaggle-environments 1.32.7,a52ba1bfe9df9dc1d504550af46744ef8d474797cdba7af2412dc40a3ebdf3b8,main,bfee70e9daaebeae0737a880f1df8f1c60d0783c59af620136cc0d28ef482bc7,farm_2945_original,1176212392,1,100596,100134,1,0,0,DONE,DONE,719,719,1,,4.43
p3066_c001_farm,cdd0ae7b4c999599,kaggle-environments 1.32.7,a52ba1bfe9df9dc1d504550af46744ef8d474797cdba7af2412dc40a3ebdf3b8,main,bfee70e9daaebeae0737a880f1df8f1c60d0783c59af620136cc0d28ef482bc7,farm_2945_original,1180000097,0,137396,136274,1,0,0,DONE,DONE,719,719,1,,4.26
p3066_c001_farm,cdd0ae7b4c999599,kaggle-environments 1.32.7,a52ba1bfe9df9dc1d504550af46744ef8d474797cdba7af2412dc40a3ebdf3b8,main,bfee70e9daaebeae0737a880f1df8f1c60d0783c59af620136cc0d28ef482bc7,farm_2945_original,1180000097,1,137396,136274,1,0,0,DONE,DONE,719,719,1,,4.19
p3066_c001_farm,cdd0ae7b4c999599,kaggle-environments 1.32.7,a52ba1bfe9df9dc1d504550af46744ef8d474797cdba7af2412dc40a3ebdf3b8,main,bfee70e9daaebeae0737a880f1df8f1c60d0783c59af620136cc0d28ef482bc7,farm_2945_original,1182337222,0,124399,123711,1,0,0,DONE,DONE,719,719,1,,4.37
p3066_c001_farm,cdd0ae7b4c999599,kaggle-environments 1.32.7,a52ba1bfe9df9dc1d504550af46744ef8d474797cdba7af2412dc40a3ebdf3b8,main,bfee70e9daaebeae0737a880f1df8f1c60d0783c59af620136cc0d28ef482bc7,farm_2945_original,1182337222,1,124399,123711,1,0,0,DONE,DONE,719,719,1,,4.26
p3066_c001_farm,cdd0ae7b4c999599,kaggle-environments 1.32.7,a52ba1bfe9df9dc1d504550af46744ef8d474797cdba7af2412dc40a3ebdf3b8,main,bfee70e9daaebeae0737a880f1df8f1c60d0783c59af620136cc0d28ef482bc7,farm_2945_original,1182647074,0,105433,104886,1,0,0,DONE,DONE,719,719,1,,4.24
p3066_c001_farm,cdd0ae7b4c999599,kaggle-environments 1.32.7,a52ba1bfe9df9dc1d504550af46744ef8d474797cdba7af2412dc40a3ebdf3b8,main,bfee70e9daaebeae0737a880f1df8f1c60d0783c59af620136cc0d28ef482bc7,farm_2945_original,1182647074,1,105433,104886,1,0,0,DONE,DONE,719,719,1,,4.52
p3066_c001_farm,cdd0ae7b4c999599,kaggle-environments 1.32.7,a52ba1bfe9df9dc1d504550af46744ef8d474797cdba7af2412dc40a3ebdf3b8,main,bfee70e9daaebeae0737a880f1df8f1c60d0783c59af620136cc0d28ef482bc7,farm_2945_original,1185398040,0,101654,100917,1,0,0,DONE,DONE,719,719,1,,4.46
p3066_c001_farm,cdd0ae7b4c999599,kaggle-environments 1.32.7,a52ba1bfe9df9dc1d504550af46744ef8d474797cdba7af2412dc40a3ebdf3b8,main,bfee70e9daaebeae0737a880f1df8f1c60d0783c59af620136cc0d28ef482bc7,farm_2945_original,1185398040,1,101654,100917,1,0,0,DONE,DONE,719,719,1,,4.5
p3066_c001_farm,cdd0ae7b4c999599,kaggle-environments 1.32.7,a52ba1bfe9df9dc1d504550af46744ef8d474797cdba7af2412dc40a3ebdf3b8,main,bfee70e9daaebeae0737a880f1df8f1c60d0783c59af620136cc0d28ef482bc7,farm_2945_original,1189656985,0,101058,101316,0,1,0,DONE,DONE,719,719,1,,4.39
p3066_c001_farm,cdd0ae7b4c999599,kaggle-environments 1.32.7,a52ba1bfe9df9dc1d504550af46744ef8d474797cdba7af2412dc40a3ebdf3b8,main,bfee70e9daaebeae0737a880f1df8f1c60d0783c59af620136cc0d28ef482bc7,farm_2945_original,1189656985,1,101058,101316,0,1,0,DONE,DONE,719,719,1,,4.32
p3066_c001_farm,cdd0ae7b4c999599,kaggle-environments 1.32.7,a52ba1bfe9df9dc1d504550af46744ef8d474797cdba7af2412dc40a3ebdf3b8,main,bfee70e9daaebeae0737a880f1df8f1c60d0783c59af620136cc0d28ef482bc7,farm_2945_original,1189961213,0,96873,96954,0,1,0,DONE,DONE,719,719,1,,4.12
p3066_c001_farm,cdd0ae7b4c999599,kaggle-environments 1.32.7,a52ba1bfe9df9dc1d504550af46744ef8d474797cdba7af2412dc40a3ebdf3b8,main,bfee70e9daaebeae0737a880f1df8f1c60d0783c59af620136cc0d28ef482bc7,farm_2945_original,1189961213,1,96873,96954,0,1,0,DONE,DONE,719,719,1,,4.4
p3066_c001_farm,cdd0ae7b4c999599,kaggle-environments 1.32.7,a52ba1bfe9df9dc1d504550af46744ef8d474797cdba7af2412dc40a3ebdf3b8,main,bfee70e9daaebeae0737a880f1df8f1c60d0783c59af620136cc0d28ef482bc7,farm_2945_original,1196254750,0,114792,114483,1,0,0,DONE,DONE,719,719,1,,4.5
p3066_c001_farm,cdd0ae7b4c999599,kaggle-environments 1.32.7,a52ba1bfe9df9dc1d504550af46744ef8d474797cdba7af2412dc40a3ebdf3b8,main,bfee70e9daaebeae0737a880f1df8f1c60d0783c59af620136cc0d28ef482bc7,farm_2945_original,1196254750,1,114792,114483,1,0,0,DONE,DONE,719,719,1,,4.51
p3066_c001_farm,cdd0ae7b4c999599,kaggle-environments 1.32.7,a52ba1bfe9df9dc1d504550af46744ef8d474797cdba7af2412dc40a3ebdf3b8,main,bfee70e9daaebeae0737a880f1df8f1c60d0783c59af620136cc0d28ef482bc7,farm_2945_original,1197248316,0,58896,58742,1,0,0,DONE,DONE,719,719,1,,4.47
p3066_c001_farm,cdd0ae7b4c999599,kaggle-environments 1.32.7,a52ba1bfe9df9dc1d504550af46744ef8d474797cdba7af2412dc40a3ebdf3b8,main,bfee70e9daaebeae0737a880f1df8f1c60d0783c59af620136cc0d28ef482bc7,farm_2945_original,1197248316,1,58896,58742,1,0,0,DONE,DONE,719,719,1,,4.39
p3066_c001_farm,cdd0ae7b4c999599,kaggle-environments 1.32.7,a52ba1bfe9df9dc1d504550af46744ef8d474797cdba7af2412dc40a3ebdf3b8,main,bfee70e9daaebeae0737a880f1df8f1c60d0783c59af620136cc0d28ef482bc7,farm_2945_original,1201125906,0,107248,107960,0,1,0,DONE,DONE,719,719,1,,4.38
p3066_c001_farm,cdd0ae7b4c999599,kaggle-environments 1.32.7,a52ba1bfe9df9dc1d504550af46744ef8d474797cdba7af2412dc40a3ebdf3b8,main,bfee70e9daaebeae0737a880f1df8f1c60d0783c59af620136cc0d28ef482bc7,farm_2945_original,1201125906,1,107248,107960,0,1,0,DONE,DONE,719,719,1,,4.54
p3066_c001_farm,cdd0ae7b4c999599,kaggle-environments 1.32.7,a52ba1bfe9df9dc1d504550af46744ef8d474797cdba7af2412dc40a3ebdf3b8,main,bfee70e9daaebeae0737a880f1df8f1c60d0783c59af620136cc0d28ef482bc7,farm_2945_original,1201520119,0,73853,73592,1,0,0,DONE,DONE,719,719,1,,4.33
p3066_c001_farm,cdd0ae7b4c999599,kaggle-environments 1.32.7,a52ba1bfe9df9dc1d504550af46744ef8d474797cdba7af2412dc40a3ebdf3b8,main,bfee70e9daaebeae0737a880f1df8f1c60d0783c59af620136cc0d28ef482bc7,farm_2945_original,1201520119,1,73853,73592,1,0,0,DONE,DONE,719,719,1,,4.22
p3066_c001_farm,cdd0ae7b4c999599,kaggle-environments 1.32.7,a52ba1bfe9df9dc1d504550af46744ef8d474797cdba7af2412dc40a3ebdf3b8,main,bfee70e9daaebeae0737a880f1df8f1c60d0783c59af620136cc0d28ef482bc7,farm_2945_original,1202172593,0,94728,94728,0,0,1,DONE,DONE,719,719,1,,4.24
p3066_c001_farm,cdd0ae7b4c999599,kaggle-environments 1.32.7,a52ba1bfe9df9dc1d504550af46744ef8d474797cdba7af2412dc40a3ebdf3b8,main,bfee70e9daaebeae0737a880f1df8f1c60d0783c59af620136cc0d28ef482bc7,farm_2945_original,1202172593,1,94728,94728,0,0,1,DONE,DONE,719,719,1,,4.42
p3066_c001_farm,cdd0ae7b4c999599,kaggle-environments 1.32.7,a52ba1bfe9df9dc1d504550af46744ef8d474797cdba7af2412dc40a3ebdf3b8,main,bfee70e9daaebeae0737a880f1df8f1c60d0783c59af620136cc0d28ef482bc7,farm_2945_original,1204250044,0,89381,89927,0,1,0,DONE,DONE,719,719,1,,4.41
p3066_c001_farm,cdd0ae7b4c999599,kaggle-environments 1.32.7,a52ba1bfe9df9dc1d504550af46744ef8d474797cdba7af2412dc40a3ebdf3b8,main,bfee70e9daaebeae0737a880f1df8f1c60d0783c59af620136cc0d28ef482bc7,farm_2945_original,1204250044,1,89492,89813,0,1,0,DONE,DONE,719,719,1,,4.36
p3066_c001_farm,cdd0ae7b4c999599,kaggle-environments 1.32.7,a52ba1bfe9df9dc1d504550af46744ef8d474797cdba7af2412dc40a3ebdf3b8,main,bfee70e9daaebeae0737a880f1df8f1c60d0783c59af620136cc0d28ef482bc7,farm_2945_original,1209227632,0,88447,85766,1,0,0,DONE,DONE,719,719,1,,4.18
p3066_c001_farm,cdd0ae7b4c999599,kaggle-environments 1.32.7,a52ba1bfe9df9dc1d504550af46744ef8d474797cdba7af2412dc40a3ebdf3b8,main,bfee70e9daaebeae0737a880f1df8f1c60d0783c59af620136cc0d28ef482bc7,farm_2945_original,1209227632,1,88447,85766,1,0,0,DONE,DONE,719,719,1,,4.18
p3066_c001_farm,cdd0ae7b4c999599,kaggle-environments 1.32.7,a52ba1bfe9df9dc1d504550af46744ef8d474797cdba7af2412dc40a3ebdf3b8,main,bfee70e9daaebeae0737a880f1df8f1c60d0783c59af620136cc0d28ef482bc7,farm_2945_original,1211021166,0,83025,80071,1,0,0,DONE,DONE,719,719,1,,4.45
p3066_c001_farm,cdd0ae7b4c999599,kaggle-environments 1.32.7,a52ba1bfe9df9dc1d504550af46744ef8d474797cdba7af2412dc40a3ebdf3b8,main,bfee70e9daaebeae0737a880f1df8f1c60d0783c59af620136cc0d28ef482bc7,farm_2945_original,1211021166,1,83025,80071,1,0,0,DONE,DONE,719,719,1,,4.42
p3066_c001_farm,cdd0ae7b4c999599,kaggle-environments 1.32.7,a52ba1bfe9df9dc1d504550af46744ef8d474797cdba7af2412dc40a3ebdf3b8,main,bfee70e9daaebeae0737a880f1df8f1c60d0783c59af620136cc0d28ef482bc7,farm_2945_original,1215990968,0,88839,92413,0,1,0,DONE,DONE,719,719,1,,4.75
p3066_c001_farm,cdd0ae7b4c999599,kaggle-environments 1.32.7,a52ba1bfe9df9dc1d504550af46744ef8d474797cdba7af2412dc40a3ebdf3b8,main,bfee70e9daaebeae0737a880f1df8f1c60d0783c59af620136cc0d28ef482bc7,farm_2945_original,1215990968,1,95577,99777,0,1,0,DONE,DONE,719,719,1,,4.66
p3066_c001_farm,cdd0ae7b4c999599,kaggle-environments 1.32.7,a52ba1bfe9df9dc1d504550af46744ef8d474797cdba7af2412dc40a3ebdf3b8,main,bfee70e9daaebeae0737a880f1df8f1c60d0783c59af620136cc0d28ef482bc7,farm_2945_original,1216275486,0,81931,81688,1,0,0,DONE,DONE,719,719,1,,4.33
p3066_c001_farm,cdd0ae7b4c999599,kaggle-environments 1.32.7,a52ba1bfe9df9dc1d504550af46744ef8d474797cdba7af2412dc40a3ebdf3b8,main,bfee70e9daaebeae0737a880f1df8f1c60d0783c59af620136cc0d28ef482bc7,farm_2945_original,1216275486,1,81931,81688,1,0,0,DONE,DONE,719,719,1,,4.21
p3066_c001_farm,cdd0ae7b4c999599,kaggle-environments 1.32.7,a52ba1bfe9df9dc1d504550af46744ef8d474797cdba7af2412dc40a3ebdf3b8,main,bfee70e9daaebeae0737a880f1df8f1c60d0783c59af620136cc0d28ef482bc7,farm_2945_original,1220580584,0,114085,113399,1,0,0,DONE,DONE,719,719,1,,4.26
p3066_c001_farm,cdd0ae7b4c999599,kaggle-environments 1.32.7,a52ba1bfe9df9dc1d504550af46744ef8d474797cdba7af2412dc40a3ebdf3b8,main,bfee70e9daaebeae0737a880f1df8f1c60d0783c59af620136cc0d28ef482bc7,farm_2945_original,1220580584,1,114085,113399,1,0,0,DONE,DONE,719,719,1,,4.35
p3066_c001_farm,cdd0ae7b4c999599,kaggle-environments 1.32.7,a52ba1bfe9df9dc1d504550af46744ef8d474797cdba7af2412dc40a3ebdf3b8,main,bfee70e9daaebeae0737a880f1df8f1c60d0783c59af620136cc0d28ef482bc7,farm_2945_original,1223103005,0,76002,73434,1,0,0,DONE,DONE,719,719,1,,4.66
p3066_c001_farm,cdd0ae7b4c999599,kaggle-environments 1.32.7,a52ba1bfe9df9dc1d504550af46744ef8d474797cdba7af2412dc40a3ebdf3b8,main,bfee70e9daaebeae0737a880f1df8f1c60d0783c59af620136cc0d28ef482bc7,farm_2945_original,1223103005,1,76002,73434,1,0,0,DONE,DONE,719,719,1,,4.68
p3066_c001_farm,cdd0ae7b4c999599,kaggle-environments 1.32.7,a52ba1bfe9df9dc1d504550af46744ef8d474797cdba7af2412dc40a3ebdf3b8,main,bfee70e9daaebeae0737a880f1df8f1c60d0783c59af620136cc0d28ef482bc7,farm_2945_original,1223841583,0,125968,124920,1,0,0,DONE,DONE,719,719,1,,4.62
p3066_c001_farm,cdd0ae7b4c999599,kaggle-environments 1.32.7,a52ba1bfe9df9dc1d504550af46744ef8d474797cdba7af2412dc40a3ebdf3b8,main,bfee70e9daaebeae0737a880f1df8f1c60d0783c59af620136cc0d28ef482bc7,farm_2945_original,1223841583,1,125968,124920,1,0,0,DONE,DONE,719,719,1,,4.19
p3066_c001_farm,cdd0ae7b4c999599,kaggle-environments 1.32.7,a52ba1bfe9df9dc1d504550af46744ef8d474797cdba7af2412dc40a3ebdf3b8,main,bfee70e9daaebeae0737a880f1df8f1c60d0783c59af620136cc0d28ef482bc7,farm_2945_original,1224125569,0,96445,97452,0,1,0,DONE,DONE,719,719,1,,4.26
p3066_c001_farm,cdd0ae7b4c999599,kaggle-environments 1.32.7,a52ba1bfe9df9dc1d504550af46744ef8d474797cdba7af2412dc40a3ebdf3b8,main,bfee70e9daaebeae0737a880f1df8f1c60d0783c59af620136cc0d28ef482bc7,farm_2945_original,1224125569,1,95764,99114,0,1,0,DONE,DONE,719,719,1,,4.69
p3066_c001_farm,cdd0ae7b4c999599,kaggle-environments 1.32.7,a52ba1bfe9df9dc1d504550af46744ef8d474797cdba7af2412dc40a3ebdf3b8,main,bfee70e9daaebeae0737a880f1df8f1c60d0783c59af620136cc0d28ef482bc7,farm_2945_original,1224626842,0,121832,122366,0,1,0,DONE,DONE,719,719,1,,4.24
p3066_c001_farm,cdd0ae7b4c999599,kaggle-environments 1.32.7,a52ba1bfe9df9dc1d504550af46744ef8d474797cdba7af2412dc40a3ebdf3b8,main,bfee70e9daaebeae0737a880f1df8f1c60d0783c59af620136cc0d28ef482bc7,farm_2945_original,1224626842,1,121752,122446,0,1,0,DONE,DONE,719,719,1,,4.59
p3066_c001_farm,cdd0ae7b4c999599,kaggle-environments 1.32.7,a52ba1bfe9df9dc1d504550af46744ef8d474797cdba7af2412dc40a3ebdf3b8,main,bfee70e9daaebeae0737a880f1df8f1c60d0783c59af620136cc0d28ef482bc7,farm_2945_original,1235891984,0,99327,98301,1,0,0,DONE,DONE,719,719,1,,4.26
p3066_c001_farm,cdd0ae7b4c999599,kaggle-environments 1.32.7,a52ba1bfe9df9dc1d504550af46744ef8d474797cdba7af2412dc40a3ebdf3b8,main,bfee70e9daaebeae0737a880f1df8f1c60d0783c59af620136cc0d28ef482bc7,farm_2945_original,1235891984,1,98286,99336,0,1,0,DONE,DONE,719,719,1,,4.23
p3066_c001_farm,cdd0ae7b4c999599,kaggle-environments 1.32.7,a52ba1bfe9df9dc1d504550af46744ef8d474797cdba7af2412dc40a3ebdf3b8,main,bfee70e9daaebeae0737a880f1df8f1c60d0783c59af620136cc0d28ef482bc7,farm_2945_original,1236788773,0,130132,128601,1,0,0,DONE,DONE,719,719,1,,4.64
p3066_c001_farm,cdd0ae7b4c999599,kaggle-environments 1.32.7,a52ba1bfe9df9dc1d504550af46744ef8d474797cdba7af2412dc40a3ebdf3b8,main,bfee70e9daaebeae0737a880f1df8f1c60d0783c59af620136cc0d28ef482bc7,farm_2945_original,1236788773,1,130132,128601,1,0,0,DONE,DONE,719,719,1,,4.35
p3066_c001_farm,cdd0ae7b4c999599,kaggle-environments 1.32.7,a52ba1bfe9df9dc1d504550af46744ef8d474797cdba7af2412dc40a3ebdf3b8,main,bfee70e9daaebeae0737a880f1df8f1c60d0783c59af620136cc0d28ef482bc7,farm_2945_original,1237170890,0,106603,104283,1,0,0,DONE,DONE,719,719,1,,4.53
p3066_c001_farm,cdd0ae7b4c999599,kaggle-environments 1.32.7,a52ba1bfe9df9dc1d504550af46744ef8d474797cdba7af2412dc40a3ebdf3b8,main,bfee70e9daaebeae0737a880f1df8f1c60d0783c59af620136cc0d28ef482bc7,farm_2945_original,1237170890,1,106603,104283,1,0,0,DONE,DONE,719,719,1,,4.48
p3066_c001_farm,cdd0ae7b4c999599,kaggle-environments 1.32.7,a52ba1bfe9df9dc1d504550af46744ef8d474797cdba7af2412dc40a3ebdf3b8,main,bfee70e9daaebeae0737a880f1df8f1c60d0783c59af620136cc0d28ef482bc7,farm_2945_original,1242432845,0,99051,98537,1,0,0,DONE,DONE,719,719,1,,4.6
p3066_c001_farm,cdd0ae7b4c999599,kaggle-environments 1.32.7,a52ba1bfe9df9dc1d504550af46744ef8d474797cdba7af2412dc40a3ebdf3b8,main,bfee70e9daaebeae0737a880f1df8f1c60d0783c59af620136cc0d28ef482bc7,farm_2945_original,1242432845,1,99051,98537,1,0,0,DONE,DONE,719,719,1,,4.34
p3066_c001_farm,cdd0ae7b4c999599,kaggle-environments 1.32.7,a52ba1bfe9df9dc1d504550af46744ef8d474797cdba7af2412dc40a3ebdf3b8,main,bfee70e9daaebeae0737a880f1df8f1c60d0783c59af620136cc0d28ef482bc7,farm_2945_original,1245544970,0,99780,99491,1,0,0,DONE,DONE,719,719,1,,4.19
p3066_c001_farm,cdd0ae7b4c999599,kaggle-environments 1.32.7,a52ba1bfe9df9dc1d504550af46744ef8d474797cdba7af2412dc40a3ebdf3b8,main,bfee70e9daaebeae0737a880f1df8f1c60d0783c59af620136cc0d28ef482bc7,farm_2945_original,1245544970,1,99780,99491,1,0,0,DONE,DONE,719,719,1,,4.5
p3066_c001_farm,cdd0ae7b4c999599,kaggle-environments 1.32.7,a52ba1bfe9df9dc1d504550af46744ef8d474797cdba7af2412dc40a3ebdf3b8,main,bfee70e9daaebeae0737a880f1df8f1c60d0783c59af620136cc0d28ef482bc7,farm_2945_original,1246397513,0,67786,67965,0,1,0,DONE,DONE,719,719,1,,4.39
p3066_c001_farm,cdd0ae7b4c999599,kaggle-environments 1.32.7,a52ba1bfe9df9dc1d504550af46744ef8d474797cdba7af2412dc40a3ebdf3b8,main,bfee70e9daaebeae0737a880f1df8f1c60d0783c59af620136cc0d28ef482bc7,farm_2945_original,1246397513,1,67786,67965,0,1,0,DONE,DONE,719,719,1,,4.2
p3066_c001_farm,cdd0ae7b4c999599,kaggle-environments 1.32.7,a52ba1bfe9df9dc1d504550af46744ef8d474797cdba7af2412dc40a3ebdf3b8,main,bfee70e9daaebeae0737a880f1df8f1c60d0783c59af620136cc0d28ef482bc7,farm_2945_original,1247360483,0,131336,130179,1,0,0,DONE,DONE,719,719,1,,4.58
p3066_c001_farm,cdd0ae7b4c999599,kaggle-environments 1.32.7,a52ba1bfe9df9dc1d504550af46744ef8d474797cdba7af2412dc40a3ebdf3b8,main,bfee70e9daaebeae0737a880f1df8f1c60d0783c59af620136cc0d28ef482bc7,farm_2945_original,1247360483,1,131468,130047,1,0,0,DONE,DONE,719,719,1,,4.62
p3066_c001_farm,cdd0ae7b4c999599,kaggle-environments 1.32.7,a52ba1bfe9df9dc1d504550af46744ef8d474797cdba7af2412dc40a3ebdf3b8,main,bfee70e9daaebeae0737a880f1df8f1c60d0783c59af620136cc0d28ef482bc7,farm_2945_original,1250522660,0,151751,152505,0,1,0,DONE,DONE,719,719,1,,4.4
p3066_c001_farm,cdd0ae7b4c999599,kaggle-environments 1.32.7,a52ba1bfe9df9dc1d504550af46744ef8d474797cdba7af2412dc40a3ebdf3b8,main,bfee70e9daaebeae0737a880f1df8f1c60d0783c59af620136cc0d28ef482bc7,farm_2945_original,1250522660,1,151751,152505,0,1,0,DONE,DONE,719,719,1,,4.57
p3066_c001_farm,cdd0ae7b4c999599,kaggle-environments 1.32.7,a52ba1bfe9df9dc1d504550af46744ef8d474797cdba7af2412dc40a3ebdf3b8,main,bfee70e9daaebeae0737a880f1df8f1c60d0783c59af620136cc0d28ef482bc7,farm_2945_original,1251184041,0,79648,80325,0,1,0,DONE,DONE,719,719,1,,4.15
p3066_c001_farm,cdd0ae7b4c999599,kaggle-environments 1.32.7,a52ba1bfe9df9dc1d504550af46744ef8d474797cdba7af2412dc40a3ebdf3b8,main,bfee70e9daaebeae0737a880f1df8f1c60d0783c59af620136cc0d28ef482bc7,farm_2945_original,1251184041,1,79648,80325,0,1,0,DONE,DONE,719,719,1,,4.24
p3066_c001_farm,cdd0ae7b4c999599,kaggle-environments 1.32.7,a52ba1bfe9df9dc1d504550af46744ef8d474797cdba7af2412dc40a3ebdf3b8,main,bfee70e9daaebeae0737a880f1df8f1c60d0783c59af620136cc0d28ef482bc7,farm_2945_original,1253351185,0,71677,69369,1,0,0,DONE,DONE,719,719,1,,4.79
p3066_c001_farm,cdd0ae7b4c999599,kaggle-environments 1.32.7,a52ba1bfe9df9dc1d504550af46744ef8d474797cdba7af2412dc40a3ebdf3b8,main,bfee70e9daaebeae0737a880f1df8f1c60d0783c59af620136cc0d28ef482bc7,farm_2945_original,1253351185,1,71677,69369,1,0,0,DONE,DONE,719,719,1,,4.74
p3066_c001_farm,cdd0ae7b4c999599,kaggle-environments 1.32.7,a52ba1bfe9df9dc1d504550af46744ef8d474797cdba7af2412dc40a3ebdf3b8,main,bfee70e9daaebeae0737a880f1df8f1c60d0783c59af620136cc0d28ef482bc7,farm_2945_original,1255454976,0,95153,94966,1,0,0,DONE,DONE,719,719,1,,4.39
p3066_c001_farm,cdd0ae7b4c999599,kaggle-environments 1.32.7,a52ba1bfe9df9dc1d504550af46744ef8d474797cdba7af2412dc40a3ebdf3b8,main,bfee70e9daaebeae0737a880f1df8f1c60d0783c59af620136cc0d28ef482bc7,farm_2945_original,1255454976,1,95153,94966,1,0,0,DONE,DONE,719,719,1,,4.31
p3066_c001_farm,cdd0ae7b4c999599,kaggle-environments 1.32.7,a52ba1bfe9df9dc1d504550af46744ef8d474797cdba7af2412dc40a3ebdf3b8,main,bfee70e9daaebeae0737a880f1df8f1c60d0783c59af620136cc0d28ef482bc7,farm_2945_original,1258003293,0,114138,113408,1,0,0,DONE,DONE,719,719,1,,4.52
p3066_c001_farm,cdd0ae7b4c999599,kaggle-environments 1.32.7,a52ba1bfe9df9dc1d504550af46744ef8d474797cdba7af2412dc40a3ebdf3b8,main,bfee70e9daaebeae0737a880f1df8f1c60d0783c59af620136cc0d28ef482bc7,farm_2945_original,1258003293,1,114138,113408,1,0,0,DONE,DONE,719,719,1,,4.29
p3066_c001_farm,cdd0ae7b4c999599,kaggle-environments 1.32.7,a52ba1bfe9df9dc1d504550af46744ef8d474797cdba7af2412dc40a3ebdf3b8,main,bfee70e9daaebeae0737a880f1df8f1c60d0783c59af620136cc0d28ef482bc7,farm_2945_original,1260289665,0,78157,77233,1,0,0,DONE,DONE,719,719,1,,4.41
p3066_c001_farm,cdd0ae7b4c999599,kaggle-environments 1.32.7,a52ba1bfe9df9dc1d504550af46744ef8d474797cdba7af2412dc40a3ebdf3b8,main,bfee70e9daaebeae0737a880f1df8f1c60d0783c59af620136cc0d28ef482bc7,farm_2945_original,1260289665,1,78157,77233,1,0,0,DONE,DONE,719,719,1,,4.5
p3066_c001_farm,cdd0ae7b4c999599,kaggle-environments 1.32.7,a52ba1bfe9df9dc1d504550af46744ef8d474797cdba7af2412dc40a3ebdf3b8,main,bfee70e9daaebeae0737a880f1df8f1c60d0783c59af620136cc0d28ef482bc7,farm_2945_original,1264489090,0,82261,81206,1,0,0,DONE,DONE,719,719,1,,4.6
p3066_c001_farm,cdd0ae7b4c999599,kaggle-environments 1.32.7,a52ba1bfe9df9dc1d504550af46744ef8d474797cdba7af2412dc40a3ebdf3b8,main,bfee70e9daaebeae0737a880f1df8f1c60d0783c59af620136cc0d28ef482bc7,farm_2945_original,1264489090,1,82261,81206,1,0,0,DONE,DONE,719,719,1,,4.51
p3066_c001_farm,cdd0ae7b4c999599,kaggle-environments 1.32.7,a52ba1bfe9df9dc1d504550af46744ef8d474797cdba7af2412dc40a3ebdf3b8,main,bfee70e9daaebeae0737a880f1df8f1c60d0783c59af620136cc0d28ef482bc7,farm_2945_original,1266954856,0,97204,97881,0,1,0,DONE,DONE,719,719,1,,4.47
p3066_c001_farm,cdd0ae7b4c999599,kaggle-environments 1.32.7,a52ba1bfe9df9dc1d504550af46744ef8d474797cdba7af2412dc40a3ebdf3b8,main,bfee70e9daaebeae0737a880f1df8f1c60d0783c59af620136cc0d28ef482bc7,farm_2945_original,1266954856,1,97204,97881,0,1,0,DONE,DONE,719,719,1,,4.65
p3066_c001_farm,cdd0ae7b4c999599,kaggle-environments 1.32.7,a52ba1bfe9df9dc1d504550af46744ef8d474797cdba7af2412dc40a3ebdf3b8,main,bfee70e9daaebeae0737a880f1df8f1c60d0783c59af620136cc0d28ef482bc7,farm_2945_original,1270071376,0,69622,69357,1,0,0,DONE,DONE,719,719,1,,4.37
p3066_c001_farm,cdd0ae7b4c999599,kaggle-environments 1.32.7,a52ba1bfe9df9dc1d504550af46744ef8d474797cdba7af2412dc40a3ebdf3b8,main,bfee70e9daaebeae0737a880f1df8f1c60d0783c59af620136cc0d28ef482bc7,farm_2945_original,1270071376,1,69622,69357,1,0,0,DONE,DONE,719,719,1,,4.4
p3066_c001_farm,cdd0ae7b4c999599,kaggle-environments 1.32.7,a52ba1bfe9df9dc1d504550af46744ef8d474797cdba7af2412dc40a3ebdf3b8,main,bfee70e9daaebeae0737a880f1df8f1c60d0783c59af620136cc0d28ef482bc7,farm_2945_original,1274836878,0,105025,104461,1,0,0,DONE,DONE,719,719,1,,4.22
p3066_c001_farm,cdd0ae7b4c999599,kaggle-environments 1.32.7,a52ba1bfe9df9dc1d504550af46744ef8d474797cdba7af2412dc40a3ebdf3b8,main,bfee70e9daaebeae0737a880f1df8f1c60d0783c59af620136cc0d28ef482bc7,farm_2945_original,1274836878,1,105025,104461,1,0,0,DONE,DONE,719,719,1,,4.31
p3066_c001_farm,cdd0ae7b4c999599,kaggle-environments 1.32.7,a52ba1bfe9df9dc1d504550af46744ef8d474797cdba7af2412dc40a3ebdf3b8,main,bfee70e9daaebeae0737a880f1df8f1c60d0783c59af620136cc0d28ef482bc7,farm_2945_original,1277165709,0,122870,124538,0,1,0,DONE,DONE,719,719,1,,4.43
p3066_c001_farm,cdd0ae7b4c999599,kaggle-environments 1.32.7,a52ba1bfe9df9dc1d504550af46744ef8d474797cdba7af2412dc40a3ebdf3b8,main,bfee70e9daaebeae0737a880f1df8f1c60d0783c59af620136cc0d28ef482bc7,farm_2945_original,1277165709,1,122870,124538,0,1,0,DONE,DONE,719,719,1,,4.31
p3066_c001_farm,cdd0ae7b4c999599,kaggle-environments 1.32.7,a52ba1bfe9df9dc1d504550af46744ef8d474797cdba7af2412dc40a3ebdf3b8,main,bfee70e9daaebeae0737a880f1df8f1c60d0783c59af620136cc0d28ef482bc7,farm_2945_original,1279444284,0,57539,58170,0,1,0,DONE,DONE,719,719,1,,4.31
p3066_c001_farm,cdd0ae7b4c999599,kaggle-environments 1.32.7,a52ba1bfe9df9dc1d504550af46744ef8d474797cdba7af2412dc40a3ebdf3b8,main,bfee70e9daaebeae0737a880f1df8f1c60d0783c59af620136cc0d28ef482bc7,farm_2945_original,1279444284,1,57539,58170,0,1,0,DONE,DONE,719,719,1,,4.47
p3066_c001_farm,cdd0ae7b4c999599,kaggle-environments 1.32.7,a52ba1bfe9df9dc1d504550af46744ef8d474797cdba7af2412dc40a3ebdf3b8,main,bfee70e9daaebeae0737a880f1df8f1c60d0783c59af620136cc0d28ef482bc7,farm_2945_original,1281300047,0,141664,140504,1,0,0,DONE,DONE,719,719,1,,4.29
p3066_c001_farm,cdd0ae7b4c999599,kaggle-environments 1.32.7,a52ba1bfe9df9dc1d504550af46744ef8d474797cdba7af2412dc40a3ebdf3b8,main,bfee70e9daaebeae0737a880f1df8f1c60d0783c59af620136cc0d28ef482bc7,farm_2945_original,1281300047,1,141664,140504,1,0,0,DONE,DONE,719,719,1,,4.33
p3066_c001_farm,cdd0ae7b4c999599,kaggle-environments 1.32.7,a52ba1bfe9df9dc1d504550af46744ef8d474797cdba7af2412dc40a3ebdf3b8,main,bfee70e9daaebeae0737a880f1df8f1c60d0783c59af620136cc0d28ef482bc7,farm_2945_original,1281539027,0,98820,97970,1,0,0,DONE,DONE,719,719,1,,4.46
p3066_c001_farm,cdd0ae7b4c999599,kaggle-environments 1.32.7,a52ba1bfe9df9dc1d504550af46744ef8d474797cdba7af2412dc40a3ebdf3b8,main,bfee70e9daaebeae0737a880f1df8f1c60d0783c59af620136cc0d28ef482bc7,farm_2945_original,1281539027,1,98462,98174,1,0,0,DONE,DONE,719,719,1,,4.25
p3066_c001_farm,cdd0ae7b4c999599,kaggle-environments 1.32.7,a52ba1bfe9df9dc1d504550af46744ef8d474797cdba7af2412dc40a3ebdf3b8,main,bfee70e9daaebeae0737a880f1df8f1c60d0783c59af620136cc0d28ef482bc7,farm_2945_original,1281598473,0,79076,79230,0,1,0,DONE,DONE,719,719,1,,4.35
p3066_c001_farm,cdd0ae7b4c999599,kaggle-environments 1.32.7,a52ba1bfe9df9dc1d504550af46744ef8d474797cdba7af2412dc40a3ebdf3b8,main,bfee70e9daaebeae0737a880f1df8f1c60d0783c59af620136cc0d28ef482bc7,farm_2945_original,1281598473,1,79076,79230,0,1,0,DONE,DONE,719,719,1,,4.49
p3066_c001_farm,cdd0ae7b4c999599,kaggle-environments 1.32.7,a52ba1bfe9df9dc1d504550af46744ef8d474797cdba7af2412dc40a3ebdf3b8,main,bfee70e9daaebeae0737a880f1df8f1c60d0783c59af620136cc0d28ef482bc7,farm_2945_original,1282203475,0,72338,72430,0,1,0,DONE,DONE,719,719,1,,4.5
p3066_c001_farm,cdd0ae7b4c999599,kaggle-environments 1.32.7,a52ba1bfe9df9dc1d504550af46744ef8d474797cdba7af2412dc40a3ebdf3b8,main,bfee70e9daaebeae0737a880f1df8f1c60d0783c59af620136cc0d28ef482bc7,farm_2945_original,1282203475,1,72338,72430,0,1,0,DONE,DONE,719,719,1,,4.11
p3066_c001_farm,cdd0ae7b4c999599,kaggle-environments 1.32.7,a52ba1bfe9df9dc1d504550af46744ef8d474797cdba7af2412dc40a3ebdf3b8,main,bfee70e9daaebeae0737a880f1df8f1c60d0783c59af620136cc0d28ef482bc7,farm_2945_original,1284089366,0,106839,107056,0,1,0,DONE,DONE,719,719,1,,4.55
p3066_c001_farm,cdd0ae7b4c999599,kaggle-environments 1.32.7,a52ba1bfe9df9dc1d504550af46744ef8d474797cdba7af2412dc40a3ebdf3b8,main,bfee70e9daaebeae0737a880f1df8f1c60d0783c59af620136cc0d28ef482bc7,farm_2945_original,1284089366,1,106760,107133,0,1,0,DONE,DONE,719,719,1,,4.35
p3066_c001_farm,cdd0ae7b4c999599,kaggle-environments 1.32.7,a52ba1bfe9df9dc1d504550af46744ef8d474797cdba7af2412dc40a3ebdf3b8,main,bfee70e9daaebeae0737a880f1df8f1c60d0783c59af620136cc0d28ef482bc7,farm_2945_original,1292096431,0,82795,82573,1,0,0,DONE,DONE,719,719,1,,4.34
p3066_c001_farm,cdd0ae7b4c999599,kaggle-environments 1.32.7,a52ba1bfe9df9dc1d504550af46744ef8d474797cdba7af2412dc40a3ebdf3b8,main,bfee70e9daaebeae0737a880f1df8f1c60d0783c59af620136cc0d28ef482bc7,farm_2945_original,1292096431,1,82795,82573,1,0,0,DONE,DONE,719,719,1,,4.49
p3066_c001_farm,cdd0ae7b4c999599,kaggle-environments 1.32.7,a52ba1bfe9df9dc1d504550af46744ef8d474797cdba7af2412dc40a3ebdf3b8,main,bfee70e9daaebeae0737a880f1df8f1c60d0783c59af620136cc0d28ef482bc7,farm_2945_original,1294574230,0,80497,80234,1,0,0,DONE,DONE,719,719,1,,4.65
p3066_c001_farm,cdd0ae7b4c999599,kaggle-environments 1.32.7,a52ba1bfe9df9dc1d504550af46744ef8d474797cdba7af2412dc40a3ebdf3b8,main,bfee70e9daaebeae0737a880f1df8f1c60d0783c59af620136cc0d28ef482bc7,farm_2945_original,1294574230,1,80497,80234,1,0,0,DONE,DONE,719,719,1,,4.23
p3066_c001_farm,cdd0ae7b4c999599,kaggle-environments 1.32.7,a52ba1bfe9df9dc1d504550af46744ef8d474797cdba7af2412dc40a3ebdf3b8,main,bfee70e9daaebeae0737a880f1df8f1c60d0783c59af620136cc0d28ef482bc7,farm_2945_original,1296090817,0,57174,57259,0,1,0,DONE,DONE,719,719,1,,4.28
p3066_c001_farm,cdd0ae7b4c999599,kaggle-environments 1.32.7,a52ba1bfe9df9dc1d504550af46744ef8d474797cdba7af2412dc40a3ebdf3b8,main,bfee70e9daaebeae0737a880f1df8f1c60d0783c59af620136cc0d28ef482bc7,farm_2945_original,1296090817,1,57174,57259,0,1,0,DONE,DONE,719,719,1,,4.26
p3066_c001_farm,cdd0ae7b4c999599,kaggle-environments 1.32.7,a52ba1bfe9df9dc1d504550af46744ef8d474797cdba7af2412dc40a3ebdf3b8,main,bfee70e9daaebeae0737a880f1df8f1c60d0783c59af620136cc0d28ef482bc7,farm_2945_original,1296091252,0,116489,114575,1,0,0,DONE,DONE,719,719,1,,4.66
p3066_c001_farm,cdd0ae7b4c999599,kaggle-environments 1.32.7,a52ba1bfe9df9dc1d504550af46744ef8d474797cdba7af2412dc40a3ebdf3b8,main,bfee70e9daaebeae0737a880f1df8f1c60d0783c59af620136cc0d28ef482bc7,farm_2945_original,1296091252,1,116489,114575,1,0,0,DONE,DONE,719,719,1,,4.27
p3066_c001_farm,cdd0ae7b4c999599,kaggle-environments 1.32.7,a52ba1bfe9df9dc1d504550af46744ef8d474797cdba7af2412dc40a3ebdf3b8,main,bfee70e9daaebeae0737a880f1df8f1c60d0783c59af620136cc0d28ef482bc7,farm_2945_original,1296678227,0,101458,100461,1,0,0,DONE,DONE,719,719,1,,4.63
p3066_c001_farm,cdd0ae7b4c999599,kaggle-environments 1.32.7,a52ba1bfe9df9dc1d504550af46744ef8d474797cdba7af2412dc40a3ebdf3b8,main,bfee70e9daaebeae0737a880f1df8f1c60d0783c59af620136cc0d28ef482bc7,farm_2945_original,1296678227,1,101458,100461,1,0,0,DONE,DONE,719,719,1,,4.35
p3066_c001_farm,cdd0ae7b4c999599,kaggle-environments 1.32.7,a52ba1bfe9df9dc1d504550af46744ef8d474797cdba7af2412dc40a3ebdf3b8,main,bfee70e9daaebeae0737a880f1df8f1c60d0783c59af620136cc0d28ef482bc7,farm_2945_original,1298193493,0,85856,85298,1,0,0,DONE,DONE,719,719,1,,4.21
p3066_c001_farm,cdd0ae7b4c999599,kaggle-environments 1.32.7,a52ba1bfe9df9dc1d504550af46744ef8d474797cdba7af2412dc40a3ebdf3b8,main,bfee70e9daaebeae0737a880f1df8f1c60d0783c59af620136cc0d28ef482bc7,farm_2945_original,1298193493,1,85809,85433,1,0,0,DONE,DONE,719,719,1,,4.22
p3066_c001_farm,cdd0ae7b4c999599,kaggle-environments 1.32.7,a52ba1bfe9df9dc1d504550af46744ef8d474797cdba7af2412dc40a3ebdf3b8,main,bfee70e9daaebeae0737a880f1df8f1c60d0783c59af620136cc0d28ef482bc7,farm_2945_original,1299392854,0,125337,126532,0,1,0,DONE,DONE,719,719,1,,4.47
p3066_c001_farm,cdd0ae7b4c999599,kaggle-environments 1.32.7,a52ba1bfe9df9dc1d504550af46744ef8d474797cdba7af2412dc40a3ebdf3b8,main,bfee70e9daaebeae0737a880f1df8f1c60d0783c59af620136cc0d28ef482bc7,farm_2945_original,1299392854,1,125337,126532,0,1,0,DONE,DONE,719,719,1,,4.45
p3066_c001_farm,cdd0ae7b4c999599,kaggle-environments 1.32.7,a52ba1bfe9df9dc1d504550af46744ef8d474797cdba7af2412dc40a3ebdf3b8,main,bfee70e9daaebeae0737a880f1df8f1c60d0783c59af620136cc0d28ef482bc7,farm_2945_original,1301452019,0,130362,130953,0,1,0,DONE,DONE,719,719,1,,4.08
p3066_c001_farm,cdd0ae7b4c999599,kaggle-environments 1.32.7,a52ba1bfe9df9dc1d504550af46744ef8d474797cdba7af2412dc40a3ebdf3b8,main,bfee70e9daaebeae0737a880f1df8f1c60d0783c59af620136cc0d28ef482bc7,farm_2945_original,1301452019,1,130362,130953,0,1,0,DONE,DONE,719,719,1,,4.37
p3066_c001_farm,cdd0ae7b4c999599,kaggle-environments 1.32.7,a52ba1bfe9df9dc1d504550af46744ef8d474797cdba7af2412dc40a3ebdf3b8,main,bfee70e9daaebeae0737a880f1df8f1c60d0783c59af620136cc0d28ef482bc7,farm_2945_original,1301473796,0,63337,65365,0,1,0,DONE,DONE,719,719,1,,4.14
p3066_c001_farm,cdd0ae7b4c999599,kaggle-environments 1.32.7,a52ba1bfe9df9dc1d504550af46744ef8d474797cdba7af2412dc40a3ebdf3b8,main,bfee70e9daaebeae0737a880f1df8f1c60d0783c59af620136cc0d28ef482bc7,farm_2945_original,1301473796,1,63337,65365,0,1,0,DONE,DONE,719,719,1,,4.27
p3066_c001_farm,cdd0ae7b4c999599,kaggle-environments 1.32.7,a52ba1bfe9df9dc1d504550af46744ef8d474797cdba7af2412dc40a3ebdf3b8,main,bfee70e9daaebeae0737a880f1df8f1c60d0783c59af620136cc0d28ef482bc7,farm_2945_original,1303695271,0,68946,69868,0,1,0,DONE,DONE,719,719,1,,4.42
p3066_c001_farm,cdd0ae7b4c999599,kaggle-environments 1.32.7,a52ba1bfe9df9dc1d504550af46744ef8d474797cdba7af2412dc40a3ebdf3b8,main,bfee70e9daaebeae0737a880f1df8f1c60d0783c59af620136cc0d28ef482bc7,farm_2945_original,1303695271,1,68946,69868,0,1,0,DONE,DONE,719,719,1,,4.26
p3066_c001_farm,cdd0ae7b4c999599,kaggle-environments 1.32.7,a52ba1bfe9df9dc1d504550af46744ef8d474797cdba7af2412dc40a3ebdf3b8,main,bfee70e9daaebeae0737a880f1df8f1c60d0783c59af620136cc0d28ef482bc7,farm_2945_original,1305993005,0,139038,139770,0,1,0,DONE,DONE,719,719,1,,4.45
p3066_c001_farm,cdd0ae7b4c999599,kaggle-environments 1.32.7,a52ba1bfe9df9dc1d504550af46744ef8d474797cdba7af2412dc40a3ebdf3b8,main,bfee70e9daaebeae0737a880f1df8f1c60d0783c59af620136cc0d28ef482bc7,farm_2945_original,1305993005,1,139038,139770,0,1,0,DONE,DONE,719,719,1,,4.5
p3066_c001_farm,cdd0ae7b4c999599,kaggle-environments 1.32.7,a52ba1bfe9df9dc1d504550af46744ef8d474797cdba7af2412dc40a3ebdf3b8,main,bfee70e9daaebeae0737a880f1df8f1c60d0783c59af620136cc0d28ef482bc7,farm_2945_original,1307779870,0,52173,52513,0,1,0,DONE,DONE,719,719,1,,4.22
p3066_c001_farm,cdd0ae7b4c999599,kaggle-environments 1.32.7,a52ba1bfe9df9dc1d504550af46744ef8d474797cdba7af2412dc40a3ebdf3b8,main,bfee70e9daaebeae0737a880f1df8f1c60d0783c59af620136cc0d28ef482bc7,farm_2945_original,1307779870,1,52173,52513,0,1,0,DONE,DONE,719,719,1,,4.71
p3066_c001_farm,cdd0ae7b4c999599,kaggle-environments 1.32.7,a52ba1bfe9df9dc1d504550af46744ef8d474797cdba7af2412dc40a3ebdf3b8,main,bfee70e9daaebeae0737a880f1df8f1c60d0783c59af620136cc0d28ef482bc7,farm_2945_original,1310116083,0,70355,70127,1,0,0,DONE,DONE,719,719,1,,4.22
p3066_c001_farm,cdd0ae7b4c999599,kaggle-environments 1.32.7,a52ba1bfe9df9dc1d504550af46744ef8d474797cdba7af2412dc40a3ebdf3b8,main,bfee70e9daaebeae0737a880f1df8f1c60d0783c59af620136cc0d28ef482bc7,farm_2945_original,1310116083,1,70355,70127,1,0,0,DONE,DONE,719,719,1,,4.41
p3066_c001_farm,cdd0ae7b4c999599,kaggle-environments 1.32.7,a52ba1bfe9df9dc1d504550af46744ef8d474797cdba7af2412dc40a3ebdf3b8,main,bfee70e9daaebeae0737a880f1df8f1c60d0783c59af620136cc0d28ef482bc7,farm_2945_original,1311201402,0,82672,81564,1,0,0,DONE,DONE,719,719,1,,4.84
p3066_c001_farm,cdd0ae7b4c999599,kaggle-environments 1.32.7,a52ba1bfe9df9dc1d504550af46744ef8d474797cdba7af2412dc40a3ebdf3b8,main,bfee70e9daaebeae0737a880f1df8f1c60d0783c59af620136cc0d28ef482bc7,farm_2945_original,1311201402,1,82672,81564,1,0,0,DONE,DONE,719,719,1,,4.67
p3066_c001_farm,cdd0ae7b4c999599,kaggle-environments 1.32.7,a52ba1bfe9df9dc1d504550af46744ef8d474797cdba7af2412dc40a3ebdf3b8,main,bfee70e9daaebeae0737a880f1df8f1c60d0783c59af620136cc0d28ef482bc7,farm_2945_original,1312100992,0,94123,93457,1,0,0,DONE,DONE,719,719,1,,4.23
p3066_c001_farm,cdd0ae7b4c999599,kaggle-environments 1.32.7,a52ba1bfe9df9dc1d504550af46744ef8d474797cdba7af2412dc40a3ebdf3b8,main,bfee70e9daaebeae0737a880f1df8f1c60d0783c59af620136cc0d28ef482bc7,farm_2945_original,1312100992,1,94123,93457,1,0,0,DONE,DONE,719,719,1,,4.12
p3066_c001_farm,cdd0ae7b4c999599,kaggle-environments 1.32.7,a52ba1bfe9df9dc1d504550af46744ef8d474797cdba7af2412dc40a3ebdf3b8,main,bfee70e9daaebeae0737a880f1df8f1c60d0783c59af620136cc0d28ef482bc7,farm_2945_original,1312723061,0,80531,78828,1,0,0,DONE,DONE,719,719,1,,4.5
p3066_c001_farm,cdd0ae7b4c999599,kaggle-environments 1.32.7,a52ba1bfe9df9dc1d504550af46744ef8d474797cdba7af2412dc40a3ebdf3b8,main,bfee70e9daaebeae0737a880f1df8f1c60d0783c59af620136cc0d28ef482bc7,farm_2945_original,1312723061,1,80531,78828,1,0,0,DONE,DONE,719,719,1,,4.53
p3066_c001_farm,cdd0ae7b4c999599,kaggle-environments 1.32.7,a52ba1bfe9df9dc1d504550af46744ef8d474797cdba7af2412dc40a3ebdf3b8,main,bfee70e9daaebeae0737a880f1df8f1c60d0783c59af620136cc0d28ef482bc7,farm_2945_original,1313269224,0,116295,117006,0,1,0,DONE,DONE,719,719,1,,4.29
p3066_c001_farm,cdd0ae7b4c999599,kaggle-environments 1.32.7,a52ba1bfe9df9dc1d504550af46744ef8d474797cdba7af2412dc40a3ebdf3b8,main,bfee70e9daaebeae0737a880f1df8f1c60d0783c59af620136cc0d28ef482bc7,farm_2945_original,1313269224,1,116295,117006,0,1,0,DONE,DONE,719,719,1,,4.39
p3066_c001_farm,cdd0ae7b4c999599,kaggle-environments 1.32.7,a52ba1bfe9df9dc1d504550af46744ef8d474797cdba7af2412dc40a3ebdf3b8,main,bfee70e9daaebeae0737a880f1df8f1c60d0783c59af620136cc0d28ef482bc7,farm_2945_original,1313390293,0,105109,104884,1,0,0,DONE,DONE,719,719,1,,4.09
p3066_c001_farm,cdd0ae7b4c999599,kaggle-environments 1.32.7,a52ba1bfe9df9dc1d504550af46744ef8d474797cdba7af2412dc40a3ebdf3b8,main,bfee70e9daaebeae0737a880f1df8f1c60d0783c59af620136cc0d28ef482bc7,farm_2945_original,1313390293,1,105109,104884,1,0,0,DONE,DONE,719,719,1,,4.1
p3066_c001_farm,cdd0ae7b4c999599,kaggle-environments 1.32.7,a52ba1bfe9df9dc1d504550af46744ef8d474797cdba7af2412dc40a3ebdf3b8,main,bfee70e9daaebeae0737a880f1df8f1c60d0783c59af620136cc0d28ef482bc7,farm_2945_original,1319849724,0,158334,157678,1,0,0,DONE,DONE,719,719,1,,4.36
p3066_c001_farm,cdd0ae7b4c999599,kaggle-environments 1.32.7,a52ba1bfe9df9dc1d504550af46744ef8d474797cdba7af2412dc40a3ebdf3b8,main,bfee70e9daaebeae0737a880f1df8f1c60d0783c59af620136cc0d28ef482bc7,farm_2945_original,1319849724,1,158334,157678,1,0,0,DONE,DONE,719,719,1,,4.45
p3066_c001_farm,cdd0ae7b4c999599,kaggle-environments 1.32.7,a52ba1bfe9df9dc1d504550af46744ef8d474797cdba7af2412dc40a3ebdf3b8,main,bfee70e9daaebeae0737a880f1df8f1c60d0783c59af620136cc0d28ef482bc7,farm_2945_original,1320657722,0,71441,71928,0,1,0,DONE,DONE,719,719,1,,4.39
p3066_c001_farm,cdd0ae7b4c999599,kaggle-environments 1.32.7,a52ba1bfe9df9dc1d504550af46744ef8d474797cdba7af2412dc40a3ebdf3b8,main,bfee70e9daaebeae0737a880f1df8f1c60d0783c59af620136cc0d28ef482bc7,farm_2945_original,1320657722,1,71441,71928,0,1,0,DONE,DONE,719,719,1,,4.59
p3066_c001_farm,cdd0ae7b4c999599,kaggle-environments 1.32.7,a52ba1bfe9df9dc1d504550af46744ef8d474797cdba7af2412dc40a3ebdf3b8,main,bfee70e9daaebeae0737a880f1df8f1c60d0783c59af620136cc0d28ef482bc7,farm_2945_original,1323809478,0,102557,102831,0,1,0,DONE,DONE,719,719,1,,4.49
p3066_c001_farm,cdd0ae7b4c999599,kaggle-environments 1.32.7,a52ba1bfe9df9dc1d504550af46744ef8d474797cdba7af2412dc40a3ebdf3b8,main,bfee70e9daaebeae0737a880f1df8f1c60d0783c59af620136cc0d28ef482bc7,farm_2945_original,1323809478,1,102557,102831,0,1,0,DONE,DONE,719,719,1,,4.32
p3066_c001_farm,cdd0ae7b4c999599,kaggle-environments 1.32.7,a52ba1bfe9df9dc1d504550af46744ef8d474797cdba7af2412dc40a3ebdf3b8,main,bfee70e9daaebeae0737a880f1df8f1c60d0783c59af620136cc0d28ef482bc7,farm_2945_original,1326745757,0,118980,113852,1,0,0,DONE,DONE,719,719,1,,4.53
p3066_c001_farm,cdd0ae7b4c999599,kaggle-environments 1.32.7,a52ba1bfe9df9dc1d504550af46744ef8d474797cdba7af2412dc40a3ebdf3b8,main,bfee70e9daaebeae0737a880f1df8f1c60d0783c59af620136cc0d28ef482bc7,farm_2945_original,1326745757,1,113436,120014,0,1,0,DONE,DONE,719,719,1,,4.12
p3066_c001_farm,cdd0ae7b4c999599,kaggle-environments 1.32.7,a52ba1bfe9df9dc1d504550af46744ef8d474797cdba7af2412dc40a3ebdf3b8,main,bfee70e9daaebeae0737a880f1df8f1c60d0783c59af620136cc0d28ef482bc7,farm_2945_original,1331508381,0,68226,68603,0,1,0,DONE,DONE,719,719,1,,4.27
p3066_c001_farm,cdd0ae7b4c999599,kaggle-environments 1.32.7,a52ba1bfe9df9dc1d504550af46744ef8d474797cdba7af2412dc40a3ebdf3b8,main,bfee70e9daaebeae0737a880f1df8f1c60d0783c59af620136cc0d28ef482bc7,farm_2945_original,1331508381,1,68226,68603,0,1,0,DONE,DONE,719,719,1,,4.23
p3066_c001_farm,cdd0ae7b4c999599,kaggle-environments 1.32.7,a52ba1bfe9df9dc1d504550af46744ef8d474797cdba7af2412dc40a3ebdf3b8,main,bfee70e9daaebeae0737a880f1df8f1c60d0783c59af620136cc0d28ef482bc7,farm_2945_original,1331862995,0,74014,72744,1,0,0,DONE,DONE,719,719,1,,4.39
p3066_c001_farm,cdd0ae7b4c999599,kaggle-environments 1.32.7,a52ba1bfe9df9dc1d504550af46744ef8d474797cdba7af2412dc40a3ebdf3b8,main,bfee70e9daaebeae0737a880f1df8f1c60d0783c59af620136cc0d28ef482bc7,farm_2945_original,1331862995,1,74014,72744,1,0,0,DONE,DONE,719,719,1,,4.32
p3066_c001_farm,cdd0ae7b4c999599,kaggle-environments 1.32.7,a52ba1bfe9df9dc1d504550af46744ef8d474797cdba7af2412dc40a3ebdf3b8,main,bfee70e9daaebeae0737a880f1df8f1c60d0783c59af620136cc0d28ef482bc7,farm_2945_original,1340238959,0,101836,101966,0,1,0,DONE,DONE,719,719,1,,4.65
p3066_c001_farm,cdd0ae7b4c999599,kaggle-environments 1.32.7,a52ba1bfe9df9dc1d504550af46744ef8d474797cdba7af2412dc40a3ebdf3b8,main,bfee70e9daaebeae0737a880f1df8f1c60d0783c59af620136cc0d28ef482bc7,farm_2945_original,1340238959,1,101836,101966,0,1,0,DONE,DONE,719,719,1,,4.53
p3066_c001_farm,cdd0ae7b4c999599,kaggle-environments 1.32.7,a52ba1bfe9df9dc1d504550af46744ef8d474797cdba7af2412dc40a3ebdf3b8,main,bfee70e9daaebeae0737a880f1df8f1c60d0783c59af620136cc0d28ef482bc7,farm_2945_original,1341198743,0,122047,122969,0,1,0,DONE,DONE,719,719,1,,4.23
p3066_c001_farm,cdd0ae7b4c999599,kaggle-environments 1.32.7,a52ba1bfe9df9dc1d504550af46744ef8d474797cdba7af2412dc40a3ebdf3b8,main,bfee70e9daaebeae0737a880f1df8f1c60d0783c59af620136cc0d28ef482bc7,farm_2945_original,1341198743,1,122047,122969,0,1,0,DONE,DONE,719,719,1,,4.35
p3066_c001_farm,cdd0ae7b4c999599,kaggle-environments 1.32.7,a52ba1bfe9df9dc1d504550af46744ef8d474797cdba7af2412dc40a3ebdf3b8,main,bfee70e9daaebeae0737a880f1df8f1c60d0783c59af620136cc0d28ef482bc7,farm_2945_original,1342352135,0,66586,67181,0,1,0,DONE,DONE,719,719,1,,4.38
p3066_c001_farm,cdd0ae7b4c999599,kaggle-environments 1.32.7,a52ba1bfe9df9dc1d504550af46744ef8d474797cdba7af2412dc40a3ebdf3b8,main,bfee70e9daaebeae0737a880f1df8f1c60d0783c59af620136cc0d28ef482bc7,farm_2945_original,1342352135,1,66586,67181,0,1,0,DONE,DONE,719,719,1,,4.25
p3066_c001_farm,cdd0ae7b4c999599,kaggle-environments 1.32.7,a52ba1bfe9df9dc1d504550af46744ef8d474797cdba7af2412dc40a3ebdf3b8,main,bfee70e9daaebeae0737a880f1df8f1c60d0783c59af620136cc0d28ef482bc7,farm_2945_original,1343495740,0,111452,110538,1,0,0,DONE,DONE,719,719,1,,4.63
p3066_c001_farm,cdd0ae7b4c999599,kaggle-environments 1.32.7,a52ba1bfe9df9dc1d504550af46744ef8d474797cdba7af2412dc40a3ebdf3b8,main,bfee70e9daaebeae0737a880f1df8f1c60d0783c59af620136cc0d28ef482bc7,farm_2945_original,1343495740,1,111452,110538,1,0,0,DONE,DONE,719,719,1,,4.5
p3066_c001_farm,cdd0ae7b4c999599,kaggle-environments 1.32.7,a52ba1bfe9df9dc1d504550af46744ef8d474797cdba7af2412dc40a3ebdf3b8,main,bfee70e9daaebeae0737a880f1df8f1c60d0783c59af620136cc0d28ef482bc7,farm_2945_original,1344530761,0,63253,62071,1,0,0,DONE,DONE,719,719,1,,4.31
p3066_c001_farm,cdd0ae7b4c999599,kaggle-environments 1.32.7,a52ba1bfe9df9dc1d504550af46744ef8d474797cdba7af2412dc40a3ebdf3b8,main,bfee70e9daaebeae0737a880f1df8f1c60d0783c59af620136cc0d28ef482bc7,farm_2945_original,1344530761,1,63253,62071,1,0,0,DONE,DONE,719,719,1,,4.34
p3066_c001_farm,cdd0ae7b4c999599,kaggle-environments 1.32.7,a52ba1bfe9df9dc1d504550af46744ef8d474797cdba7af2412dc40a3ebdf3b8,main,bfee70e9daaebeae0737a880f1df8f1c60d0783c59af620136cc0d28ef482bc7,farm_2945_original,1344564815,0,130473,129380,1,0,0,DONE,DONE,719,719,1,,4.41
p3066_c001_farm,cdd0ae7b4c999599,kaggle-environments 1.32.7,a52ba1bfe9df9dc1d504550af46744ef8d474797cdba7af2412dc40a3ebdf3b8,main,bfee70e9daaebeae0737a880f1df8f1c60d0783c59af620136cc0d28ef482bc7,farm_2945_original,1344564815,1,130473,129380,1,0,0,DONE,DONE,719,719,1,,4.63
p3066_c001_farm,cdd0ae7b4c999599,kaggle-environments 1.32.7,a52ba1bfe9df9dc1d504550af46744ef8d474797cdba7af2412dc40a3ebdf3b8,main,bfee70e9daaebeae0737a880f1df8f1c60d0783c59af620136cc0d28ef482bc7,farm_2945_original,1346071502,0,106372,105730,1,0,0,DONE,DONE,719,719,1,,4.58
p3066_c001_farm,cdd0ae7b4c999599,kaggle-environments 1.32.7,a52ba1bfe9df9dc1d504550af46744ef8d474797cdba7af2412dc40a3ebdf3b8,main,bfee70e9daaebeae0737a880f1df8f1c60d0783c59af620136cc0d28ef482bc7,farm_2945_original,1346071502,1,106372,105730,1,0,0,DONE,DONE,719,719,1,,4.58
p3066_c001_farm,cdd0ae7b4c999599,kaggle-environments 1.32.7,a52ba1bfe9df9dc1d504550af46744ef8d474797cdba7af2412dc40a3ebdf3b8,main,bfee70e9daaebeae0737a880f1df8f1c60d0783c59af620136cc0d28ef482bc7,farm_2945_original,1347151499,0,102379,102734,0,1,0,DONE,DONE,719,719,1,,4.21
p3066_c001_farm,cdd0ae7b4c999599,kaggle-environments 1.32.7,a52ba1bfe9df9dc1d504550af46744ef8d474797cdba7af2412dc40a3ebdf3b8,main,bfee70e9daaebeae0737a880f1df8f1c60d0783c59af620136cc0d28ef482bc7,farm_2945_original,1347151499,1,102379,102734,0,1,0,DONE,DONE,719,719,1,,4.2
p3066_c001_farm,cdd0ae7b4c999599,kaggle-environments 1.32.7,a52ba1bfe9df9dc1d504550af46744ef8d474797cdba7af2412dc40a3ebdf3b8,main,bfee70e9daaebeae0737a880f1df8f1c60d0783c59af620136cc0d28ef482bc7,farm_2945_original,1349950299,0,107714,103424,1,0,0,DONE,DONE,719,719,1,,4.48
p3066_c001_farm,cdd0ae7b4c999599,kaggle-environments 1.32.7,a52ba1bfe9df9dc1d504550af46744ef8d474797cdba7af2412dc40a3ebdf3b8,main,bfee70e9daaebeae0737a880f1df8f1c60d0783c59af620136cc0d28ef482bc7,farm_2945_original,1349950299,1,104266,106865,0,1,0,DONE,DONE,719,719,1,,4.58
p3066_c001_farm,cdd0ae7b4c999599,kaggle-environments 1.32.7,a52ba1bfe9df9dc1d504550af46744ef8d474797cdba7af2412dc40a3ebdf3b8,main,bfee70e9daaebeae0737a880f1df8f1c60d0783c59af620136cc0d28ef482bc7,farm_2945_original,1353116695,0,77171,77870,0,1,0,DONE,DONE,719,719,1,,4.36
p3066_c001_farm,cdd0ae7b4c999599,kaggle-environments 1.32.7,a52ba1bfe9df9dc1d504550af46744ef8d474797cdba7af2412dc40a3ebdf3b8,main,bfee70e9daaebeae0737a880f1df8f1c60d0783c59af620136cc0d28ef482bc7,farm_2945_original,1353116695,1,77171,77870,0,1,0,DONE,DONE,719,719,1,,4.46
p3066_c001_farm,cdd0ae7b4c999599,kaggle-environments 1.32.7,a52ba1bfe9df9dc1d504550af46744ef8d474797cdba7af2412dc40a3ebdf3b8,main,bfee70e9daaebeae0737a880f1df8f1c60d0783c59af620136cc0d28ef482bc7,farm_2945_original,1353524928,0,102934,102562,1,0,0,DONE,DONE,719,719,1,,4.49
p3066_c001_farm,cdd0ae7b4c999599,kaggle-environments 1.32.7,a52ba1bfe9df9dc1d504550af46744ef8d474797cdba7af2412dc40a3ebdf3b8,main,bfee70e9daaebeae0737a880f1df8f1c60d0783c59af620136cc0d28ef482bc7,farm_2945_original,1353524928,1,102934,102562,1,0,0,DONE,DONE,719,719,1,,4.81
p3066_c001_farm,cdd0ae7b4c999599,kaggle-environments 1.32.7,a52ba1bfe9df9dc1d504550af46744ef8d474797cdba7af2412dc40a3ebdf3b8,main,bfee70e9daaebeae0737a880f1df8f1c60d0783c59af620136cc0d28ef482bc7,farm_2945_original,1355972192,0,122599,123930,0,1,0,DONE,DONE,719,719,1,,4.52
p3066_c001_farm,cdd0ae7b4c999599,kaggle-environments 1.32.7,a52ba1bfe9df9dc1d504550af46744ef8d474797cdba7af2412dc40a3ebdf3b8,main,bfee70e9daaebeae0737a880f1df8f1c60d0783c59af620136cc0d28ef482bc7,farm_2945_original,1355972192,1,122599,123930,0,1,0,DONE,DONE,719,719,1,,4.43
p3066_c001_farm,cdd0ae7b4c999599,kaggle-environments 1.32.7,a52ba1bfe9df9dc1d504550af46744ef8d474797cdba7af2412dc40a3ebdf3b8,main,bfee70e9daaebeae0737a880f1df8f1c60d0783c59af620136cc0d28ef482bc7,farm_2945_original,1356125848,0,108194,120861,0,1,0,DONE,DONE,719,719,1,,4.22
p3066_c001_farm,cdd0ae7b4c999599,kaggle-environments 1.32.7,a52ba1bfe9df9dc1d504550af46744ef8d474797cdba7af2412dc40a3ebdf3b8,main,bfee70e9daaebeae0737a880f1df8f1c60d0783c59af620136cc0d28ef482bc7,farm_2945_original,1356125848,1,120647,108417,1,0,0,DONE,DONE,719,719,1,,4.28
p3066_c001_farm,cdd0ae7b4c999599,kaggle-environments 1.32.7,a52ba1bfe9df9dc1d504550af46744ef8d474797cdba7af2412dc40a3ebdf3b8,main,bfee70e9daaebeae0737a880f1df8f1c60d0783c59af620136cc0d28ef482bc7,farm_2945_original,1361621806,0,63472,63310,1,0,0,DONE,DONE,719,719,1,,4.22
p3066_c001_farm,cdd0ae7b4c999599,kaggle-environments 1.32.7,a52ba1bfe9df9dc1d504550af46744ef8d474797cdba7af2412dc40a3ebdf3b8,main,bfee70e9daaebeae0737a880f1df8f1c60d0783c59af620136cc0d28ef482bc7,farm_2945_original,1361621806,1,63472,63310,1,0,0,DONE,DONE,719,719,1,,4.24
p3066_c001_farm,cdd0ae7b4c999599,kaggle-environments 1.32.7,a52ba1bfe9df9dc1d504550af46744ef8d474797cdba7af2412dc40a3ebdf3b8,main,bfee70e9daaebeae0737a880f1df8f1c60d0783c59af620136cc0d28ef482bc7,farm_2945_original,1365213930,0,124642,124315,1,0,0,DONE,DONE,719,719,1,,4.43
p3066_c001_farm,cdd0ae7b4c999599,kaggle-environments 1.32.7,a52ba1bfe9df9dc1d504550af46744ef8d474797cdba7af2412dc40a3ebdf3b8,main,bfee70e9daaebeae0737a880f1df8f1c60d0783c59af620136cc0d28ef482bc7,farm_2945_original,1365213930,1,124773,124185,1,0,0,DONE,DONE,719,719,1,,4.29
p3066_c001_farm,cdd0ae7b4c999599,kaggle-environments 1.32.7,a52ba1bfe9df9dc1d504550af46744ef8d474797cdba7af2412dc40a3ebdf3b8,main,bfee70e9daaebeae0737a880f1df8f1c60d0783c59af620136cc0d28ef482bc7,farm_2945_original,1367859145,0,81298,80028,1,0,0,DONE,DONE,719,719,1,,4.21
p3066_c001_farm,cdd0ae7b4c999599,kaggle-environments 1.32.7,a52ba1bfe9df9dc1d504550af46744ef8d474797cdba7af2412dc40a3ebdf3b8,main,bfee70e9daaebeae0737a880f1df8f1c60d0783c59af620136cc0d28ef482bc7,farm_2945_original,1367859145,1,81298,80028,1,0,0,DONE,DONE,719,719,1,,4.54
p3066_c001_farm,cdd0ae7b4c999599,kaggle-environments 1.32.7,a52ba1bfe9df9dc1d504550af46744ef8d474797cdba7af2412dc40a3ebdf3b8,main,bfee70e9daaebeae0737a880f1df8f1c60d0783c59af620136cc0d28ef482bc7,farm_2945_original,1369288684,0,72509,73438,0,1,0,DONE,DONE,719,719,1,,4.32
p3066_c001_farm,cdd0ae7b4c999599,kaggle-environments 1.32.7,a52ba1bfe9df9dc1d504550af46744ef8d474797cdba7af2412dc40a3ebdf3b8,main,bfee70e9daaebeae0737a880f1df8f1c60d0783c59af620136cc0d28ef482bc7,farm_2945_original,1369288684,1,72509,73438,0,1,0,DONE,DONE,719,719,1,,4.39
p3066_c001_farm,cdd0ae7b4c999599,kaggle-environments 1.32.7,a52ba1bfe9df9dc1d504550af46744ef8d474797cdba7af2412dc40a3ebdf3b8,main,bfee70e9daaebeae0737a880f1df8f1c60d0783c59af620136cc0d28ef482bc7,farm_2945_original,1374868963,0,73041,73223,0,1,0,DONE,DONE,719,719,1,,4.55
p3066_c001_farm,cdd0ae7b4c999599,kaggle-environments 1.32.7,a52ba1bfe9df9dc1d504550af46744ef8d474797cdba7af2412dc40a3ebdf3b8,main,bfee70e9daaebeae0737a880f1df8f1c60d0783c59af620136cc0d28ef482bc7,farm_2945_original,1374868963,1,73041,73223,0,1,0,DONE,DONE,719,719,1,,4.47
p3066_c001_farm,cdd0ae7b4c999599,kaggle-environments 1.32.7,a52ba1bfe9df9dc1d504550af46744ef8d474797cdba7af2412dc40a3ebdf3b8,main,bfee70e9daaebeae0737a880f1df8f1c60d0783c59af620136cc0d28ef482bc7,farm_2945_original,1375535283,0,87229,84253,1,0,0,DONE,DONE,719,719,1,,4.22
p3066_c001_farm,cdd0ae7b4c999599,kaggle-environments 1.32.7,a52ba1bfe9df9dc1d504550af46744ef8d474797cdba7af2412dc40a3ebdf3b8,main,bfee70e9daaebeae0737a880f1df8f1c60d0783c59af620136cc0d28ef482bc7,farm_2945_original,1375535283,1,87229,84253,1,0,0,DONE,DONE,719,719,1,,4.17
p3066_c001_farm,cdd0ae7b4c999599,kaggle-environments 1.32.7,a52ba1bfe9df9dc1d504550af46744ef8d474797cdba7af2412dc40a3ebdf3b8,main,bfee70e9daaebeae0737a880f1df8f1c60d0783c59af620136cc0d28ef482bc7,farm_2945_original,1375660514,0,114733,114303,1,0,0,DONE,DONE,719,719,1,,4.15
p3066_c001_farm,cdd0ae7b4c999599,kaggle-environments 1.32.7,a52ba1bfe9df9dc1d504550af46744ef8d474797cdba7af2412dc40a3ebdf3b8,main,bfee70e9daaebeae0737a880f1df8f1c60d0783c59af620136cc0d28ef482bc7,farm_2945_original,1375660514,1,114733,114303,1,0,0,DONE,DONE,719,719,1,,4.22
p3066_c001_farm,cdd0ae7b4c999599,kaggle-environments 1.32.7,a52ba1bfe9df9dc1d504550af46744ef8d474797cdba7af2412dc40a3ebdf3b8,main,bfee70e9daaebeae0737a880f1df8f1c60d0783c59af620136cc0d28ef482bc7,farm_2945_original,1382941652,0,135978,135759,1,0,0,DONE,DONE,719,719,1,,4.55
p3066_c001_farm,cdd0ae7b4c999599,kaggle-environments 1.32.7,a52ba1bfe9df9dc1d504550af46744ef8d474797cdba7af2412dc40a3ebdf3b8,main,bfee70e9daaebeae0737a880f1df8f1c60d0783c59af620136cc0d28ef482bc7,farm_2945_original,1382941652,1,135978,135759,1,0,0,DONE,DONE,719,719,1,,4.75
p3066_c001_farm,cdd0ae7b4c999599,kaggle-environments 1.32.7,a52ba1bfe9df9dc1d504550af46744ef8d474797cdba7af2412dc40a3ebdf3b8,main,bfee70e9daaebeae0737a880f1df8f1c60d0783c59af620136cc0d28ef482bc7,farm_2945_original,1384638924,0,81370,79349,1,0,0,DONE,DONE,719,719,1,,4.26
p3066_c001_farm,cdd0ae7b4c999599,kaggle-environments 1.32.7,a52ba1bfe9df9dc1d504550af46744ef8d474797cdba7af2412dc40a3ebdf3b8,main,bfee70e9daaebeae0737a880f1df8f1c60d0783c59af620136cc0d28ef482bc7,farm_2945_original,1384638924,1,81370,79349,1,0,0,DONE,DONE,719,719,1,,4.19
p3066_c001_farm,cdd0ae7b4c999599,kaggle-environments 1.32.7,a52ba1bfe9df9dc1d504550af46744ef8d474797cdba7af2412dc40a3ebdf3b8,main,bfee70e9daaebeae0737a880f1df8f1c60d0783c59af620136cc0d28ef482bc7,farm_2945_original,1385128067,0,75093,73652,1,0,0,DONE,DONE,719,719,1,,4.42
p3066_c001_farm,cdd0ae7b4c999599,kaggle-environments 1.32.7,a52ba1bfe9df9dc1d504550af46744ef8d474797cdba7af2412dc40a3ebdf3b8,main,bfee70e9daaebeae0737a880f1df8f1c60d0783c59af620136cc0d28ef482bc7,farm_2945_original,1385128067,1,75093,73652,1,0,0,DONE,DONE,719,719,1,,4.61
p3066_c001_farm,cdd0ae7b4c999599,kaggle-environments 1.32.7,a52ba1bfe9df9dc1d504550af46744ef8d474797cdba7af2412dc40a3ebdf3b8,main,bfee70e9daaebeae0737a880f1df8f1c60d0783c59af620136cc0d28ef482bc7,farm_2945_original,1386739896,0,142299,141839,1,0,0,DONE,DONE,719,719,1,,4.39
p3066_c001_farm,cdd0ae7b4c999599,kaggle-environments 1.32.7,a52ba1bfe9df9dc1d504550af46744ef8d474797cdba7af2412dc40a3ebdf3b8,main,bfee70e9daaebeae0737a880f1df8f1c60d0783c59af620136cc0d28ef482bc7,farm_2945_original,1386739896,1,142299,141839,1,0,0,DONE,DONE,719,719,1,,4.4
p3066_c001_farm,cdd0ae7b4c999599,kaggle-environments 1.32.7,a52ba1bfe9df9dc1d504550af46744ef8d474797cdba7af2412dc40a3ebdf3b8,main,bfee70e9daaebeae0737a880f1df8f1c60d0783c59af620136cc0d28ef482bc7,farm_2945_original,1388632395,0,94228,94134,1,0,0,DONE,DONE,719,719,1,,4.69
p3066_c001_farm,cdd0ae7b4c999599,kaggle-environments 1.32.7,a52ba1bfe9df9dc1d504550af46744ef8d474797cdba7af2412dc40a3ebdf3b8,main,bfee70e9daaebeae0737a880f1df8f1c60d0783c59af620136cc0d28ef482bc7,farm_2945_original,1388632395,1,94228,94134,1,0,0,DONE,DONE,719,719,1,,4.38
p3066_c001_farm,cdd0ae7b4c999599,kaggle-environments 1.32.7,a52ba1bfe9df9dc1d504550af46744ef8d474797cdba7af2412dc40a3ebdf3b8,main,bfee70e9daaebeae0737a880f1df8f1c60d0783c59af620136cc0d28ef482bc7,farm_2945_original,1388681310,0,126298,126605,0,1,0,DONE,DONE,719,719,1,,4.15
p3066_c001_farm,cdd0ae7b4c999599,kaggle-environments 1.32.7,a52ba1bfe9df9dc1d504550af46744ef8d474797cdba7af2412dc40a3ebdf3b8,main,bfee70e9daaebeae0737a880f1df8f1c60d0783c59af620136cc0d28ef482bc7,farm_2945_original,1388681310,1,126298,126605,0,1,0,DONE,DONE,719,719,1,,4.25
p3066_c001_farm,cdd0ae7b4c999599,kaggle-environments 1.32.7,a52ba1bfe9df9dc1d504550af46744ef8d474797cdba7af2412dc40a3ebdf3b8,main,bfee70e9daaebeae0737a880f1df8f1c60d0783c59af620136cc0d28ef482bc7,farm_2945_original,1392808100,0,99489,101464,0,1,0,DONE,DONE,719,719,1,,4.9
p3066_c001_farm,cdd0ae7b4c999599,kaggle-environments 1.32.7,a52ba1bfe9df9dc1d504550af46744ef8d474797cdba7af2412dc40a3ebdf3b8,main,bfee70e9daaebeae0737a880f1df8f1c60d0783c59af620136cc0d28ef482bc7,farm_2945_original,1392808100,1,99489,101464,0,1,0,DONE,DONE,719,719,1,,4.48
p3066_c001_farm,cdd0ae7b4c999599,kaggle-environments 1.32.7,a52ba1bfe9df9dc1d504550af46744ef8d474797cdba7af2412dc40a3ebdf3b8,main,bfee70e9daaebeae0737a880f1df8f1c60d0783c59af620136cc0d28ef482bc7,farm_2945_original,1393319672,0,90638,91119,0,1,0,DONE,DONE,719,719,1,,4.59
p3066_c001_farm,cdd0ae7b4c999599,kaggle-environments 1.32.7,a52ba1bfe9df9dc1d504550af46744ef8d474797cdba7af2412dc40a3ebdf3b8,main,bfee70e9daaebeae0737a880f1df8f1c60d0783c59af620136cc0d28ef482bc7,farm_2945_original,1393319672,1,90638,91119,0,1,0,DONE,DONE,719,719,1,,4.61
p3066_c001_farm,cdd0ae7b4c999599,kaggle-environments 1.32.7,a52ba1bfe9df9dc1d504550af46744ef8d474797cdba7af2412dc40a3ebdf3b8,main,bfee70e9daaebeae0737a880f1df8f1c60d0783c59af620136cc0d28ef482bc7,farm_2945_original,1395526966,0,94016,94672,0,1,0,DONE,DONE,719,719,1,,4.48
p3066_c001_farm,cdd0ae7b4c999599,kaggle-environments 1.32.7,a52ba1bfe9df9dc1d504550af46744ef8d474797cdba7af2412dc40a3ebdf3b8,main,bfee70e9daaebeae0737a880f1df8f1c60d0783c59af620136cc0d28ef482bc7,farm_2945_original,1395526966,1,94016,94672,0,1,0,DONE,DONE,719,719,1,,4.55
p3066_c001_farm,cdd0ae7b4c999599,kaggle-environments 1.32.7,a52ba1bfe9df9dc1d504550af46744ef8d474797cdba7af2412dc40a3ebdf3b8,main,bfee70e9daaebeae0737a880f1df8f1c60d0783c59af620136cc0d28ef482bc7,farm_2945_original,1396501130,0,95863,96764,0,1,0,DONE,DONE,719,719,1,,4.21
p3066_c001_farm,cdd0ae7b4c999599,kaggle-environments 1.32.7,a52ba1bfe9df9dc1d504550af46744ef8d474797cdba7af2412dc40a3ebdf3b8,main,bfee70e9daaebeae0737a880f1df8f1c60d0783c59af620136cc0d28ef482bc7,farm_2945_original,1396501130,1,95863,96764,0,1,0,DONE,DONE,719,719,1,,4.29
p3066_c001_farm,cdd0ae7b4c999599,kaggle-environments 1.32.7,a52ba1bfe9df9dc1d504550af46744ef8d474797cdba7af2412dc40a3ebdf3b8,main,bfee70e9daaebeae0737a880f1df8f1c60d0783c59af620136cc0d28ef482bc7,farm_2945_original,1400825693,0,110445,110119,1,0,0,DONE,DONE,719,719,1,,4.55
p3066_c001_farm,cdd0ae7b4c999599,kaggle-environments 1.32.7,a52ba1bfe9df9dc1d504550af46744ef8d474797cdba7af2412dc40a3ebdf3b8,main,bfee70e9daaebeae0737a880f1df8f1c60d0783c59af620136cc0d28ef482bc7,farm_2945_original,1400825693,1,110445,110119,1,0,0,DONE,DONE,719,719,1,,4.53
p3066_c001_farm,cdd0ae7b4c999599,kaggle-environments 1.32.7,a52ba1bfe9df9dc1d504550af46744ef8d474797cdba7af2412dc40a3ebdf3b8,main,bfee70e9daaebeae0737a880f1df8f1c60d0783c59af620136cc0d28ef482bc7,farm_2945_original,1405554226,0,112685,109935,1,0,0,DONE,DONE,719,719,1,,4.37
p3066_c001_farm,cdd0ae7b4c999599,kaggle-environments 1.32.7,a52ba1bfe9df9dc1d504550af46744ef8d474797cdba7af2412dc40a3ebdf3b8,main,bfee70e9daaebeae0737a880f1df8f1c60d0783c59af620136cc0d28ef482bc7,farm_2945_original,1405554226,1,112685,109935,1,0,0,DONE,DONE,719,719,1,,4.3
p3066_c001_farm,cdd0ae7b4c999599,kaggle-environments 1.32.7,a52ba1bfe9df9dc1d504550af46744ef8d474797cdba7af2412dc40a3ebdf3b8,main,bfee70e9daaebeae0737a880f1df8f1c60d0783c59af620136cc0d28ef482bc7,farm_2945_original,1405970485,0,107748,101065,1,0,0,DONE,DONE,719,719,1,,4.5
p3066_c001_farm,cdd0ae7b4c999599,kaggle-environments 1.32.7,a52ba1bfe9df9dc1d504550af46744ef8d474797cdba7af2412dc40a3ebdf3b8,main,bfee70e9daaebeae0737a880f1df8f1c60d0783c59af620136cc0d28ef482bc7,farm_2945_original,1405970485,1,100843,107901,0,1,0,DONE,DONE,719,719,1,,4.38
p3066_c001_farm,cdd0ae7b4c999599,kaggle-environments 1.32.7,a52ba1bfe9df9dc1d504550af46744ef8d474797cdba7af2412dc40a3ebdf3b8,main,bfee70e9daaebeae0737a880f1df8f1c60d0783c59af620136cc0d28ef482bc7,farm_2945_original,1407831961,0,104285,104145,1,0,0,DONE,DONE,719,719,1,,4.63
p3066_c001_farm,cdd0ae7b4c999599,kaggle-environments 1.32.7,a52ba1bfe9df9dc1d504550af46744ef8d474797cdba7af2412dc40a3ebdf3b8,main,bfee70e9daaebeae0737a880f1df8f1c60d0783c59af620136cc0d28ef482bc7,farm_2945_original,1407831961,1,104285,104145,1,0,0,DONE,DONE,719,719,1,,4.63
p3066_c001_farm,cdd0ae7b4c999599,kaggle-environments 1.32.7,a52ba1bfe9df9dc1d504550af46744ef8d474797cdba7af2412dc40a3ebdf3b8,main,bfee70e9daaebeae0737a880f1df8f1c60d0783c59af620136cc0d28ef482bc7,farm_2945_original,1407839569,0,119394,119353,1,0,0,DONE,DONE,719,719,1,,4.46
p3066_c001_farm,cdd0ae7b4c999599,kaggle-environments 1.32.7,a52ba1bfe9df9dc1d504550af46744ef8d474797cdba7af2412dc40a3ebdf3b8,main,bfee70e9daaebeae0737a880f1df8f1c60d0783c59af620136cc0d28ef482bc7,farm_2945_original,1407839569,1,119394,119353,1,0,0,DONE,DONE,719,719,1,,4.09
p3066_c001_farm,cdd0ae7b4c999599,kaggle-environments 1.32.7,a52ba1bfe9df9dc1d504550af46744ef8d474797cdba7af2412dc40a3ebdf3b8,main,bfee70e9daaebeae0737a880f1df8f1c60d0783c59af620136cc0d28ef482bc7,farm_2945_original,1407882474,0,89661,90969,0,1,0,DONE,DONE,719,719,1,,4.31
p3066_c001_farm,cdd0ae7b4c999599,kaggle-environments 1.32.7,a52ba1bfe9df9dc1d504550af46744ef8d474797cdba7af2412dc40a3ebdf3b8,main,bfee70e9daaebeae0737a880f1df8f1c60d0783c59af620136cc0d28ef482bc7,farm_2945_original,1407882474,1,89661,90969,0,1,0,DONE,DONE,719,719,1,,4.23
p3066_c001_farm,cdd0ae7b4c999599,kaggle-environments 1.32.7,a52ba1bfe9df9dc1d504550af46744ef8d474797cdba7af2412dc40a3ebdf3b8,main,bfee70e9daaebeae0737a880f1df8f1c60d0783c59af620136cc0d28ef482bc7,farm_2945_original,1409347334,0,86661,86655,1,0,0,DONE,DONE,719,719,1,,4.45
p3066_c001_farm,cdd0ae7b4c999599,kaggle-environments 1.32.7,a52ba1bfe9df9dc1d504550af46744ef8d474797cdba7af2412dc40a3ebdf3b8,main,bfee70e9daaebeae0737a880f1df8f1c60d0783c59af620136cc0d28ef482bc7,farm_2945_original,1409347334,1,86661,86655,1,0,0,DONE,DONE,719,719,1,,4.34
p3066_c001_farm,cdd0ae7b4c999599,kaggle-environments 1.32.7,a52ba1bfe9df9dc1d504550af46744ef8d474797cdba7af2412dc40a3ebdf3b8,main,bfee70e9daaebeae0737a880f1df8f1c60d0783c59af620136cc0d28ef482bc7,farm_2945_original,1409731870,0,60150,60151,0,1,0,DONE,DONE,719,719,1,,4.26
p3066_c001_farm,cdd0ae7b4c999599,kaggle-environments 1.32.7,a52ba1bfe9df9dc1d504550af46744ef8d474797cdba7af2412dc40a3ebdf3b8,main,bfee70e9daaebeae0737a880f1df8f1c60d0783c59af620136cc0d28ef482bc7,farm_2945_original,1409731870,1,60150,60151,0,1,0,DONE,DONE,719,719,1,,4.57
p3066_c001_farm,cdd0ae7b4c999599,kaggle-environments 1.32.7,a52ba1bfe9df9dc1d504550af46744ef8d474797cdba7af2412dc40a3ebdf3b8,main,bfee70e9daaebeae0737a880f1df8f1c60d0783c59af620136cc0d28ef482bc7,farm_2945_original,1411066117,0,109953,109697,1,0,0,DONE,DONE,719,719,1,,4.17
p3066_c001_farm,cdd0ae7b4c999599,kaggle-environments 1.32.7,a52ba1bfe9df9dc1d504550af46744ef8d474797cdba7af2412dc40a3ebdf3b8,main,bfee70e9daaebeae0737a880f1df8f1c60d0783c59af620136cc0d28ef482bc7,farm_2945_original,1411066117,1,109953,109697,1,0,0,DONE,DONE,719,719,1,,4.18
p3066_c001_farm,cdd0ae7b4c999599,kaggle-environments 1.32.7,a52ba1bfe9df9dc1d504550af46744ef8d474797cdba7af2412dc40a3ebdf3b8,main,bfee70e9daaebeae0737a880f1df8f1c60d0783c59af620136cc0d28ef482bc7,farm_2945_original,1413185429,0,105008,106978,0,1,0,DONE,DONE,719,719,1,,4.51
p3066_c001_farm,cdd0ae7b4c999599,kaggle-environments 1.32.7,a52ba1bfe9df9dc1d504550af46744ef8d474797cdba7af2412dc40a3ebdf3b8,main,bfee70e9daaebeae0737a880f1df8f1c60d0783c59af620136cc0d28ef482bc7,farm_2945_original,1413185429,1,105008,106978,0,1,0,DONE,DONE,719,719,1,,4.58
p3066_c001_farm,cdd0ae7b4c999599,kaggle-environments 1.32.7,a52ba1bfe9df9dc1d504550af46744ef8d474797cdba7af2412dc40a3ebdf3b8,main,bfee70e9daaebeae0737a880f1df8f1c60d0783c59af620136cc0d28ef482bc7,farm_2945_original,1416395867,0,80847,81351,0,1,0,DONE,DONE,719,719,1,,4.41
p3066_c001_farm,cdd0ae7b4c999599,kaggle-environments 1.32.7,a52ba1bfe9df9dc1d504550af46744ef8d474797cdba7af2412dc40a3ebdf3b8,main,bfee70e9daaebeae0737a880f1df8f1c60d0783c59af620136cc0d28ef482bc7,farm_2945_original,1416395867,1,80847,81351,0,1,0,DONE,DONE,719,719,1,,4.41
p3066_c001_farm,cdd0ae7b4c999599,kaggle-environments 1.32.7,a52ba1bfe9df9dc1d504550af46744ef8d474797cdba7af2412dc40a3ebdf3b8,main,bfee70e9daaebeae0737a880f1df8f1c60d0783c59af620136cc0d28ef482bc7,farm_2945_original,1418267276,0,113361,112264,1,0,0,DONE,DONE,719,719,1,,4.51
p3066_c001_farm,cdd0ae7b4c999599,kaggle-environments 1.32.7,a52ba1bfe9df9dc1d504550af46744ef8d474797cdba7af2412dc40a3ebdf3b8,main,bfee70e9daaebeae0737a880f1df8f1c60d0783c59af620136cc0d28ef482bc7,farm_2945_original,1418267276,1,113361,112264,1,0,0,DONE,DONE,719,719,1,,4.92
p3066_c001_farm,cdd0ae7b4c999599,kaggle-environments 1.32.7,a52ba1bfe9df9dc1d504550af46744ef8d474797cdba7af2412dc40a3ebdf3b8,main,bfee70e9daaebeae0737a880f1df8f1c60d0783c59af620136cc0d28ef482bc7,farm_2945_original,1419299350,0,67453,66984,1,0,0,DONE,DONE,719,719,1,,4.53
p3066_c001_farm,cdd0ae7b4c999599,kaggle-environments 1.32.7,a52ba1bfe9df9dc1d504550af46744ef8d474797cdba7af2412dc40a3ebdf3b8,main,bfee70e9daaebeae0737a880f1df8f1c60d0783c59af620136cc0d28ef482bc7,farm_2945_original,1419299350,1,67453,66984,1,0,0,DONE,DONE,719,719,1,,4.36
p3066_c001_farm,cdd0ae7b4c999599,kaggle-environments 1.32.7,a52ba1bfe9df9dc1d504550af46744ef8d474797cdba7af2412dc40a3ebdf3b8,main,bfee70e9daaebeae0737a880f1df8f1c60d0783c59af620136cc0d28ef482bc7,farm_2945_original,1424694151,0,96910,96092,1,0,0,DONE,DONE,719,719,1,,4.39
p3066_c001_farm,cdd0ae7b4c999599,kaggle-environments 1.32.7,a52ba1bfe9df9dc1d504550af46744ef8d474797cdba7af2412dc40a3ebdf3b8,main,bfee70e9daaebeae0737a880f1df8f1c60d0783c59af620136cc0d28ef482bc7,farm_2945_original,1424694151,1,96910,96092,1,0,0,DONE,DONE,719,719,1,,4.28
p3066_c001_farm,cdd0ae7b4c999599,kaggle-environments 1.32.7,a52ba1bfe9df9dc1d504550af46744ef8d474797cdba7af2412dc40a3ebdf3b8,main,bfee70e9daaebeae0737a880f1df8f1c60d0783c59af620136cc0d28ef482bc7,farm_2945_original,1425290674,0,83487,81691,1,0,0,DONE,DONE,719,719,1,,4.3
p3066_c001_farm,cdd0ae7b4c999599,kaggle-environments 1.32.7,a52ba1bfe9df9dc1d504550af46744ef8d474797cdba7af2412dc40a3ebdf3b8,main,bfee70e9daaebeae0737a880f1df8f1c60d0783c59af620136cc0d28ef482bc7,farm_2945_original,1425290674,1,83487,81691,1,0,0,DONE,DONE,719,719,1,,4.44
p3066_c001_farm,cdd0ae7b4c999599,kaggle-environments 1.32.7,a52ba1bfe9df9dc1d504550af46744ef8d474797cdba7af2412dc40a3ebdf3b8,main,bfee70e9daaebeae0737a880f1df8f1c60d0783c59af620136cc0d28ef482bc7,farm_2945_original,1425470560,0,102085,103134,0,1,0,DONE,DONE,719,719,1,,4.33
p3066_c001_farm,cdd0ae7b4c999599,kaggle-environments 1.32.7,a52ba1bfe9df9dc1d504550af46744ef8d474797cdba7af2412dc40a3ebdf3b8,main,bfee70e9daaebeae0737a880f1df8f1c60d0783c59af620136cc0d28ef482bc7,farm_2945_original,1425470560,1,102085,103134,0,1,0,DONE,DONE,719,719,1,,4.63
p3066_c001_farm,cdd0ae7b4c999599,kaggle-environments 1.32.7,a52ba1bfe9df9dc1d504550af46744ef8d474797cdba7af2412dc40a3ebdf3b8,main,bfee70e9daaebeae0737a880f1df8f1c60d0783c59af620136cc0d28ef482bc7,farm_2945_original,1426015880,0,81704,83145,0,1,0,DONE,DONE,719,719,1,,4.69
p3066_c001_farm,cdd0ae7b4c999599,kaggle-environments 1.32.7,a52ba1bfe9df9dc1d504550af46744ef8d474797cdba7af2412dc40a3ebdf3b8,main,bfee70e9daaebeae0737a880f1df8f1c60d0783c59af620136cc0d28ef482bc7,farm_2945_original,1426015880,1,81704,83145,0,1,0,DONE,DONE,719,719,1,,4.44
p3066_c001_farm,cdd0ae7b4c999599,kaggle-environments 1.32.7,a52ba1bfe9df9dc1d504550af46744ef8d474797cdba7af2412dc40a3ebdf3b8,main,bfee70e9daaebeae0737a880f1df8f1c60d0783c59af620136cc0d28ef482bc7,farm_2945_original,1426810971,0,128396,127875,1,0,0,DONE,DONE,719,719,1,,4.55
p3066_c001_farm,cdd0ae7b4c999599,kaggle-environments 1.32.7,a52ba1bfe9df9dc1d504550af46744ef8d474797cdba7af2412dc40a3ebdf3b8,main,bfee70e9daaebeae0737a880f1df8f1c60d0783c59af620136cc0d28ef482bc7,farm_2945_original,1426810971,1,128396,127875,1,0,0,DONE,DONE,719,719,1,,4.38
p3066_c001_farm,cdd0ae7b4c999599,kaggle-environments 1.32.7,a52ba1bfe9df9dc1d504550af46744ef8d474797cdba7af2412dc40a3ebdf3b8,main,bfee70e9daaebeae0737a880f1df8f1c60d0783c59af620136cc0d28ef482bc7,farm_2945_original,1427846289,0,80578,79074,1,0,0,DONE,DONE,719,719,1,,4.49
p3066_c001_farm,cdd0ae7b4c999599,kaggle-environments 1.32.7,a52ba1bfe9df9dc1d504550af46744ef8d474797cdba7af2412dc40a3ebdf3b8,main,bfee70e9daaebeae0737a880f1df8f1c60d0783c59af620136cc0d28ef482bc7,farm_2945_original,1427846289,1,80578,79074,1,0,0,DONE,DONE,719,719,1,,4.41
p3066_c001_farm,cdd0ae7b4c999599,kaggle-environments 1.32.7,a52ba1bfe9df9dc1d504550af46744ef8d474797cdba7af2412dc40a3ebdf3b8,main,bfee70e9daaebeae0737a880f1df8f1c60d0783c59af620136cc0d28ef482bc7,farm_2945_original,1430243606,0,101258,105815,0,1,0,DONE,DONE,719,719,1,,4.38
p3066_c001_farm,cdd0ae7b4c999599,kaggle-environments 1.32.7,a52ba1bfe9df9dc1d504550af46744ef8d474797cdba7af2412dc40a3ebdf3b8,main,bfee70e9daaebeae0737a880f1df8f1c60d0783c59af620136cc0d28ef482bc7,farm_2945_original,1430243606,1,101258,105815,0,1,0,DONE,DONE,719,719,1,,4.33
p3066_c001_farm,cdd0ae7b4c999599,kaggle-environments 1.32.7,a52ba1bfe9df9dc1d504550af46744ef8d474797cdba7af2412dc40a3ebdf3b8,main,bfee70e9daaebeae0737a880f1df8f1c60d0783c59af620136cc0d28ef482bc7,farm_2945_original,1434596872,0,127381,127308,1,0,0,DONE,DONE,719,719,1,,4.58
p3066_c001_farm,cdd0ae7b4c999599,kaggle-environments 1.32.7,a52ba1bfe9df9dc1d504550af46744ef8d474797cdba7af2412dc40a3ebdf3b8,main,bfee70e9daaebeae0737a880f1df8f1c60d0783c59af620136cc0d28ef482bc7,farm_2945_original,1434596872,1,127381,127308,1,0,0,DONE,DONE,719,719,1,,4.29
p3066_c001_farm,cdd0ae7b4c999599,kaggle-environments 1.32.7,a52ba1bfe9df9dc1d504550af46744ef8d474797cdba7af2412dc40a3ebdf3b8,main,bfee70e9daaebeae0737a880f1df8f1c60d0783c59af620136cc0d28ef482bc7,farm_2945_original,1436518747,0,69831,71853,0,1,0,DONE,DONE,719,719,1,,4.41
p3066_c001_farm,cdd0ae7b4c999599,kaggle-environments 1.32.7,a52ba1bfe9df9dc1d504550af46744ef8d474797cdba7af2412dc40a3ebdf3b8,main,bfee70e9daaebeae0737a880f1df8f1c60d0783c59af620136cc0d28ef482bc7,farm_2945_original,1436518747,1,69831,71853,0,1,0,DONE,DONE,719,719,1,,4.62
p3066_c001_farm,cdd0ae7b4c999599,kaggle-environments 1.32.7,a52ba1bfe9df9dc1d504550af46744ef8d474797cdba7af2412dc40a3ebdf3b8,main,bfee70e9daaebeae0737a880f1df8f1c60d0783c59af620136cc0d28ef482bc7,farm_2945_original,1438044967,0,106728,111026,0,1,0,DONE,DONE,719,719,1,,4.29
p3066_c001_farm,cdd0ae7b4c999599,kaggle-environments 1.32.7,a52ba1bfe9df9dc1d504550af46744ef8d474797cdba7af2412dc40a3ebdf3b8,main,bfee70e9daaebeae0737a880f1df8f1c60d0783c59af620136cc0d28ef482bc7,farm_2945_original,1438044967,1,106728,111026,0,1,0,DONE,DONE,719,719,1,,4.18
p3066_c001_farm,cdd0ae7b4c999599,kaggle-environments 1.32.7,a52ba1bfe9df9dc1d504550af46744ef8d474797cdba7af2412dc40a3ebdf3b8,main,bfee70e9daaebeae0737a880f1df8f1c60d0783c59af620136cc0d28ef482bc7,farm_2945_original,1438522547,0,99970,98464,1,0,0,DONE,DONE,719,719,1,,4.33
p3066_c001_farm,cdd0ae7b4c999599,kaggle-environments 1.32.7,a52ba1bfe9df9dc1d504550af46744ef8d474797cdba7af2412dc40a3ebdf3b8,main,bfee70e9daaebeae0737a880f1df8f1c60d0783c59af620136cc0d28ef482bc7,farm_2945_original,1438522547,1,99970,98464,1,0,0,DONE,DONE,719,719,1,,4.35
p3066_c001_farm,cdd0ae7b4c999599,kaggle-environments 1.32.7,a52ba1bfe9df9dc1d504550af46744ef8d474797cdba7af2412dc40a3ebdf3b8,main,bfee70e9daaebeae0737a880f1df8f1c60d0783c59af620136cc0d28ef482bc7,farm_2945_original,1442517611,0,93710,95269,0,1,0,DONE,DONE,719,719,1,,4.27
p3066_c001_farm,cdd0ae7b4c999599,kaggle-environments 1.32.7,a52ba1bfe9df9dc1d504550af46744ef8d474797cdba7af2412dc40a3ebdf3b8,main,bfee70e9daaebeae0737a880f1df8f1c60d0783c59af620136cc0d28ef482bc7,farm_2945_original,1442517611,1,93710,95269,0,1,0,DONE,DONE,719,719,1,,4.27
p3066_c001_farm,cdd0ae7b4c999599,kaggle-environments 1.32.7,a52ba1bfe9df9dc1d504550af46744ef8d474797cdba7af2412dc40a3ebdf3b8,main,bfee70e9daaebeae0737a880f1df8f1c60d0783c59af620136cc0d28ef482bc7,farm_2945_original,1446747339,0,103797,103899,0,1,0,DONE,DONE,719,719,1,,4.37
p3066_c001_farm,cdd0ae7b4c999599,kaggle-environments 1.32.7,a52ba1bfe9df9dc1d504550af46744ef8d474797cdba7af2412dc40a3ebdf3b8,main,bfee70e9daaebeae0737a880f1df8f1c60d0783c59af620136cc0d28ef482bc7,farm_2945_original,1446747339,1,103797,103899,0,1,0,DONE,DONE,719,719,1,,4.2
p3066_c001_farm,cdd0ae7b4c999599,kaggle-environments 1.32.7,a52ba1bfe9df9dc1d504550af46744ef8d474797cdba7af2412dc40a3ebdf3b8,main,bfee70e9daaebeae0737a880f1df8f1c60d0783c59af620136cc0d28ef482bc7,farm_2945_original,1449506962,0,74045,71997,1,0,0,DONE,DONE,719,719,1,,4.42
p3066_c001_farm,cdd0ae7b4c999599,kaggle-environments 1.32.7,a52ba1bfe9df9dc1d504550af46744ef8d474797cdba7af2412dc40a3ebdf3b8,main,bfee70e9daaebeae0737a880f1df8f1c60d0783c59af620136cc0d28ef482bc7,farm_2945_original,1449506962,1,74045,71997,1,0,0,DONE,DONE,719,719,1,,4.42
p3066_c001_farm,cdd0ae7b4c999599,kaggle-environments 1.32.7,a52ba1bfe9df9dc1d504550af46744ef8d474797cdba7af2412dc40a3ebdf3b8,main,bfee70e9daaebeae0737a880f1df8f1c60d0783c59af620136cc0d28ef482bc7,farm_2945_original,1449925696,0,73157,73916,0,1,0,DONE,DONE,719,719,1,,4.21
p3066_c001_farm,cdd0ae7b4c999599,kaggle-environments 1.32.7,a52ba1bfe9df9dc1d504550af46744ef8d474797cdba7af2412dc40a3ebdf3b8,main,bfee70e9daaebeae0737a880f1df8f1c60d0783c59af620136cc0d28ef482bc7,farm_2945_original,1449925696,1,73476,73448,1,0,0,DONE,DONE,719,719,1,,4.24
p3066_c001_farm,cdd0ae7b4c999599,kaggle-environments 1.32.7,a52ba1bfe9df9dc1d504550af46744ef8d474797cdba7af2412dc40a3ebdf3b8,main,bfee70e9daaebeae0737a880f1df8f1c60d0783c59af620136cc0d28ef482bc7,farm_2945_original,1450785780,0,91306,89471,1,0,0,DONE,DONE,719,719,1,,4.5
p3066_c001_farm,cdd0ae7b4c999599,kaggle-environments 1.32.7,a52ba1bfe9df9dc1d504550af46744ef8d474797cdba7af2412dc40a3ebdf3b8,main,bfee70e9daaebeae0737a880f1df8f1c60d0783c59af620136cc0d28ef482bc7,farm_2945_original,1450785780,1,91306,89471,1,0,0,DONE,DONE,719,719,1,,4.69
p3066_c001_farm,cdd0ae7b4c999599,kaggle-environments 1.32.7,a52ba1bfe9df9dc1d504550af46744ef8d474797cdba7af2412dc40a3ebdf3b8,main,bfee70e9daaebeae0737a880f1df8f1c60d0783c59af620136cc0d28ef482bc7,farm_2945_original,1451669670,0,102298,103753,0,1,0,DONE,DONE,719,719,1,,4.44
p3066_c001_farm,cdd0ae7b4c999599,kaggle-environments 1.32.7,a52ba1bfe9df9dc1d504550af46744ef8d474797cdba7af2412dc40a3ebdf3b8,main,bfee70e9daaebeae0737a880f1df8f1c60d0783c59af620136cc0d28ef482bc7,farm_2945_original,1451669670,1,102298,103753,0,1,0,DONE,DONE,719,719,1,,4.54
p3066_c001_farm,cdd0ae7b4c999599,kaggle-environments 1.32.7,a52ba1bfe9df9dc1d504550af46744ef8d474797cdba7af2412dc40a3ebdf3b8,main,bfee70e9daaebeae0737a880f1df8f1c60d0783c59af620136cc0d28ef482bc7,farm_2945_original,1452820545,0,67729,67807,0,1,0,DONE,DONE,719,719,1,,4.26
p3066_c001_farm,cdd0ae7b4c999599,kaggle-environments 1.32.7,a52ba1bfe9df9dc1d504550af46744ef8d474797cdba7af2412dc40a3ebdf3b8,main,bfee70e9daaebeae0737a880f1df8f1c60d0783c59af620136cc0d28ef482bc7,farm_2945_original,1452820545,1,67729,67807,0,1,0,DONE,DONE,719,719,1,,4.46
p3066_c001_farm,cdd0ae7b4c999599,kaggle-environments 1.32.7,a52ba1bfe9df9dc1d504550af46744ef8d474797cdba7af2412dc40a3ebdf3b8,main,bfee70e9daaebeae0737a880f1df8f1c60d0783c59af620136cc0d28ef482bc7,farm_2945_original,1458935426,0,88712,88535,1,0,0,DONE,DONE,719,719,1,,4.39
p3066_c001_farm,cdd0ae7b4c999599,kaggle-environments 1.32.7,a52ba1bfe9df9dc1d504550af46744ef8d474797cdba7af2412dc40a3ebdf3b8,main,bfee70e9daaebeae0737a880f1df8f1c60d0783c59af620136cc0d28ef482bc7,farm_2945_original,1458935426,1,88712,88535,1,0,0,DONE,DONE,719,719,1,,4.46
p3066_c001_farm,cdd0ae7b4c999599,kaggle-environments 1.32.7,a52ba1bfe9df9dc1d504550af46744ef8d474797cdba7af2412dc40a3ebdf3b8,main,bfee70e9daaebeae0737a880f1df8f1c60d0783c59af620136cc0d28ef482bc7,farm_2945_original,1460655205,0,96312,96749,0,1,0,DONE,DONE,719,719,1,,4.49
p3066_c001_farm,cdd0ae7b4c999599,kaggle-environments 1.32.7,a52ba1bfe9df9dc1d504550af46744ef8d474797cdba7af2412dc40a3ebdf3b8,main,bfee70e9daaebeae0737a880f1df8f1c60d0783c59af620136cc0d28ef482bc7,farm_2945_original,1460655205,1,96312,96749,0,1,0,DONE,DONE,719,719,1,,4.6
p3066_c001_farm,cdd0ae7b4c999599,kaggle-environments 1.32.7,a52ba1bfe9df9dc1d504550af46744ef8d474797cdba7af2412dc40a3ebdf3b8,main,bfee70e9daaebeae0737a880f1df8f1c60d0783c59af620136cc0d28ef482bc7,farm_2945_original,1461260178,0,69273,69842,0,1,0,DONE,DONE,719,719,1,,4.95
p3066_c001_farm,cdd0ae7b4c999599,kaggle-environments 1.32.7,a52ba1bfe9df9dc1d504550af46744ef8d474797cdba7af2412dc40a3ebdf3b8,main,bfee70e9daaebeae0737a880f1df8f1c60d0783c59af620136cc0d28ef482bc7,farm_2945_original,1461260178,1,69273,69842,0,1,0,DONE,DONE,719,719,1,,4.64
p3066_c001_farm,cdd0ae7b4c999599,kaggle-environments 1.32.7,a52ba1bfe9df9dc1d504550af46744ef8d474797cdba7af2412dc40a3ebdf3b8,main,bfee70e9daaebeae0737a880f1df8f1c60d0783c59af620136cc0d28ef482bc7,farm_2945_original,1464192060,0,102096,100558,1,0,0,DONE,DONE,719,719,1,,4.19
p3066_c001_farm,cdd0ae7b4c999599,kaggle-environments 1.32.7,a52ba1bfe9df9dc1d504550af46744ef8d474797cdba7af2412dc40a3ebdf3b8,main,bfee70e9daaebeae0737a880f1df8f1c60d0783c59af620136cc0d28ef482bc7,farm_2945_original,1464192060,1,102096,100558,1,0,0,DONE,DONE,719,719,1,,4.24
p3066_c001_farm,cdd0ae7b4c999599,kaggle-environments 1.32.7,a52ba1bfe9df9dc1d504550af46744ef8d474797cdba7af2412dc40a3ebdf3b8,main,bfee70e9daaebeae0737a880f1df8f1c60d0783c59af620136cc0d28ef482bc7,farm_2945_original,1472659776,0,100839,101527,0,1,0,DONE,DONE,719,719,1,,4.26
p3066_c001_farm,cdd0ae7b4c999599,kaggle-environments 1.32.7,a52ba1bfe9df9dc1d504550af46744ef8d474797cdba7af2412dc40a3ebdf3b8,main,bfee70e9daaebeae0737a880f1df8f1c60d0783c59af620136cc0d28ef482bc7,farm_2945_original,1472659776,1,100839,101527,0,1,0,DONE,DONE,719,719,1,,4.62
p3066_c001_farm,cdd0ae7b4c999599,kaggle-environments 1.32.7,a52ba1bfe9df9dc1d504550af46744ef8d474797cdba7af2412dc40a3ebdf3b8,main,bfee70e9daaebeae0737a880f1df8f1c60d0783c59af620136cc0d28ef482bc7,farm_2945_original,1472840234,0,68376,66686,1,0,0,DONE,DONE,719,719,1,,4.74
p3066_c001_farm,cdd0ae7b4c999599,kaggle-environments 1.32.7,a52ba1bfe9df9dc1d504550af46744ef8d474797cdba7af2412dc40a3ebdf3b8,main,bfee70e9daaebeae0737a880f1df8f1c60d0783c59af620136cc0d28ef482bc7,farm_2945_original,1472840234,1,68376,66686,1,0,0,DONE,DONE,719,719,1,,4.4
p3066_c001_farm,cdd0ae7b4c999599,kaggle-environments 1.32.7,a52ba1bfe9df9dc1d504550af46744ef8d474797cdba7af2412dc40a3ebdf3b8,main,bfee70e9daaebeae0737a880f1df8f1c60d0783c59af620136cc0d28ef482bc7,farm_2945_original,1474438632,0,123613,123877,0,1,0,DONE,DONE,719,719,1,,4.4
p3066_c001_farm,cdd0ae7b4c999599,kaggle-environments 1.32.7,a52ba1bfe9df9dc1d504550af46744ef8d474797cdba7af2412dc40a3ebdf3b8,main,bfee70e9daaebeae0737a880f1df8f1c60d0783c59af620136cc0d28ef482bc7,farm_2945_original,1474438632,1,123613,123877,0,1,0,DONE,DONE,719,719,1,,4.41
p3066_c001_farm,cdd0ae7b4c999599,kaggle-environments 1.32.7,a52ba1bfe9df9dc1d504550af46744ef8d474797cdba7af2412dc40a3ebdf3b8,main,bfee70e9daaebeae0737a880f1df8f1c60d0783c59af620136cc0d28ef482bc7,farm_2945_original,1475372659,0,65090,63965,1,0,0,DONE,DONE,719,719,1,,4.5
p3066_c001_farm,cdd0ae7b4c999599,kaggle-environments 1.32.7,a52ba1bfe9df9dc1d504550af46744ef8d474797cdba7af2412dc40a3ebdf3b8,main,bfee70e9daaebeae0737a880f1df8f1c60d0783c59af620136cc0d28ef482bc7,farm_2945_original,1475372659,1,65090,63965,1,0,0,DONE,DONE,719,719,1,,5.56
p3066_c001_farm,cdd0ae7b4c999599,kaggle-environments 1.32.7,a52ba1bfe9df9dc1d504550af46744ef8d474797cdba7af2412dc40a3ebdf3b8,main,bfee70e9daaebeae0737a880f1df8f1c60d0783c59af620136cc0d28ef482bc7,farm_2945_original,1485541304,0,102590,102484,1,0,0,DONE,DONE,719,719,1,,4.73
p3066_c001_farm,cdd0ae7b4c999599,kaggle-environments 1.32.7,a52ba1bfe9df9dc1d504550af46744ef8d474797cdba7af2412dc40a3ebdf3b8,main,bfee70e9daaebeae0737a880f1df8f1c60d0783c59af620136cc0d28ef482bc7,farm_2945_original,1485541304,1,102590,102484,1,0,0,DONE,DONE,719,719,1,,4.81
p3066_c001_farm,cdd0ae7b4c999599,kaggle-environments 1.32.7,a52ba1bfe9df9dc1d504550af46744ef8d474797cdba7af2412dc40a3ebdf3b8,main,bfee70e9daaebeae0737a880f1df8f1c60d0783c59af620136cc0d28ef482bc7,farm_2945_original,1485774974,0,83361,83843,0,1,0,DONE,DONE,719,719,1,,4.81
p3066_c001_farm,cdd0ae7b4c999599,kaggle-environments 1.32.7,a52ba1bfe9df9dc1d504550af46744ef8d474797cdba7af2412dc40a3ebdf3b8,main,bfee70e9daaebeae0737a880f1df8f1c60d0783c59af620136cc0d28ef482bc7,farm_2945_original,1485774974,1,83361,83843,0,1,0,DONE,DONE,719,719,1,,4.8
p3066_c001_farm,cdd0ae7b4c999599,kaggle-environments 1.32.7,a52ba1bfe9df9dc1d504550af46744ef8d474797cdba7af2412dc40a3ebdf3b8,main,bfee70e9daaebeae0737a880f1df8f1c60d0783c59af620136cc0d28ef482bc7,farm_2945_original,1486235059,0,112272,123076,0,1,0,DONE,DONE,719,719,1,,5.04
p3066_c001_farm,cdd0ae7b4c999599,kaggle-environments 1.32.7,a52ba1bfe9df9dc1d504550af46744ef8d474797cdba7af2412dc40a3ebdf3b8,main,bfee70e9daaebeae0737a880f1df8f1c60d0783c59af620136cc0d28ef482bc7,farm_2945_original,1486235059,1,112272,123076,0,1,0,DONE,DONE,719,719,1,,4.7
p3066_c001_farm,cdd0ae7b4c999599,kaggle-environments 1.32.7,a52ba1bfe9df9dc1d504550af46744ef8d474797cdba7af2412dc40a3ebdf3b8,main,bfee70e9daaebeae0737a880f1df8f1c60d0783c59af620136cc0d28ef482bc7,farm_2945_original,1487697149,0,77458,76778,1,0,0,DONE,DONE,719,719,1,,4.67
p3066_c001_farm,cdd0ae7b4c999599,kaggle-environments 1.32.7,a52ba1bfe9df9dc1d504550af46744ef8d474797cdba7af2412dc40a3ebdf3b8,main,bfee70e9daaebeae0737a880f1df8f1c60d0783c59af620136cc0d28ef482bc7,farm_2945_original,1487697149,1,77458,76778,1,0,0,DONE,DONE,719,719,1,,4.57
p3066_c001_farm,cdd0ae7b4c999599,kaggle-environments 1.32.7,a52ba1bfe9df9dc1d504550af46744ef8d474797cdba7af2412dc40a3ebdf3b8,main,bfee70e9daaebeae0737a880f1df8f1c60d0783c59af620136cc0d28ef482bc7,farm_2945_original,1491995028,0,141657,142482,0,1,0,DONE,DONE,719,719,1,,5.43
p3066_c001_farm,cdd0ae7b4c999599,kaggle-environments 1.32.7,a52ba1bfe9df9dc1d504550af46744ef8d474797cdba7af2412dc40a3ebdf3b8,main,bfee70e9daaebeae0737a880f1df8f1c60d0783c59af620136cc0d28ef482bc7,farm_2945_original,1491995028,1,141789,142350,0,1,0,DONE,DONE,719,719,1,,4.77
p3066_c001_farm,cdd0ae7b4c999599,kaggle-environments 1.32.7,a52ba1bfe9df9dc1d504550af46744ef8d474797cdba7af2412dc40a3ebdf3b8,main,bfee70e9daaebeae0737a880f1df8f1c60d0783c59af620136cc0d28ef482bc7,farm_2945_original,1496122202,0,86697,85210,1,0,0,DONE,DONE,719,719,1,,4.77
p3066_c001_farm,cdd0ae7b4c999599,kaggle-environments 1.32.7,a52ba1bfe9df9dc1d504550af46744ef8d474797cdba7af2412dc40a3ebdf3b8,main,bfee70e9daaebeae0737a880f1df8f1c60d0783c59af620136cc0d28ef482bc7,farm_2945_original,1496122202,1,86697,85210,1,0,0,DONE,DONE,719,719,1,,5.08
p3066_c001_farm,cdd0ae7b4c999599,kaggle-environments 1.32.7,a52ba1bfe9df9dc1d504550af46744ef8d474797cdba7af2412dc40a3ebdf3b8,main,bfee70e9daaebeae0737a880f1df8f1c60d0783c59af620136cc0d28ef482bc7,farm_2945_original,1496905748,0,121196,121232,0,1,0,DONE,DONE,719,719,1,,4.7
p3066_c001_farm,cdd0ae7b4c999599,kaggle-environments 1.32.7,a52ba1bfe9df9dc1d504550af46744ef8d474797cdba7af2412dc40a3ebdf3b8,main,bfee70e9daaebeae0737a880f1df8f1c60d0783c59af620136cc0d28ef482bc7,farm_2945_original,1496905748,1,121196,121232,0,1,0,DONE,DONE,719,719,1,,4.57
p3066_c001_farm,cdd0ae7b4c999599,kaggle-environments 1.32.7,a52ba1bfe9df9dc1d504550af46744ef8d474797cdba7af2412dc40a3ebdf3b8,main,bfee70e9daaebeae0737a880f1df8f1c60d0783c59af620136cc0d28ef482bc7,farm_2945_original,1497002581,0,62099,62014,1,0,0,DONE,DONE,719,719,1,,4.93
p3066_c001_farm,cdd0ae7b4c999599,kaggle-environments 1.32.7,a52ba1bfe9df9dc1d504550af46744ef8d474797cdba7af2412dc40a3ebdf3b8,main,bfee70e9daaebeae0737a880f1df8f1c60d0783c59af620136cc0d28ef482bc7,farm_2945_original,1497002581,1,62099,62014,1,0,0,DONE,DONE,719,719,1,,5.23
p3066_c001_farm,cdd0ae7b4c999599,kaggle-environments 1.32.7,a52ba1bfe9df9dc1d504550af46744ef8d474797cdba7af2412dc40a3ebdf3b8,main,bfee70e9daaebeae0737a880f1df8f1c60d0783c59af620136cc0d28ef482bc7,farm_2945_original,1497197835,0,106879,107072,0,1,0,DONE,DONE,719,719,1,,4.36
p3066_c001_farm,cdd0ae7b4c999599,kaggle-environments 1.32.7,a52ba1bfe9df9dc1d504550af46744ef8d474797cdba7af2412dc40a3ebdf3b8,main,bfee70e9daaebeae0737a880f1df8f1c60d0783c59af620136cc0d28ef482bc7,farm_2945_original,1497197835,1,106998,106953,1,0,0,DONE,DONE,719,719,1,,4.16
p3066_c001_farm,cdd0ae7b4c999599,kaggle-environments 1.32.7,a52ba1bfe9df9dc1d504550af46744ef8d474797cdba7af2412dc40a3ebdf3b8,main,bfee70e9daaebeae0737a880f1df8f1c60d0783c59af620136cc0d28ef482bc7,farm_2945_original,1500394033,0,70383,69611,1,0,0,DONE,DONE,719,719,1,,4.27
p3066_c001_farm,cdd0ae7b4c999599,kaggle-environments 1.32.7,a52ba1bfe9df9dc1d504550af46744ef8d474797cdba7af2412dc40a3ebdf3b8,main,bfee70e9daaebeae0737a880f1df8f1c60d0783c59af620136cc0d28ef482bc7,farm_2945_original,1500394033,1,70383,69611,1,0,0,DONE,DONE,719,719,1,,4.66
p3066_c001_farm,cdd0ae7b4c999599,kaggle-environments 1.32.7,a52ba1bfe9df9dc1d504550af46744ef8d474797cdba7af2412dc40a3ebdf3b8,main,bfee70e9daaebeae0737a880f1df8f1c60d0783c59af620136cc0d28ef482bc7,farm_2945_original,1502608997,0,115730,115568,1,0,0,DONE,DONE,719,719,1,,4.9
p3066_c001_farm,cdd0ae7b4c999599,kaggle-environments 1.32.7,a52ba1bfe9df9dc1d504550af46744ef8d474797cdba7af2412dc40a3ebdf3b8,main,bfee70e9daaebeae0737a880f1df8f1c60d0783c59af620136cc0d28ef482bc7,farm_2945_original,1502608997,1,115730,115568,1,0,0,DONE,DONE,719,719,1,,4.6
p3066_c001_farm,cdd0ae7b4c999599,kaggle-environments 1.32.7,a52ba1bfe9df9dc1d504550af46744ef8d474797cdba7af2412dc40a3ebdf3b8,main,bfee70e9daaebeae0737a880f1df8f1c60d0783c59af620136cc0d28ef482bc7,farm_2945_original,1507392138,0,60169,58661,1,0,0,DONE,DONE,719,719,1,,4.55
p3066_c001_farm,cdd0ae7b4c999599,kaggle-environments 1.32.7,a52ba1bfe9df9dc1d504550af46744ef8d474797cdba7af2412dc40a3ebdf3b8,main,bfee70e9daaebeae0737a880f1df8f1c60d0783c59af620136cc0d28ef482bc7,farm_2945_original,1507392138,1,60169,58661,1,0,0,DONE,DONE,719,719,1,,4.28
p3066_c001_farm,cdd0ae7b4c999599,kaggle-environments 1.32.7,a52ba1bfe9df9dc1d504550af46744ef8d474797cdba7af2412dc40a3ebdf3b8,main,bfee70e9daaebeae0737a880f1df8f1c60d0783c59af620136cc0d28ef482bc7,farm_2945_original,1508876976,0,82340,82979,0,1,0,DONE,DONE,719,719,1,,4.33
p3066_c001_farm,cdd0ae7b4c999599,kaggle-environments 1.32.7,a52ba1bfe9df9dc1d504550af46744ef8d474797cdba7af2412dc40a3ebdf3b8,main,bfee70e9daaebeae0737a880f1df8f1c60d0783c59af620136cc0d28ef482bc7,farm_2945_original,1508876976,1,82340,82979,0,1,0,DONE,DONE,719,719,1,,4.6
p3066_c001_farm,cdd0ae7b4c999599,kaggle-environments 1.32.7,a52ba1bfe9df9dc1d504550af46744ef8d474797cdba7af2412dc40a3ebdf3b8,main,bfee70e9daaebeae0737a880f1df8f1c60d0783c59af620136cc0d28ef482bc7,farm_2945_original,1510397106,0,115363,115185,1,0,0,DONE,DONE,719,719,1,,4.38
p3066_c001_farm,cdd0ae7b4c999599,kaggle-environments 1.32.7,a52ba1bfe9df9dc1d504550af46744ef8d474797cdba7af2412dc40a3ebdf3b8,main,bfee70e9daaebeae0737a880f1df8f1c60d0783c59af620136cc0d28ef482bc7,farm_2945_original,1510397106,1,115237,115308,0,1,0,DONE,DONE,719,719,1,,4.24
p3066_c001_farm,cdd0ae7b4c999599,kaggle-environments 1.32.7,a52ba1bfe9df9dc1d504550af46744ef8d474797cdba7af2412dc40a3ebdf3b8,main,bfee70e9daaebeae0737a880f1df8f1c60d0783c59af620136cc0d28ef482bc7,farm_2945_original,1510648998,0,95952,97150,0,1,0,DONE,DONE,719,719,1,,4.16
p3066_c001_farm,cdd0ae7b4c999599,kaggle-environments 1.32.7,a52ba1bfe9df9dc1d504550af46744ef8d474797cdba7af2412dc40a3ebdf3b8,main,bfee70e9daaebeae0737a880f1df8f1c60d0783c59af620136cc0d28ef482bc7,farm_2945_original,1510648998,1,95952,97150,0,1,0,DONE,DONE,719,719,1,,4.06
p3066_c001_farm,cdd0ae7b4c999599,kaggle-environments 1.32.7,a52ba1bfe9df9dc1d504550af46744ef8d474797cdba7af2412dc40a3ebdf3b8,main,bfee70e9daaebeae0737a880f1df8f1c60d0783c59af620136cc0d28ef482bc7,farm_2945_original,1513979105,0,63659,64766,0,1,0,DONE,DONE,719,719,1,,4.16
p3066_c001_farm,cdd0ae7b4c999599,kaggle-environments 1.32.7,a52ba1bfe9df9dc1d504550af46744ef8d474797cdba7af2412dc40a3ebdf3b8,main,bfee70e9daaebeae0737a880f1df8f1c60d0783c59af620136cc0d28ef482bc7,farm_2945_original,1513979105,1,63659,64766,0,1,0,DONE,DONE,719,719,1,,4.47
p3066_c001_farm,cdd0ae7b4c999599,kaggle-environments 1.32.7,a52ba1bfe9df9dc1d504550af46744ef8d474797cdba7af2412dc40a3ebdf3b8,main,bfee70e9daaebeae0737a880f1df8f1c60d0783c59af620136cc0d28ef482bc7,farm_2945_original,1518822010,0,92096,92548,0,1,0,DONE,DONE,719,719,1,,4.37
p3066_c001_farm,cdd0ae7b4c999599,kaggle-environments 1.32.7,a52ba1bfe9df9dc1d504550af46744ef8d474797cdba7af2412dc40a3ebdf3b8,main,bfee70e9daaebeae0737a880f1df8f1c60d0783c59af620136cc0d28ef482bc7,farm_2945_original,1518822010,1,92096,92548,0,1,0,DONE,DONE,719,719,1,,4.33
p3066_c001_farm,cdd0ae7b4c999599,kaggle-environments 1.32.7,a52ba1bfe9df9dc1d504550af46744ef8d474797cdba7af2412dc40a3ebdf3b8,main,bfee70e9daaebeae0737a880f1df8f1c60d0783c59af620136cc0d28ef482bc7,farm_2945_original,1522240202,0,76524,74396,1,0,0,DONE,DONE,719,719,1,,4.26
p3066_c001_farm,cdd0ae7b4c999599,kaggle-environments 1.32.7,a52ba1bfe9df9dc1d504550af46744ef8d474797cdba7af2412dc40a3ebdf3b8,main,bfee70e9daaebeae0737a880f1df8f1c60d0783c59af620136cc0d28ef482bc7,farm_2945_original,1522240202,1,76524,74396,1,0,0,DONE,DONE,719,719,1,,4.26
p3066_c001_farm,cdd0ae7b4c999599,kaggle-environments 1.32.7,a52ba1bfe9df9dc1d504550af46744ef8d474797cdba7af2412dc40a3ebdf3b8,main,bfee70e9daaebeae0737a880f1df8f1c60d0783c59af620136cc0d28ef482bc7,farm_2945_original,1523369127,0,108158,112848,0,1,0,DONE,DONE,719,719,1,,4.86
p3066_c001_farm,cdd0ae7b4c999599,kaggle-environments 1.32.7,a52ba1bfe9df9dc1d504550af46744ef8d474797cdba7af2412dc40a3ebdf3b8,main,bfee70e9daaebeae0737a880f1df8f1c60d0783c59af620136cc0d28ef482bc7,farm_2945_original,1523369127,1,108158,112848,0,1,0,DONE,DONE,719,719,1,,4.81
p3066_c001_farm,cdd0ae7b4c999599,kaggle-environments 1.32.7,a52ba1bfe9df9dc1d504550af46744ef8d474797cdba7af2412dc40a3ebdf3b8,main,bfee70e9daaebeae0737a880f1df8f1c60d0783c59af620136cc0d28ef482bc7,farm_2945_original,1525387308,0,103252,103094,1,0,0,DONE,DONE,719,719,1,,4.39
p3066_c001_farm,cdd0ae7b4c999599,kaggle-environments 1.32.7,a52ba1bfe9df9dc1d504550af46744ef8d474797cdba7af2412dc40a3ebdf3b8,main,bfee70e9daaebeae0737a880f1df8f1c60d0783c59af620136cc0d28ef482bc7,farm_2945_original,1525387308,1,103252,103094,1,0,0,DONE,DONE,719,719,1,,4.2
p3066_c001_farm,cdd0ae7b4c999599,kaggle-environments 1.32.7,a52ba1bfe9df9dc1d504550af46744ef8d474797cdba7af2412dc40a3ebdf3b8,main,bfee70e9daaebeae0737a880f1df8f1c60d0783c59af620136cc0d28ef482bc7,farm_2945_original,1526021611,0,105063,103794,1,0,0,DONE,DONE,719,719,1,,4.46
p3066_c001_farm,cdd0ae7b4c999599,kaggle-environments 1.32.7,a52ba1bfe9df9dc1d504550af46744ef8d474797cdba7af2412dc40a3ebdf3b8,main,bfee70e9daaebeae0737a880f1df8f1c60d0783c59af620136cc0d28ef482bc7,farm_2945_original,1526021611,1,105063,103794,1,0,0,DONE,DONE,719,719,1,,4.35
p3066_c001_farm,cdd0ae7b4c999599,kaggle-environments 1.32.7,a52ba1bfe9df9dc1d504550af46744ef8d474797cdba7af2412dc40a3ebdf3b8,main,bfee70e9daaebeae0737a880f1df8f1c60d0783c59af620136cc0d28ef482bc7,farm_2945_original,1526667042,0,123033,123222,0,1,0,DONE,DONE,719,719,1,,4.55
p3066_c001_farm,cdd0ae7b4c999599,kaggle-environments 1.32.7,a52ba1bfe9df9dc1d504550af46744ef8d474797cdba7af2412dc40a3ebdf3b8,main,bfee70e9daaebeae0737a880f1df8f1c60d0783c59af620136cc0d28ef482bc7,farm_2945_original,1526667042,1,123033,123222,0,1,0,DONE,DONE,719,719,1,,4.23
p3066_c001_farm,cdd0ae7b4c999599,kaggle-environments 1.32.7,a52ba1bfe9df9dc1d504550af46744ef8d474797cdba7af2412dc40a3ebdf3b8,main,bfee70e9daaebeae0737a880f1df8f1c60d0783c59af620136cc0d28ef482bc7,farm_2945_original,1527355832,0,89299,89185,1,0,0,DONE,DONE,719,719,1,,4.19
p3066_c001_farm,cdd0ae7b4c999599,kaggle-environments 1.32.7,a52ba1bfe9df9dc1d504550af46744ef8d474797cdba7af2412dc40a3ebdf3b8,main,bfee70e9daaebeae0737a880f1df8f1c60d0783c59af620136cc0d28ef482bc7,farm_2945_original,1527355832,1,89299,89185,1,0,0,DONE,DONE,719,719,1,,4.46
p3066_c001_farm,cdd0ae7b4c999599,kaggle-environments 1.32.7,a52ba1bfe9df9dc1d504550af46744ef8d474797cdba7af2412dc40a3ebdf3b8,main,bfee70e9daaebeae0737a880f1df8f1c60d0783c59af620136cc0d28ef482bc7,farm_2945_original,1527962693,0,102549,102620,0,1,0,DONE,DONE,719,719,1,,4.32
p3066_c001_farm,cdd0ae7b4c999599,kaggle-environments 1.32.7,a52ba1bfe9df9dc1d504550af46744ef8d474797cdba7af2412dc40a3ebdf3b8,main,bfee70e9daaebeae0737a880f1df8f1c60d0783c59af620136cc0d28ef482bc7,farm_2945_original,1527962693,1,102549,102620,0,1,0,DONE,DONE,719,719,1,,4.12
p3066_c001_farm,cdd0ae7b4c999599,kaggle-environments 1.32.7,a52ba1bfe9df9dc1d504550af46744ef8d474797cdba7af2412dc40a3ebdf3b8,main,bfee70e9daaebeae0737a880f1df8f1c60d0783c59af620136cc0d28ef482bc7,farm_2945_original,1528579654,0,61576,60916,1,0,0,DONE,DONE,719,719,1,,4.2
p3066_c001_farm,cdd0ae7b4c999599,kaggle-environments 1.32.7,a52ba1bfe9df9dc1d504550af46744ef8d474797cdba7af2412dc40a3ebdf3b8,main,bfee70e9daaebeae0737a880f1df8f1c60d0783c59af620136cc0d28ef482bc7,farm_2945_original,1528579654,1,61576,60916,1,0,0,DONE,DONE,719,719,1,,4.52
p3066_c001_farm,cdd0ae7b4c999599,kaggle-environments 1.32.7,a52ba1bfe9df9dc1d504550af46744ef8d474797cdba7af2412dc40a3ebdf3b8,main,bfee70e9daaebeae0737a880f1df8f1c60d0783c59af620136cc0d28ef482bc7,farm_2945_original,1531323391,0,124509,122156,1,0,0,DONE,DONE,719,719,1,,4.36
p3066_c001_farm,cdd0ae7b4c999599,kaggle-environments 1.32.7,a52ba1bfe9df9dc1d504550af46744ef8d474797cdba7af2412dc40a3ebdf3b8,main,bfee70e9daaebeae0737a880f1df8f1c60d0783c59af620136cc0d28ef482bc7,farm_2945_original,1531323391,1,124509,122156,1,0,0,DONE,DONE,719,719,1,,4.29
p3066_c001_farm,cdd0ae7b4c999599,kaggle-environments 1.32.7,a52ba1bfe9df9dc1d504550af46744ef8d474797cdba7af2412dc40a3ebdf3b8,main,bfee70e9daaebeae0737a880f1df8f1c60d0783c59af620136cc0d28ef482bc7,farm_2945_original,1532105651,0,64238,64116,1,0,0,DONE,DONE,719,719,1,,4.49
p3066_c001_farm,cdd0ae7b4c999599,kaggle-environments 1.32.7,a52ba1bfe9df9dc1d504550af46744ef8d474797cdba7af2412dc40a3ebdf3b8,main,bfee70e9daaebeae0737a880f1df8f1c60d0783c59af620136cc0d28ef482bc7,farm_2945_original,1532105651,1,64238,64116,1,0,0,DONE,DONE,719,719,1,,4.26
p3066_c001_farm,cdd0ae7b4c999599,kaggle-environments 1.32.7,a52ba1bfe9df9dc1d504550af46744ef8d474797cdba7af2412dc40a3ebdf3b8,main,bfee70e9daaebeae0737a880f1df8f1c60d0783c59af620136cc0d28ef482bc7,farm_2945_original,1532466200,0,116895,116637,1,0,0,DONE,DONE,719,719,1,,4.42
p3066_c001_farm,cdd0ae7b4c999599,kaggle-environments 1.32.7,a52ba1bfe9df9dc1d504550af46744ef8d474797cdba7af2412dc40a3ebdf3b8,main,bfee70e9daaebeae0737a880f1df8f1c60d0783c59af620136cc0d28ef482bc7,farm_2945_original,1532466200,1,116895,116637,1,0,0,DONE,DONE,719,719,1,,4.86
p3066_c001_farm,cdd0ae7b4c999599,kaggle-environments 1.32.7,a52ba1bfe9df9dc1d504550af46744ef8d474797cdba7af2412dc40a3ebdf3b8,main,bfee70e9daaebeae0737a880f1df8f1c60d0783c59af620136cc0d28ef482bc7,farm_2945_original,1535083658,0,107860,107093,1,0,0,DONE,DONE,719,719,1,,4.48
p3066_c001_farm,cdd0ae7b4c999599,kaggle-environments 1.32.7,a52ba1bfe9df9dc1d504550af46744ef8d474797cdba7af2412dc40a3ebdf3b8,main,bfee70e9daaebeae0737a880f1df8f1c60d0783c59af620136cc0d28ef482bc7,farm_2945_original,1535083658,1,107860,107093,1,0,0,DONE,DONE,719,719,1,,4.34
p3066_c001_farm,cdd0ae7b4c999599,kaggle-environments 1.32.7,a52ba1bfe9df9dc1d504550af46744ef8d474797cdba7af2412dc40a3ebdf3b8,main,bfee70e9daaebeae0737a880f1df8f1c60d0783c59af620136cc0d28ef482bc7,farm_2945_original,1541018321,0,70472,69751,1,0,0,DONE,DONE,719,719,1,,4.42
p3066_c001_farm,cdd0ae7b4c999599,kaggle-environments 1.32.7,a52ba1bfe9df9dc1d504550af46744ef8d474797cdba7af2412dc40a3ebdf3b8,main,bfee70e9daaebeae0737a880f1df8f1c60d0783c59af620136cc0d28ef482bc7,farm_2945_original,1541018321,1,70472,69751,1,0,0,DONE,DONE,719,719,1,,4.45
p3066_c001_farm,cdd0ae7b4c999599,kaggle-environments 1.32.7,a52ba1bfe9df9dc1d504550af46744ef8d474797cdba7af2412dc40a3ebdf3b8,main,bfee70e9daaebeae0737a880f1df8f1c60d0783c59af620136cc0d28ef482bc7,farm_2945_original,1541558050,0,67544,67409,1,0,0,DONE,DONE,719,719,1,,4.47
p3066_c001_farm,cdd0ae7b4c999599,kaggle-environments 1.32.7,a52ba1bfe9df9dc1d504550af46744ef8d474797cdba7af2412dc40a3ebdf3b8,main,bfee70e9daaebeae0737a880f1df8f1c60d0783c59af620136cc0d28ef482bc7,farm_2945_original,1541558050,1,67544,67409,1,0,0,DONE,DONE,719,719,1,,4.23
p3066_c001_farm,cdd0ae7b4c999599,kaggle-environments 1.32.7,a52ba1bfe9df9dc1d504550af46744ef8d474797cdba7af2412dc40a3ebdf3b8,main,bfee70e9daaebeae0737a880f1df8f1c60d0783c59af620136cc0d28ef482bc7,farm_2945_original,1541752811,0,130088,129577,1,0,0,DONE,DONE,719,719,1,,4.23
p3066_c001_farm,cdd0ae7b4c999599,kaggle-environments 1.32.7,a52ba1bfe9df9dc1d504550af46744ef8d474797cdba7af2412dc40a3ebdf3b8,main,bfee70e9daaebeae0737a880f1df8f1c60d0783c59af620136cc0d28ef482bc7,farm_2945_original,1541752811,1,130088,129577,1,0,0,DONE,DONE,719,719,1,,4.31
p3066_c001_farm,cdd0ae7b4c999599,kaggle-environments 1.32.7,a52ba1bfe9df9dc1d504550af46744ef8d474797cdba7af2412dc40a3ebdf3b8,main,bfee70e9daaebeae0737a880f1df8f1c60d0783c59af620136cc0d28ef482bc7,farm_2945_original,1543866758,0,78515,78247,1,0,0,DONE,DONE,719,719,1,,4.39
p3066_c001_farm,cdd0ae7b4c999599,kaggle-environments 1.32.7,a52ba1bfe9df9dc1d504550af46744ef8d474797cdba7af2412dc40a3ebdf3b8,main,bfee70e9daaebeae0737a880f1df8f1c60d0783c59af620136cc0d28ef482bc7,farm_2945_original,1543866758,1,78515,78247,1,0,0,DONE,DONE,719,719,1,,4.35
p3066_c001_farm,cdd0ae7b4c999599,kaggle-environments 1.32.7,a52ba1bfe9df9dc1d504550af46744ef8d474797cdba7af2412dc40a3ebdf3b8,main,bfee70e9daaebeae0737a880f1df8f1c60d0783c59af620136cc0d28ef482bc7,farm_2945_original,1544218211,0,84368,84851,0,1,0,DONE,DONE,719,719,1,,4.2
p3066_c001_farm,cdd0ae7b4c999599,kaggle-environments 1.32.7,a52ba1bfe9df9dc1d504550af46744ef8d474797cdba7af2412dc40a3ebdf3b8,main,bfee70e9daaebeae0737a880f1df8f1c60d0783c59af620136cc0d28ef482bc7,farm_2945_original,1544218211,1,84368,84851,0,1,0,DONE,DONE,719,719,1,,4.4
p3066_c001_farm,cdd0ae7b4c999599,kaggle-environments 1.32.7,a52ba1bfe9df9dc1d504550af46744ef8d474797cdba7af2412dc40a3ebdf3b8,main,bfee70e9daaebeae0737a880f1df8f1c60d0783c59af620136cc0d28ef482bc7,farm_2945_original,1545306569,0,63524,64586,0,1,0,DONE,DONE,719,719,1,,4.29
p3066_c001_farm,cdd0ae7b4c999599,kaggle-environments 1.32.7,a52ba1bfe9df9dc1d504550af46744ef8d474797cdba7af2412dc40a3ebdf3b8,main,bfee70e9daaebeae0737a880f1df8f1c60d0783c59af620136cc0d28ef482bc7,farm_2945_original,1545306569,1,63524,64586,0,1,0,DONE,DONE,719,719,1,,4.61
p3066_c001_farm,cdd0ae7b4c999599,kaggle-environments 1.32.7,a52ba1bfe9df9dc1d504550af46744ef8d474797cdba7af2412dc40a3ebdf3b8,main,bfee70e9daaebeae0737a880f1df8f1c60d0783c59af620136cc0d28ef482bc7,farm_2945_original,1546945990,0,89840,89761,1,0,0,DONE,DONE,719,719,1,,4.45
p3066_c001_farm,cdd0ae7b4c999599,kaggle-environments 1.32.7,a52ba1bfe9df9dc1d504550af46744ef8d474797cdba7af2412dc40a3ebdf3b8,main,bfee70e9daaebeae0737a880f1df8f1c60d0783c59af620136cc0d28ef482bc7,farm_2945_original,1546945990,1,89840,89761,1,0,0,DONE,DONE,719,719,1,,4.31
p3066_c001_farm,cdd0ae7b4c999599,kaggle-environments 1.32.7,a52ba1bfe9df9dc1d504550af46744ef8d474797cdba7af2412dc40a3ebdf3b8,main,bfee70e9daaebeae0737a880f1df8f1c60d0783c59af620136cc0d28ef482bc7,farm_2945_original,1547600695,0,93026,91416,1,0,0,DONE,DONE,719,719,1,,4.64
p3066_c001_farm,cdd0ae7b4c999599,kaggle-environments 1.32.7,a52ba1bfe9df9dc1d504550af46744ef8d474797cdba7af2412dc40a3ebdf3b8,main,bfee70e9daaebeae0737a880f1df8f1c60d0783c59af620136cc0d28ef482bc7,farm_2945_original,1547600695,1,93026,91416,1,0,0,DONE,DONE,719,719,1,,4.51
p3066_c001_farm,cdd0ae7b4c999599,kaggle-environments 1.32.7,a52ba1bfe9df9dc1d504550af46744ef8d474797cdba7af2412dc40a3ebdf3b8,main,bfee70e9daaebeae0737a880f1df8f1c60d0783c59af620136cc0d28ef482bc7,farm_2945_original,1550050350,0,94029,92732,1,0,0,DONE,DONE,719,719,1,,4.23
p3066_c001_farm,cdd0ae7b4c999599,kaggle-environments 1.32.7,a52ba1bfe9df9dc1d504550af46744ef8d474797cdba7af2412dc40a3ebdf3b8,main,bfee70e9daaebeae0737a880f1df8f1c60d0783c59af620136cc0d28ef482bc7,farm_2945_original,1550050350,1,94029,92732,1,0,0,DONE,DONE,719,719,1,,4.33
p3066_c001_farm,cdd0ae7b4c999599,kaggle-environments 1.32.7,a52ba1bfe9df9dc1d504550af46744ef8d474797cdba7af2412dc40a3ebdf3b8,main,bfee70e9daaebeae0737a880f1df8f1c60d0783c59af620136cc0d28ef482bc7,farm_2945_original,1550474352,0,96725,97233,0,1,0,DONE,DONE,719,719,1,,4.48
p3066_c001_farm,cdd0ae7b4c999599,kaggle-environments 1.32.7,a52ba1bfe9df9dc1d504550af46744ef8d474797cdba7af2412dc40a3ebdf3b8,main,bfee70e9daaebeae0737a880f1df8f1c60d0783c59af620136cc0d28ef482bc7,farm_2945_original,1550474352,1,96725,97233,0,1,0,DONE,DONE,719,719,1,,4.23
p3066_c001_farm,cdd0ae7b4c999599,kaggle-environments 1.32.7,a52ba1bfe9df9dc1d504550af46744ef8d474797cdba7af2412dc40a3ebdf3b8,main,bfee70e9daaebeae0737a880f1df8f1c60d0783c59af620136cc0d28ef482bc7,farm_2945_original,1553677118,0,102310,102217,1,0,0,DONE,DONE,719,719,1,,4.73
p3066_c001_farm,cdd0ae7b4c999599,kaggle-environments 1.32.7,a52ba1bfe9df9dc1d504550af46744ef8d474797cdba7af2412dc40a3ebdf3b8,main,bfee70e9daaebeae0737a880f1df8f1c60d0783c59af620136cc0d28ef482bc7,farm_2945_original,1553677118,1,102310,102217,1,0,0,DONE,DONE,719,719,1,,4.57
p3066_c001_farm,cdd0ae7b4c999599,kaggle-environments 1.32.7,a52ba1bfe9df9dc1d504550af46744ef8d474797cdba7af2412dc40a3ebdf3b8,main,bfee70e9daaebeae0737a880f1df8f1c60d0783c59af620136cc0d28ef482bc7,farm_2945_original,1557373264,0,70669,68541,1,0,0,DONE,DONE,719,719,1,,4.37
p3066_c001_farm,cdd0ae7b4c999599,kaggle-environments 1.32.7,a52ba1bfe9df9dc1d504550af46744ef8d474797cdba7af2412dc40a3ebdf3b8,main,bfee70e9daaebeae0737a880f1df8f1c60d0783c59af620136cc0d28ef482bc7,farm_2945_original,1557373264,1,71000,68170,1,0,0,DONE,DONE,719,719,1,,4.21
p3066_c001_farm,cdd0ae7b4c999599,kaggle-environments 1.32.7,a52ba1bfe9df9dc1d504550af46744ef8d474797cdba7af2412dc40a3ebdf3b8,main,bfee70e9daaebeae0737a880f1df8f1c60d0783c59af620136cc0d28ef482bc7,farm_2945_original,1560283664,0,105792,106173,0,1,0,DONE,DONE,719,719,1,,4.29
p3066_c001_farm,cdd0ae7b4c999599,kaggle-environments 1.32.7,a52ba1bfe9df9dc1d504550af46744ef8d474797cdba7af2412dc40a3ebdf3b8,main,bfee70e9daaebeae0737a880f1df8f1c60d0783c59af620136cc0d28ef482bc7,farm_2945_original,1560283664,1,105792,106173,0,1,0,DONE,DONE,719,719,1,,4.45
p3066_c001_farm,cdd0ae7b4c999599,kaggle-environments 1.32.7,a52ba1bfe9df9dc1d504550af46744ef8d474797cdba7af2412dc40a3ebdf3b8,main,bfee70e9daaebeae0737a880f1df8f1c60d0783c59af620136cc0d28ef482bc7,farm_2945_original,1562878244,0,87833,86575,1,0,0,DONE,DONE,719,719,1,,4.38
p3066_c001_farm,cdd0ae7b4c999599,kaggle-environments 1.32.7,a52ba1bfe9df9dc1d504550af46744ef8d474797cdba7af2412dc40a3ebdf3b8,main,bfee70e9daaebeae0737a880f1df8f1c60d0783c59af620136cc0d28ef482bc7,farm_2945_original,1562878244,1,89468,87355,1,0,0,DONE,DONE,719,719,1,,4.87
p3066_c001_farm,cdd0ae7b4c999599,kaggle-environments 1.32.7,a52ba1bfe9df9dc1d504550af46744ef8d474797cdba7af2412dc40a3ebdf3b8,main,bfee70e9daaebeae0737a880f1df8f1c60d0783c59af620136cc0d28ef482bc7,farm_2945_original,1564760745,0,90462,91054,0,1,0,DONE,DONE,719,719,1,,4.24
p3066_c001_farm,cdd0ae7b4c999599,kaggle-environments 1.32.7,a52ba1bfe9df9dc1d504550af46744ef8d474797cdba7af2412dc40a3ebdf3b8,main,bfee70e9daaebeae0737a880f1df8f1c60d0783c59af620136cc0d28ef482bc7,farm_2945_original,1564760745,1,90462,91054,0,1,0,DONE,DONE,719,719,1,,4.36
p3066_c001_farm,cdd0ae7b4c999599,kaggle-environments 1.32.7,a52ba1bfe9df9dc1d504550af46744ef8d474797cdba7af2412dc40a3ebdf3b8,main,bfee70e9daaebeae0737a880f1df8f1c60d0783c59af620136cc0d28ef482bc7,farm_2945_original,1568654086,0,95964,96433,0,1,0,DONE,DONE,719,719,1,,4.54
p3066_c001_farm,cdd0ae7b4c999599,kaggle-environments 1.32.7,a52ba1bfe9df9dc1d504550af46744ef8d474797cdba7af2412dc40a3ebdf3b8,main,bfee70e9daaebeae0737a880f1df8f1c60d0783c59af620136cc0d28ef482bc7,farm_2945_original,1568654086,1,95964,96433,0,1,0,DONE,DONE,719,719,1,,4.32
p3066_c001_farm,cdd0ae7b4c999599,kaggle-environments 1.32.7,a52ba1bfe9df9dc1d504550af46744ef8d474797cdba7af2412dc40a3ebdf3b8,main,bfee70e9daaebeae0737a880f1df8f1c60d0783c59af620136cc0d28ef482bc7,farm_2945_original,1568761845,0,104180,104480,0,1,0,DONE,DONE,719,719,1,,4.54
p3066_c001_farm,cdd0ae7b4c999599,kaggle-environments 1.32.7,a52ba1bfe9df9dc1d504550af46744ef8d474797cdba7af2412dc40a3ebdf3b8,main,bfee70e9daaebeae0737a880f1df8f1c60d0783c59af620136cc0d28ef482bc7,farm_2945_original,1568761845,1,104180,104480,0,1,0,DONE,DONE,719,719,1,,4.61
p3066_c001_farm,cdd0ae7b4c999599,kaggle-environments 1.32.7,a52ba1bfe9df9dc1d504550af46744ef8d474797cdba7af2412dc40a3ebdf3b8,main,bfee70e9daaebeae0737a880f1df8f1c60d0783c59af620136cc0d28ef482bc7,farm_2945_original,1573663230,0,55582,55202,1,0,0,DONE,DONE,719,719,1,,4.7
p3066_c001_farm,cdd0ae7b4c999599,kaggle-environments 1.32.7,a52ba1bfe9df9dc1d504550af46744ef8d474797cdba7af2412dc40a3ebdf3b8,main,bfee70e9daaebeae0737a880f1df8f1c60d0783c59af620136cc0d28ef482bc7,farm_2945_original,1573663230,1,55582,55202,1,0,0,DONE,DONE,719,719,1,,4.45
p3066_c001_farm,cdd0ae7b4c999599,kaggle-environments 1.32.7,a52ba1bfe9df9dc1d504550af46744ef8d474797cdba7af2412dc40a3ebdf3b8,main,bfee70e9daaebeae0737a880f1df8f1c60d0783c59af620136cc0d28ef482bc7,farm_2945_original,1573911855,0,56696,58076,0,1,0,DONE,DONE,719,719,1,,4.23
p3066_c001_farm,cdd0ae7b4c999599,kaggle-environments 1.32.7,a52ba1bfe9df9dc1d504550af46744ef8d474797cdba7af2412dc40a3ebdf3b8,main,bfee70e9daaebeae0737a880f1df8f1c60d0783c59af620136cc0d28ef482bc7,farm_2945_original,1573911855,1,56696,58076,0,1,0,DONE,DONE,719,719,1,,4.17
p3066_c001_farm,cdd0ae7b4c999599,kaggle-environments 1.32.7,a52ba1bfe9df9dc1d504550af46744ef8d474797cdba7af2412dc40a3ebdf3b8,main,bfee70e9daaebeae0737a880f1df8f1c60d0783c59af620136cc0d28ef482bc7,farm_2945_original,1577157385,0,97108,105699,0,1,0,DONE,DONE,719,719,1,,4.52
p3066_c001_farm,cdd0ae7b4c999599,kaggle-environments 1.32.7,a52ba1bfe9df9dc1d504550af46744ef8d474797cdba7af2412dc40a3ebdf3b8,main,bfee70e9daaebeae0737a880f1df8f1c60d0783c59af620136cc0d28ef482bc7,farm_2945_original,1577157385,1,97108,105699,0,1,0,DONE,DONE,719,719,1,,4.8
p3066_c001_farm,cdd0ae7b4c999599,kaggle-environments 1.32.7,a52ba1bfe9df9dc1d504550af46744ef8d474797cdba7af2412dc40a3ebdf3b8,main,bfee70e9daaebeae0737a880f1df8f1c60d0783c59af620136cc0d28ef482bc7,farm_2945_original,1577992634,0,135417,134017,1,0,0,DONE,DONE,719,719,1,,4.46
p3066_c001_farm,cdd0ae7b4c999599,kaggle-environments 1.32.7,a52ba1bfe9df9dc1d504550af46744ef8d474797cdba7af2412dc40a3ebdf3b8,main,bfee70e9daaebeae0737a880f1df8f1c60d0783c59af620136cc0d28ef482bc7,farm_2945_original,1577992634,1,135417,134017,1,0,0,DONE,DONE,719,719,1,,4.31
p3066_c001_farm,cdd0ae7b4c999599,kaggle-environments 1.32.7,a52ba1bfe9df9dc1d504550af46744ef8d474797cdba7af2412dc40a3ebdf3b8,main,bfee70e9daaebeae0737a880f1df8f1c60d0783c59af620136cc0d28ef482bc7,farm_2945_original,1579207759,0,52427,52472,0,1,0,DONE,DONE,719,719,1,,4.25
p3066_c001_farm,cdd0ae7b4c999599,kaggle-environments 1.32.7,a52ba1bfe9df9dc1d504550af46744ef8d474797cdba7af2412dc40a3ebdf3b8,main,bfee70e9daaebeae0737a880f1df8f1c60d0783c59af620136cc0d28ef482bc7,farm_2945_original,1579207759,1,52427,52472,0,1,0,DONE,DONE,719,719,1,,4.44
p3066_c001_farm,cdd0ae7b4c999599,kaggle-environments 1.32.7,a52ba1bfe9df9dc1d504550af46744ef8d474797cdba7af2412dc40a3ebdf3b8,main,bfee70e9daaebeae0737a880f1df8f1c60d0783c59af620136cc0d28ef482bc7,farm_2945_original,1579911563,0,121158,119868,1,0,0,DONE,DONE,719,719,1,,4.59
p3066_c001_farm,cdd0ae7b4c999599,kaggle-environments 1.32.7,a52ba1bfe9df9dc1d504550af46744ef8d474797cdba7af2412dc40a3ebdf3b8,main,bfee70e9daaebeae0737a880f1df8f1c60d0783c59af620136cc0d28ef482bc7,farm_2945_original,1579911563,1,121158,119868,1,0,0,DONE,DONE,719,719,1,,4.52
p3066_c001_farm,cdd0ae7b4c999599,kaggle-environments 1.32.7,a52ba1bfe9df9dc1d504550af46744ef8d474797cdba7af2412dc40a3ebdf3b8,main,bfee70e9daaebeae0737a880f1df8f1c60d0783c59af620136cc0d28ef482bc7,farm_2945_original,1580749078,0,87556,85697,1,0,0,DONE,DONE,719,719,1,,4.22
p3066_c001_farm,cdd0ae7b4c999599,kaggle-environments 1.32.7,a52ba1bfe9df9dc1d504550af46744ef8d474797cdba7af2412dc40a3ebdf3b8,main,bfee70e9daaebeae0737a880f1df8f1c60d0783c59af620136cc0d28ef482bc7,farm_2945_original,1580749078,1,87556,85697,1,0,0,DONE,DONE,719,719,1,,4.66
p3066_c001_farm,cdd0ae7b4c999599,kaggle-environments 1.32.7,a52ba1bfe9df9dc1d504550af46744ef8d474797cdba7af2412dc40a3ebdf3b8,main,bfee70e9daaebeae0737a880f1df8f1c60d0783c59af620136cc0d28ef482bc7,farm_2945_original,1585288624,0,90871,89476,1,0,0,DONE,DONE,719,719,1,,4.4
p3066_c001_farm,cdd0ae7b4c999599,kaggle-environments 1.32.7,a52ba1bfe9df9dc1d504550af46744ef8d474797cdba7af2412dc40a3ebdf3b8,main,bfee70e9daaebeae0737a880f1df8f1c60d0783c59af620136cc0d28ef482bc7,farm_2945_original,1585288624,1,92169,88180,1,0,0,DONE,DONE,719,719,1,,4.66
p3066_c001_farm,cdd0ae7b4c999599,kaggle-environments 1.32.7,a52ba1bfe9df9dc1d504550af46744ef8d474797cdba7af2412dc40a3ebdf3b8,main,bfee70e9daaebeae0737a880f1df8f1c60d0783c59af620136cc0d28ef482bc7,farm_2945_original,1590469588,0,129513,129903,0,1,0,DONE,DONE,719,719,1,,4.11
p3066_c001_farm,cdd0ae7b4c999599,kaggle-environments 1.32.7,a52ba1bfe9df9dc1d504550af46744ef8d474797cdba7af2412dc40a3ebdf3b8,main,bfee70e9daaebeae0737a880f1df8f1c60d0783c59af620136cc0d28ef482bc7,farm_2945_original,1590469588,1,129513,129903,0,1,0,DONE,DONE,719,719,1,,4.36
p3066_c001_farm,cdd0ae7b4c999599,kaggle-environments 1.32.7,a52ba1bfe9df9dc1d504550af46744ef8d474797cdba7af2412dc40a3ebdf3b8,main,bfee70e9daaebeae0737a880f1df8f1c60d0783c59af620136cc0d28ef482bc7,farm_2945_original,1591894075,0,90637,90685,0,1,0,DONE,DONE,719,719,1,,4.18
p3066_c001_farm,cdd0ae7b4c999599,kaggle-environments 1.32.7,a52ba1bfe9df9dc1d504550af46744ef8d474797cdba7af2412dc40a3ebdf3b8,main,bfee70e9daaebeae0737a880f1df8f1c60d0783c59af620136cc0d28ef482bc7,farm_2945_original,1591894075,1,90637,90685,0,1,0,DONE,DONE,719,719,1,,4.64
p3066_c001_farm,cdd0ae7b4c999599,kaggle-environments 1.32.7,a52ba1bfe9df9dc1d504550af46744ef8d474797cdba7af2412dc40a3ebdf3b8,main,bfee70e9daaebeae0737a880f1df8f1c60d0783c59af620136cc0d28ef482bc7,farm_2945_original,1597477217,0,111555,108083,1,0,0,DONE,DONE,719,719,1,,4.32
p3066_c001_farm,cdd0ae7b4c999599,kaggle-environments 1.32.7,a52ba1bfe9df9dc1d504550af46744ef8d474797cdba7af2412dc40a3ebdf3b8,main,bfee70e9daaebeae0737a880f1df8f1c60d0783c59af620136cc0d28ef482bc7,farm_2945_original,1597477217,1,110288,109370,1,0,0,DONE,DONE,719,719,1,,4.42
p3066_c001_farm,cdd0ae7b4c999599,kaggle-environments 1.32.7,a52ba1bfe9df9dc1d504550af46744ef8d474797cdba7af2412dc40a3ebdf3b8,main,bfee70e9daaebeae0737a880f1df8f1c60d0783c59af620136cc0d28ef482bc7,farm_2945_original,1598084331,0,113056,112281,1,0,0,DONE,DONE,719,719,1,,4.63
p3066_c001_farm,cdd0ae7b4c999599,kaggle-environments 1.32.7,a52ba1bfe9df9dc1d504550af46744ef8d474797cdba7af2412dc40a3ebdf3b8,main,bfee70e9daaebeae0737a880f1df8f1c60d0783c59af620136cc0d28ef482bc7,farm_2945_original,1598084331,1,113056,112281,1,0,0,DONE,DONE,719,719,1,,4.77
p3066_c001_farm,cdd0ae7b4c999599,kaggle-environments 1.32.7,a52ba1bfe9df9dc1d504550af46744ef8d474797cdba7af2412dc40a3ebdf3b8,main,bfee70e9daaebeae0737a880f1df8f1c60d0783c59af620136cc0d28ef482bc7,farm_2945_original,1599068934,0,83050,82677,1,0,0,DONE,DONE,719,719,1,,4.15
p3066_c001_farm,cdd0ae7b4c999599,kaggle-environments 1.32.7,a52ba1bfe9df9dc1d504550af46744ef8d474797cdba7af2412dc40a3ebdf3b8,main,bfee70e9daaebeae0737a880f1df8f1c60d0783c59af620136cc0d28ef482bc7,farm_2945_original,1599068934,1,83050,82677,1,0,0,DONE,DONE,719,719,1,,4.47
p3066_c001_farm,cdd0ae7b4c999599,kaggle-environments 1.32.7,a52ba1bfe9df9dc1d504550af46744ef8d474797cdba7af2412dc40a3ebdf3b8,main,bfee70e9daaebeae0737a880f1df8f1c60d0783c59af620136cc0d28ef482bc7,farm_2945_original,1599602802,0,119125,120166,0,1,0,DONE,DONE,719,719,1,,4.72
p3066_c001_farm,cdd0ae7b4c999599,kaggle-environments 1.32.7,a52ba1bfe9df9dc1d504550af46744ef8d474797cdba7af2412dc40a3ebdf3b8,main,bfee70e9daaebeae0737a880f1df8f1c60d0783c59af620136cc0d28ef482bc7,farm_2945_original,1599602802,1,121159,122899,0,1,0,DONE,DONE,719,719,1,,4.47
p3066_c001_farm,cdd0ae7b4c999599,kaggle-environments 1.32.7,a52ba1bfe9df9dc1d504550af46744ef8d474797cdba7af2412dc40a3ebdf3b8,main,bfee70e9daaebeae0737a880f1df8f1c60d0783c59af620136cc0d28ef482bc7,farm_2945_original,1601229445,0,160068,160189,0,1,0,DONE,DONE,719,719,1,,4.17
p3066_c001_farm,cdd0ae7b4c999599,kaggle-environments 1.32.7,a52ba1bfe9df9dc1d504550af46744ef8d474797cdba7af2412dc40a3ebdf3b8,main,bfee70e9daaebeae0737a880f1df8f1c60d0783c59af620136cc0d28ef482bc7,farm_2945_original,1601229445,1,160068,160189,0,1,0,DONE,DONE,719,719,1,,4.23
p3066_c001_farm,cdd0ae7b4c999599,kaggle-environments 1.32.7,a52ba1bfe9df9dc1d504550af46744ef8d474797cdba7af2412dc40a3ebdf3b8,main,bfee70e9daaebeae0737a880f1df8f1c60d0783c59af620136cc0d28ef482bc7,farm_2945_original,1601244365,0,131890,132242,0,1,0,DONE,DONE,719,719,1,,4.58
p3066_c001_farm,cdd0ae7b4c999599,kaggle-environments 1.32.7,a52ba1bfe9df9dc1d504550af46744ef8d474797cdba7af2412dc40a3ebdf3b8,main,bfee70e9daaebeae0737a880f1df8f1c60d0783c59af620136cc0d28ef482bc7,farm_2945_original,1601244365,1,131890,132242,0,1,0,DONE,DONE,719,719,1,,4.75
p3066_c001_farm,cdd0ae7b4c999599,kaggle-environments 1.32.7,a52ba1bfe9df9dc1d504550af46744ef8d474797cdba7af2412dc40a3ebdf3b8,main,bfee70e9daaebeae0737a880f1df8f1c60d0783c59af620136cc0d28ef482bc7,farm_2945_original,1602300587,0,113932,114830,0,1,0,DONE,DONE,719,719,1,,4.43
p3066_c001_farm,cdd0ae7b4c999599,kaggle-environments 1.32.7,a52ba1bfe9df9dc1d504550af46744ef8d474797cdba7af2412dc40a3ebdf3b8,main,bfee70e9daaebeae0737a880f1df8f1c60d0783c59af620136cc0d28ef482bc7,farm_2945_original,1602300587,1,113932,114830,0,1,0,DONE,DONE,719,719,1,,4.16
p3066_c001_farm,cdd0ae7b4c999599,kaggle-environments 1.32.7,a52ba1bfe9df9dc1d504550af46744ef8d474797cdba7af2412dc40a3ebdf3b8,main,bfee70e9daaebeae0737a880f1df8f1c60d0783c59af620136cc0d28ef482bc7,farm_2945_original,1603699095,0,110843,111718,0,1,0,DONE,DONE,719,719,1,,4.49
p3066_c001_farm,cdd0ae7b4c999599,kaggle-environments 1.32.7,a52ba1bfe9df9dc1d504550af46744ef8d474797cdba7af2412dc40a3ebdf3b8,main,bfee70e9daaebeae0737a880f1df8f1c60d0783c59af620136cc0d28ef482bc7,farm_2945_original,1603699095,1,110843,111718,0,1,0,DONE,DONE,719,719,1,,4.23
p3066_c001_farm,cdd0ae7b4c999599,kaggle-environments 1.32.7,a52ba1bfe9df9dc1d504550af46744ef8d474797cdba7af2412dc40a3ebdf3b8,main,bfee70e9daaebeae0737a880f1df8f1c60d0783c59af620136cc0d28ef482bc7,farm_2945_original,1603852875,0,115779,116696,0,1,0,DONE,DONE,719,719,1,,4.45
p3066_c001_farm,cdd0ae7b4c999599,kaggle-environments 1.32.7,a52ba1bfe9df9dc1d504550af46744ef8d474797cdba7af2412dc40a3ebdf3b8,main,bfee70e9daaebeae0737a880f1df8f1c60d0783c59af620136cc0d28ef482bc7,farm_2945_original,1603852875,1,115779,116696,0,1,0,DONE,DONE,719,719,1,,4.67
p3066_c001_farm,cdd0ae7b4c999599,kaggle-environments 1.32.7,a52ba1bfe9df9dc1d504550af46744ef8d474797cdba7af2412dc40a3ebdf3b8,main,bfee70e9daaebeae0737a880f1df8f1c60d0783c59af620136cc0d28ef482bc7,farm_2945_original,1604907440,0,114224,113522,1,0,0,DONE,DONE,719,719,1,,4.53
p3066_c001_farm,cdd0ae7b4c999599,kaggle-environments 1.32.7,a52ba1bfe9df9dc1d504550af46744ef8d474797cdba7af2412dc40a3ebdf3b8,main,bfee70e9daaebeae0737a880f1df8f1c60d0783c59af620136cc0d28ef482bc7,farm_2945_original,1604907440,1,114224,113522,1,0,0,DONE,DONE,719,719,1,,4.42
p3066_c001_farm,cdd0ae7b4c999599,kaggle-environments 1.32.7,a52ba1bfe9df9dc1d504550af46744ef8d474797cdba7af2412dc40a3ebdf3b8,main,bfee70e9daaebeae0737a880f1df8f1c60d0783c59af620136cc0d28ef482bc7,farm_2945_original,1606810259,0,103907,103205,1,0,0,DONE,DONE,719,719,1,,4.3
p3066_c001_farm,cdd0ae7b4c999599,kaggle-environments 1.32.7,a52ba1bfe9df9dc1d504550af46744ef8d474797cdba7af2412dc40a3ebdf3b8,main,bfee70e9daaebeae0737a880f1df8f1c60d0783c59af620136cc0d28ef482bc7,farm_2945_original,1606810259,1,103907,103205,1,0,0,DONE,DONE,719,719,1,,4.58
p3066_c001_farm,cdd0ae7b4c999599,kaggle-environments 1.32.7,a52ba1bfe9df9dc1d504550af46744ef8d474797cdba7af2412dc40a3ebdf3b8,main,bfee70e9daaebeae0737a880f1df8f1c60d0783c59af620136cc0d28ef482bc7,farm_2945_original,1609498403,0,130809,130689,1,0,0,DONE,DONE,719,719,1,,4.51
p3066_c001_farm,cdd0ae7b4c999599,kaggle-environments 1.32.7,a52ba1bfe9df9dc1d504550af46744ef8d474797cdba7af2412dc40a3ebdf3b8,main,bfee70e9daaebeae0737a880f1df8f1c60d0783c59af620136cc0d28ef482bc7,farm_2945_original,1609498403,1,130809,130689,1,0,0,DONE,DONE,719,719,1,,4.34
p3066_c001_farm,cdd0ae7b4c999599,kaggle-environments 1.32.7,a52ba1bfe9df9dc1d504550af46744ef8d474797cdba7af2412dc40a3ebdf3b8,main,bfee70e9daaebeae0737a880f1df8f1c60d0783c59af620136cc0d28ef482bc7,farm_2945_original,1615534734,0,93666,95448,0,1,0,DONE,DONE,719,719,1,,4.39
p3066_c001_farm,cdd0ae7b4c999599,kaggle-environments 1.32.7,a52ba1bfe9df9dc1d504550af46744ef8d474797cdba7af2412dc40a3ebdf3b8,main,bfee70e9daaebeae0737a880f1df8f1c60d0783c59af620136cc0d28ef482bc7,farm_2945_original,1615534734,1,93666,95448,0,1,0,DONE,DONE,719,719,1,,4.29
p3066_c001_farm,cdd0ae7b4c999599,kaggle-environments 1.32.7,a52ba1bfe9df9dc1d504550af46744ef8d474797cdba7af2412dc40a3ebdf3b8,main,bfee70e9daaebeae0737a880f1df8f1c60d0783c59af620136cc0d28ef482bc7,farm_2945_original,1619095011,0,74753,75389,0,1,0,DONE,DONE,719,719,1,,4.07
p3066_c001_farm,cdd0ae7b4c999599,kaggle-environments 1.32.7,a52ba1bfe9df9dc1d504550af46744ef8d474797cdba7af2412dc40a3ebdf3b8,main,bfee70e9daaebeae0737a880f1df8f1c60d0783c59af620136cc0d28ef482bc7,farm_2945_original,1619095011,1,74753,75389,0,1,0,DONE,DONE,719,719,1,,4.45
p3066_c001_farm,cdd0ae7b4c999599,kaggle-environments 1.32.7,a52ba1bfe9df9dc1d504550af46744ef8d474797cdba7af2412dc40a3ebdf3b8,main,bfee70e9daaebeae0737a880f1df8f1c60d0783c59af620136cc0d28ef482bc7,farm_2945_original,1620593108,0,100826,101235,0,1,0,DONE,DONE,719,719,1,,4.42
p3066_c001_farm,cdd0ae7b4c999599,kaggle-environments 1.32.7,a52ba1bfe9df9dc1d504550af46744ef8d474797cdba7af2412dc40a3ebdf3b8,main,bfee70e9daaebeae0737a880f1df8f1c60d0783c59af620136cc0d28ef482bc7,farm_2945_original,1620593108,1,100826,101235,0,1,0,DONE,DONE,719,719,1,,4.55
p3066_c001_farm,cdd0ae7b4c999599,kaggle-environments 1.32.7,a52ba1bfe9df9dc1d504550af46744ef8d474797cdba7af2412dc40a3ebdf3b8,main,bfee70e9daaebeae0737a880f1df8f1c60d0783c59af620136cc0d28ef482bc7,farm_2945_original,1624646389,0,77161,76634,1,0,0,DONE,DONE,719,719,1,,4.32
p3066_c001_farm,cdd0ae7b4c999599,kaggle-environments 1.32.7,a52ba1bfe9df9dc1d504550af46744ef8d474797cdba7af2412dc40a3ebdf3b8,main,bfee70e9daaebeae0737a880f1df8f1c60d0783c59af620136cc0d28ef482bc7,farm_2945_original,1624646389,1,77161,76634,1,0,0,DONE,DONE,719,719,1,,4.51
p3066_c001_farm,cdd0ae7b4c999599,kaggle-environments 1.32.7,a52ba1bfe9df9dc1d504550af46744ef8d474797cdba7af2412dc40a3ebdf3b8,main,bfee70e9daaebeae0737a880f1df8f1c60d0783c59af620136cc0d28ef482bc7,farm_2945_original,1624931638,0,78025,78610,0,1,0,DONE,DONE,719,719,1,,4.38
p3066_c001_farm,cdd0ae7b4c999599,kaggle-environments 1.32.7,a52ba1bfe9df9dc1d504550af46744ef8d474797cdba7af2412dc40a3ebdf3b8,main,bfee70e9daaebeae0737a880f1df8f1c60d0783c59af620136cc0d28ef482bc7,farm_2945_original,1624931638,1,78025,78610,0,1,0,DONE,DONE,719,719,1,,4.72
p3066_c001_farm,cdd0ae7b4c999599,kaggle-environments 1.32.7,a52ba1bfe9df9dc1d504550af46744ef8d474797cdba7af2412dc40a3ebdf3b8,main,bfee70e9daaebeae0737a880f1df8f1c60d0783c59af620136cc0d28ef482bc7,farm_2945_original,1628506399,0,128848,128902,0,1,0,DONE,DONE,719,719,1,,5.1
p3066_c001_farm,cdd0ae7b4c999599,kaggle-environments 1.32.7,a52ba1bfe9df9dc1d504550af46744ef8d474797cdba7af2412dc40a3ebdf3b8,main,bfee70e9daaebeae0737a880f1df8f1c60d0783c59af620136cc0d28ef482bc7,farm_2945_original,1628506399,1,128848,128902,0,1,0,DONE,DONE,719,719,1,,4.48
p3066_c001_farm,cdd0ae7b4c999599,kaggle-environments 1.32.7,a52ba1bfe9df9dc1d504550af46744ef8d474797cdba7af2412dc40a3ebdf3b8,main,bfee70e9daaebeae0737a880f1df8f1c60d0783c59af620136cc0d28ef482bc7,farm_2945_original,1629808004,0,119768,120254,0,1,0,DONE,DONE,719,719,1,,4.7
p3066_c001_farm,cdd0ae7b4c999599,kaggle-environments 1.32.7,a52ba1bfe9df9dc1d504550af46744ef8d474797cdba7af2412dc40a3ebdf3b8,main,bfee70e9daaebeae0737a880f1df8f1c60d0783c59af620136cc0d28ef482bc7,farm_2945_original,1629808004,1,119768,120254,0,1,0,DONE,DONE,719,719,1,,4.86
p3066_c001_farm,cdd0ae7b4c999599,kaggle-environments 1.32.7,a52ba1bfe9df9dc1d504550af46744ef8d474797cdba7af2412dc40a3ebdf3b8,main,bfee70e9daaebeae0737a880f1df8f1c60d0783c59af620136cc0d28ef482bc7,farm_2945_original,1631033643,0,85088,86090,0,1,0,DONE,DONE,719,719,1,,4.58
p3066_c001_farm,cdd0ae7b4c999599,kaggle-environments 1.32.7,a52ba1bfe9df9dc1d504550af46744ef8d474797cdba7af2412dc40a3ebdf3b8,main,bfee70e9daaebeae0737a880f1df8f1c60d0783c59af620136cc0d28ef482bc7,farm_2945_original,1631033643,1,85088,86090,0,1,0,DONE,DONE,719,719,1,,4.72
p3066_c001_farm,cdd0ae7b4c999599,kaggle-environments 1.32.7,a52ba1bfe9df9dc1d504550af46744ef8d474797cdba7af2412dc40a3ebdf3b8,main,bfee70e9daaebeae0737a880f1df8f1c60d0783c59af620136cc0d28ef482bc7,farm_2945_original,1637698033,0,87096,79266,1,0,0,DONE,DONE,719,719,1,,4.27
p3066_c001_farm,cdd0ae7b4c999599,kaggle-environments 1.32.7,a52ba1bfe9df9dc1d504550af46744ef8d474797cdba7af2412dc40a3ebdf3b8,main,bfee70e9daaebeae0737a880f1df8f1c60d0783c59af620136cc0d28ef482bc7,farm_2945_original,1637698033,1,87096,79266,1,0,0,DONE,DONE,719,719,1,,4.38
p3066_c001_farm,cdd0ae7b4c999599,kaggle-environments 1.32.7,a52ba1bfe9df9dc1d504550af46744ef8d474797cdba7af2412dc40a3ebdf3b8,main,bfee70e9daaebeae0737a880f1df8f1c60d0783c59af620136cc0d28ef482bc7,farm_2945_original,1645563884,0,83355,81181,1,0,0,DONE,DONE,719,719,1,,4.25
p3066_c001_farm,cdd0ae7b4c999599,kaggle-environments 1.32.7,a52ba1bfe9df9dc1d504550af46744ef8d474797cdba7af2412dc40a3ebdf3b8,main,bfee70e9daaebeae0737a880f1df8f1c60d0783c59af620136cc0d28ef482bc7,farm_2945_original,1645563884,1,83355,81181,1,0,0,DONE,DONE,719,719,1,,4.28
p3066_c001_farm,cdd0ae7b4c999599,kaggle-environments 1.32.7,a52ba1bfe9df9dc1d504550af46744ef8d474797cdba7af2412dc40a3ebdf3b8,main,bfee70e9daaebeae0737a880f1df8f1c60d0783c59af620136cc0d28ef482bc7,farm_2945_original,1646936699,0,111863,110809,1,0,0,DONE,DONE,719,719,1,,4.76
p3066_c001_farm,cdd0ae7b4c999599,kaggle-environments 1.32.7,a52ba1bfe9df9dc1d504550af46744ef8d474797cdba7af2412dc40a3ebdf3b8,main,bfee70e9daaebeae0737a880f1df8f1c60d0783c59af620136cc0d28ef482bc7,farm_2945_original,1646936699,1,112486,110179,1,0,0,DONE,DONE,719,719,1,,4.73
p3066_c001_farm,cdd0ae7b4c999599,kaggle-environments 1.32.7,a52ba1bfe9df9dc1d504550af46744ef8d474797cdba7af2412dc40a3ebdf3b8,main,bfee70e9daaebeae0737a880f1df8f1c60d0783c59af620136cc0d28ef482bc7,farm_2945_original,1648391834,0,77552,76917,1,0,0,DONE,DONE,719,719,1,,4.33
p3066_c001_farm,cdd0ae7b4c999599,kaggle-environments 1.32.7,a52ba1bfe9df9dc1d504550af46744ef8d474797cdba7af2412dc40a3ebdf3b8,main,bfee70e9daaebeae0737a880f1df8f1c60d0783c59af620136cc0d28ef482bc7,farm_2945_original,1648391834,1,77552,76917,1,0,0,DONE,DONE,719,719,1,,4.43
p3066_c001_farm,cdd0ae7b4c999599,kaggle-environments 1.32.7,a52ba1bfe9df9dc1d504550af46744ef8d474797cdba7af2412dc40a3ebdf3b8,main,bfee70e9daaebeae0737a880f1df8f1c60d0783c59af620136cc0d28ef482bc7,farm_2945_original,1651095768,0,108130,109351,0,1,0,DONE,DONE,719,719,1,,4.61
p3066_c001_farm,cdd0ae7b4c999599,kaggle-environments 1.32.7,a52ba1bfe9df9dc1d504550af46744ef8d474797cdba7af2412dc40a3ebdf3b8,main,bfee70e9daaebeae0737a880f1df8f1c60d0783c59af620136cc0d28ef482bc7,farm_2945_original,1651095768,1,108130,109351,0,1,0,DONE,DONE,719,719,1,,4.26
p3066_c001_farm,cdd0ae7b4c999599,kaggle-environments 1.32.7,a52ba1bfe9df9dc1d504550af46744ef8d474797cdba7af2412dc40a3ebdf3b8,main,bfee70e9daaebeae0737a880f1df8f1c60d0783c59af620136cc0d28ef482bc7,farm_2945_original,1651804318,0,100606,101062,0,1,0,DONE,DONE,719,719,1,,4.32
p3066_c001_farm,cdd0ae7b4c999599,kaggle-environments 1.32.7,a52ba1bfe9df9dc1d504550af46744ef8d474797cdba7af2412dc40a3ebdf3b8,main,bfee70e9daaebeae0737a880f1df8f1c60d0783c59af620136cc0d28ef482bc7,farm_2945_original,1651804318,1,100606,101062,0,1,0,DONE,DONE,719,719,1,,4.67
p3066_c001_farm,cdd0ae7b4c999599,kaggle-environments 1.32.7,a52ba1bfe9df9dc1d504550af46744ef8d474797cdba7af2412dc40a3ebdf3b8,main,bfee70e9daaebeae0737a880f1df8f1c60d0783c59af620136cc0d28ef482bc7,farm_2945_original,1653335909,0,104831,106024,0,1,0,DONE,DONE,719,719,1,,4.28
p3066_c001_farm,cdd0ae7b4c999599,kaggle-environments 1.32.7,a52ba1bfe9df9dc1d504550af46744ef8d474797cdba7af2412dc40a3ebdf3b8,main,bfee70e9daaebeae0737a880f1df8f1c60d0783c59af620136cc0d28ef482bc7,farm_2945_original,1653335909,1,104831,106024,0,1,0,DONE,DONE,719,719,1,,4.15
p3066_c001_farm,cdd0ae7b4c999599,kaggle-environments 1.32.7,a52ba1bfe9df9dc1d504550af46744ef8d474797cdba7af2412dc40a3ebdf3b8,main,bfee70e9daaebeae0737a880f1df8f1c60d0783c59af620136cc0d28ef482bc7,farm_2945_original,1653885178,0,81923,85483,0,1,0,DONE,DONE,719,719,1,,4.61
p3066_c001_farm,cdd0ae7b4c999599,kaggle-environments 1.32.7,a52ba1bfe9df9dc1d504550af46744ef8d474797cdba7af2412dc40a3ebdf3b8,main,bfee70e9daaebeae0737a880f1df8f1c60d0783c59af620136cc0d28ef482bc7,farm_2945_original,1653885178,1,81923,85483,0,1,0,DONE,DONE,719,719,1,,4.51
p3066_c001_farm,cdd0ae7b4c999599,kaggle-environments 1.32.7,a52ba1bfe9df9dc1d504550af46744ef8d474797cdba7af2412dc40a3ebdf3b8,main,bfee70e9daaebeae0737a880f1df8f1c60d0783c59af620136cc0d28ef482bc7,farm_2945_original,1654741537,0,71380,70159,1,0,0,DONE,DONE,719,719,1,,4.41
p3066_c001_farm,cdd0ae7b4c999599,kaggle-environments 1.32.7,a52ba1bfe9df9dc1d504550af46744ef8d474797cdba7af2412dc40a3ebdf3b8,main,bfee70e9daaebeae0737a880f1df8f1c60d0783c59af620136cc0d28ef482bc7,farm_2945_original,1654741537,1,81869,79517,1,0,0,DONE,DONE,719,719,1,,4.53
p3066_c001_farm,cdd0ae7b4c999599,kaggle-environments 1.32.7,a52ba1bfe9df9dc1d504550af46744ef8d474797cdba7af2412dc40a3ebdf3b8,main,bfee70e9daaebeae0737a880f1df8f1c60d0783c59af620136cc0d28ef482bc7,farm_2945_original,1663042059,0,95736,94363,1,0,0,DONE,DONE,719,719,1,,4.57
p3066_c001_farm,cdd0ae7b4c999599,kaggle-environments 1.32.7,a52ba1bfe9df9dc1d504550af46744ef8d474797cdba7af2412dc40a3ebdf3b8,main,bfee70e9daaebeae0737a880f1df8f1c60d0783c59af620136cc0d28ef482bc7,farm_2945_original,1663042059,1,95736,94363,1,0,0,DONE,DONE,719,719,1,,4.26
p3066_c001_farm,cdd0ae7b4c999599,kaggle-environments 1.32.7,a52ba1bfe9df9dc1d504550af46744ef8d474797cdba7af2412dc40a3ebdf3b8,main,bfee70e9daaebeae0737a880f1df8f1c60d0783c59af620136cc0d28ef482bc7,farm_2945_original,1665005360,0,151119,150818,1,0,0,DONE,DONE,719,719,1,,4.2
p3066_c001_farm,cdd0ae7b4c999599,kaggle-environments 1.32.7,a52ba1bfe9df9dc1d504550af46744ef8d474797cdba7af2412dc40a3ebdf3b8,main,bfee70e9daaebeae0737a880f1df8f1c60d0783c59af620136cc0d28ef482bc7,farm_2945_original,1665005360,1,151119,150818,1,0,0,DONE,DONE,719,719,1,,4.16
p3066_c001_farm,cdd0ae7b4c999599,kaggle-environments 1.32.7,a52ba1bfe9df9dc1d504550af46744ef8d474797cdba7af2412dc40a3ebdf3b8,main,bfee70e9daaebeae0737a880f1df8f1c60d0783c59af620136cc0d28ef482bc7,farm_2945_original,1665617441,0,96236,94484,1,0,0,DONE,DONE,719,719,1,,4.59
p3066_c001_farm,cdd0ae7b4c999599,kaggle-environments 1.32.7,a52ba1bfe9df9dc1d504550af46744ef8d474797cdba7af2412dc40a3ebdf3b8,main,bfee70e9daaebeae0737a880f1df8f1c60d0783c59af620136cc0d28ef482bc7,farm_2945_original,1665617441,1,96236,94484,1,0,0,DONE,DONE,719,719,1,,4.62
p3066_c001_farm,cdd0ae7b4c999599,kaggle-environments 1.32.7,a52ba1bfe9df9dc1d504550af46744ef8d474797cdba7af2412dc40a3ebdf3b8,main,bfee70e9daaebeae0737a880f1df8f1c60d0783c59af620136cc0d28ef482bc7,farm_2945_original,1667856113,0,68809,67039,1,0,0,DONE,DONE,719,719,1,,4.32
p3066_c001_farm,cdd0ae7b4c999599,kaggle-environments 1.32.7,a52ba1bfe9df9dc1d504550af46744ef8d474797cdba7af2412dc40a3ebdf3b8,main,bfee70e9daaebeae0737a880f1df8f1c60d0783c59af620136cc0d28ef482bc7,farm_2945_original,1667856113,1,68809,67039,1,0,0,DONE,DONE,719,719,1,,4.18
p3066_c001_farm,cdd0ae7b4c999599,kaggle-environments 1.32.7,a52ba1bfe9df9dc1d504550af46744ef8d474797cdba7af2412dc40a3ebdf3b8,main,bfee70e9daaebeae0737a880f1df8f1c60d0783c59af620136cc0d28ef482bc7,farm_2945_original,1670003808,0,103431,104634,0,1,0,DONE,DONE,719,719,1,,4.73
p3066_c001_farm,cdd0ae7b4c999599,kaggle-environments 1.32.7,a52ba1bfe9df9dc1d504550af46744ef8d474797cdba7af2412dc40a3ebdf3b8,main,bfee70e9daaebeae0737a880f1df8f1c60d0783c59af620136cc0d28ef482bc7,farm_2945_original,1670003808,1,103431,104634,0,1,0,DONE,DONE,719,719,1,,4.3
p3066_c001_farm,cdd0ae7b4c999599,kaggle-environments 1.32.7,a52ba1bfe9df9dc1d504550af46744ef8d474797cdba7af2412dc40a3ebdf3b8,main,bfee70e9daaebeae0737a880f1df8f1c60d0783c59af620136cc0d28ef482bc7,farm_2945_original,1670445503,0,68657,68896,0,1,0,DONE,DONE,719,719,1,,4.22
p3066_c001_farm,cdd0ae7b4c999599,kaggle-environments 1.32.7,a52ba1bfe9df9dc1d504550af46744ef8d474797cdba7af2412dc40a3ebdf3b8,main,bfee70e9daaebeae0737a880f1df8f1c60d0783c59af620136cc0d28ef482bc7,farm_2945_original,1670445503,1,68657,68896,0,1,0,DONE,DONE,719,719,1,,4.41
p3066_c001_farm,cdd0ae7b4c999599,kaggle-environments 1.32.7,a52ba1bfe9df9dc1d504550af46744ef8d474797cdba7af2412dc40a3ebdf3b8,main,bfee70e9daaebeae0737a880f1df8f1c60d0783c59af620136cc0d28ef482bc7,farm_2945_original,1671725465,0,71046,73555,0,1,0,DONE,DONE,719,719,1,,4.27
p3066_c001_farm,cdd0ae7b4c999599,kaggle-environments 1.32.7,a52ba1bfe9df9dc1d504550af46744ef8d474797cdba7af2412dc40a3ebdf3b8,main,bfee70e9daaebeae0737a880f1df8f1c60d0783c59af620136cc0d28ef482bc7,farm_2945_original,1671725465,1,71095,73507,0,1,0,DONE,DONE,719,719,1,,4.21
p3066_c001_farm,cdd0ae7b4c999599,kaggle-environments 1.32.7,a52ba1bfe9df9dc1d504550af46744ef8d474797cdba7af2412dc40a3ebdf3b8,main,bfee70e9daaebeae0737a880f1df8f1c60d0783c59af620136cc0d28ef482bc7,farm_2945_original,1672180003,0,68786,67812,1,0,0,DONE,DONE,719,719,1,,4.56
p3066_c001_farm,cdd0ae7b4c999599,kaggle-environments 1.32.7,a52ba1bfe9df9dc1d504550af46744ef8d474797cdba7af2412dc40a3ebdf3b8,main,bfee70e9daaebeae0737a880f1df8f1c60d0783c59af620136cc0d28ef482bc7,farm_2945_original,1672180003,1,68786,67812,1,0,0,DONE,DONE,719,719,1,,4.4
p3066_c001_farm,cdd0ae7b4c999599,kaggle-environments 1.32.7,a52ba1bfe9df9dc1d504550af46744ef8d474797cdba7af2412dc40a3ebdf3b8,main,bfee70e9daaebeae0737a880f1df8f1c60d0783c59af620136cc0d28ef482bc7,farm_2945_original,1672635849,0,104508,104236,1,0,0,DONE,DONE,719,719,1,,4.34
p3066_c001_farm,cdd0ae7b4c999599,kaggle-environments 1.32.7,a52ba1bfe9df9dc1d504550af46744ef8d474797cdba7af2412dc40a3ebdf3b8,main,bfee70e9daaebeae0737a880f1df8f1c60d0783c59af620136cc0d28ef482bc7,farm_2945_original,1672635849,1,104508,104236,1,0,0,DONE,DONE,719,719,1,,4.57
p3066_c001_farm,cdd0ae7b4c999599,kaggle-environments 1.32.7,a52ba1bfe9df9dc1d504550af46744ef8d474797cdba7af2412dc40a3ebdf3b8,main,bfee70e9daaebeae0737a880f1df8f1c60d0783c59af620136cc0d28ef482bc7,farm_2945_original,1673687863,0,88863,87507,1,0,0,DONE,DONE,719,719,1,,4.46
p3066_c001_farm,cdd0ae7b4c999599,kaggle-environments 1.32.7,a52ba1bfe9df9dc1d504550af46744ef8d474797cdba7af2412dc40a3ebdf3b8,main,bfee70e9daaebeae0737a880f1df8f1c60d0783c59af620136cc0d28ef482bc7,farm_2945_original,1673687863,1,88863,87507,1,0,0,DONE,DONE,719,719,1,,4.56
p3066_c001_farm,cdd0ae7b4c999599,kaggle-environments 1.32.7,a52ba1bfe9df9dc1d504550af46744ef8d474797cdba7af2412dc40a3ebdf3b8,main,bfee70e9daaebeae0737a880f1df8f1c60d0783c59af620136cc0d28ef482bc7,farm_2945_original,1674571474,0,138658,138330,1,0,0,DONE,DONE,719,719,1,,4.2
p3066_c001_farm,cdd0ae7b4c999599,kaggle-environments 1.32.7,a52ba1bfe9df9dc1d504550af46744ef8d474797cdba7af2412dc40a3ebdf3b8,main,bfee70e9daaebeae0737a880f1df8f1c60d0783c59af620136cc0d28ef482bc7,farm_2945_original,1674571474,1,138658,138330,1,0,0,DONE,DONE,719,719,1,,4.27
p3066_c001_farm,cdd0ae7b4c999599,kaggle-environments 1.32.7,a52ba1bfe9df9dc1d504550af46744ef8d474797cdba7af2412dc40a3ebdf3b8,main,bfee70e9daaebeae0737a880f1df8f1c60d0783c59af620136cc0d28ef482bc7,farm_2945_original,1675526772,0,61317,60015,1,0,0,DONE,DONE,719,719,1,,4.45
p3066_c001_farm,cdd0ae7b4c999599,kaggle-environments 1.32.7,a52ba1bfe9df9dc1d504550af46744ef8d474797cdba7af2412dc40a3ebdf3b8,main,bfee70e9daaebeae0737a880f1df8f1c60d0783c59af620136cc0d28ef482bc7,farm_2945_original,1675526772,1,61317,60015,1,0,0,DONE,DONE,719,719,1,,4.29
p3066_c001_farm,cdd0ae7b4c999599,kaggle-environments 1.32.7,a52ba1bfe9df9dc1d504550af46744ef8d474797cdba7af2412dc40a3ebdf3b8,main,bfee70e9daaebeae0737a880f1df8f1c60d0783c59af620136cc0d28ef482bc7,farm_2945_original,1677186078,0,123547,123811,0,1,0,DONE,DONE,719,719,1,,4.58
p3066_c001_farm,cdd0ae7b4c999599,kaggle-environments 1.32.7,a52ba1bfe9df9dc1d504550af46744ef8d474797cdba7af2412dc40a3ebdf3b8,main,bfee70e9daaebeae0737a880f1df8f1c60d0783c59af620136cc0d28ef482bc7,farm_2945_original,1677186078,1,123547,123811,0,1,0,DONE,DONE,719,719,1,,4.52
p3066_c001_farm,cdd0ae7b4c999599,kaggle-environments 1.32.7,a52ba1bfe9df9dc1d504550af46744ef8d474797cdba7af2412dc40a3ebdf3b8,main,bfee70e9daaebeae0737a880f1df8f1c60d0783c59af620136cc0d28ef482bc7,farm_2945_original,1677233686,0,116135,116609,0,1,0,DONE,DONE,719,719,1,,4.28
p3066_c001_farm,cdd0ae7b4c999599,kaggle-environments 1.32.7,a52ba1bfe9df9dc1d504550af46744ef8d474797cdba7af2412dc40a3ebdf3b8,main,bfee70e9daaebeae0737a880f1df8f1c60d0783c59af620136cc0d28ef482bc7,farm_2945_original,1677233686,1,116135,116609,0,1,0,DONE,DONE,719,719,1,,4.25
p3066_c001_farm,cdd0ae7b4c999599,kaggle-environments 1.32.7,a52ba1bfe9df9dc1d504550af46744ef8d474797cdba7af2412dc40a3ebdf3b8,main,bfee70e9daaebeae0737a880f1df8f1c60d0783c59af620136cc0d28ef482bc7,farm_2945_original,1682008880,0,125087,123871,1,0,0,DONE,DONE,719,719,1,,4.4
p3066_c001_farm,cdd0ae7b4c999599,kaggle-environments 1.32.7,a52ba1bfe9df9dc1d504550af46744ef8d474797cdba7af2412dc40a3ebdf3b8,main,bfee70e9daaebeae0737a880f1df8f1c60d0783c59af620136cc0d28ef482bc7,farm_2945_original,1682008880,1,125087,123871,1,0,0,DONE,DONE,719,719,1,,4.68
p3066_c001_farm,cdd0ae7b4c999599,kaggle-environments 1.32.7,a52ba1bfe9df9dc1d504550af46744ef8d474797cdba7af2412dc40a3ebdf3b8,main,bfee70e9daaebeae0737a880f1df8f1c60d0783c59af620136cc0d28ef482bc7,farm_2945_original,1683864625,0,64685,63449,1,0,0,DONE,DONE,719,719,1,,4.63
p3066_c001_farm,cdd0ae7b4c999599,kaggle-environments 1.32.7,a52ba1bfe9df9dc1d504550af46744ef8d474797cdba7af2412dc40a3ebdf3b8,main,bfee70e9daaebeae0737a880f1df8f1c60d0783c59af620136cc0d28ef482bc7,farm_2945_original,1683864625,1,64685,63449,1,0,0,DONE,DONE,719,719,1,,4.54
p3066_c001_farm,cdd0ae7b4c999599,kaggle-environments 1.32.7,a52ba1bfe9df9dc1d504550af46744ef8d474797cdba7af2412dc40a3ebdf3b8,main,bfee70e9daaebeae0737a880f1df8f1c60d0783c59af620136cc0d28ef482bc7,farm_2945_original,1684117665,0,79047,77392,1,0,0,DONE,DONE,719,719,1,,4.71
p3066_c001_farm,cdd0ae7b4c999599,kaggle-environments 1.32.7,a52ba1bfe9df9dc1d504550af46744ef8d474797cdba7af2412dc40a3ebdf3b8,main,bfee70e9daaebeae0737a880f1df8f1c60d0783c59af620136cc0d28ef482bc7,farm_2945_original,1684117665,1,79047,77392,1,0,0,DONE,DONE,719,719,1,,4.44
p3066_c001_farm,cdd0ae7b4c999599,kaggle-environments 1.32.7,a52ba1bfe9df9dc1d504550af46744ef8d474797cdba7af2412dc40a3ebdf3b8,main,bfee70e9daaebeae0737a880f1df8f1c60d0783c59af620136cc0d28ef482bc7,farm_2945_original,1688663938,0,123326,122345,1,0,0,DONE,DONE,719,719,1,,4.42
p3066_c001_farm,cdd0ae7b4c999599,kaggle-environments 1.32.7,a52ba1bfe9df9dc1d504550af46744ef8d474797cdba7af2412dc40a3ebdf3b8,main,bfee70e9daaebeae0737a880f1df8f1c60d0783c59af620136cc0d28ef482bc7,farm_2945_original,1688663938,1,123326,122345,1,0,0,DONE,DONE,719,719,1,,4.51
p3066_c001_farm,cdd0ae7b4c999599,kaggle-environments 1.32.7,a52ba1bfe9df9dc1d504550af46744ef8d474797cdba7af2412dc40a3ebdf3b8,main,bfee70e9daaebeae0737a880f1df8f1c60d0783c59af620136cc0d28ef482bc7,farm_2945_original,1690456494,0,68110,67859,1,0,0,DONE,DONE,719,719,1,,4.39
p3066_c001_farm,cdd0ae7b4c999599,kaggle-environments 1.32.7,a52ba1bfe9df9dc1d504550af46744ef8d474797cdba7af2412dc40a3ebdf3b8,main,bfee70e9daaebeae0737a880f1df8f1c60d0783c59af620136cc0d28ef482bc7,farm_2945_original,1690456494,1,68110,67859,1,0,0,DONE,DONE,719,719,1,,4.51
p3066_c001_farm,cdd0ae7b4c999599,kaggle-environments 1.32.7,a52ba1bfe9df9dc1d504550af46744ef8d474797cdba7af2412dc40a3ebdf3b8,main,bfee70e9daaebeae0737a880f1df8f1c60d0783c59af620136cc0d28ef482bc7,farm_2945_original,1696252170,0,128308,136007,0,1,0,DONE,DONE,719,719,1,,4.29
p3066_c001_farm,cdd0ae7b4c999599,kaggle-environments 1.32.7,a52ba1bfe9df9dc1d504550af46744ef8d474797cdba7af2412dc40a3ebdf3b8,main,bfee70e9daaebeae0737a880f1df8f1c60d0783c59af620136cc0d28ef482bc7,farm_2945_original,1696252170,1,136445,127596,1,0,0,DONE,DONE,719,719,1,,4.38
p3066_c001_farm,cdd0ae7b4c999599,kaggle-environments 1.32.7,a52ba1bfe9df9dc1d504550af46744ef8d474797cdba7af2412dc40a3ebdf3b8,main,bfee70e9daaebeae0737a880f1df8f1c60d0783c59af620136cc0d28ef482bc7,farm_2945_original,1698741370,0,142282,142631,0,1,0,DONE,DONE,719,719,1,,4.12
p3066_c001_farm,cdd0ae7b4c999599,kaggle-environments 1.32.7,a52ba1bfe9df9dc1d504550af46744ef8d474797cdba7af2412dc40a3ebdf3b8,main,bfee70e9daaebeae0737a880f1df8f1c60d0783c59af620136cc0d28ef482bc7,farm_2945_original,1698741370,1,142282,142631,0,1,0,DONE,DONE,719,719,1,,4.28
p3066_c001_farm,cdd0ae7b4c999599,kaggle-environments 1.32.7,a52ba1bfe9df9dc1d504550af46744ef8d474797cdba7af2412dc40a3ebdf3b8,main,bfee70e9daaebeae0737a880f1df8f1c60d0783c59af620136cc0d28ef482bc7,farm_2945_original,1706820642,0,105967,104985,1,0,0,DONE,DONE,719,719,1,,4.53
p3066_c001_farm,cdd0ae7b4c999599,kaggle-environments 1.32.7,a52ba1bfe9df9dc1d504550af46744ef8d474797cdba7af2412dc40a3ebdf3b8,main,bfee70e9daaebeae0737a880f1df8f1c60d0783c59af620136cc0d28ef482bc7,farm_2945_original,1706820642,1,105967,104985,1,0,0,DONE,DONE,719,719,1,,4.84
p3066_c001_farm,cdd0ae7b4c999599,kaggle-environments 1.32.7,a52ba1bfe9df9dc1d504550af46744ef8d474797cdba7af2412dc40a3ebdf3b8,main,bfee70e9daaebeae0737a880f1df8f1c60d0783c59af620136cc0d28ef482bc7,farm_2945_original,1708486063,0,123282,123010,1,0,0,DONE,DONE,719,719,1,,4.3
p3066_c001_farm,cdd0ae7b4c999599,kaggle-environments 1.32.7,a52ba1bfe9df9dc1d504550af46744ef8d474797cdba7af2412dc40a3ebdf3b8,main,bfee70e9daaebeae0737a880f1df8f1c60d0783c59af620136cc0d28ef482bc7,farm_2945_original,1708486063,1,123282,123010,1,0,0,DONE,DONE,719,719,1,,4.36
p3066_c001_farm,cdd0ae7b4c999599,kaggle-environments 1.32.7,a52ba1bfe9df9dc1d504550af46744ef8d474797cdba7af2412dc40a3ebdf3b8,main,bfee70e9daaebeae0737a880f1df8f1c60d0783c59af620136cc0d28ef482bc7,farm_2945_original,1709964036,0,85076,88609,0,1,0,DONE,DONE,719,719,1,,4.81
p3066_c001_farm,cdd0ae7b4c999599,kaggle-environments 1.32.7,a52ba1bfe9df9dc1d504550af46744ef8d474797cdba7af2412dc40a3ebdf3b8,main,bfee70e9daaebeae0737a880f1df8f1c60d0783c59af620136cc0d28ef482bc7,farm_2945_original,1709964036,1,85076,88609,0,1,0,DONE,DONE,719,719,1,,4.55
p3066_c001_farm,cdd0ae7b4c999599,kaggle-environments 1.32.7,a52ba1bfe9df9dc1d504550af46744ef8d474797cdba7af2412dc40a3ebdf3b8,main,bfee70e9daaebeae0737a880f1df8f1c60d0783c59af620136cc0d28ef482bc7,farm_2945_original,1712043213,0,91806,91980,0,1,0,DONE,DONE,719,719,1,,4.51
p3066_c001_farm,cdd0ae7b4c999599,kaggle-environments 1.32.7,a52ba1bfe9df9dc1d504550af46744ef8d474797cdba7af2412dc40a3ebdf3b8,main,bfee70e9daaebeae0737a880f1df8f1c60d0783c59af620136cc0d28ef482bc7,farm_2945_original,1712043213,1,91806,91980,0,1,0,DONE,DONE,719,719,1,,4.45
p3066_c001_farm,cdd0ae7b4c999599,kaggle-environments 1.32.7,a52ba1bfe9df9dc1d504550af46744ef8d474797cdba7af2412dc40a3ebdf3b8,main,bfee70e9daaebeae0737a880f1df8f1c60d0783c59af620136cc0d28ef482bc7,farm_2945_original,1713333059,0,76841,79820,0,1,0,DONE,DONE,719,719,1,,4.34
p3066_c001_farm,cdd0ae7b4c999599,kaggle-environments 1.32.7,a52ba1bfe9df9dc1d504550af46744ef8d474797cdba7af2412dc40a3ebdf3b8,main,bfee70e9daaebeae0737a880f1df8f1c60d0783c59af620136cc0d28ef482bc7,farm_2945_original,1713333059,1,76841,79820,0,1,0,DONE,DONE,719,719,1,,4.42
p3066_c001_farm,cdd0ae7b4c999599,kaggle-environments 1.32.7,a52ba1bfe9df9dc1d504550af46744ef8d474797cdba7af2412dc40a3ebdf3b8,main,bfee70e9daaebeae0737a880f1df8f1c60d0783c59af620136cc0d28ef482bc7,farm_2945_original,1714255828,0,75213,72691,1,0,0,DONE,DONE,719,719,1,,4.69
p3066_c001_farm,cdd0ae7b4c999599,kaggle-environments 1.32.7,a52ba1bfe9df9dc1d504550af46744ef8d474797cdba7af2412dc40a3ebdf3b8,main,bfee70e9daaebeae0737a880f1df8f1c60d0783c59af620136cc0d28ef482bc7,farm_2945_original,1714255828,1,75213,72691,1,0,0,DONE,DONE,719,719,1,,4.46
p3066_c001_farm,cdd0ae7b4c999599,kaggle-environments 1.32.7,a52ba1bfe9df9dc1d504550af46744ef8d474797cdba7af2412dc40a3ebdf3b8,main,bfee70e9daaebeae0737a880f1df8f1c60d0783c59af620136cc0d28ef482bc7,farm_2945_original,1714293803,0,101628,101153,1,0,0,DONE,DONE,719,719,1,,4.74
p3066_c001_farm,cdd0ae7b4c999599,kaggle-environments 1.32.7,a52ba1bfe9df9dc1d504550af46744ef8d474797cdba7af2412dc40a3ebdf3b8,main,bfee70e9daaebeae0737a880f1df8f1c60d0783c59af620136cc0d28ef482bc7,farm_2945_original,1714293803,1,101628,101153,1,0,0,DONE,DONE,719,719,1,,4.44
p3066_c001_farm,cdd0ae7b4c999599,kaggle-environments 1.32.7,a52ba1bfe9df9dc1d504550af46744ef8d474797cdba7af2412dc40a3ebdf3b8,main,bfee70e9daaebeae0737a880f1df8f1c60d0783c59af620136cc0d28ef482bc7,farm_2945_original,1714900559,0,96487,95338,1,0,0,DONE,DONE,719,719,1,,4.61
p3066_c001_farm,cdd0ae7b4c999599,kaggle-environments 1.32.7,a52ba1bfe9df9dc1d504550af46744ef8d474797cdba7af2412dc40a3ebdf3b8,main,bfee70e9daaebeae0737a880f1df8f1c60d0783c59af620136cc0d28ef482bc7,farm_2945_original,1714900559,1,96487,95338,1,0,0,DONE,DONE,719,719,1,,4.48
p3066_c001_farm,cdd0ae7b4c999599,kaggle-environments 1.32.7,a52ba1bfe9df9dc1d504550af46744ef8d474797cdba7af2412dc40a3ebdf3b8,main,bfee70e9daaebeae0737a880f1df8f1c60d0783c59af620136cc0d28ef482bc7,farm_2945_original,1721558165,0,138547,138171,1,0,0,DONE,DONE,719,719,1,,4.49
p3066_c001_farm,cdd0ae7b4c999599,kaggle-environments 1.32.7,a52ba1bfe9df9dc1d504550af46744ef8d474797cdba7af2412dc40a3ebdf3b8,main,bfee70e9daaebeae0737a880f1df8f1c60d0783c59af620136cc0d28ef482bc7,farm_2945_original,1721558165,1,138547,138171,1,0,0,DONE,DONE,719,719,1,,4.09
p3066_c001_farm,cdd0ae7b4c999599,kaggle-environments 1.32.7,a52ba1bfe9df9dc1d504550af46744ef8d474797cdba7af2412dc40a3ebdf3b8,main,bfee70e9daaebeae0737a880f1df8f1c60d0783c59af620136cc0d28ef482bc7,farm_2945_original,1725193956,0,81589,82265,0,1,0,DONE,DONE,719,719,1,,4.31
p3066_c001_farm,cdd0ae7b4c999599,kaggle-environments 1.32.7,a52ba1bfe9df9dc1d504550af46744ef8d474797cdba7af2412dc40a3ebdf3b8,main,bfee70e9daaebeae0737a880f1df8f1c60d0783c59af620136cc0d28ef482bc7,farm_2945_original,1725193956,1,81589,82265,0,1,0,DONE,DONE,719,719,1,,4.46
p3066_c001_farm,cdd0ae7b4c999599,kaggle-environments 1.32.7,a52ba1bfe9df9dc1d504550af46744ef8d474797cdba7af2412dc40a3ebdf3b8,main,bfee70e9daaebeae0737a880f1df8f1c60d0783c59af620136cc0d28ef482bc7,farm_2945_original,1733405135,0,105696,105586,1,0,0,DONE,DONE,719,719,1,,4.36
p3066_c001_farm,cdd0ae7b4c999599,kaggle-environments 1.32.7,a52ba1bfe9df9dc1d504550af46744ef8d474797cdba7af2412dc40a3ebdf3b8,main,bfee70e9daaebeae0737a880f1df8f1c60d0783c59af620136cc0d28ef482bc7,farm_2945_original,1733405135,1,105696,105586,1,0,0,DONE,DONE,719,719,1,,4.28
p3066_c001_farm,cdd0ae7b4c999599,kaggle-environments 1.32.7,a52ba1bfe9df9dc1d504550af46744ef8d474797cdba7af2412dc40a3ebdf3b8,main,bfee70e9daaebeae0737a880f1df8f1c60d0783c59af620136cc0d28ef482bc7,farm_2945_original,1734309416,0,103341,104022,0,1,0,DONE,DONE,719,719,1,,4.42
p3066_c001_farm,cdd0ae7b4c999599,kaggle-environments 1.32.7,a52ba1bfe9df9dc1d504550af46744ef8d474797cdba7af2412dc40a3ebdf3b8,main,bfee70e9daaebeae0737a880f1df8f1c60d0783c59af620136cc0d28ef482bc7,farm_2945_original,1734309416,1,103341,104022,0,1,0,DONE,DONE,719,719,1,,4.27
p3066_c001_farm,cdd0ae7b4c999599,kaggle-environments 1.32.7,a52ba1bfe9df9dc1d504550af46744ef8d474797cdba7af2412dc40a3ebdf3b8,main,bfee70e9daaebeae0737a880f1df8f1c60d0783c59af620136cc0d28ef482bc7,farm_2945_original,1735916238,0,109112,109624,0,1,0,DONE,DONE,719,719,1,,4.3
p3066_c001_farm,cdd0ae7b4c999599,kaggle-environments 1.32.7,a52ba1bfe9df9dc1d504550af46744ef8d474797cdba7af2412dc40a3ebdf3b8,main,bfee70e9daaebeae0737a880f1df8f1c60d0783c59af620136cc0d28ef482bc7,farm_2945_original,1735916238,1,109112,109624,0,1,0,DONE,DONE,719,719,1,,4.25
p3066_c001_farm,cdd0ae7b4c999599,kaggle-environments 1.32.7,a52ba1bfe9df9dc1d504550af46744ef8d474797cdba7af2412dc40a3ebdf3b8,main,bfee70e9daaebeae0737a880f1df8f1c60d0783c59af620136cc0d28ef482bc7,farm_2945_original,1736730354,0,86783,86744,1,0,0,DONE,DONE,719,719,1,,4.23
p3066_c001_farm,cdd0ae7b4c999599,kaggle-environments 1.32.7,a52ba1bfe9df9dc1d504550af46744ef8d474797cdba7af2412dc40a3ebdf3b8,main,bfee70e9daaebeae0737a880f1df8f1c60d0783c59af620136cc0d28ef482bc7,farm_2945_original,1736730354,1,86783,86744,1,0,0,DONE,DONE,719,719,1,,4.65
p3066_c001_farm,cdd0ae7b4c999599,kaggle-environments 1.32.7,a52ba1bfe9df9dc1d504550af46744ef8d474797cdba7af2412dc40a3ebdf3b8,main,bfee70e9daaebeae0737a880f1df8f1c60d0783c59af620136cc0d28ef482bc7,farm_2945_original,1743029418,0,115101,115409,0,1,0,DONE,DONE,719,719,1,,4.55
p3066_c001_farm,cdd0ae7b4c999599,kaggle-environments 1.32.7,a52ba1bfe9df9dc1d504550af46744ef8d474797cdba7af2412dc40a3ebdf3b8,main,bfee70e9daaebeae0737a880f1df8f1c60d0783c59af620136cc0d28ef482bc7,farm_2945_original,1743029418,1,115101,115409,0,1,0,DONE,DONE,719,719,1,,4.24
p3066_c001_farm,cdd0ae7b4c999599,kaggle-environments 1.32.7,a52ba1bfe9df9dc1d504550af46744ef8d474797cdba7af2412dc40a3ebdf3b8,main,bfee70e9daaebeae0737a880f1df8f1c60d0783c59af620136cc0d28ef482bc7,farm_2945_original,1744209587,0,86735,86276,1,0,0,DONE,DONE,719,719,1,,4.48
p3066_c001_farm,cdd0ae7b4c999599,kaggle-environments 1.32.7,a52ba1bfe9df9dc1d504550af46744ef8d474797cdba7af2412dc40a3ebdf3b8,main,bfee70e9daaebeae0737a880f1df8f1c60d0783c59af620136cc0d28ef482bc7,farm_2945_original,1744209587,1,86653,86355,1,0,0,DONE,DONE,719,719,1,,4.42
p3066_c001_farm,cdd0ae7b4c999599,kaggle-environments 1.32.7,a52ba1bfe9df9dc1d504550af46744ef8d474797cdba7af2412dc40a3ebdf3b8,main,bfee70e9daaebeae0737a880f1df8f1c60d0783c59af620136cc0d28ef482bc7,farm_2945_original,1745108678,0,108995,109643,0,1,0,DONE,DONE,719,719,1,,4.33
p3066_c001_farm,cdd0ae7b4c999599,kaggle-environments 1.32.7,a52ba1bfe9df9dc1d504550af46744ef8d474797cdba7af2412dc40a3ebdf3b8,main,bfee70e9daaebeae0737a880f1df8f1c60d0783c59af620136cc0d28ef482bc7,farm_2945_original,1745108678,1,108995,109643,0,1,0,DONE,DONE,719,719,1,,4.33
p3066_c001_farm,cdd0ae7b4c999599,kaggle-environments 1.32.7,a52ba1bfe9df9dc1d504550af46744ef8d474797cdba7af2412dc40a3ebdf3b8,main,bfee70e9daaebeae0737a880f1df8f1c60d0783c59af620136cc0d28ef482bc7,farm_2945_original,1748003280,0,146661,145399,1,0,0,DONE,DONE,719,719,1,,4.14
p3066_c001_farm,cdd0ae7b4c999599,kaggle-environments 1.32.7,a52ba1bfe9df9dc1d504550af46744ef8d474797cdba7af2412dc40a3ebdf3b8,main,bfee70e9daaebeae0737a880f1df8f1c60d0783c59af620136cc0d28ef482bc7,farm_2945_original,1748003280,1,146661,145399,1,0,0,DONE,DONE,719,719,1,,4.46
p3066_c001_farm,cdd0ae7b4c999599,kaggle-environments 1.32.7,a52ba1bfe9df9dc1d504550af46744ef8d474797cdba7af2412dc40a3ebdf3b8,main,bfee70e9daaebeae0737a880f1df8f1c60d0783c59af620136cc0d28ef482bc7,farm_2945_original,1759018133,0,97976,99155,0,1,0,DONE,DONE,719,719,1,,4.33
p3066_c001_farm,cdd0ae7b4c999599,kaggle-environments 1.32.7,a52ba1bfe9df9dc1d504550af46744ef8d474797cdba7af2412dc40a3ebdf3b8,main,bfee70e9daaebeae0737a880f1df8f1c60d0783c59af620136cc0d28ef482bc7,farm_2945_original,1759018133,1,97976,99155,0,1,0,DONE,DONE,719,719,1,,4.32
p3066_c001_farm,cdd0ae7b4c999599,kaggle-environments 1.32.7,a52ba1bfe9df9dc1d504550af46744ef8d474797cdba7af2412dc40a3ebdf3b8,main,bfee70e9daaebeae0737a880f1df8f1c60d0783c59af620136cc0d28ef482bc7,farm_2945_original,1761558589,0,112775,117210,0,1,0,DONE,DONE,719,719,1,,4.25
p3066_c001_farm,cdd0ae7b4c999599,kaggle-environments 1.32.7,a52ba1bfe9df9dc1d504550af46744ef8d474797cdba7af2412dc40a3ebdf3b8,main,bfee70e9daaebeae0737a880f1df8f1c60d0783c59af620136cc0d28ef482bc7,farm_2945_original,1761558589,1,112775,117210,0,1,0,DONE,DONE,719,719,1,,4.53
p3066_c001_farm,cdd0ae7b4c999599,kaggle-environments 1.32.7,a52ba1bfe9df9dc1d504550af46744ef8d474797cdba7af2412dc40a3ebdf3b8,main,bfee70e9daaebeae0737a880f1df8f1c60d0783c59af620136cc0d28ef482bc7,farm_2945_original,1763835516,0,84966,83155,1,0,0,DONE,DONE,719,719,1,,4.31
p3066_c001_farm,cdd0ae7b4c999599,kaggle-environments 1.32.7,a52ba1bfe9df9dc1d504550af46744ef8d474797cdba7af2412dc40a3ebdf3b8,main,bfee70e9daaebeae0737a880f1df8f1c60d0783c59af620136cc0d28ef482bc7,farm_2945_original,1763835516,1,84966,83155,1,0,0,DONE,DONE,719,719,1,,4.21
p3066_c001_farm,cdd0ae7b4c999599,kaggle-environments 1.32.7,a52ba1bfe9df9dc1d504550af46744ef8d474797cdba7af2412dc40a3ebdf3b8,main,bfee70e9daaebeae0737a880f1df8f1c60d0783c59af620136cc0d28ef482bc7,farm_2945_original,1765696770,0,114525,113976,1,0,0,DONE,DONE,719,719,1,,4.56
p3066_c001_farm,cdd0ae7b4c999599,kaggle-environments 1.32.7,a52ba1bfe9df9dc1d504550af46744ef8d474797cdba7af2412dc40a3ebdf3b8,main,bfee70e9daaebeae0737a880f1df8f1c60d0783c59af620136cc0d28ef482bc7,farm_2945_original,1765696770,1,114525,113976,1,0,0,DONE,DONE,719,719,1,,4.38
p3066_c001_farm,cdd0ae7b4c999599,kaggle-environments 1.32.7,a52ba1bfe9df9dc1d504550af46744ef8d474797cdba7af2412dc40a3ebdf3b8,main,bfee70e9daaebeae0737a880f1df8f1c60d0783c59af620136cc0d28ef482bc7,farm_2945_original,1770350864,0,119263,119393,0,1,0,DONE,DONE,719,719,1,,4.23
p3066_c001_farm,cdd0ae7b4c999599,kaggle-environments 1.32.7,a52ba1bfe9df9dc1d504550af46744ef8d474797cdba7af2412dc40a3ebdf3b8,main,bfee70e9daaebeae0737a880f1df8f1c60d0783c59af620136cc0d28ef482bc7,farm_2945_original,1770350864,1,119263,119393,0,1,0,DONE,DONE,719,719,1,,4.32
p3066_c001_farm,cdd0ae7b4c999599,kaggle-environments 1.32.7,a52ba1bfe9df9dc1d504550af46744ef8d474797cdba7af2412dc40a3ebdf3b8,main,bfee70e9daaebeae0737a880f1df8f1c60d0783c59af620136cc0d28ef482bc7,farm_2945_original,1772685646,0,89050,86909,1,0,0,DONE,DONE,719,719,1,,4.48
p3066_c001_farm,cdd0ae7b4c999599,kaggle-environments 1.32.7,a52ba1bfe9df9dc1d504550af46744ef8d474797cdba7af2412dc40a3ebdf3b8,main,bfee70e9daaebeae0737a880f1df8f1c60d0783c59af620136cc0d28ef482bc7,farm_2945_original,1772685646,1,86411,89649,0,1,0,DONE,DONE,719,719,1,,4.53
p3066_c001_farm,cdd0ae7b4c999599,kaggle-environments 1.32.7,a52ba1bfe9df9dc1d504550af46744ef8d474797cdba7af2412dc40a3ebdf3b8,main,bfee70e9daaebeae0737a880f1df8f1c60d0783c59af620136cc0d28ef482bc7,farm_2945_original,1774777225,0,87809,89339,0,1,0,DONE,DONE,719,719,1,,4.13
p3066_c001_farm,cdd0ae7b4c999599,kaggle-environments 1.32.7,a52ba1bfe9df9dc1d504550af46744ef8d474797cdba7af2412dc40a3ebdf3b8,main,bfee70e9daaebeae0737a880f1df8f1c60d0783c59af620136cc0d28ef482bc7,farm_2945_original,1774777225,1,87809,89339,0,1,0,DONE,DONE,719,719,1,,4.51
p3066_c001_farm,cdd0ae7b4c999599,kaggle-environments 1.32.7,a52ba1bfe9df9dc1d504550af46744ef8d474797cdba7af2412dc40a3ebdf3b8,main,bfee70e9daaebeae0737a880f1df8f1c60d0783c59af620136cc0d28ef482bc7,farm_2945_original,1776677497,0,85524,84421,1,0,0,DONE,DONE,719,719,1,,4.22
p3066_c001_farm,cdd0ae7b4c999599,kaggle-environments 1.32.7,a52ba1bfe9df9dc1d504550af46744ef8d474797cdba7af2412dc40a3ebdf3b8,main,bfee70e9daaebeae0737a880f1df8f1c60d0783c59af620136cc0d28ef482bc7,farm_2945_original,1776677497,1,85524,84421,1,0,0,DONE,DONE,719,719,1,,4.21
p3066_c001_farm,cdd0ae7b4c999599,kaggle-environments 1.32.7,a52ba1bfe9df9dc1d504550af46744ef8d474797cdba7af2412dc40a3ebdf3b8,main,bfee70e9daaebeae0737a880f1df8f1c60d0783c59af620136cc0d28ef482bc7,farm_2945_original,1780309859,0,102842,103004,0,1,0,DONE,DONE,719,719,1,,4.26
p3066_c001_farm,cdd0ae7b4c999599,kaggle-environments 1.32.7,a52ba1bfe9df9dc1d504550af46744ef8d474797cdba7af2412dc40a3ebdf3b8,main,bfee70e9daaebeae0737a880f1df8f1c60d0783c59af620136cc0d28ef482bc7,farm_2945_original,1780309859,1,102842,103004,0,1,0,DONE,DONE,719,719,1,,4.24
p3066_c001_farm,cdd0ae7b4c999599,kaggle-environments 1.32.7,a52ba1bfe9df9dc1d504550af46744ef8d474797cdba7af2412dc40a3ebdf3b8,main,bfee70e9daaebeae0737a880f1df8f1c60d0783c59af620136cc0d28ef482bc7,farm_2945_original,1780652827,0,76535,74115,1,0,0,DONE,DONE,719,719,1,,4.39
p3066_c001_farm,cdd0ae7b4c999599,kaggle-environments 1.32.7,a52ba1bfe9df9dc1d504550af46744ef8d474797cdba7af2412dc40a3ebdf3b8,main,bfee70e9daaebeae0737a880f1df8f1c60d0783c59af620136cc0d28ef482bc7,farm_2945_original,1780652827,1,76535,74115,1,0,0,DONE,DONE,719,719,1,,4.62
p3066_c001_farm,cdd0ae7b4c999599,kaggle-environments 1.32.7,a52ba1bfe9df9dc1d504550af46744ef8d474797cdba7af2412dc40a3ebdf3b8,main,bfee70e9daaebeae0737a880f1df8f1c60d0783c59af620136cc0d28ef482bc7,farm_2945_original,1782401621,0,120591,120841,0,1,0,DONE,DONE,719,719,1,,4.72
p3066_c001_farm,cdd0ae7b4c999599,kaggle-environments 1.32.7,a52ba1bfe9df9dc1d504550af46744ef8d474797cdba7af2412dc40a3ebdf3b8,main,bfee70e9daaebeae0737a880f1df8f1c60d0783c59af620136cc0d28ef482bc7,farm_2945_original,1782401621,1,120591,120841,0,1,0,DONE,DONE,719,719,1,,4.57
p3066_c001_farm,cdd0ae7b4c999599,kaggle-environments 1.32.7,a52ba1bfe9df9dc1d504550af46744ef8d474797cdba7af2412dc40a3ebdf3b8,main,bfee70e9daaebeae0737a880f1df8f1c60d0783c59af620136cc0d28ef482bc7,farm_2945_original,1782755185,0,94140,95205,0,1,0,DONE,DONE,719,719,1,,4.5
p3066_c001_farm,cdd0ae7b4c999599,kaggle-environments 1.32.7,a52ba1bfe9df9dc1d504550af46744ef8d474797cdba7af2412dc40a3ebdf3b8,main,bfee70e9daaebeae0737a880f1df8f1c60d0783c59af620136cc0d28ef482bc7,farm_2945_original,1782755185,1,94140,95205,0,1,0,DONE,DONE,719,719,1,,4.72
p3066_c001_farm,cdd0ae7b4c999599,kaggle-environments 1.32.7,a52ba1bfe9df9dc1d504550af46744ef8d474797cdba7af2412dc40a3ebdf3b8,main,bfee70e9daaebeae0737a880f1df8f1c60d0783c59af620136cc0d28ef482bc7,farm_2945_original,1783239256,0,66729,67557,0,1,0,DONE,DONE,719,719,1,,4.41
p3066_c001_farm,cdd0ae7b4c999599,kaggle-environments 1.32.7,a52ba1bfe9df9dc1d504550af46744ef8d474797cdba7af2412dc40a3ebdf3b8,main,bfee70e9daaebeae0737a880f1df8f1c60d0783c59af620136cc0d28ef482bc7,farm_2945_original,1783239256,1,66729,67557,0,1,0,DONE,DONE,719,719,1,,4.68
p3066_c001_farm,cdd0ae7b4c999599,kaggle-environments 1.32.7,a52ba1bfe9df9dc1d504550af46744ef8d474797cdba7af2412dc40a3ebdf3b8,main,bfee70e9daaebeae0737a880f1df8f1c60d0783c59af620136cc0d28ef482bc7,farm_2945_original,1784174829,0,77659,78582,0,1,0,DONE,DONE,719,719,1,,4.46
p3066_c001_farm,cdd0ae7b4c999599,kaggle-environments 1.32.7,a52ba1bfe9df9dc1d504550af46744ef8d474797cdba7af2412dc40a3ebdf3b8,main,bfee70e9daaebeae0737a880f1df8f1c60d0783c59af620136cc0d28ef482bc7,farm_2945_original,1784174829,1,77659,78582,0,1,0,DONE,DONE,719,719,1,,4.28
p3066_c001_farm,cdd0ae7b4c999599,kaggle-environments 1.32.7,a52ba1bfe9df9dc1d504550af46744ef8d474797cdba7af2412dc40a3ebdf3b8,main,bfee70e9daaebeae0737a880f1df8f1c60d0783c59af620136cc0d28ef482bc7,farm_2945_original,1785631914,0,114399,114539,0,1,0,DONE,DONE,719,719,1,,4.46
p3066_c001_farm,cdd0ae7b4c999599,kaggle-environments 1.32.7,a52ba1bfe9df9dc1d504550af46744ef8d474797cdba7af2412dc40a3ebdf3b8,main,bfee70e9daaebeae0737a880f1df8f1c60d0783c59af620136cc0d28ef482bc7,farm_2945_original,1785631914,1,114399,114539,0,1,0,DONE,DONE,719,719,1,,4.12
p3066_c001_farm,cdd0ae7b4c999599,kaggle-environments 1.32.7,a52ba1bfe9df9dc1d504550af46744ef8d474797cdba7af2412dc40a3ebdf3b8,main,bfee70e9daaebeae0737a880f1df8f1c60d0783c59af620136cc0d28ef482bc7,farm_2945_original,1790131202,0,153918,154174,0,1,0,DONE,DONE,719,719,1,,4.58
p3066_c001_farm,cdd0ae7b4c999599,kaggle-environments 1.32.7,a52ba1bfe9df9dc1d504550af46744ef8d474797cdba7af2412dc40a3ebdf3b8,main,bfee70e9daaebeae0737a880f1df8f1c60d0783c59af620136cc0d28ef482bc7,farm_2945_original,1790131202,1,153918,154174,0,1,0,DONE,DONE,719,719,1,,4.36
p3066_c001_farm,cdd0ae7b4c999599,kaggle-environments 1.32.7,a52ba1bfe9df9dc1d504550af46744ef8d474797cdba7af2412dc40a3ebdf3b8,main,bfee70e9daaebeae0737a880f1df8f1c60d0783c59af620136cc0d28ef482bc7,farm_2945_original,1793089070,0,97641,97902,0,1,0,DONE,DONE,719,719,1,,4.27
p3066_c001_farm,cdd0ae7b4c999599,kaggle-environments 1.32.7,a52ba1bfe9df9dc1d504550af46744ef8d474797cdba7af2412dc40a3ebdf3b8,main,bfee70e9daaebeae0737a880f1df8f1c60d0783c59af620136cc0d28ef482bc7,farm_2945_original,1793089070,1,97641,97902,0,1,0,DONE,DONE,719,719,1,,4.2
p3066_c001_farm,cdd0ae7b4c999599,kaggle-environments 1.32.7,a52ba1bfe9df9dc1d504550af46744ef8d474797cdba7af2412dc40a3ebdf3b8,main,bfee70e9daaebeae0737a880f1df8f1c60d0783c59af620136cc0d28ef482bc7,farm_2945_original,1795718138,0,84482,84312,1,0,0,DONE,DONE,719,719,1,,4.22
p3066_c001_farm,cdd0ae7b4c999599,kaggle-environments 1.32.7,a52ba1bfe9df9dc1d504550af46744ef8d474797cdba7af2412dc40a3ebdf3b8,main,bfee70e9daaebeae0737a880f1df8f1c60d0783c59af620136cc0d28ef482bc7,farm_2945_original,1795718138,1,84482,84312,1,0,0,DONE,DONE,719,719,1,,4.39
p3066_c001_farm,cdd0ae7b4c999599,kaggle-environments 1.32.7,a52ba1bfe9df9dc1d504550af46744ef8d474797cdba7af2412dc40a3ebdf3b8,main,bfee70e9daaebeae0737a880f1df8f1c60d0783c59af620136cc0d28ef482bc7,farm_2945_original,1798821646,0,105684,106457,0,1,0,DONE,DONE,719,719,1,,4.29
p3066_c001_farm,cdd0ae7b4c999599,kaggle-environments 1.32.7,a52ba1bfe9df9dc1d504550af46744ef8d474797cdba7af2412dc40a3ebdf3b8,main,bfee70e9daaebeae0737a880f1df8f1c60d0783c59af620136cc0d28ef482bc7,farm_2945_original,1798821646,1,105684,106457,0,1,0,DONE,DONE,719,719,1,,4.52
p3066_c001_farm,cdd0ae7b4c999599,kaggle-environments 1.32.7,a52ba1bfe9df9dc1d504550af46744ef8d474797cdba7af2412dc40a3ebdf3b8,main,bfee70e9daaebeae0737a880f1df8f1c60d0783c59af620136cc0d28ef482bc7,farm_2945_original,1801696520,0,117234,115577,1,0,0,DONE,DONE,719,719,1,,4.38
p3066_c001_farm,cdd0ae7b4c999599,kaggle-environments 1.32.7,a52ba1bfe9df9dc1d504550af46744ef8d474797cdba7af2412dc40a3ebdf3b8,main,bfee70e9daaebeae0737a880f1df8f1c60d0783c59af620136cc0d28ef482bc7,farm_2945_original,1801696520,1,117234,115577,1,0,0,DONE,DONE,719,719,1,,4.4
p3066_c001_farm,cdd0ae7b4c999599,kaggle-environments 1.32.7,a52ba1bfe9df9dc1d504550af46744ef8d474797cdba7af2412dc40a3ebdf3b8,main,bfee70e9daaebeae0737a880f1df8f1c60d0783c59af620136cc0d28ef482bc7,farm_2945_original,1806315263,0,81415,81046,1,0,0,DONE,DONE,719,719,1,,4.63
p3066_c001_farm,cdd0ae7b4c999599,kaggle-environments 1.32.7,a52ba1bfe9df9dc1d504550af46744ef8d474797cdba7af2412dc40a3ebdf3b8,main,bfee70e9daaebeae0737a880f1df8f1c60d0783c59af620136cc0d28ef482bc7,farm_2945_original,1806315263,1,81415,81046,1,0,0,DONE,DONE,719,719,1,,4.7
p3066_c001_farm,cdd0ae7b4c999599,kaggle-environments 1.32.7,a52ba1bfe9df9dc1d504550af46744ef8d474797cdba7af2412dc40a3ebdf3b8,main,bfee70e9daaebeae0737a880f1df8f1c60d0783c59af620136cc0d28ef482bc7,farm_2945_original,1809386608,0,91598,91458,1,0,0,DONE,DONE,719,719,1,,4.26
p3066_c001_farm,cdd0ae7b4c999599,kaggle-environments 1.32.7,a52ba1bfe9df9dc1d504550af46744ef8d474797cdba7af2412dc40a3ebdf3b8,main,bfee70e9daaebeae0737a880f1df8f1c60d0783c59af620136cc0d28ef482bc7,farm_2945_original,1809386608,1,91598,91458,1,0,0,DONE,DONE,719,719,1,,4.41
p3066_c001_farm,cdd0ae7b4c999599,kaggle-environments 1.32.7,a52ba1bfe9df9dc1d504550af46744ef8d474797cdba7af2412dc40a3ebdf3b8,main,bfee70e9daaebeae0737a880f1df8f1c60d0783c59af620136cc0d28ef482bc7,farm_2945_original,1812312174,0,128650,129357,0,1,0,DONE,DONE,719,719,1,,4.55
p3066_c001_farm,cdd0ae7b4c999599,kaggle-environments 1.32.7,a52ba1bfe9df9dc1d504550af46744ef8d474797cdba7af2412dc40a3ebdf3b8,main,bfee70e9daaebeae0737a880f1df8f1c60d0783c59af620136cc0d28ef482bc7,farm_2945_original,1812312174,1,128650,129357,0,1,0,DONE,DONE,719,719,1,,4.32
p3066_c001_farm,cdd0ae7b4c999599,kaggle-environments 1.32.7,a52ba1bfe9df9dc1d504550af46744ef8d474797cdba7af2412dc40a3ebdf3b8,main,bfee70e9daaebeae0737a880f1df8f1c60d0783c59af620136cc0d28ef482bc7,farm_2945_original,1812850897,0,61344,61502,0,1,0,DONE,DONE,719,719,1,,4.3
p3066_c001_farm,cdd0ae7b4c999599,kaggle-environments 1.32.7,a52ba1bfe9df9dc1d504550af46744ef8d474797cdba7af2412dc40a3ebdf3b8,main,bfee70e9daaebeae0737a880f1df8f1c60d0783c59af620136cc0d28ef482bc7,farm_2945_original,1812850897,1,61344,61502,0,1,0,DONE,DONE,719,719,1,,4.11
p3066_c001_farm,cdd0ae7b4c999599,kaggle-environments 1.32.7,a52ba1bfe9df9dc1d504550af46744ef8d474797cdba7af2412dc40a3ebdf3b8,main,bfee70e9daaebeae0737a880f1df8f1c60d0783c59af620136cc0d28ef482bc7,farm_2945_original,1814443628,0,62992,63615,0,1,0,DONE,DONE,719,719,1,,4.57
p3066_c001_farm,cdd0ae7b4c999599,kaggle-environments 1.32.7,a52ba1bfe9df9dc1d504550af46744ef8d474797cdba7af2412dc40a3ebdf3b8,main,bfee70e9daaebeae0737a880f1df8f1c60d0783c59af620136cc0d28ef482bc7,farm_2945_original,1814443628,1,62992,63615,0,1,0,DONE,DONE,719,719,1,,4.27
p3066_c001_farm,cdd0ae7b4c999599,kaggle-environments 1.32.7,a52ba1bfe9df9dc1d504550af46744ef8d474797cdba7af2412dc40a3ebdf3b8,main,bfee70e9daaebeae0737a880f1df8f1c60d0783c59af620136cc0d28ef482bc7,farm_2945_original,1819592771,0,76463,76421,1,0,0,DONE,DONE,719,719,1,,4.58
p3066_c001_farm,cdd0ae7b4c999599,kaggle-environments 1.32.7,a52ba1bfe9df9dc1d504550af46744ef8d474797cdba7af2412dc40a3ebdf3b8,main,bfee70e9daaebeae0737a880f1df8f1c60d0783c59af620136cc0d28ef482bc7,farm_2945_original,1819592771,1,76463,76421,1,0,0,DONE,DONE,719,719,1,,4.24
p3066_c001_farm,cdd0ae7b4c999599,kaggle-environments 1.32.7,a52ba1bfe9df9dc1d504550af46744ef8d474797cdba7af2412dc40a3ebdf3b8,main,bfee70e9daaebeae0737a880f1df8f1c60d0783c59af620136cc0d28ef482bc7,farm_2945_original,1820231052,0,79497,80734,0,1,0,DONE,DONE,719,719,1,,4.46
p3066_c001_farm,cdd0ae7b4c999599,kaggle-environments 1.32.7,a52ba1bfe9df9dc1d504550af46744ef8d474797cdba7af2412dc40a3ebdf3b8,main,bfee70e9daaebeae0737a880f1df8f1c60d0783c59af620136cc0d28ef482bc7,farm_2945_original,1820231052,1,79497,80734,0,1,0,DONE,DONE,719,719,1,,4.35
p3066_c001_farm,cdd0ae7b4c999599,kaggle-environments 1.32.7,a52ba1bfe9df9dc1d504550af46744ef8d474797cdba7af2412dc40a3ebdf3b8,main,bfee70e9daaebeae0737a880f1df8f1c60d0783c59af620136cc0d28ef482bc7,farm_2945_original,1820939474,0,133776,134103,0,1,0,DONE,DONE,719,719,1,,4.24
p3066_c001_farm,cdd0ae7b4c999599,kaggle-environments 1.32.7,a52ba1bfe9df9dc1d504550af46744ef8d474797cdba7af2412dc40a3ebdf3b8,main,bfee70e9daaebeae0737a880f1df8f1c60d0783c59af620136cc0d28ef482bc7,farm_2945_original,1820939474,1,133776,134103,0,1,0,DONE,DONE,719,719,1,,4.42
p3066_c001_farm,cdd0ae7b4c999599,kaggle-environments 1.32.7,a52ba1bfe9df9dc1d504550af46744ef8d474797cdba7af2412dc40a3ebdf3b8,main,bfee70e9daaebeae0737a880f1df8f1c60d0783c59af620136cc0d28ef482bc7,farm_2945_original,1822952836,0,94417,94530,0,1,0,DONE,DONE,719,719,1,,4.57
p3066_c001_farm,cdd0ae7b4c999599,kaggle-environments 1.32.7,a52ba1bfe9df9dc1d504550af46744ef8d474797cdba7af2412dc40a3ebdf3b8,main,bfee70e9daaebeae0737a880f1df8f1c60d0783c59af620136cc0d28ef482bc7,farm_2945_original,1822952836,1,94417,94530,0,1,0,DONE,DONE,719,719,1,,4.65
p3066_c001_farm,cdd0ae7b4c999599,kaggle-environments 1.32.7,a52ba1bfe9df9dc1d504550af46744ef8d474797cdba7af2412dc40a3ebdf3b8,main,bfee70e9daaebeae0737a880f1df8f1c60d0783c59af620136cc0d28ef482bc7,farm_2945_original,1827037592,0,104102,103462,1,0,0,DONE,DONE,719,719,1,,4.42
p3066_c001_farm,cdd0ae7b4c999599,kaggle-environments 1.32.7,a52ba1bfe9df9dc1d504550af46744ef8d474797cdba7af2412dc40a3ebdf3b8,main,bfee70e9daaebeae0737a880f1df8f1c60d0783c59af620136cc0d28ef482bc7,farm_2945_original,1827037592,1,104102,103462,1,0,0,DONE,DONE,719,719,1,,4.46
p3066_c001_farm,cdd0ae7b4c999599,kaggle-environments 1.32.7,a52ba1bfe9df9dc1d504550af46744ef8d474797cdba7af2412dc40a3ebdf3b8,main,bfee70e9daaebeae0737a880f1df8f1c60d0783c59af620136cc0d28ef482bc7,farm_2945_original,1828163711,0,71464,73132,0,1,0,DONE,DONE,719,719,1,,4.5
p3066_c001_farm,cdd0ae7b4c999599,kaggle-environments 1.32.7,a52ba1bfe9df9dc1d504550af46744ef8d474797cdba7af2412dc40a3ebdf3b8,main,bfee70e9daaebeae0737a880f1df8f1c60d0783c59af620136cc0d28ef482bc7,farm_2945_original,1828163711,1,71464,73132,0,1,0,DONE,DONE,719,719,1,,4.52
p3066_c001_farm,cdd0ae7b4c999599,kaggle-environments 1.32.7,a52ba1bfe9df9dc1d504550af46744ef8d474797cdba7af2412dc40a3ebdf3b8,main,bfee70e9daaebeae0737a880f1df8f1c60d0783c59af620136cc0d28ef482bc7,farm_2945_original,1830086930,0,147073,146465,1,0,0,DONE,DONE,719,719,1,,4.41
p3066_c001_farm,cdd0ae7b4c999599,kaggle-environments 1.32.7,a52ba1bfe9df9dc1d504550af46744ef8d474797cdba7af2412dc40a3ebdf3b8,main,bfee70e9daaebeae0737a880f1df8f1c60d0783c59af620136cc0d28ef482bc7,farm_2945_original,1830086930,1,147073,146465,1,0,0,DONE,DONE,719,719,1,,4.48
p3066_c001_farm,cdd0ae7b4c999599,kaggle-environments 1.32.7,a52ba1bfe9df9dc1d504550af46744ef8d474797cdba7af2412dc40a3ebdf3b8,main,bfee70e9daaebeae0737a880f1df8f1c60d0783c59af620136cc0d28ef482bc7,farm_2945_original,1831191680,0,72975,71696,1,0,0,DONE,DONE,719,719,1,,4.29
p3066_c001_farm,cdd0ae7b4c999599,kaggle-environments 1.32.7,a52ba1bfe9df9dc1d504550af46744ef8d474797cdba7af2412dc40a3ebdf3b8,main,bfee70e9daaebeae0737a880f1df8f1c60d0783c59af620136cc0d28ef482bc7,farm_2945_original,1831191680,1,72975,71696,1,0,0,DONE,DONE,719,719,1,,4.15
p3066_c001_farm,cdd0ae7b4c999599,kaggle-environments 1.32.7,a52ba1bfe9df9dc1d504550af46744ef8d474797cdba7af2412dc40a3ebdf3b8,main,bfee70e9daaebeae0737a880f1df8f1c60d0783c59af620136cc0d28ef482bc7,farm_2945_original,1831394426,0,115869,126911,0,1,0,DONE,DONE,719,719,1,,4.64
p3066_c001_farm,cdd0ae7b4c999599,kaggle-environments 1.32.7,a52ba1bfe9df9dc1d504550af46744ef8d474797cdba7af2412dc40a3ebdf3b8,main,bfee70e9daaebeae0737a880f1df8f1c60d0783c59af620136cc0d28ef482bc7,farm_2945_original,1831394426,1,115869,126911,0,1,0,DONE,DONE,719,719,1,,4.5
p3066_c001_farm,cdd0ae7b4c999599,kaggle-environments 1.32.7,a52ba1bfe9df9dc1d504550af46744ef8d474797cdba7af2412dc40a3ebdf3b8,main,bfee70e9daaebeae0737a880f1df8f1c60d0783c59af620136cc0d28ef482bc7,farm_2945_original,1835672725,0,77413,77909,0,1,0,DONE,DONE,719,719,1,,4.3
p3066_c001_farm,cdd0ae7b4c999599,kaggle-environments 1.32.7,a52ba1bfe9df9dc1d504550af46744ef8d474797cdba7af2412dc40a3ebdf3b8,main,bfee70e9daaebeae0737a880f1df8f1c60d0783c59af620136cc0d28ef482bc7,farm_2945_original,1835672725,1,77413,77909,0,1,0,DONE,DONE,719,719,1,,4.41
p3066_c001_farm,cdd0ae7b4c999599,kaggle-environments 1.32.7,a52ba1bfe9df9dc1d504550af46744ef8d474797cdba7af2412dc40a3ebdf3b8,main,bfee70e9daaebeae0737a880f1df8f1c60d0783c59af620136cc0d28ef482bc7,farm_2945_original,1837982454,0,100501,104919,0,1,0,DONE,DONE,719,719,1,,4.53
p3066_c001_farm,cdd0ae7b4c999599,kaggle-environments 1.32.7,a52ba1bfe9df9dc1d504550af46744ef8d474797cdba7af2412dc40a3ebdf3b8,main,bfee70e9daaebeae0737a880f1df8f1c60d0783c59af620136cc0d28ef482bc7,farm_2945_original,1837982454,1,100501,104919,0,1,0,DONE,DONE,719,719,1,,4.56
p3066_c001_farm,cdd0ae7b4c999599,kaggle-environments 1.32.7,a52ba1bfe9df9dc1d504550af46744ef8d474797cdba7af2412dc40a3ebdf3b8,main,bfee70e9daaebeae0737a880f1df8f1c60d0783c59af620136cc0d28ef482bc7,farm_2945_original,1841940961,0,96166,100746,0,1,0,DONE,DONE,719,719,1,,4.36
p3066_c001_farm,cdd0ae7b4c999599,kaggle-environments 1.32.7,a52ba1bfe9df9dc1d504550af46744ef8d474797cdba7af2412dc40a3ebdf3b8,main,bfee70e9daaebeae0737a880f1df8f1c60d0783c59af620136cc0d28ef482bc7,farm_2945_original,1841940961,1,96166,100746,0,1,0,DONE,DONE,719,719,1,,4.47
p3066_c001_farm,cdd0ae7b4c999599,kaggle-environments 1.32.7,a52ba1bfe9df9dc1d504550af46744ef8d474797cdba7af2412dc40a3ebdf3b8,main,bfee70e9daaebeae0737a880f1df8f1c60d0783c59af620136cc0d28ef482bc7,farm_2945_original,1843040388,0,110523,110942,0,1,0,DONE,DONE,719,719,1,,4.18
p3066_c001_farm,cdd0ae7b4c999599,kaggle-environments 1.32.7,a52ba1bfe9df9dc1d504550af46744ef8d474797cdba7af2412dc40a3ebdf3b8,main,bfee70e9daaebeae0737a880f1df8f1c60d0783c59af620136cc0d28ef482bc7,farm_2945_original,1843040388,1,110523,110942,0,1,0,DONE,DONE,719,719,1,,4.69
p3066_c001_farm,cdd0ae7b4c999599,kaggle-environments 1.32.7,a52ba1bfe9df9dc1d504550af46744ef8d474797cdba7af2412dc40a3ebdf3b8,main,bfee70e9daaebeae0737a880f1df8f1c60d0783c59af620136cc0d28ef482bc7,farm_2945_original,1844667787,0,64441,62267,1,0,0,DONE,DONE,719,719,1,,4.7
p3066_c001_farm,cdd0ae7b4c999599,kaggle-environments 1.32.7,a52ba1bfe9df9dc1d504550af46744ef8d474797cdba7af2412dc40a3ebdf3b8,main,bfee70e9daaebeae0737a880f1df8f1c60d0783c59af620136cc0d28ef482bc7,farm_2945_original,1844667787,1,64441,62267,1,0,0,DONE,DONE,719,719,1,,4.18
p3066_c001_farm,cdd0ae7b4c999599,kaggle-environments 1.32.7,a52ba1bfe9df9dc1d504550af46744ef8d474797cdba7af2412dc40a3ebdf3b8,main,bfee70e9daaebeae0737a880f1df8f1c60d0783c59af620136cc0d28ef482bc7,farm_2945_original,1844686588,0,117847,119467,0,1,0,DONE,DONE,719,719,1,,4.3
p3066_c001_farm,cdd0ae7b4c999599,kaggle-environments 1.32.7,a52ba1bfe9df9dc1d504550af46744ef8d474797cdba7af2412dc40a3ebdf3b8,main,bfee70e9daaebeae0737a880f1df8f1c60d0783c59af620136cc0d28ef482bc7,farm_2945_original,1844686588,1,117847,119467,0,1,0,DONE,DONE,719,719,1,,4.42
p3066_c001_farm,cdd0ae7b4c999599,kaggle-environments 1.32.7,a52ba1bfe9df9dc1d504550af46744ef8d474797cdba7af2412dc40a3ebdf3b8,main,bfee70e9daaebeae0737a880f1df8f1c60d0783c59af620136cc0d28ef482bc7,farm_2945_original,1846265686,0,72617,70968,1,0,0,DONE,DONE,719,719,1,,4.16
p3066_c001_farm,cdd0ae7b4c999599,kaggle-environments 1.32.7,a52ba1bfe9df9dc1d504550af46744ef8d474797cdba7af2412dc40a3ebdf3b8,main,bfee70e9daaebeae0737a880f1df8f1c60d0783c59af620136cc0d28ef482bc7,farm_2945_original,1846265686,1,72617,70968,1,0,0,DONE,DONE,719,719,1,,4.3
p3066_c001_farm,cdd0ae7b4c999599,kaggle-environments 1.32.7,a52ba1bfe9df9dc1d504550af46744ef8d474797cdba7af2412dc40a3ebdf3b8,main,bfee70e9daaebeae0737a880f1df8f1c60d0783c59af620136cc0d28ef482bc7,farm_2945_original,1846410192,0,114289,116132,0,1,0,DONE,DONE,719,719,1,,4.4
p3066_c001_farm,cdd0ae7b4c999599,kaggle-environments 1.32.7,a52ba1bfe9df9dc1d504550af46744ef8d474797cdba7af2412dc40a3ebdf3b8,main,bfee70e9daaebeae0737a880f1df8f1c60d0783c59af620136cc0d28ef482bc7,farm_2945_original,1846410192,1,114289,116132,0,1,0,DONE,DONE,719,719,1,,4.52
p3066_c001_farm,cdd0ae7b4c999599,kaggle-environments 1.32.7,a52ba1bfe9df9dc1d504550af46744ef8d474797cdba7af2412dc40a3ebdf3b8,main,bfee70e9daaebeae0737a880f1df8f1c60d0783c59af620136cc0d28ef482bc7,farm_2945_original,1849445313,0,110111,110426,0,1,0,DONE,DONE,719,719,1,,4.4
p3066_c001_farm,cdd0ae7b4c999599,kaggle-environments 1.32.7,a52ba1bfe9df9dc1d504550af46744ef8d474797cdba7af2412dc40a3ebdf3b8,main,bfee70e9daaebeae0737a880f1df8f1c60d0783c59af620136cc0d28ef482bc7,farm_2945_original,1849445313,1,110111,110426,0,1,0,DONE,DONE,719,719,1,,4.12
p3066_c001_farm,cdd0ae7b4c999599,kaggle-environments 1.32.7,a52ba1bfe9df9dc1d504550af46744ef8d474797cdba7af2412dc40a3ebdf3b8,main,bfee70e9daaebeae0737a880f1df8f1c60d0783c59af620136cc0d28ef482bc7,farm_2945_original,1849709954,0,115064,115548,0,1,0,DONE,DONE,719,719,1,,4.51
p3066_c001_farm,cdd0ae7b4c999599,kaggle-environments 1.32.7,a52ba1bfe9df9dc1d504550af46744ef8d474797cdba7af2412dc40a3ebdf3b8,main,bfee70e9daaebeae0737a880f1df8f1c60d0783c59af620136cc0d28ef482bc7,farm_2945_original,1849709954,1,115064,115548,0,1,0,DONE,DONE,719,719,1,,4.17
p3066_c001_farm,cdd0ae7b4c999599,kaggle-environments 1.32.7,a52ba1bfe9df9dc1d504550af46744ef8d474797cdba7af2412dc40a3ebdf3b8,main,bfee70e9daaebeae0737a880f1df8f1c60d0783c59af620136cc0d28ef482bc7,farm_2945_original,1851325966,0,88312,89332,0,1,0,DONE,DONE,719,719,1,,4.32
p3066_c001_farm,cdd0ae7b4c999599,kaggle-environments 1.32.7,a52ba1bfe9df9dc1d504550af46744ef8d474797cdba7af2412dc40a3ebdf3b8,main,bfee70e9daaebeae0737a880f1df8f1c60d0783c59af620136cc0d28ef482bc7,farm_2945_original,1851325966,1,90930,87464,1,0,0,DONE,DONE,719,719,1,,4.29
p3066_c001_farm,cdd0ae7b4c999599,kaggle-environments 1.32.7,a52ba1bfe9df9dc1d504550af46744ef8d474797cdba7af2412dc40a3ebdf3b8,main,bfee70e9daaebeae0737a880f1df8f1c60d0783c59af620136cc0d28ef482bc7,farm_2945_original,1853315236,0,135241,133086,1,0,0,DONE,DONE,719,719,1,,4.76
p3066_c001_farm,cdd0ae7b4c999599,kaggle-environments 1.32.7,a52ba1bfe9df9dc1d504550af46744ef8d474797cdba7af2412dc40a3ebdf3b8,main,bfee70e9daaebeae0737a880f1df8f1c60d0783c59af620136cc0d28ef482bc7,farm_2945_original,1853315236,1,135241,133086,1,0,0,DONE,DONE,719,719,1,,4.36
p3066_c001_farm,cdd0ae7b4c999599,kaggle-environments 1.32.7,a52ba1bfe9df9dc1d504550af46744ef8d474797cdba7af2412dc40a3ebdf3b8,main,bfee70e9daaebeae0737a880f1df8f1c60d0783c59af620136cc0d28ef482bc7,farm_2945_original,1854278487,0,96037,96691,0,1,0,DONE,DONE,719,719,1,,4.54
p3066_c001_farm,cdd0ae7b4c999599,kaggle-environments 1.32.7,a52ba1bfe9df9dc1d504550af46744ef8d474797cdba7af2412dc40a3ebdf3b8,main,bfee70e9daaebeae0737a880f1df8f1c60d0783c59af620136cc0d28ef482bc7,farm_2945_original,1854278487,1,96037,96691,0,1,0,DONE,DONE,719,719,1,,4.44
p3066_c001_farm,cdd0ae7b4c999599,kaggle-environments 1.32.7,a52ba1bfe9df9dc1d504550af46744ef8d474797cdba7af2412dc40a3ebdf3b8,main,bfee70e9daaebeae0737a880f1df8f1c60d0783c59af620136cc0d28ef482bc7,farm_2945_original,1857730104,0,78750,77031,1,0,0,DONE,DONE,719,719,1,,4.7
p3066_c001_farm,cdd0ae7b4c999599,kaggle-environments 1.32.7,a52ba1bfe9df9dc1d504550af46744ef8d474797cdba7af2412dc40a3ebdf3b8,main,bfee70e9daaebeae0737a880f1df8f1c60d0783c59af620136cc0d28ef482bc7,farm_2945_original,1857730104,1,78750,77031,1,0,0,DONE,DONE,719,719,1,,4.31
p3066_c001_farm,cdd0ae7b4c999599,kaggle-environments 1.32.7,a52ba1bfe9df9dc1d504550af46744ef8d474797cdba7af2412dc40a3ebdf3b8,main,bfee70e9daaebeae0737a880f1df8f1c60d0783c59af620136cc0d28ef482bc7,farm_2945_original,1859444424,0,80979,83548,0,1,0,DONE,DONE,719,719,1,,4.34
p3066_c001_farm,cdd0ae7b4c999599,kaggle-environments 1.32.7,a52ba1bfe9df9dc1d504550af46744ef8d474797cdba7af2412dc40a3ebdf3b8,main,bfee70e9daaebeae0737a880f1df8f1c60d0783c59af620136cc0d28ef482bc7,farm_2945_original,1859444424,1,80979,83548,0,1,0,DONE,DONE,719,719,1,,4.44
p3066_c001_farm,cdd0ae7b4c999599,kaggle-environments 1.32.7,a52ba1bfe9df9dc1d504550af46744ef8d474797cdba7af2412dc40a3ebdf3b8,main,bfee70e9daaebeae0737a880f1df8f1c60d0783c59af620136cc0d28ef482bc7,farm_2945_original,1859635584,0,108898,106797,1,0,0,DONE,DONE,719,719,1,,4.13
p3066_c001_farm,cdd0ae7b4c999599,kaggle-environments 1.32.7,a52ba1bfe9df9dc1d504550af46744ef8d474797cdba7af2412dc40a3ebdf3b8,main,bfee70e9daaebeae0737a880f1df8f1c60d0783c59af620136cc0d28ef482bc7,farm_2945_original,1859635584,1,108898,106797,1,0,0,DONE,DONE,719,719,1,,4.43
p3066_c001_farm,cdd0ae7b4c999599,kaggle-environments 1.32.7,a52ba1bfe9df9dc1d504550af46744ef8d474797cdba7af2412dc40a3ebdf3b8,main,bfee70e9daaebeae0737a880f1df8f1c60d0783c59af620136cc0d28ef482bc7,farm_2945_original,1861318217,0,65022,65018,1,0,0,DONE,DONE,719,719,1,,4.31
p3066_c001_farm,cdd0ae7b4c999599,kaggle-environments 1.32.7,a52ba1bfe9df9dc1d504550af46744ef8d474797cdba7af2412dc40a3ebdf3b8,main,bfee70e9daaebeae0737a880f1df8f1c60d0783c59af620136cc0d28ef482bc7,farm_2945_original,1861318217,1,65022,65018,1,0,0,DONE,DONE,719,719,1,,4.43
p3066_c001_farm,cdd0ae7b4c999599,kaggle-environments 1.32.7,a52ba1bfe9df9dc1d504550af46744ef8d474797cdba7af2412dc40a3ebdf3b8,main,bfee70e9daaebeae0737a880f1df8f1c60d0783c59af620136cc0d28ef482bc7,farm_2945_original,1862660560,0,91608,92835,0,1,0,DONE,DONE,719,719,1,,4.09
p3066_c001_farm,cdd0ae7b4c999599,kaggle-environments 1.32.7,a52ba1bfe9df9dc1d504550af46744ef8d474797cdba7af2412dc40a3ebdf3b8,main,bfee70e9daaebeae0737a880f1df8f1c60d0783c59af620136cc0d28ef482bc7,farm_2945_original,1862660560,1,92235,92078,1,0,0,DONE,DONE,719,719,1,,4.46
p3066_c001_farm,cdd0ae7b4c999599,kaggle-environments 1.32.7,a52ba1bfe9df9dc1d504550af46744ef8d474797cdba7af2412dc40a3ebdf3b8,main,bfee70e9daaebeae0737a880f1df8f1c60d0783c59af620136cc0d28ef482bc7,farm_2945_original,1864621736,0,77874,79482,0,1,0,DONE,DONE,719,719,1,,4.59
p3066_c001_farm,cdd0ae7b4c999599,kaggle-environments 1.32.7,a52ba1bfe9df9dc1d504550af46744ef8d474797cdba7af2412dc40a3ebdf3b8,main,bfee70e9daaebeae0737a880f1df8f1c60d0783c59af620136cc0d28ef482bc7,farm_2945_original,1864621736,1,77874,79482,0,1,0,DONE,DONE,719,719,1,,4.29
p3066_c001_farm,cdd0ae7b4c999599,kaggle-environments 1.32.7,a52ba1bfe9df9dc1d504550af46744ef8d474797cdba7af2412dc40a3ebdf3b8,main,bfee70e9daaebeae0737a880f1df8f1c60d0783c59af620136cc0d28ef482bc7,farm_2945_original,1865060141,0,78524,78005,1,0,0,DONE,DONE,719,719,1,,4.58
p3066_c001_farm,cdd0ae7b4c999599,kaggle-environments 1.32.7,a52ba1bfe9df9dc1d504550af46744ef8d474797cdba7af2412dc40a3ebdf3b8,main,bfee70e9daaebeae0737a880f1df8f1c60d0783c59af620136cc0d28ef482bc7,farm_2945_original,1865060141,1,78524,78005,1,0,0,DONE,DONE,719,719,1,,4.23
p3066_c001_farm,cdd0ae7b4c999599,kaggle-environments 1.32.7,a52ba1bfe9df9dc1d504550af46744ef8d474797cdba7af2412dc40a3ebdf3b8,main,bfee70e9daaebeae0737a880f1df8f1c60d0783c59af620136cc0d28ef482bc7,farm_2945_original,1872825046,0,109655,108859,1,0,0,DONE,DONE,719,719,1,,4.37
p3066_c001_farm,cdd0ae7b4c999599,kaggle-environments 1.32.7,a52ba1bfe9df9dc1d504550af46744ef8d474797cdba7af2412dc40a3ebdf3b8,main,bfee70e9daaebeae0737a880f1df8f1c60d0783c59af620136cc0d28ef482bc7,farm_2945_original,1872825046,1,109655,108859,1,0,0,DONE,DONE,719,719,1,,4.42
p3066_c001_farm,cdd0ae7b4c999599,kaggle-environments 1.32.7,a52ba1bfe9df9dc1d504550af46744ef8d474797cdba7af2412dc40a3ebdf3b8,main,bfee70e9daaebeae0737a880f1df8f1c60d0783c59af620136cc0d28ef482bc7,farm_2945_original,1874616600,0,73798,70633,1,0,0,DONE,DONE,719,719,1,,4.38
p3066_c001_farm,cdd0ae7b4c999599,kaggle-environments 1.32.7,a52ba1bfe9df9dc1d504550af46744ef8d474797cdba7af2412dc40a3ebdf3b8,main,bfee70e9daaebeae0737a880f1df8f1c60d0783c59af620136cc0d28ef482bc7,farm_2945_original,1874616600,1,73300,70593,1,0,0,DONE,DONE,719,719,1,,4.39
p3066_c001_farm,cdd0ae7b4c999599,kaggle-environments 1.32.7,a52ba1bfe9df9dc1d504550af46744ef8d474797cdba7af2412dc40a3ebdf3b8,main,bfee70e9daaebeae0737a880f1df8f1c60d0783c59af620136cc0d28ef482bc7,farm_2945_original,1880953668,0,83857,85060,0,1,0,DONE,DONE,719,719,1,,4.32
p3066_c001_farm,cdd0ae7b4c999599,kaggle-environments 1.32.7,a52ba1bfe9df9dc1d504550af46744ef8d474797cdba7af2412dc40a3ebdf3b8,main,bfee70e9daaebeae0737a880f1df8f1c60d0783c59af620136cc0d28ef482bc7,farm_2945_original,1880953668,1,83857,85060,0,1,0,DONE,DONE,719,719,1,,4.46
p3066_c001_farm,cdd0ae7b4c999599,kaggle-environments 1.32.7,a52ba1bfe9df9dc1d504550af46744ef8d474797cdba7af2412dc40a3ebdf3b8,main,bfee70e9daaebeae0737a880f1df8f1c60d0783c59af620136cc0d28ef482bc7,farm_2945_original,1882308548,0,97600,95557,1,0,0,DONE,DONE,719,719,1,,4.34
p3066_c001_farm,cdd0ae7b4c999599,kaggle-environments 1.32.7,a52ba1bfe9df9dc1d504550af46744ef8d474797cdba7af2412dc40a3ebdf3b8,main,bfee70e9daaebeae0737a880f1df8f1c60d0783c59af620136cc0d28ef482bc7,farm_2945_original,1882308548,1,97600,95557,1,0,0,DONE,DONE,719,719,1,,4.55
p3066_c001_farm,cdd0ae7b4c999599,kaggle-environments 1.32.7,a52ba1bfe9df9dc1d504550af46744ef8d474797cdba7af2412dc40a3ebdf3b8,main,bfee70e9daaebeae0737a880f1df8f1c60d0783c59af620136cc0d28ef482bc7,farm_2945_original,1884659231,0,116614,117270,0,1,0,DONE,DONE,719,719,1,,4.16
p3066_c001_farm,cdd0ae7b4c999599,kaggle-environments 1.32.7,a52ba1bfe9df9dc1d504550af46744ef8d474797cdba7af2412dc40a3ebdf3b8,main,bfee70e9daaebeae0737a880f1df8f1c60d0783c59af620136cc0d28ef482bc7,farm_2945_original,1884659231,1,116614,117270,0,1,0,DONE,DONE,719,719,1,,4.4
p3066_c001_farm,cdd0ae7b4c999599,kaggle-environments 1.32.7,a52ba1bfe9df9dc1d504550af46744ef8d474797cdba7af2412dc40a3ebdf3b8,main,bfee70e9daaebeae0737a880f1df8f1c60d0783c59af620136cc0d28ef482bc7,farm_2945_original,1888124174,0,69257,68495,1,0,0,DONE,DONE,719,719,1,,4.29
p3066_c001_farm,cdd0ae7b4c999599,kaggle-environments 1.32.7,a52ba1bfe9df9dc1d504550af46744ef8d474797cdba7af2412dc40a3ebdf3b8,main,bfee70e9daaebeae0737a880f1df8f1c60d0783c59af620136cc0d28ef482bc7,farm_2945_original,1888124174,1,69257,68495,1,0,0,DONE,DONE,719,719,1,,4.39
p3066_c001_farm,cdd0ae7b4c999599,kaggle-environments 1.32.7,a52ba1bfe9df9dc1d504550af46744ef8d474797cdba7af2412dc40a3ebdf3b8,main,bfee70e9daaebeae0737a880f1df8f1c60d0783c59af620136cc0d28ef482bc7,farm_2945_original,1889801844,0,105151,103092,1,0,0,DONE,DONE,719,719,1,,4.23
p3066_c001_farm,cdd0ae7b4c999599,kaggle-environments 1.32.7,a52ba1bfe9df9dc1d504550af46744ef8d474797cdba7af2412dc40a3ebdf3b8,main,bfee70e9daaebeae0737a880f1df8f1c60d0783c59af620136cc0d28ef482bc7,farm_2945_original,1889801844,1,105277,102942,1,0,0,DONE,DONE,719,719,1,,4.24
p3066_c001_farm,cdd0ae7b4c999599,kaggle-environments 1.32.7,a52ba1bfe9df9dc1d504550af46744ef8d474797cdba7af2412dc40a3ebdf3b8,main,bfee70e9daaebeae0737a880f1df8f1c60d0783c59af620136cc0d28ef482bc7,farm_2945_original,1896972902,0,123367,127715,0,1,0,DONE,DONE,719,719,1,,4.58
p3066_c001_farm,cdd0ae7b4c999599,kaggle-environments 1.32.7,a52ba1bfe9df9dc1d504550af46744ef8d474797cdba7af2412dc40a3ebdf3b8,main,bfee70e9daaebeae0737a880f1df8f1c60d0783c59af620136cc0d28ef482bc7,farm_2945_original,1896972902,1,123367,127715,0,1,0,DONE,DONE,719,719,1,,4.59
p3066_c001_farm,cdd0ae7b4c999599,kaggle-environments 1.32.7,a52ba1bfe9df9dc1d504550af46744ef8d474797cdba7af2412dc40a3ebdf3b8,main,bfee70e9daaebeae0737a880f1df8f1c60d0783c59af620136cc0d28ef482bc7,farm_2945_original,1897795444,0,98546,99880,0,1,0,DONE,DONE,719,719,1,,4.12
p3066_c001_farm,cdd0ae7b4c999599,kaggle-environments 1.32.7,a52ba1bfe9df9dc1d504550af46744ef8d474797cdba7af2412dc40a3ebdf3b8,main,bfee70e9daaebeae0737a880f1df8f1c60d0783c59af620136cc0d28ef482bc7,farm_2945_original,1897795444,1,98546,99880,0,1,0,DONE,DONE,719,719,1,,4.43
p3066_c001_farm,cdd0ae7b4c999599,kaggle-environments 1.32.7,a52ba1bfe9df9dc1d504550af46744ef8d474797cdba7af2412dc40a3ebdf3b8,main,bfee70e9daaebeae0737a880f1df8f1c60d0783c59af620136cc0d28ef482bc7,farm_2945_original,1900334171,0,102132,101368,1,0,0,DONE,DONE,719,719,1,,4.38
p3066_c001_farm,cdd0ae7b4c999599,kaggle-environments 1.32.7,a52ba1bfe9df9dc1d504550af46744ef8d474797cdba7af2412dc40a3ebdf3b8,main,bfee70e9daaebeae0737a880f1df8f1c60d0783c59af620136cc0d28ef482bc7,farm_2945_original,1900334171,1,102132,101368,1,0,0,DONE,DONE,719,719,1,,4.72
p3066_c001_farm,cdd0ae7b4c999599,kaggle-environments 1.32.7,a52ba1bfe9df9dc1d504550af46744ef8d474797cdba7af2412dc40a3ebdf3b8,main,bfee70e9daaebeae0737a880f1df8f1c60d0783c59af620136cc0d28ef482bc7,farm_2945_original,1906524593,0,117171,116599,1,0,0,DONE,DONE,719,719,1,,4.55
p3066_c001_farm,cdd0ae7b4c999599,kaggle-environments 1.32.7,a52ba1bfe9df9dc1d504550af46744ef8d474797cdba7af2412dc40a3ebdf3b8,main,bfee70e9daaebeae0737a880f1df8f1c60d0783c59af620136cc0d28ef482bc7,farm_2945_original,1906524593,1,117171,116599,1,0,0,DONE,DONE,719,719,1,,4.62
p3066_c001_farm,cdd0ae7b4c999599,kaggle-environments 1.32.7,a52ba1bfe9df9dc1d504550af46744ef8d474797cdba7af2412dc40a3ebdf3b8,main,bfee70e9daaebeae0737a880f1df8f1c60d0783c59af620136cc0d28ef482bc7,farm_2945_original,1909501233,0,102486,102806,0,1,0,DONE,DONE,719,719,1,,4.17
p3066_c001_farm,cdd0ae7b4c999599,kaggle-environments 1.32.7,a52ba1bfe9df9dc1d504550af46744ef8d474797cdba7af2412dc40a3ebdf3b8,main,bfee70e9daaebeae0737a880f1df8f1c60d0783c59af620136cc0d28ef482bc7,farm_2945_original,1909501233,1,102486,102806,0,1,0,DONE,DONE,719,719,1,,4.59
p3066_c001_farm,cdd0ae7b4c999599,kaggle-environments 1.32.7,a52ba1bfe9df9dc1d504550af46744ef8d474797cdba7af2412dc40a3ebdf3b8,main,bfee70e9daaebeae0737a880f1df8f1c60d0783c59af620136cc0d28ef482bc7,farm_2945_original,1909538327,0,110579,110932,0,1,0,DONE,DONE,719,719,1,,4.25
p3066_c001_farm,cdd0ae7b4c999599,kaggle-environments 1.32.7,a52ba1bfe9df9dc1d504550af46744ef8d474797cdba7af2412dc40a3ebdf3b8,main,bfee70e9daaebeae0737a880f1df8f1c60d0783c59af620136cc0d28ef482bc7,farm_2945_original,1909538327,1,110645,110870,0,1,0,DONE,DONE,719,719,1,,4.16
p3066_c001_farm,cdd0ae7b4c999599,kaggle-environments 1.32.7,a52ba1bfe9df9dc1d504550af46744ef8d474797cdba7af2412dc40a3ebdf3b8,main,bfee70e9daaebeae0737a880f1df8f1c60d0783c59af620136cc0d28ef482bc7,farm_2945_original,1910277844,0,131972,130334,1,0,0,DONE,DONE,719,719,1,,4.62
p3066_c001_farm,cdd0ae7b4c999599,kaggle-environments 1.32.7,a52ba1bfe9df9dc1d504550af46744ef8d474797cdba7af2412dc40a3ebdf3b8,main,bfee70e9daaebeae0737a880f1df8f1c60d0783c59af620136cc0d28ef482bc7,farm_2945_original,1910277844,1,131972,130334,1,0,0,DONE,DONE,719,719,1,,4.22
p3066_c001_farm,cdd0ae7b4c999599,kaggle-environments 1.32.7,a52ba1bfe9df9dc1d504550af46744ef8d474797cdba7af2412dc40a3ebdf3b8,main,bfee70e9daaebeae0737a880f1df8f1c60d0783c59af620136cc0d28ef482bc7,farm_2945_original,1911654606,0,100559,100157,1,0,0,DONE,DONE,719,719,1,,4.73
p3066_c001_farm,cdd0ae7b4c999599,kaggle-environments 1.32.7,a52ba1bfe9df9dc1d504550af46744ef8d474797cdba7af2412dc40a3ebdf3b8,main,bfee70e9daaebeae0737a880f1df8f1c60d0783c59af620136cc0d28ef482bc7,farm_2945_original,1911654606,1,100559,100157,1,0,0,DONE,DONE,719,719,1,,4.44
p3066_c001_farm,cdd0ae7b4c999599,kaggle-environments 1.32.7,a52ba1bfe9df9dc1d504550af46744ef8d474797cdba7af2412dc40a3ebdf3b8,main,bfee70e9daaebeae0737a880f1df8f1c60d0783c59af620136cc0d28ef482bc7,farm_2945_original,1915355132,0,81412,79878,1,0,0,DONE,DONE,719,719,1,,4.2
p3066_c001_farm,cdd0ae7b4c999599,kaggle-environments 1.32.7,a52ba1bfe9df9dc1d504550af46744ef8d474797cdba7af2412dc40a3ebdf3b8,main,bfee70e9daaebeae0737a880f1df8f1c60d0783c59af620136cc0d28ef482bc7,farm_2945_original,1915355132,1,81412,79878,1,0,0,DONE,DONE,719,719,1,,4.72
p3066_c001_farm,cdd0ae7b4c999599,kaggle-environments 1.32.7,a52ba1bfe9df9dc1d504550af46744ef8d474797cdba7af2412dc40a3ebdf3b8,main,bfee70e9daaebeae0737a880f1df8f1c60d0783c59af620136cc0d28ef482bc7,farm_2945_original,1918250050,0,129372,129536,0,1,0,DONE,DONE,719,719,1,,4.36
p3066_c001_farm,cdd0ae7b4c999599,kaggle-environments 1.32.7,a52ba1bfe9df9dc1d504550af46744ef8d474797cdba7af2412dc40a3ebdf3b8,main,bfee70e9daaebeae0737a880f1df8f1c60d0783c59af620136cc0d28ef482bc7,farm_2945_original,1918250050,1,129372,129536,0,1,0,DONE,DONE,719,719,1,,4.24
p3066_c001_farm,cdd0ae7b4c999599,kaggle-environments 1.32.7,a52ba1bfe9df9dc1d504550af46744ef8d474797cdba7af2412dc40a3ebdf3b8,main,bfee70e9daaebeae0737a880f1df8f1c60d0783c59af620136cc0d28ef482bc7,farm_2945_original,1918325611,0,79203,78490,1,0,0,DONE,DONE,719,719,1,,4.6
p3066_c001_farm,cdd0ae7b4c999599,kaggle-environments 1.32.7,a52ba1bfe9df9dc1d504550af46744ef8d474797cdba7af2412dc40a3ebdf3b8,main,bfee70e9daaebeae0737a880f1df8f1c60d0783c59af620136cc0d28ef482bc7,farm_2945_original,1918325611,1,79203,78490,1,0,0,DONE,DONE,719,719,1,,4.33
p3066_c001_farm,cdd0ae7b4c999599,kaggle-environments 1.32.7,a52ba1bfe9df9dc1d504550af46744ef8d474797cdba7af2412dc40a3ebdf3b8,main,bfee70e9daaebeae0737a880f1df8f1c60d0783c59af620136cc0d28ef482bc7,farm_2945_original,1918986478,0,122744,120782,1,0,0,DONE,DONE,719,719,1,,4.35
p3066_c001_farm,cdd0ae7b4c999599,kaggle-environments 1.32.7,a52ba1bfe9df9dc1d504550af46744ef8d474797cdba7af2412dc40a3ebdf3b8,main,bfee70e9daaebeae0737a880f1df8f1c60d0783c59af620136cc0d28ef482bc7,farm_2945_original,1918986478,1,122744,120782,1,0,0,DONE,DONE,719,719,1,,4.49
p3066_c001_farm,cdd0ae7b4c999599,kaggle-environments 1.32.7,a52ba1bfe9df9dc1d504550af46744ef8d474797cdba7af2412dc40a3ebdf3b8,main,bfee70e9daaebeae0737a880f1df8f1c60d0783c59af620136cc0d28ef482bc7,farm_2945_original,1920848494,0,146762,147349,0,1,0,DONE,DONE,719,719,1,,4.35
p3066_c001_farm,cdd0ae7b4c999599,kaggle-environments 1.32.7,a52ba1bfe9df9dc1d504550af46744ef8d474797cdba7af2412dc40a3ebdf3b8,main,bfee70e9daaebeae0737a880f1df8f1c60d0783c59af620136cc0d28ef482bc7,farm_2945_original,1920848494,1,146762,147349,0,1,0,DONE,DONE,719,719,1,,4.33
p3066_c001_farm,cdd0ae7b4c999599,kaggle-environments 1.32.7,a52ba1bfe9df9dc1d504550af46744ef8d474797cdba7af2412dc40a3ebdf3b8,main,bfee70e9daaebeae0737a880f1df8f1c60d0783c59af620136cc0d28ef482bc7,farm_2945_original,1923200841,0,99059,97752,1,0,0,DONE,DONE,719,719,1,,4.6
p3066_c001_farm,cdd0ae7b4c999599,kaggle-environments 1.32.7,a52ba1bfe9df9dc1d504550af46744ef8d474797cdba7af2412dc40a3ebdf3b8,main,bfee70e9daaebeae0737a880f1df8f1c60d0783c59af620136cc0d28ef482bc7,farm_2945_original,1923200841,1,99059,97752,1,0,0,DONE,DONE,719,719,1,,4.5
p3066_c001_farm,cdd0ae7b4c999599,kaggle-environments 1.32.7,a52ba1bfe9df9dc1d504550af46744ef8d474797cdba7af2412dc40a3ebdf3b8,main,bfee70e9daaebeae0737a880f1df8f1c60d0783c59af620136cc0d28ef482bc7,farm_2945_original,1923716506,0,130111,129358,1,0,0,DONE,DONE,719,719,1,,4.31
p3066_c001_farm,cdd0ae7b4c999599,kaggle-environments 1.32.7,a52ba1bfe9df9dc1d504550af46744ef8d474797cdba7af2412dc40a3ebdf3b8,main,bfee70e9daaebeae0737a880f1df8f1c60d0783c59af620136cc0d28ef482bc7,farm_2945_original,1923716506,1,130111,129358,1,0,0,DONE,DONE,719,719,1,,4.48
p3066_c001_farm,cdd0ae7b4c999599,kaggle-environments 1.32.7,a52ba1bfe9df9dc1d504550af46744ef8d474797cdba7af2412dc40a3ebdf3b8,main,bfee70e9daaebeae0737a880f1df8f1c60d0783c59af620136cc0d28ef482bc7,farm_2945_original,1924001671,0,88351,88315,1,0,0,DONE,DONE,719,719,1,,4.31
p3066_c001_farm,cdd0ae7b4c999599,kaggle-environments 1.32.7,a52ba1bfe9df9dc1d504550af46744ef8d474797cdba7af2412dc40a3ebdf3b8,main,bfee70e9daaebeae0737a880f1df8f1c60d0783c59af620136cc0d28ef482bc7,farm_2945_original,1924001671,1,88351,88315,1,0,0,DONE,DONE,719,719,1,,4.27
p3066_c001_farm,cdd0ae7b4c999599,kaggle-environments 1.32.7,a52ba1bfe9df9dc1d504550af46744ef8d474797cdba7af2412dc40a3ebdf3b8,main,bfee70e9daaebeae0737a880f1df8f1c60d0783c59af620136cc0d28ef482bc7,farm_2945_original,1924080008,0,128746,128679,1,0,0,DONE,DONE,719,719,1,,4.31
p3066_c001_farm,cdd0ae7b4c999599,kaggle-environments 1.32.7,a52ba1bfe9df9dc1d504550af46744ef8d474797cdba7af2412dc40a3ebdf3b8,main,bfee70e9daaebeae0737a880f1df8f1c60d0783c59af620136cc0d28ef482bc7,farm_2945_original,1924080008,1,128746,128679,1,0,0,DONE,DONE,719,719,1,,4.3
p3066_c001_farm,cdd0ae7b4c999599,kaggle-environments 1.32.7,a52ba1bfe9df9dc1d504550af46744ef8d474797cdba7af2412dc40a3ebdf3b8,main,bfee70e9daaebeae0737a880f1df8f1c60d0783c59af620136cc0d28ef482bc7,farm_2945_original,1928333135,0,81344,80857,1,0,0,DONE,DONE,719,719,1,,4.58
p3066_c001_farm,cdd0ae7b4c999599,kaggle-environments 1.32.7,a52ba1bfe9df9dc1d504550af46744ef8d474797cdba7af2412dc40a3ebdf3b8,main,bfee70e9daaebeae0737a880f1df8f1c60d0783c59af620136cc0d28ef482bc7,farm_2945_original,1928333135,1,81344,80857,1,0,0,DONE,DONE,719,719,1,,4.49
p3066_c001_farm,cdd0ae7b4c999599,kaggle-environments 1.32.7,a52ba1bfe9df9dc1d504550af46744ef8d474797cdba7af2412dc40a3ebdf3b8,main,bfee70e9daaebeae0737a880f1df8f1c60d0783c59af620136cc0d28ef482bc7,farm_2945_original,1934606441,0,74889,75242,0,1,0,DONE,DONE,719,719,1,,4.37
p3066_c001_farm,cdd0ae7b4c999599,kaggle-environments 1.32.7,a52ba1bfe9df9dc1d504550af46744ef8d474797cdba7af2412dc40a3ebdf3b8,main,bfee70e9daaebeae0737a880f1df8f1c60d0783c59af620136cc0d28ef482bc7,farm_2945_original,1934606441,1,74889,75242,0,1,0,DONE,DONE,719,719,1,,4.35
p3066_c001_farm,cdd0ae7b4c999599,kaggle-environments 1.32.7,a52ba1bfe9df9dc1d504550af46744ef8d474797cdba7af2412dc40a3ebdf3b8,main,bfee70e9daaebeae0737a880f1df8f1c60d0783c59af620136cc0d28ef482bc7,farm_2945_original,1935601319,0,111573,111246,1,0,0,DONE,DONE,719,719,1,,4.45
p3066_c001_farm,cdd0ae7b4c999599,kaggle-environments 1.32.7,a52ba1bfe9df9dc1d504550af46744ef8d474797cdba7af2412dc40a3ebdf3b8,main,bfee70e9daaebeae0737a880f1df8f1c60d0783c59af620136cc0d28ef482bc7,farm_2945_original,1935601319,1,111573,111246,1,0,0,DONE,DONE,719,719,1,,4.53
p3066_c001_farm,cdd0ae7b4c999599,kaggle-environments 1.32.7,a52ba1bfe9df9dc1d504550af46744ef8d474797cdba7af2412dc40a3ebdf3b8,main,bfee70e9daaebeae0737a880f1df8f1c60d0783c59af620136cc0d28ef482bc7,farm_2945_original,1937681946,0,143688,143553,1,0,0,DONE,DONE,719,719,1,,4.65
p3066_c001_farm,cdd0ae7b4c999599,kaggle-environments 1.32.7,a52ba1bfe9df9dc1d504550af46744ef8d474797cdba7af2412dc40a3ebdf3b8,main,bfee70e9daaebeae0737a880f1df8f1c60d0783c59af620136cc0d28ef482bc7,farm_2945_original,1937681946,1,143688,143553,1,0,0,DONE,DONE,719,719,1,,4.33
p3066_c001_farm,cdd0ae7b4c999599,kaggle-environments 1.32.7,a52ba1bfe9df9dc1d504550af46744ef8d474797cdba7af2412dc40a3ebdf3b8,main,bfee70e9daaebeae0737a880f1df8f1c60d0783c59af620136cc0d28ef482bc7,farm_2945_original,1939529006,0,96092,96685,0,1,0,DONE,DONE,719,719,1,,4.73
p3066_c001_farm,cdd0ae7b4c999599,kaggle-environments 1.32.7,a52ba1bfe9df9dc1d504550af46744ef8d474797cdba7af2412dc40a3ebdf3b8,main,bfee70e9daaebeae0737a880f1df8f1c60d0783c59af620136cc0d28ef482bc7,farm_2945_original,1939529006,1,96092,96685,0,1,0,DONE,DONE,719,719,1,,4.48
p3066_c001_farm,cdd0ae7b4c999599,kaggle-environments 1.32.7,a52ba1bfe9df9dc1d504550af46744ef8d474797cdba7af2412dc40a3ebdf3b8,main,bfee70e9daaebeae0737a880f1df8f1c60d0783c59af620136cc0d28ef482bc7,farm_2945_original,1940251935,0,75411,75227,1,0,0,DONE,DONE,719,719,1,,4.12
p3066_c001_farm,cdd0ae7b4c999599,kaggle-environments 1.32.7,a52ba1bfe9df9dc1d504550af46744ef8d474797cdba7af2412dc40a3ebdf3b8,main,bfee70e9daaebeae0737a880f1df8f1c60d0783c59af620136cc0d28ef482bc7,farm_2945_original,1940251935,1,75411,75227,1,0,0,DONE,DONE,719,719,1,,4.13
p3066_c001_farm,cdd0ae7b4c999599,kaggle-environments 1.32.7,a52ba1bfe9df9dc1d504550af46744ef8d474797cdba7af2412dc40a3ebdf3b8,main,bfee70e9daaebeae0737a880f1df8f1c60d0783c59af620136cc0d28ef482bc7,farm_2945_original,1941943788,0,64995,65898,0,1,0,DONE,DONE,719,719,1,,4.32
p3066_c001_farm,cdd0ae7b4c999599,kaggle-environments 1.32.7,a52ba1bfe9df9dc1d504550af46744ef8d474797cdba7af2412dc40a3ebdf3b8,main,bfee70e9daaebeae0737a880f1df8f1c60d0783c59af620136cc0d28ef482bc7,farm_2945_original,1941943788,1,64995,65898,0,1,0,DONE,DONE,719,719,1,,4.3
p3066_c001_farm,cdd0ae7b4c999599,kaggle-environments 1.32.7,a52ba1bfe9df9dc1d504550af46744ef8d474797cdba7af2412dc40a3ebdf3b8,main,bfee70e9daaebeae0737a880f1df8f1c60d0783c59af620136cc0d28ef482bc7,farm_2945_original,1942131171,0,75783,74776,1,0,0,DONE,DONE,719,719,1,,4.54
p3066_c001_farm,cdd0ae7b4c999599,kaggle-environments 1.32.7,a52ba1bfe9df9dc1d504550af46744ef8d474797cdba7af2412dc40a3ebdf3b8,main,bfee70e9daaebeae0737a880f1df8f1c60d0783c59af620136cc0d28ef482bc7,farm_2945_original,1942131171,1,75783,74776,1,0,0,DONE,DONE,719,719,1,,4.52
p3066_c001_farm,cdd0ae7b4c999599,kaggle-environments 1.32.7,a52ba1bfe9df9dc1d504550af46744ef8d474797cdba7af2412dc40a3ebdf3b8,main,bfee70e9daaebeae0737a880f1df8f1c60d0783c59af620136cc0d28ef482bc7,farm_2945_original,1942962811,0,78937,79765,0,1,0,DONE,DONE,719,719,1,,4.18
p3066_c001_farm,cdd0ae7b4c999599,kaggle-environments 1.32.7,a52ba1bfe9df9dc1d504550af46744ef8d474797cdba7af2412dc40a3ebdf3b8,main,bfee70e9daaebeae0737a880f1df8f1c60d0783c59af620136cc0d28ef482bc7,farm_2945_original,1942962811,1,78937,79765,0,1,0,DONE,DONE,719,719,1,,4.22
p3066_c001_farm,cdd0ae7b4c999599,kaggle-environments 1.32.7,a52ba1bfe9df9dc1d504550af46744ef8d474797cdba7af2412dc40a3ebdf3b8,main,bfee70e9daaebeae0737a880f1df8f1c60d0783c59af620136cc0d28ef482bc7,farm_2945_original,1944037458,0,116202,115136,1,0,0,DONE,DONE,719,719,1,,4.71
p3066_c001_farm,cdd0ae7b4c999599,kaggle-environments 1.32.7,a52ba1bfe9df9dc1d504550af46744ef8d474797cdba7af2412dc40a3ebdf3b8,main,bfee70e9daaebeae0737a880f1df8f1c60d0783c59af620136cc0d28ef482bc7,farm_2945_original,1944037458,1,116202,115136,1,0,0,DONE,DONE,719,719,1,,4.65
p3066_c001_farm,cdd0ae7b4c999599,kaggle-environments 1.32.7,a52ba1bfe9df9dc1d504550af46744ef8d474797cdba7af2412dc40a3ebdf3b8,main,bfee70e9daaebeae0737a880f1df8f1c60d0783c59af620136cc0d28ef482bc7,farm_2945_original,1944981006,0,72627,72316,1,0,0,DONE,DONE,719,719,1,,4.54
p3066_c001_farm,cdd0ae7b4c999599,kaggle-environments 1.32.7,a52ba1bfe9df9dc1d504550af46744ef8d474797cdba7af2412dc40a3ebdf3b8,main,bfee70e9daaebeae0737a880f1df8f1c60d0783c59af620136cc0d28ef482bc7,farm_2945_original,1944981006,1,72627,72316,1,0,0,DONE,DONE,719,719,1,,4.77
p3066_c001_farm,cdd0ae7b4c999599,kaggle-environments 1.32.7,a52ba1bfe9df9dc1d504550af46744ef8d474797cdba7af2412dc40a3ebdf3b8,main,bfee70e9daaebeae0737a880f1df8f1c60d0783c59af620136cc0d28ef482bc7,farm_2945_original,1945596006,0,65422,65859,0,1,0,DONE,DONE,719,719,1,,4.33
p3066_c001_farm,cdd0ae7b4c999599,kaggle-environments 1.32.7,a52ba1bfe9df9dc1d504550af46744ef8d474797cdba7af2412dc40a3ebdf3b8,main,bfee70e9daaebeae0737a880f1df8f1c60d0783c59af620136cc0d28ef482bc7,farm_2945_original,1945596006,1,65422,65859,0,1,0,DONE,DONE,719,719,1,,4.28
p3066_c001_farm,cdd0ae7b4c999599,kaggle-environments 1.32.7,a52ba1bfe9df9dc1d504550af46744ef8d474797cdba7af2412dc40a3ebdf3b8,main,bfee70e9daaebeae0737a880f1df8f1c60d0783c59af620136cc0d28ef482bc7,farm_2945_original,1946555584,0,80399,80374,1,0,0,DONE,DONE,719,719,1,,4.19
p3066_c001_farm,cdd0ae7b4c999599,kaggle-environments 1.32.7,a52ba1bfe9df9dc1d504550af46744ef8d474797cdba7af2412dc40a3ebdf3b8,main,bfee70e9daaebeae0737a880f1df8f1c60d0783c59af620136cc0d28ef482bc7,farm_2945_original,1946555584,1,80399,80374,1,0,0,DONE,DONE,719,719,1,,4.17
p3066_c001_farm,cdd0ae7b4c999599,kaggle-environments 1.32.7,a52ba1bfe9df9dc1d504550af46744ef8d474797cdba7af2412dc40a3ebdf3b8,main,bfee70e9daaebeae0737a880f1df8f1c60d0783c59af620136cc0d28ef482bc7,farm_2945_original,1948579491,0,108964,113227,0,1,0,DONE,DONE,719,719,1,,4.72
p3066_c001_farm,cdd0ae7b4c999599,kaggle-environments 1.32.7,a52ba1bfe9df9dc1d504550af46744ef8d474797cdba7af2412dc40a3ebdf3b8,main,bfee70e9daaebeae0737a880f1df8f1c60d0783c59af620136cc0d28ef482bc7,farm_2945_original,1948579491,1,108964,113227,0,1,0,DONE,DONE,719,719,1,,4.55
p3066_c001_farm,cdd0ae7b4c999599,kaggle-environments 1.32.7,a52ba1bfe9df9dc1d504550af46744ef8d474797cdba7af2412dc40a3ebdf3b8,main,bfee70e9daaebeae0737a880f1df8f1c60d0783c59af620136cc0d28ef482bc7,farm_2945_original,1949985298,0,119033,119243,0,1,0,DONE,DONE,719,719,1,,4.45
p3066_c001_farm,cdd0ae7b4c999599,kaggle-environments 1.32.7,a52ba1bfe9df9dc1d504550af46744ef8d474797cdba7af2412dc40a3ebdf3b8,main,bfee70e9daaebeae0737a880f1df8f1c60d0783c59af620136cc0d28ef482bc7,farm_2945_original,1949985298,1,119033,119243,0,1,0,DONE,DONE,719,719,1,,4.29
p3066_c001_farm,cdd0ae7b4c999599,kaggle-environments 1.32.7,a52ba1bfe9df9dc1d504550af46744ef8d474797cdba7af2412dc40a3ebdf3b8,main,bfee70e9daaebeae0737a880f1df8f1c60d0783c59af620136cc0d28ef482bc7,farm_2945_original,1950419587,0,99527,99873,0,1,0,DONE,DONE,719,719,1,,4.9
p3066_c001_farm,cdd0ae7b4c999599,kaggle-environments 1.32.7,a52ba1bfe9df9dc1d504550af46744ef8d474797cdba7af2412dc40a3ebdf3b8,main,bfee70e9daaebeae0737a880f1df8f1c60d0783c59af620136cc0d28ef482bc7,farm_2945_original,1950419587,1,99527,99873,0,1,0,DONE,DONE,719,719,1,,4.96
p3066_c001_farm,cdd0ae7b4c999599,kaggle-environments 1.32.7,a52ba1bfe9df9dc1d504550af46744ef8d474797cdba7af2412dc40a3ebdf3b8,main,bfee70e9daaebeae0737a880f1df8f1c60d0783c59af620136cc0d28ef482bc7,farm_2945_original,1954164361,0,96062,95872,1,0,0,DONE,DONE,719,719,1,,4.26
p3066_c001_farm,cdd0ae7b4c999599,kaggle-environments 1.32.7,a52ba1bfe9df9dc1d504550af46744ef8d474797cdba7af2412dc40a3ebdf3b8,main,bfee70e9daaebeae0737a880f1df8f1c60d0783c59af620136cc0d28ef482bc7,farm_2945_original,1954164361,1,96062,95872,1,0,0,DONE,DONE,719,719,1,,4.33
p3066_c001_farm,cdd0ae7b4c999599,kaggle-environments 1.32.7,a52ba1bfe9df9dc1d504550af46744ef8d474797cdba7af2412dc40a3ebdf3b8,main,bfee70e9daaebeae0737a880f1df8f1c60d0783c59af620136cc0d28ef482bc7,farm_2945_original,1955411943,0,75789,77448,0,1,0,DONE,DONE,719,719,1,,4.56
p3066_c001_farm,cdd0ae7b4c999599,kaggle-environments 1.32.7,a52ba1bfe9df9dc1d504550af46744ef8d474797cdba7af2412dc40a3ebdf3b8,main,bfee70e9daaebeae0737a880f1df8f1c60d0783c59af620136cc0d28ef482bc7,farm_2945_original,1955411943,1,75789,77448,0,1,0,DONE,DONE,719,719,1,,4.34
p3066_c001_farm,cdd0ae7b4c999599,kaggle-environments 1.32.7,a52ba1bfe9df9dc1d504550af46744ef8d474797cdba7af2412dc40a3ebdf3b8,main,bfee70e9daaebeae0737a880f1df8f1c60d0783c59af620136cc0d28ef482bc7,farm_2945_original,1958632470,0,82520,80579,1,0,0,DONE,DONE,719,719,1,,4.55
p3066_c001_farm,cdd0ae7b4c999599,kaggle-environments 1.32.7,a52ba1bfe9df9dc1d504550af46744ef8d474797cdba7af2412dc40a3ebdf3b8,main,bfee70e9daaebeae0737a880f1df8f1c60d0783c59af620136cc0d28ef482bc7,farm_2945_original,1958632470,1,82520,80579,1,0,0,DONE,DONE,719,719,1,,4.69
p3066_c001_farm,cdd0ae7b4c999599,kaggle-environments 1.32.7,a52ba1bfe9df9dc1d504550af46744ef8d474797cdba7af2412dc40a3ebdf3b8,main,bfee70e9daaebeae0737a880f1df8f1c60d0783c59af620136cc0d28ef482bc7,farm_2945_original,1962918975,0,111468,123080,0,1,0,DONE,DONE,719,719,1,,4.79
p3066_c001_farm,cdd0ae7b4c999599,kaggle-environments 1.32.7,a52ba1bfe9df9dc1d504550af46744ef8d474797cdba7af2412dc40a3ebdf3b8,main,bfee70e9daaebeae0737a880f1df8f1c60d0783c59af620136cc0d28ef482bc7,farm_2945_original,1962918975,1,111468,123080,0,1,0,DONE,DONE,719,719,1,,4.89
p3066_c001_farm,cdd0ae7b4c999599,kaggle-environments 1.32.7,a52ba1bfe9df9dc1d504550af46744ef8d474797cdba7af2412dc40a3ebdf3b8,main,bfee70e9daaebeae0737a880f1df8f1c60d0783c59af620136cc0d28ef482bc7,farm_2945_original,1967155822,0,104111,103499,1,0,0,DONE,DONE,719,719,1,,4.68
p3066_c001_farm,cdd0ae7b4c999599,kaggle-environments 1.32.7,a52ba1bfe9df9dc1d504550af46744ef8d474797cdba7af2412dc40a3ebdf3b8,main,bfee70e9daaebeae0737a880f1df8f1c60d0783c59af620136cc0d28ef482bc7,farm_2945_original,1967155822,1,104111,103499,1,0,0,DONE,DONE,719,719,1,,4.71
p3066_c001_farm,cdd0ae7b4c999599,kaggle-environments 1.32.7,a52ba1bfe9df9dc1d504550af46744ef8d474797cdba7af2412dc40a3ebdf3b8,main,bfee70e9daaebeae0737a880f1df8f1c60d0783c59af620136cc0d28ef482bc7,farm_2945_original,1967383473,0,71632,71641,0,1,0,DONE,DONE,719,719,1,,4.64
p3066_c001_farm,cdd0ae7b4c999599,kaggle-environments 1.32.7,a52ba1bfe9df9dc1d504550af46744ef8d474797cdba7af2412dc40a3ebdf3b8,main,bfee70e9daaebeae0737a880f1df8f1c60d0783c59af620136cc0d28ef482bc7,farm_2945_original,1967383473,1,71632,71641,0,1,0,DONE,DONE,719,719,1,,4.56
p3066_c001_farm,cdd0ae7b4c999599,kaggle-environments 1.32.7,a52ba1bfe9df9dc1d504550af46744ef8d474797cdba7af2412dc40a3ebdf3b8,main,bfee70e9daaebeae0737a880f1df8f1c60d0783c59af620136cc0d28ef482bc7,farm_2945_original,1968456369,0,86195,84543,1,0,0,DONE,DONE,719,719,1,,4.62
p3066_c001_farm,cdd0ae7b4c999599,kaggle-environments 1.32.7,a52ba1bfe9df9dc1d504550af46744ef8d474797cdba7af2412dc40a3ebdf3b8,main,bfee70e9daaebeae0737a880f1df8f1c60d0783c59af620136cc0d28ef482bc7,farm_2945_original,1968456369,1,86195,84543,1,0,0,DONE,DONE,719,719,1,,4.41
p3066_c001_farm,cdd0ae7b4c999599,kaggle-environments 1.32.7,a52ba1bfe9df9dc1d504550af46744ef8d474797cdba7af2412dc40a3ebdf3b8,main,bfee70e9daaebeae0737a880f1df8f1c60d0783c59af620136cc0d28ef482bc7,farm_2945_original,1968747490,0,100627,101067,0,1,0,DONE,DONE,719,719,1,,4.28
p3066_c001_farm,cdd0ae7b4c999599,kaggle-environments 1.32.7,a52ba1bfe9df9dc1d504550af46744ef8d474797cdba7af2412dc40a3ebdf3b8,main,bfee70e9daaebeae0737a880f1df8f1c60d0783c59af620136cc0d28ef482bc7,farm_2945_original,1968747490,1,100627,101067,0,1,0,DONE,DONE,719,719,1,,4.23
p3066_c001_farm,cdd0ae7b4c999599,kaggle-environments 1.32.7,a52ba1bfe9df9dc1d504550af46744ef8d474797cdba7af2412dc40a3ebdf3b8,main,bfee70e9daaebeae0737a880f1df8f1c60d0783c59af620136cc0d28ef482bc7,farm_2945_original,1969266225,0,117704,115386,1,0,0,DONE,DONE,719,719,1,,4.62
p3066_c001_farm,cdd0ae7b4c999599,kaggle-environments 1.32.7,a52ba1bfe9df9dc1d504550af46744ef8d474797cdba7af2412dc40a3ebdf3b8,main,bfee70e9daaebeae0737a880f1df8f1c60d0783c59af620136cc0d28ef482bc7,farm_2945_original,1969266225,1,117704,115386,1,0,0,DONE,DONE,719,719,1,,4.78
p3066_c001_farm,cdd0ae7b4c999599,kaggle-environments 1.32.7,a52ba1bfe9df9dc1d504550af46744ef8d474797cdba7af2412dc40a3ebdf3b8,main,bfee70e9daaebeae0737a880f1df8f1c60d0783c59af620136cc0d28ef482bc7,farm_2945_original,1973698364,0,93208,93485,0,1,0,DONE,DONE,719,719,1,,4.32
p3066_c001_farm,cdd0ae7b4c999599,kaggle-environments 1.32.7,a52ba1bfe9df9dc1d504550af46744ef8d474797cdba7af2412dc40a3ebdf3b8,main,bfee70e9daaebeae0737a880f1df8f1c60d0783c59af620136cc0d28ef482bc7,farm_2945_original,1973698364,1,93208,93485,0,1,0,DONE,DONE,719,719,1,,4.55
p3066_c001_farm,cdd0ae7b4c999599,kaggle-environments 1.32.7,a52ba1bfe9df9dc1d504550af46744ef8d474797cdba7af2412dc40a3ebdf3b8,main,bfee70e9daaebeae0737a880f1df8f1c60d0783c59af620136cc0d28ef482bc7,farm_2945_original,1974766388,0,76689,75662,1,0,0,DONE,DONE,719,719,1,,4.41
p3066_c001_farm,cdd0ae7b4c999599,kaggle-environments 1.32.7,a52ba1bfe9df9dc1d504550af46744ef8d474797cdba7af2412dc40a3ebdf3b8,main,bfee70e9daaebeae0737a880f1df8f1c60d0783c59af620136cc0d28ef482bc7,farm_2945_original,1974766388,1,76767,75584,1,0,0,DONE,DONE,719,719,1,,4.72
p3066_c001_farm,cdd0ae7b4c999599,kaggle-environments 1.32.7,a52ba1bfe9df9dc1d504550af46744ef8d474797cdba7af2412dc40a3ebdf3b8,main,bfee70e9daaebeae0737a880f1df8f1c60d0783c59af620136cc0d28ef482bc7,farm_2945_original,1978728992,0,105778,104400,1,0,0,DONE,DONE,719,719,1,,4.77
p3066_c001_farm,cdd0ae7b4c999599,kaggle-environments 1.32.7,a52ba1bfe9df9dc1d504550af46744ef8d474797cdba7af2412dc40a3ebdf3b8,main,bfee70e9daaebeae0737a880f1df8f1c60d0783c59af620136cc0d28ef482bc7,farm_2945_original,1978728992,1,105778,104400,1,0,0,DONE,DONE,719,719,1,,4.71
p3066_c001_farm,cdd0ae7b4c999599,kaggle-environments 1.32.7,a52ba1bfe9df9dc1d504550af46744ef8d474797cdba7af2412dc40a3ebdf3b8,main,bfee70e9daaebeae0737a880f1df8f1c60d0783c59af620136cc0d28ef482bc7,farm_2945_original,1979387390,0,95276,96933,0,1,0,DONE,DONE,719,719,1,,4.86
p3066_c001_farm,cdd0ae7b4c999599,kaggle-environments 1.32.7,a52ba1bfe9df9dc1d504550af46744ef8d474797cdba7af2412dc40a3ebdf3b8,main,bfee70e9daaebeae0737a880f1df8f1c60d0783c59af620136cc0d28ef482bc7,farm_2945_original,1979387390,1,95276,96933,0,1,0,DONE,DONE,719,719,1,,4.79
p3066_c001_farm,cdd0ae7b4c999599,kaggle-environments 1.32.7,a52ba1bfe9df9dc1d504550af46744ef8d474797cdba7af2412dc40a3ebdf3b8,main,bfee70e9daaebeae0737a880f1df8f1c60d0783c59af620136cc0d28ef482bc7,farm_2945_original,1980437913,0,115841,116746,0,1,0,DONE,DONE,719,719,1,,4.33
p3066_c001_farm,cdd0ae7b4c999599,kaggle-environments 1.32.7,a52ba1bfe9df9dc1d504550af46744ef8d474797cdba7af2412dc40a3ebdf3b8,main,bfee70e9daaebeae0737a880f1df8f1c60d0783c59af620136cc0d28ef482bc7,farm_2945_original,1980437913,1,115841,116746,0,1,0,DONE,DONE,719,719,1,,4.38
p3066_c001_farm,cdd0ae7b4c999599,kaggle-environments 1.32.7,a52ba1bfe9df9dc1d504550af46744ef8d474797cdba7af2412dc40a3ebdf3b8,main,bfee70e9daaebeae0737a880f1df8f1c60d0783c59af620136cc0d28ef482bc7,farm_2945_original,1980993103,0,67899,67269,1,0,0,DONE,DONE,719,719,1,,4.44
p3066_c001_farm,cdd0ae7b4c999599,kaggle-environments 1.32.7,a52ba1bfe9df9dc1d504550af46744ef8d474797cdba7af2412dc40a3ebdf3b8,main,bfee70e9daaebeae0737a880f1df8f1c60d0783c59af620136cc0d28ef482bc7,farm_2945_original,1980993103,1,67006,68287,0,1,0,DONE,DONE,719,719,1,,4.35
p3066_c001_farm,cdd0ae7b4c999599,kaggle-environments 1.32.7,a52ba1bfe9df9dc1d504550af46744ef8d474797cdba7af2412dc40a3ebdf3b8,main,bfee70e9daaebeae0737a880f1df8f1c60d0783c59af620136cc0d28ef482bc7,farm_2945_original,1983689840,0,74295,72326,1,0,0,DONE,DONE,719,719,1,,4.19
p3066_c001_farm,cdd0ae7b4c999599,kaggle-environments 1.32.7,a52ba1bfe9df9dc1d504550af46744ef8d474797cdba7af2412dc40a3ebdf3b8,main,bfee70e9daaebeae0737a880f1df8f1c60d0783c59af620136cc0d28ef482bc7,farm_2945_original,1983689840,1,74436,72202,1,0,0,DONE,DONE,719,719,1,,4.44
p3066_c001_farm,cdd0ae7b4c999599,kaggle-environments 1.32.7,a52ba1bfe9df9dc1d504550af46744ef8d474797cdba7af2412dc40a3ebdf3b8,main,bfee70e9daaebeae0737a880f1df8f1c60d0783c59af620136cc0d28ef482bc7,farm_2945_original,1988539648,0,132612,131943,1,0,0,DONE,DONE,719,719,1,,4.24
p3066_c001_farm,cdd0ae7b4c999599,kaggle-environments 1.32.7,a52ba1bfe9df9dc1d504550af46744ef8d474797cdba7af2412dc40a3ebdf3b8,main,bfee70e9daaebeae0737a880f1df8f1c60d0783c59af620136cc0d28ef482bc7,farm_2945_original,1988539648,1,132612,131943,1,0,0,DONE,DONE,719,719,1,,4.31
p3066_c001_farm,cdd0ae7b4c999599,kaggle-environments 1.32.7,a52ba1bfe9df9dc1d504550af46744ef8d474797cdba7af2412dc40a3ebdf3b8,main,bfee70e9daaebeae0737a880f1df8f1c60d0783c59af620136cc0d28ef482bc7,farm_2945_original,1989558819,0,139589,139844,0,1,0,DONE,DONE,719,719,1,,4.29
p3066_c001_farm,cdd0ae7b4c999599,kaggle-environments 1.32.7,a52ba1bfe9df9dc1d504550af46744ef8d474797cdba7af2412dc40a3ebdf3b8,main,bfee70e9daaebeae0737a880f1df8f1c60d0783c59af620136cc0d28ef482bc7,farm_2945_original,1989558819,1,139589,139844,0,1,0,DONE,DONE,719,719,1,,4.47
p3066_c001_farm,cdd0ae7b4c999599,kaggle-environments 1.32.7,a52ba1bfe9df9dc1d504550af46744ef8d474797cdba7af2412dc40a3ebdf3b8,main,bfee70e9daaebeae0737a880f1df8f1c60d0783c59af620136cc0d28ef482bc7,farm_2945_original,1990720536,0,112139,112293,0,1,0,DONE,DONE,719,719,1,,4.35
p3066_c001_farm,cdd0ae7b4c999599,kaggle-environments 1.32.7,a52ba1bfe9df9dc1d504550af46744ef8d474797cdba7af2412dc40a3ebdf3b8,main,bfee70e9daaebeae0737a880f1df8f1c60d0783c59af620136cc0d28ef482bc7,farm_2945_original,1990720536,1,112139,112293,0,1,0,DONE,DONE,719,719,1,,4.28
p3066_c001_farm,cdd0ae7b4c999599,kaggle-environments 1.32.7,a52ba1bfe9df9dc1d504550af46744ef8d474797cdba7af2412dc40a3ebdf3b8,main,bfee70e9daaebeae0737a880f1df8f1c60d0783c59af620136cc0d28ef482bc7,farm_2945_original,1991596290,0,91783,90151,1,0,0,DONE,DONE,719,719,1,,4.26
p3066_c001_farm,cdd0ae7b4c999599,kaggle-environments 1.32.7,a52ba1bfe9df9dc1d504550af46744ef8d474797cdba7af2412dc40a3ebdf3b8,main,bfee70e9daaebeae0737a880f1df8f1c60d0783c59af620136cc0d28ef482bc7,farm_2945_original,1991596290,1,91783,90151,1,0,0,DONE,DONE,719,719,1,,4.54
p3066_c001_farm,cdd0ae7b4c999599,kaggle-environments 1.32.7,a52ba1bfe9df9dc1d504550af46744ef8d474797cdba7af2412dc40a3ebdf3b8,main,bfee70e9daaebeae0737a880f1df8f1c60d0783c59af620136cc0d28ef482bc7,farm_2945_original,1996616432,0,130570,129973,1,0,0,DONE,DONE,719,719,1,,4.23
p3066_c001_farm,cdd0ae7b4c999599,kaggle-environments 1.32.7,a52ba1bfe9df9dc1d504550af46744ef8d474797cdba7af2412dc40a3ebdf3b8,main,bfee70e9daaebeae0737a880f1df8f1c60d0783c59af620136cc0d28ef482bc7,farm_2945_original,1996616432,1,130570,129973,1,0,0,DONE,DONE,719,719,1,,4.34
p3066_c001_farm,cdd0ae7b4c999599,kaggle-environments 1.32.7,a52ba1bfe9df9dc1d504550af46744ef8d474797cdba7af2412dc40a3ebdf3b8,main,bfee70e9daaebeae0737a880f1df8f1c60d0783c59af620136cc0d28ef482bc7,farm_2945_original,1998008853,0,107892,107235,1,0,0,DONE,DONE,719,719,1,,4.49
p3066_c001_farm,cdd0ae7b4c999599,kaggle-environments 1.32.7,a52ba1bfe9df9dc1d504550af46744ef8d474797cdba7af2412dc40a3ebdf3b8,main,bfee70e9daaebeae0737a880f1df8f1c60d0783c59af620136cc0d28ef482bc7,farm_2945_original,1998008853,1,107892,107235,1,0,0,DONE,DONE,719,719,1,,4.3
p3066_c001_farm,cdd0ae7b4c999599,kaggle-environments 1.32.7,a52ba1bfe9df9dc1d504550af46744ef8d474797cdba7af2412dc40a3ebdf3b8,main,bfee70e9daaebeae0737a880f1df8f1c60d0783c59af620136cc0d28ef482bc7,farm_2945_original,1999240025,0,81266,81498,0,1,0,DONE,DONE,719,719,1,,4.43
p3066_c001_farm,cdd0ae7b4c999599,kaggle-environments 1.32.7,a52ba1bfe9df9dc1d504550af46744ef8d474797cdba7af2412dc40a3ebdf3b8,main,bfee70e9daaebeae0737a880f1df8f1c60d0783c59af620136cc0d28ef482bc7,farm_2945_original,1999240025,1,81266,81498,0,1,0,DONE,DONE,719,719,1,,4.25
p3066_c001_farm,cdd0ae7b4c999599,kaggle-environments 1.32.7,a52ba1bfe9df9dc1d504550af46744ef8d474797cdba7af2412dc40a3ebdf3b8,main,bfee70e9daaebeae0737a880f1df8f1c60d0783c59af620136cc0d28ef482bc7,farm_2945_original,1999415674,0,92507,90545,1,0,0,DONE,DONE,719,719,1,,4.37
p3066_c001_farm,cdd0ae7b4c999599,kaggle-environments 1.32.7,a52ba1bfe9df9dc1d504550af46744ef8d474797cdba7af2412dc40a3ebdf3b8,main,bfee70e9daaebeae0737a880f1df8f1c60d0783c59af620136cc0d28ef482bc7,farm_2945_original,1999415674,1,92507,90545,1,0,0,DONE,DONE,719,719,1,,4.36
p3066_c001_farm,cdd0ae7b4c999599,kaggle-environments 1.32.7,a52ba1bfe9df9dc1d504550af46744ef8d474797cdba7af2412dc40a3ebdf3b8,main,bfee70e9daaebeae0737a880f1df8f1c60d0783c59af620136cc0d28ef482bc7,farm_2945_original,2000008076,0,116010,116571,0,1,0,DONE,DONE,719,719,1,,4.37
p3066_c001_farm,cdd0ae7b4c999599,kaggle-environments 1.32.7,a52ba1bfe9df9dc1d504550af46744ef8d474797cdba7af2412dc40a3ebdf3b8,main,bfee70e9daaebeae0737a880f1df8f1c60d0783c59af620136cc0d28ef482bc7,farm_2945_original,2000008076,1,116010,116571,0,1,0,DONE,DONE,719,719,1,,4.6
p3066_c001_farm,cdd0ae7b4c999599,kaggle-environments 1.32.7,a52ba1bfe9df9dc1d504550af46744ef8d474797cdba7af2412dc40a3ebdf3b8,main,bfee70e9daaebeae0737a880f1df8f1c60d0783c59af620136cc0d28ef482bc7,farm_2945_original,2000658955,0,105660,105797,0,1,0,DONE,DONE,719,719,1,,4.46
p3066_c001_farm,cdd0ae7b4c999599,kaggle-environments 1.32.7,a52ba1bfe9df9dc1d504550af46744ef8d474797cdba7af2412dc40a3ebdf3b8,main,bfee70e9daaebeae0737a880f1df8f1c60d0783c59af620136cc0d28ef482bc7,farm_2945_original,2000658955,1,105660,105797,0,1,0,DONE,DONE,719,719,1,,4.56
p3066_c001_farm,cdd0ae7b4c999599,kaggle-environments 1.32.7,a52ba1bfe9df9dc1d504550af46744ef8d474797cdba7af2412dc40a3ebdf3b8,main,bfee70e9daaebeae0737a880f1df8f1c60d0783c59af620136cc0d28ef482bc7,farm_2945_original,2002258695,0,77474,75335,1,0,0,DONE,DONE,719,719,1,,4.77
p3066_c001_farm,cdd0ae7b4c999599,kaggle-environments 1.32.7,a52ba1bfe9df9dc1d504550af46744ef8d474797cdba7af2412dc40a3ebdf3b8,main,bfee70e9daaebeae0737a880f1df8f1c60d0783c59af620136cc0d28ef482bc7,farm_2945_original,2002258695,1,77474,75335,1,0,0,DONE,DONE,719,719,1,,4.67
p3066_c001_farm,cdd0ae7b4c999599,kaggle-environments 1.32.7,a52ba1bfe9df9dc1d504550af46744ef8d474797cdba7af2412dc40a3ebdf3b8,main,bfee70e9daaebeae0737a880f1df8f1c60d0783c59af620136cc0d28ef482bc7,farm_2945_original,2005354132,0,128134,127993,1,0,0,DONE,DONE,719,719,1,,4.47
p3066_c001_farm,cdd0ae7b4c999599,kaggle-environments 1.32.7,a52ba1bfe9df9dc1d504550af46744ef8d474797cdba7af2412dc40a3ebdf3b8,main,bfee70e9daaebeae0737a880f1df8f1c60d0783c59af620136cc0d28ef482bc7,farm_2945_original,2005354132,1,128134,127993,1,0,0,DONE,DONE,719,719,1,,4.34
p3066_c001_farm,cdd0ae7b4c999599,kaggle-environments 1.32.7,a52ba1bfe9df9dc1d504550af46744ef8d474797cdba7af2412dc40a3ebdf3b8,main,bfee70e9daaebeae0737a880f1df8f1c60d0783c59af620136cc0d28ef482bc7,farm_2945_original,2006164934,0,106772,107271,0,1,0,DONE,DONE,719,719,1,,4.53
p3066_c001_farm,cdd0ae7b4c999599,kaggle-environments 1.32.7,a52ba1bfe9df9dc1d504550af46744ef8d474797cdba7af2412dc40a3ebdf3b8,main,bfee70e9daaebeae0737a880f1df8f1c60d0783c59af620136cc0d28ef482bc7,farm_2945_original,2006164934,1,106772,107271,0,1,0,DONE,DONE,719,719,1,,4.75
p3066_c001_farm,cdd0ae7b4c999599,kaggle-environments 1.32.7,a52ba1bfe9df9dc1d504550af46744ef8d474797cdba7af2412dc40a3ebdf3b8,main,bfee70e9daaebeae0737a880f1df8f1c60d0783c59af620136cc0d28ef482bc7,farm_2945_original,2007359464,0,91121,90902,1,0,0,DONE,DONE,719,719,1,,4.46
p3066_c001_farm,cdd0ae7b4c999599,kaggle-environments 1.32.7,a52ba1bfe9df9dc1d504550af46744ef8d474797cdba7af2412dc40a3ebdf3b8,main,bfee70e9daaebeae0737a880f1df8f1c60d0783c59af620136cc0d28ef482bc7,farm_2945_original,2007359464,1,91121,90902,1,0,0,DONE,DONE,719,719,1,,4.19
p3066_c001_farm,cdd0ae7b4c999599,kaggle-environments 1.32.7,a52ba1bfe9df9dc1d504550af46744ef8d474797cdba7af2412dc40a3ebdf3b8,main,bfee70e9daaebeae0737a880f1df8f1c60d0783c59af620136cc0d28ef482bc7,farm_2945_original,2009364386,0,114828,114697,1,0,0,DONE,DONE,719,719,1,,4.49
p3066_c001_farm,cdd0ae7b4c999599,kaggle-environments 1.32.7,a52ba1bfe9df9dc1d504550af46744ef8d474797cdba7af2412dc40a3ebdf3b8,main,bfee70e9daaebeae0737a880f1df8f1c60d0783c59af620136cc0d28ef482bc7,farm_2945_original,2009364386,1,114828,114697,1,0,0,DONE,DONE,719,719,1,,4.52
p3066_c001_farm,cdd0ae7b4c999599,kaggle-environments 1.32.7,a52ba1bfe9df9dc1d504550af46744ef8d474797cdba7af2412dc40a3ebdf3b8,main,bfee70e9daaebeae0737a880f1df8f1c60d0783c59af620136cc0d28ef482bc7,farm_2945_original,2012408240,0,113351,113870,0,1,0,DONE,DONE,719,719,1,,4.3
p3066_c001_farm,cdd0ae7b4c999599,kaggle-environments 1.32.7,a52ba1bfe9df9dc1d504550af46744ef8d474797cdba7af2412dc40a3ebdf3b8,main,bfee70e9daaebeae0737a880f1df8f1c60d0783c59af620136cc0d28ef482bc7,farm_2945_original,2012408240,1,113351,113870,0,1,0,DONE,DONE,719,719,1,,4.28
p3066_c001_farm,cdd0ae7b4c999599,kaggle-environments 1.32.7,a52ba1bfe9df9dc1d504550af46744ef8d474797cdba7af2412dc40a3ebdf3b8,main,bfee70e9daaebeae0737a880f1df8f1c60d0783c59af620136cc0d28ef482bc7,farm_2945_original,2012478187,0,54940,53616,1,0,0,DONE,DONE,719,719,1,,4.84
p3066_c001_farm,cdd0ae7b4c999599,kaggle-environments 1.32.7,a52ba1bfe9df9dc1d504550af46744ef8d474797cdba7af2412dc40a3ebdf3b8,main,bfee70e9daaebeae0737a880f1df8f1c60d0783c59af620136cc0d28ef482bc7,farm_2945_original,2012478187,1,54940,53616,1,0,0,DONE,DONE,719,719,1,,4.48
p3066_c001_farm,cdd0ae7b4c999599,kaggle-environments 1.32.7,a52ba1bfe9df9dc1d504550af46744ef8d474797cdba7af2412dc40a3ebdf3b8,main,bfee70e9daaebeae0737a880f1df8f1c60d0783c59af620136cc0d28ef482bc7,farm_2945_original,2012914649,0,73557,71996,1,0,0,DONE,DONE,719,719,1,,4.52
p3066_c001_farm,cdd0ae7b4c999599,kaggle-environments 1.32.7,a52ba1bfe9df9dc1d504550af46744ef8d474797cdba7af2412dc40a3ebdf3b8,main,bfee70e9daaebeae0737a880f1df8f1c60d0783c59af620136cc0d28ef482bc7,farm_2945_original,2012914649,1,73557,71996,1,0,0,DONE,DONE,719,719,1,,4.7
p3066_c001_farm,cdd0ae7b4c999599,kaggle-environments 1.32.7,a52ba1bfe9df9dc1d504550af46744ef8d474797cdba7af2412dc40a3ebdf3b8,main,bfee70e9daaebeae0737a880f1df8f1c60d0783c59af620136cc0d28ef482bc7,farm_2945_original,2020358158,0,118250,111927,1,0,0,DONE,DONE,719,719,1,,4.9
p3066_c001_farm,cdd0ae7b4c999599,kaggle-environments 1.32.7,a52ba1bfe9df9dc1d504550af46744ef8d474797cdba7af2412dc40a3ebdf3b8,main,bfee70e9daaebeae0737a880f1df8f1c60d0783c59af620136cc0d28ef482bc7,farm_2945_original,2020358158,1,118250,111927,1,0,0,DONE,DONE,719,719,1,,4.57
p3066_c001_farm,cdd0ae7b4c999599,kaggle-environments 1.32.7,a52ba1bfe9df9dc1d504550af46744ef8d474797cdba7af2412dc40a3ebdf3b8,main,bfee70e9daaebeae0737a880f1df8f1c60d0783c59af620136cc0d28ef482bc7,farm_2945_original,2021197906,0,90936,90746,1,0,0,DONE,DONE,719,719,1,,4.79
p3066_c001_farm,cdd0ae7b4c999599,kaggle-environments 1.32.7,a52ba1bfe9df9dc1d504550af46744ef8d474797cdba7af2412dc40a3ebdf3b8,main,bfee70e9daaebeae0737a880f1df8f1c60d0783c59af620136cc0d28ef482bc7,farm_2945_original,2021197906,1,90936,90746,1,0,0,DONE,DONE,719,719,1,,4.81
p3066_c001_farm,cdd0ae7b4c999599,kaggle-environments 1.32.7,a52ba1bfe9df9dc1d504550af46744ef8d474797cdba7af2412dc40a3ebdf3b8,main,bfee70e9daaebeae0737a880f1df8f1c60d0783c59af620136cc0d28ef482bc7,farm_2945_original,2026637712,0,117865,118101,0,1,0,DONE,DONE,719,719,1,,4.33
p3066_c001_farm,cdd0ae7b4c999599,kaggle-environments 1.32.7,a52ba1bfe9df9dc1d504550af46744ef8d474797cdba7af2412dc40a3ebdf3b8,main,bfee70e9daaebeae0737a880f1df8f1c60d0783c59af620136cc0d28ef482bc7,farm_2945_original,2026637712,1,117865,118101,0,1,0,DONE,DONE,719,719,1,,4.18
p3066_c001_farm,cdd0ae7b4c999599,kaggle-environments 1.32.7,a52ba1bfe9df9dc1d504550af46744ef8d474797cdba7af2412dc40a3ebdf3b8,main,bfee70e9daaebeae0737a880f1df8f1c60d0783c59af620136cc0d28ef482bc7,farm_2945_original,2027455185,0,103091,102728,1,0,0,DONE,DONE,719,719,1,,4.45
p3066_c001_farm,cdd0ae7b4c999599,kaggle-environments 1.32.7,a52ba1bfe9df9dc1d504550af46744ef8d474797cdba7af2412dc40a3ebdf3b8,main,bfee70e9daaebeae0737a880f1df8f1c60d0783c59af620136cc0d28ef482bc7,farm_2945_original,2027455185,1,103091,102728,1,0,0,DONE,DONE,719,719,1,,4.72
p3066_c001_farm,cdd0ae7b4c999599,kaggle-environments 1.32.7,a52ba1bfe9df9dc1d504550af46744ef8d474797cdba7af2412dc40a3ebdf3b8,main,bfee70e9daaebeae0737a880f1df8f1c60d0783c59af620136cc0d28ef482bc7,farm_2945_original,2028953090,0,102688,103289,0,1,0,DONE,DONE,719,719,1,,4.44
p3066_c001_farm,cdd0ae7b4c999599,kaggle-environments 1.32.7,a52ba1bfe9df9dc1d504550af46744ef8d474797cdba7af2412dc40a3ebdf3b8,main,bfee70e9daaebeae0737a880f1df8f1c60d0783c59af620136cc0d28ef482bc7,farm_2945_original,2028953090,1,102688,103289,0,1,0,DONE,DONE,719,719,1,,4.52
p3066_c001_farm,cdd0ae7b4c999599,kaggle-environments 1.32.7,a52ba1bfe9df9dc1d504550af46744ef8d474797cdba7af2412dc40a3ebdf3b8,main,bfee70e9daaebeae0737a880f1df8f1c60d0783c59af620136cc0d28ef482bc7,farm_2945_original,2030266242,0,115571,115790,0,1,0,DONE,DONE,719,719,1,,4.56
p3066_c001_farm,cdd0ae7b4c999599,kaggle-environments 1.32.7,a52ba1bfe9df9dc1d504550af46744ef8d474797cdba7af2412dc40a3ebdf3b8,main,bfee70e9daaebeae0737a880f1df8f1c60d0783c59af620136cc0d28ef482bc7,farm_2945_original,2030266242,1,115571,115790,0,1,0,DONE,DONE,719,719,1,,4.28
p3066_c001_farm,cdd0ae7b4c999599,kaggle-environments 1.32.7,a52ba1bfe9df9dc1d504550af46744ef8d474797cdba7af2412dc40a3ebdf3b8,main,bfee70e9daaebeae0737a880f1df8f1c60d0783c59af620136cc0d28ef482bc7,farm_2945_original,2033495350,0,127425,126046,1,0,0,DONE,DONE,719,719,1,,4.27
p3066_c001_farm,cdd0ae7b4c999599,kaggle-environments 1.32.7,a52ba1bfe9df9dc1d504550af46744ef8d474797cdba7af2412dc40a3ebdf3b8,main,bfee70e9daaebeae0737a880f1df8f1c60d0783c59af620136cc0d28ef482bc7,farm_2945_original,2033495350,1,127425,126046,1,0,0,DONE,DONE,719,719,1,,4.89
p3066_c001_farm,cdd0ae7b4c999599,kaggle-environments 1.32.7,a52ba1bfe9df9dc1d504550af46744ef8d474797cdba7af2412dc40a3ebdf3b8,main,bfee70e9daaebeae0737a880f1df8f1c60d0783c59af620136cc0d28ef482bc7,farm_2945_original,2034380530,0,118960,117215,1,0,0,DONE,DONE,719,719,1,,4.78
p3066_c001_farm,cdd0ae7b4c999599,kaggle-environments 1.32.7,a52ba1bfe9df9dc1d504550af46744ef8d474797cdba7af2412dc40a3ebdf3b8,main,bfee70e9daaebeae0737a880f1df8f1c60d0783c59af620136cc0d28ef482bc7,farm_2945_original,2034380530,1,100340,100947,0,1,0,DONE,DONE,719,719,1,,4.39
p3066_c001_farm,cdd0ae7b4c999599,kaggle-environments 1.32.7,a52ba1bfe9df9dc1d504550af46744ef8d474797cdba7af2412dc40a3ebdf3b8,main,bfee70e9daaebeae0737a880f1df8f1c60d0783c59af620136cc0d28ef482bc7,farm_2945_original,2038884264,0,103067,115745,0,1,0,DONE,DONE,719,719,1,,4.73
p3066_c001_farm,cdd0ae7b4c999599,kaggle-environments 1.32.7,a52ba1bfe9df9dc1d504550af46744ef8d474797cdba7af2412dc40a3ebdf3b8,main,bfee70e9daaebeae0737a880f1df8f1c60d0783c59af620136cc0d28ef482bc7,farm_2945_original,2038884264,1,103067,115745,0,1,0,DONE,DONE,719,719,1,,4.74
p3066_c001_farm,cdd0ae7b4c999599,kaggle-environments 1.32.7,a52ba1bfe9df9dc1d504550af46744ef8d474797cdba7af2412dc40a3ebdf3b8,main,bfee70e9daaebeae0737a880f1df8f1c60d0783c59af620136cc0d28ef482bc7,farm_2945_original,2040903013,0,85259,83329,1,0,0,DONE,DONE,719,719,1,,5.11
p3066_c001_farm,cdd0ae7b4c999599,kaggle-environments 1.32.7,a52ba1bfe9df9dc1d504550af46744ef8d474797cdba7af2412dc40a3ebdf3b8,main,bfee70e9daaebeae0737a880f1df8f1c60d0783c59af620136cc0d28ef482bc7,farm_2945_original,2040903013,1,85259,83329,1,0,0,DONE,DONE,719,719,1,,5.04
p3066_c001_farm,cdd0ae7b4c999599,kaggle-environments 1.32.7,a52ba1bfe9df9dc1d504550af46744ef8d474797cdba7af2412dc40a3ebdf3b8,main,bfee70e9daaebeae0737a880f1df8f1c60d0783c59af620136cc0d28ef482bc7,farm_2945_original,2041641243,0,96503,95224,1,0,0,DONE,DONE,719,719,1,,4.53
p3066_c001_farm,cdd0ae7b4c999599,kaggle-environments 1.32.7,a52ba1bfe9df9dc1d504550af46744ef8d474797cdba7af2412dc40a3ebdf3b8,main,bfee70e9daaebeae0737a880f1df8f1c60d0783c59af620136cc0d28ef482bc7,farm_2945_original,2041641243,1,96503,95224,1,0,0,DONE,DONE,719,719,1,,4.25
p3066_c001_farm,cdd0ae7b4c999599,kaggle-environments 1.32.7,a52ba1bfe9df9dc1d504550af46744ef8d474797cdba7af2412dc40a3ebdf3b8,main,bfee70e9daaebeae0737a880f1df8f1c60d0783c59af620136cc0d28ef482bc7,farm_2945_original,2047466907,0,105824,105297,1,0,0,DONE,DONE,719,719,1,,4.57
p3066_c001_farm,cdd0ae7b4c999599,kaggle-environments 1.32.7,a52ba1bfe9df9dc1d504550af46744ef8d474797cdba7af2412dc40a3ebdf3b8,main,bfee70e9daaebeae0737a880f1df8f1c60d0783c59af620136cc0d28ef482bc7,farm_2945_original,2047466907,1,105824,105297,1,0,0,DONE,DONE,719,719,1,,4.32
p3066_c001_farm,cdd0ae7b4c999599,kaggle-environments 1.32.7,a52ba1bfe9df9dc1d504550af46744ef8d474797cdba7af2412dc40a3ebdf3b8,main,bfee70e9daaebeae0737a880f1df8f1c60d0783c59af620136cc0d28ef482bc7,farm_2945_original,2050162861,0,104510,103155,1,0,0,DONE,DONE,719,719,1,,4.25
p3066_c001_farm,cdd0ae7b4c999599,kaggle-environments 1.32.7,a52ba1bfe9df9dc1d504550af46744ef8d474797cdba7af2412dc40a3ebdf3b8,main,bfee70e9daaebeae0737a880f1df8f1c60d0783c59af620136cc0d28ef482bc7,farm_2945_original,2050162861,1,104510,103155,1,0,0,DONE,DONE,719,719,1,,4.36
p3066_c001_farm,cdd0ae7b4c999599,kaggle-environments 1.32.7,a52ba1bfe9df9dc1d504550af46744ef8d474797cdba7af2412dc40a3ebdf3b8,main,bfee70e9daaebeae0737a880f1df8f1c60d0783c59af620136cc0d28ef482bc7,farm_2945_original,2052219246,0,126203,115038,1,0,0,DONE,DONE,719,719,1,,4.37
p3066_c001_farm,cdd0ae7b4c999599,kaggle-environments 1.32.7,a52ba1bfe9df9dc1d504550af46744ef8d474797cdba7af2412dc40a3ebdf3b8,main,bfee70e9daaebeae0737a880f1df8f1c60d0783c59af620136cc0d28ef482bc7,farm_2945_original,2052219246,1,115223,125876,0,1,0,DONE,DONE,719,719,1,,4.45
p3066_c001_farm,cdd0ae7b4c999599,kaggle-environments 1.32.7,a52ba1bfe9df9dc1d504550af46744ef8d474797cdba7af2412dc40a3ebdf3b8,main,bfee70e9daaebeae0737a880f1df8f1c60d0783c59af620136cc0d28ef482bc7,farm_2945_original,2052575634,0,119465,120472,0,1,0,DONE,DONE,719,719,1,,4.26
p3066_c001_farm,cdd0ae7b4c999599,kaggle-environments 1.32.7,a52ba1bfe9df9dc1d504550af46744ef8d474797cdba7af2412dc40a3ebdf3b8,main,bfee70e9daaebeae0737a880f1df8f1c60d0783c59af620136cc0d28ef482bc7,farm_2945_original,2052575634,1,119465,120472,0,1,0,DONE,DONE,719,719,1,,4.34
p3066_c001_farm,cdd0ae7b4c999599,kaggle-environments 1.32.7,a52ba1bfe9df9dc1d504550af46744ef8d474797cdba7af2412dc40a3ebdf3b8,main,bfee70e9daaebeae0737a880f1df8f1c60d0783c59af620136cc0d28ef482bc7,farm_2945_original,2053937780,0,80090,79335,1,0,0,DONE,DONE,719,719,1,,4.42
p3066_c001_farm,cdd0ae7b4c999599,kaggle-environments 1.32.7,a52ba1bfe9df9dc1d504550af46744ef8d474797cdba7af2412dc40a3ebdf3b8,main,bfee70e9daaebeae0737a880f1df8f1c60d0783c59af620136cc0d28ef482bc7,farm_2945_original,2053937780,1,80090,79335,1,0,0,DONE,DONE,719,719,1,,4.37
p3066_c001_farm,cdd0ae7b4c999599,kaggle-environments 1.32.7,a52ba1bfe9df9dc1d504550af46744ef8d474797cdba7af2412dc40a3ebdf3b8,main,bfee70e9daaebeae0737a880f1df8f1c60d0783c59af620136cc0d28ef482bc7,farm_2945_original,2058732850,0,137063,137099,0,1,0,DONE,DONE,719,719,1,,4.54
p3066_c001_farm,cdd0ae7b4c999599,kaggle-environments 1.32.7,a52ba1bfe9df9dc1d504550af46744ef8d474797cdba7af2412dc40a3ebdf3b8,main,bfee70e9daaebeae0737a880f1df8f1c60d0783c59af620136cc0d28ef482bc7,farm_2945_original,2058732850,1,137063,137099,0,1,0,DONE,DONE,719,719,1,,4.45
p3066_c001_farm,cdd0ae7b4c999599,kaggle-environments 1.32.7,a52ba1bfe9df9dc1d504550af46744ef8d474797cdba7af2412dc40a3ebdf3b8,main,bfee70e9daaebeae0737a880f1df8f1c60d0783c59af620136cc0d28ef482bc7,farm_2945_original,2063263451,0,127303,126191,1,0,0,DONE,DONE,719,719,1,,4.55
p3066_c001_farm,cdd0ae7b4c999599,kaggle-environments 1.32.7,a52ba1bfe9df9dc1d504550af46744ef8d474797cdba7af2412dc40a3ebdf3b8,main,bfee70e9daaebeae0737a880f1df8f1c60d0783c59af620136cc0d28ef482bc7,farm_2945_original,2063263451,1,127303,126191,1,0,0,DONE,DONE,719,719,1,,4.27
p3066_c001_farm,cdd0ae7b4c999599,kaggle-environments 1.32.7,a52ba1bfe9df9dc1d504550af46744ef8d474797cdba7af2412dc40a3ebdf3b8,main,bfee70e9daaebeae0737a880f1df8f1c60d0783c59af620136cc0d28ef482bc7,farm_2945_original,2063505627,0,121445,125972,0,1,0,DONE,DONE,719,719,1,,4.58
p3066_c001_farm,cdd0ae7b4c999599,kaggle-environments 1.32.7,a52ba1bfe9df9dc1d504550af46744ef8d474797cdba7af2412dc40a3ebdf3b8,main,bfee70e9daaebeae0737a880f1df8f1c60d0783c59af620136cc0d28ef482bc7,farm_2945_original,2063505627,1,121445,125972,0,1,0,DONE,DONE,719,719,1,,4.52
p3066_c001_farm,cdd0ae7b4c999599,kaggle-environments 1.32.7,a52ba1bfe9df9dc1d504550af46744ef8d474797cdba7af2412dc40a3ebdf3b8,main,bfee70e9daaebeae0737a880f1df8f1c60d0783c59af620136cc0d28ef482bc7,farm_2945_original,2064075356,0,110004,109238,1,0,0,DONE,DONE,719,719,1,,4.67
p3066_c001_farm,cdd0ae7b4c999599,kaggle-environments 1.32.7,a52ba1bfe9df9dc1d504550af46744ef8d474797cdba7af2412dc40a3ebdf3b8,main,bfee70e9daaebeae0737a880f1df8f1c60d0783c59af620136cc0d28ef482bc7,farm_2945_original,2064075356,1,110004,109238,1,0,0,DONE,DONE,719,719,1,,4.41
p3066_c001_farm,cdd0ae7b4c999599,kaggle-environments 1.32.7,a52ba1bfe9df9dc1d504550af46744ef8d474797cdba7af2412dc40a3ebdf3b8,main,bfee70e9daaebeae0737a880f1df8f1c60d0783c59af620136cc0d28ef482bc7,farm_2945_original,2065258008,0,77921,78274,0,1,0,DONE,DONE,719,719,1,,4.31
p3066_c001_farm,cdd0ae7b4c999599,kaggle-environments 1.32.7,a52ba1bfe9df9dc1d504550af46744ef8d474797cdba7af2412dc40a3ebdf3b8,main,bfee70e9daaebeae0737a880f1df8f1c60d0783c59af620136cc0d28ef482bc7,farm_2945_original,2065258008,1,77921,78274,0,1,0,DONE,DONE,719,719,1,,4.32
p3066_c001_farm,cdd0ae7b4c999599,kaggle-environments 1.32.7,a52ba1bfe9df9dc1d504550af46744ef8d474797cdba7af2412dc40a3ebdf3b8,main,bfee70e9daaebeae0737a880f1df8f1c60d0783c59af620136cc0d28ef482bc7,farm_2945_original,2065508615,0,83071,81942,1,0,0,DONE,DONE,719,719,1,,4.33
p3066_c001_farm,cdd0ae7b4c999599,kaggle-environments 1.32.7,a52ba1bfe9df9dc1d504550af46744ef8d474797cdba7af2412dc40a3ebdf3b8,main,bfee70e9daaebeae0737a880f1df8f1c60d0783c59af620136cc0d28ef482bc7,farm_2945_original,2065508615,1,83071,81942,1,0,0,DONE,DONE,719,719,1,,4.68
p3066_c001_farm,cdd0ae7b4c999599,kaggle-environments 1.32.7,a52ba1bfe9df9dc1d504550af46744ef8d474797cdba7af2412dc40a3ebdf3b8,main,bfee70e9daaebeae0737a880f1df8f1c60d0783c59af620136cc0d28ef482bc7,farm_2945_original,2067419362,0,87258,86374,1,0,0,DONE,DONE,719,719,1,,4.18
p3066_c001_farm,cdd0ae7b4c999599,kaggle-environments 1.32.7,a52ba1bfe9df9dc1d504550af46744ef8d474797cdba7af2412dc40a3ebdf3b8,main,bfee70e9daaebeae0737a880f1df8f1c60d0783c59af620136cc0d28ef482bc7,farm_2945_original,2067419362,1,87258,86374,1,0,0,DONE,DONE,719,719,1,,4.4
p3066_c001_farm,cdd0ae7b4c999599,kaggle-environments 1.32.7,a52ba1bfe9df9dc1d504550af46744ef8d474797cdba7af2412dc40a3ebdf3b8,main,bfee70e9daaebeae0737a880f1df8f1c60d0783c59af620136cc0d28ef482bc7,farm_2945_original,2068079998,0,96785,96917,0,1,0,DONE,DONE,719,719,1,,4.3
p3066_c001_farm,cdd0ae7b4c999599,kaggle-environments 1.32.7,a52ba1bfe9df9dc1d504550af46744ef8d474797cdba7af2412dc40a3ebdf3b8,main,bfee70e9daaebeae0737a880f1df8f1c60d0783c59af620136cc0d28ef482bc7,farm_2945_original,2068079998,1,96785,96917,0,1,0,DONE,DONE,719,719,1,,4.47
p3066_c001_farm,cdd0ae7b4c999599,kaggle-environments 1.32.7,a52ba1bfe9df9dc1d504550af46744ef8d474797cdba7af2412dc40a3ebdf3b8,main,bfee70e9daaebeae0737a880f1df8f1c60d0783c59af620136cc0d28ef482bc7,farm_2945_original,2068334364,0,118550,121487,0,1,0,DONE,DONE,719,719,1,,4.48
p3066_c001_farm,cdd0ae7b4c999599,kaggle-environments 1.32.7,a52ba1bfe9df9dc1d504550af46744ef8d474797cdba7af2412dc40a3ebdf3b8,main,bfee70e9daaebeae0737a880f1df8f1c60d0783c59af620136cc0d28ef482bc7,farm_2945_original,2068334364,1,118550,121487,0,1,0,DONE,DONE,719,719,1,,4.37
p3066_c001_farm,cdd0ae7b4c999599,kaggle-environments 1.32.7,a52ba1bfe9df9dc1d504550af46744ef8d474797cdba7af2412dc40a3ebdf3b8,main,bfee70e9daaebeae0737a880f1df8f1c60d0783c59af620136cc0d28ef482bc7,farm_2945_original,2069937048,0,92866,90786,1,0,0,DONE,DONE,719,719,1,,4.81
p3066_c001_farm,cdd0ae7b4c999599,kaggle-environments 1.32.7,a52ba1bfe9df9dc1d504550af46744ef8d474797cdba7af2412dc40a3ebdf3b8,main,bfee70e9daaebeae0737a880f1df8f1c60d0783c59af620136cc0d28ef482bc7,farm_2945_original,2069937048,1,92866,90786,1,0,0,DONE,DONE,719,719,1,,4.77
p3066_c001_farm,cdd0ae7b4c999599,kaggle-environments 1.32.7,a52ba1bfe9df9dc1d504550af46744ef8d474797cdba7af2412dc40a3ebdf3b8,main,bfee70e9daaebeae0737a880f1df8f1c60d0783c59af620136cc0d28ef482bc7,farm_2945_original,2070337862,0,114490,115153,0,1,0,DONE,DONE,719,719,1,,4.15
p3066_c001_farm,cdd0ae7b4c999599,kaggle-environments 1.32.7,a52ba1bfe9df9dc1d504550af46744ef8d474797cdba7af2412dc40a3ebdf3b8,main,bfee70e9daaebeae0737a880f1df8f1c60d0783c59af620136cc0d28ef482bc7,farm_2945_original,2070337862,1,114612,115030,0,1,0,DONE,DONE,719,719,1,,5.05
p3066_c001_farm,cdd0ae7b4c999599,kaggle-environments 1.32.7,a52ba1bfe9df9dc1d504550af46744ef8d474797cdba7af2412dc40a3ebdf3b8,main,bfee70e9daaebeae0737a880f1df8f1c60d0783c59af620136cc0d28ef482bc7,farm_2945_original,2074222084,0,86797,87779,0,1,0,DONE,DONE,719,719,1,,4.2
p3066_c001_farm,cdd0ae7b4c999599,kaggle-environments 1.32.7,a52ba1bfe9df9dc1d504550af46744ef8d474797cdba7af2412dc40a3ebdf3b8,main,bfee70e9daaebeae0737a880f1df8f1c60d0783c59af620136cc0d28ef482bc7,farm_2945_original,2074222084,1,86797,87779,0,1,0,DONE,DONE,719,719,1,,4.08
p3066_c001_farm,cdd0ae7b4c999599,kaggle-environments 1.32.7,a52ba1bfe9df9dc1d504550af46744ef8d474797cdba7af2412dc40a3ebdf3b8,main,bfee70e9daaebeae0737a880f1df8f1c60d0783c59af620136cc0d28ef482bc7,farm_2945_original,2077299412,0,104293,103605,1,0,0,DONE,DONE,719,719,1,,4.84
p3066_c001_farm,cdd0ae7b4c999599,kaggle-environments 1.32.7,a52ba1bfe9df9dc1d504550af46744ef8d474797cdba7af2412dc40a3ebdf3b8,main,bfee70e9daaebeae0737a880f1df8f1c60d0783c59af620136cc0d28ef482bc7,farm_2945_original,2077299412,1,104293,103605,1,0,0,DONE,DONE,719,719,1,,5.93
p3066_c001_farm,cdd0ae7b4c999599,kaggle-environments 1.32.7,a52ba1bfe9df9dc1d504550af46744ef8d474797cdba7af2412dc40a3ebdf3b8,main,bfee70e9daaebeae0737a880f1df8f1c60d0783c59af620136cc0d28ef482bc7,farm_2945_original,2082420758,0,86272,85386,1,0,0,DONE,DONE,719,719,1,,5.25
p3066_c001_farm,cdd0ae7b4c999599,kaggle-environments 1.32.7,a52ba1bfe9df9dc1d504550af46744ef8d474797cdba7af2412dc40a3ebdf3b8,main,bfee70e9daaebeae0737a880f1df8f1c60d0783c59af620136cc0d28ef482bc7,farm_2945_original,2082420758,1,86272,85386,1,0,0,DONE,DONE,719,719,1,,4.32
p3066_c001_farm,cdd0ae7b4c999599,kaggle-environments 1.32.7,a52ba1bfe9df9dc1d504550af46744ef8d474797cdba7af2412dc40a3ebdf3b8,main,bfee70e9daaebeae0737a880f1df8f1c60d0783c59af620136cc0d28ef482bc7,farm_2945_original,2083494011,0,98138,98406,0,1,0,DONE,DONE,719,719,1,,5.22
p3066_c001_farm,cdd0ae7b4c999599,kaggle-environments 1.32.7,a52ba1bfe9df9dc1d504550af46744ef8d474797cdba7af2412dc40a3ebdf3b8,main,bfee70e9daaebeae0737a880f1df8f1c60d0783c59af620136cc0d28ef482bc7,farm_2945_original,2083494011,1,98138,98406,0,1,0,DONE,DONE,719,719,1,,5.02
p3066_c001_farm,cdd0ae7b4c999599,kaggle-environments 1.32.7,a52ba1bfe9df9dc1d504550af46744ef8d474797cdba7af2412dc40a3ebdf3b8,main,bfee70e9daaebeae0737a880f1df8f1c60d0783c59af620136cc0d28ef482bc7,farm_2945_original,2085530814,0,99669,99852,0,1,0,DONE,DONE,719,719,1,,4.08
p3066_c001_farm,cdd0ae7b4c999599,kaggle-environments 1.32.7,a52ba1bfe9df9dc1d504550af46744ef8d474797cdba7af2412dc40a3ebdf3b8,main,bfee70e9daaebeae0737a880f1df8f1c60d0783c59af620136cc0d28ef482bc7,farm_2945_original,2085530814,1,99669,99852,0,1,0,DONE,DONE,719,719,1,,4.52
p3066_c001_farm,cdd0ae7b4c999599,kaggle-environments 1.32.7,a52ba1bfe9df9dc1d504550af46744ef8d474797cdba7af2412dc40a3ebdf3b8,main,bfee70e9daaebeae0737a880f1df8f1c60d0783c59af620136cc0d28ef482bc7,farm_2945_original,2086410268,0,74888,73676,1,0,0,DONE,DONE,719,719,1,,4.57
p3066_c001_farm,cdd0ae7b4c999599,kaggle-environments 1.32.7,a52ba1bfe9df9dc1d504550af46744ef8d474797cdba7af2412dc40a3ebdf3b8,main,bfee70e9daaebeae0737a880f1df8f1c60d0783c59af620136cc0d28ef482bc7,farm_2945_original,2086410268,1,82197,76798,1,0,0,DONE,DONE,719,719,1,,4.17
p3066_c001_farm,cdd0ae7b4c999599,kaggle-environments 1.32.7,a52ba1bfe9df9dc1d504550af46744ef8d474797cdba7af2412dc40a3ebdf3b8,main,bfee70e9daaebeae0737a880f1df8f1c60d0783c59af620136cc0d28ef482bc7,farm_2945_original,2090628389,0,98835,98780,1,0,0,DONE,DONE,719,719,1,,4.26
p3066_c001_farm,cdd0ae7b4c999599,kaggle-environments 1.32.7,a52ba1bfe9df9dc1d504550af46744ef8d474797cdba7af2412dc40a3ebdf3b8,main,bfee70e9daaebeae0737a880f1df8f1c60d0783c59af620136cc0d28ef482bc7,farm_2945_original,2090628389,1,98835,98780,1,0,0,DONE,DONE,719,719,1,,4.51
p3066_c001_farm,cdd0ae7b4c999599,kaggle-environments 1.32.7,a52ba1bfe9df9dc1d504550af46744ef8d474797cdba7af2412dc40a3ebdf3b8,main,bfee70e9daaebeae0737a880f1df8f1c60d0783c59af620136cc0d28ef482bc7,farm_2945_original,2091317854,0,107924,108479,0,1,0,DONE,DONE,719,719,1,,4.46
p3066_c001_farm,cdd0ae7b4c999599,kaggle-environments 1.32.7,a52ba1bfe9df9dc1d504550af46744ef8d474797cdba7af2412dc40a3ebdf3b8,main,bfee70e9daaebeae0737a880f1df8f1c60d0783c59af620136cc0d28ef482bc7,farm_2945_original,2091317854,1,107924,108479,0,1,0,DONE,DONE,719,719,1,,4.18
p3066_c001_farm,cdd0ae7b4c999599,kaggle-environments 1.32.7,a52ba1bfe9df9dc1d504550af46744ef8d474797cdba7af2412dc40a3ebdf3b8,main,bfee70e9daaebeae0737a880f1df8f1c60d0783c59af620136cc0d28ef482bc7,farm_2945_original,2098451129,0,94307,93606,1,0,0,DONE,DONE,719,719,1,,4.64
p3066_c001_farm,cdd0ae7b4c999599,kaggle-environments 1.32.7,a52ba1bfe9df9dc1d504550af46744ef8d474797cdba7af2412dc40a3ebdf3b8,main,bfee70e9daaebeae0737a880f1df8f1c60d0783c59af620136cc0d28ef482bc7,farm_2945_original,2098451129,1,94307,93606,1,0,0,DONE,DONE,719,719,1,,4.45
p3066_c001_farm,cdd0ae7b4c999599,kaggle-environments 1.32.7,a52ba1bfe9df9dc1d504550af46744ef8d474797cdba7af2412dc40a3ebdf3b8,main,bfee70e9daaebeae0737a880f1df8f1c60d0783c59af620136cc0d28ef482bc7,farm_2945_original,2099715200,0,95451,95224,1,0,0,DONE,DONE,719,719,1,,4.45
p3066_c001_farm,cdd0ae7b4c999599,kaggle-environments 1.32.7,a52ba1bfe9df9dc1d504550af46744ef8d474797cdba7af2412dc40a3ebdf3b8,main,bfee70e9daaebeae0737a880f1df8f1c60d0783c59af620136cc0d28ef482bc7,farm_2945_original,2099715200,1,95451,95224,1,0,0,DONE,DONE,719,719,1,,4.31
p3066_c001_farm,cdd0ae7b4c999599,kaggle-environments 1.32.7,a52ba1bfe9df9dc1d504550af46744ef8d474797cdba7af2412dc40a3ebdf3b8,main,bfee70e9daaebeae0737a880f1df8f1c60d0783c59af620136cc0d28ef482bc7,farm_2945_original,2105474781,0,117335,118368,0,1,0,DONE,DONE,719,719,1,,4.33
p3066_c001_farm,cdd0ae7b4c999599,kaggle-environments 1.32.7,a52ba1bfe9df9dc1d504550af46744ef8d474797cdba7af2412dc40a3ebdf3b8,main,bfee70e9daaebeae0737a880f1df8f1c60d0783c59af620136cc0d28ef482bc7,farm_2945_original,2105474781,1,117335,118368,0,1,0,DONE,DONE,719,719,1,,4.43
p3066_c001_farm,cdd0ae7b4c999599,kaggle-environments 1.32.7,a52ba1bfe9df9dc1d504550af46744ef8d474797cdba7af2412dc40a3ebdf3b8,main,bfee70e9daaebeae0737a880f1df8f1c60d0783c59af620136cc0d28ef482bc7,farm_2945_original,2108409020,0,85078,84096,1,0,0,DONE,DONE,719,719,1,,4.28
p3066_c001_farm,cdd0ae7b4c999599,kaggle-environments 1.32.7,a52ba1bfe9df9dc1d504550af46744ef8d474797cdba7af2412dc40a3ebdf3b8,main,bfee70e9daaebeae0737a880f1df8f1c60d0783c59af620136cc0d28ef482bc7,farm_2945_original,2108409020,1,85078,84096,1,0,0,DONE,DONE,719,719,1,,4.57
p3066_c001_farm,cdd0ae7b4c999599,kaggle-environments 1.32.7,a52ba1bfe9df9dc1d504550af46744ef8d474797cdba7af2412dc40a3ebdf3b8,main,bfee70e9daaebeae0737a880f1df8f1c60d0783c59af620136cc0d28ef482bc7,farm_2945_original,2108876349,0,94098,94024,1,0,0,DONE,DONE,719,719,1,,4.5
p3066_c001_farm,cdd0ae7b4c999599,kaggle-environments 1.32.7,a52ba1bfe9df9dc1d504550af46744ef8d474797cdba7af2412dc40a3ebdf3b8,main,bfee70e9daaebeae0737a880f1df8f1c60d0783c59af620136cc0d28ef482bc7,farm_2945_original,2108876349,1,94098,94024,1,0,0,DONE,DONE,719,719,1,,4.4
p3066_c001_farm,cdd0ae7b4c999599,kaggle-environments 1.32.7,a52ba1bfe9df9dc1d504550af46744ef8d474797cdba7af2412dc40a3ebdf3b8,main,bfee70e9daaebeae0737a880f1df8f1c60d0783c59af620136cc0d28ef482bc7,farm_2945_original,2120704474,0,81872,79418,1,0,0,DONE,DONE,719,719,1,,4.19
p3066_c001_farm,cdd0ae7b4c999599,kaggle-environments 1.32.7,a52ba1bfe9df9dc1d504550af46744ef8d474797cdba7af2412dc40a3ebdf3b8,main,bfee70e9daaebeae0737a880f1df8f1c60d0783c59af620136cc0d28ef482bc7,farm_2945_original,2120704474,1,81872,79418,1,0,0,DONE,DONE,719,719,1,,4.35
p3066_c001_farm,cdd0ae7b4c999599,kaggle-environments 1.32.7,a52ba1bfe9df9dc1d504550af46744ef8d474797cdba7af2412dc40a3ebdf3b8,main,bfee70e9daaebeae0737a880f1df8f1c60d0783c59af620136cc0d28ef482bc7,farm_2945_original,2124225188,0,148176,147447,1,0,0,DONE,DONE,719,719,1,,4.63
p3066_c001_farm,cdd0ae7b4c999599,kaggle-environments 1.32.7,a52ba1bfe9df9dc1d504550af46744ef8d474797cdba7af2412dc40a3ebdf3b8,main,bfee70e9daaebeae0737a880f1df8f1c60d0783c59af620136cc0d28ef482bc7,farm_2945_original,2124225188,1,148176,147447,1,0,0,DONE,DONE,719,719,1,,4.44
p3066_c001_farm,cdd0ae7b4c999599,kaggle-environments 1.32.7,a52ba1bfe9df9dc1d504550af46744ef8d474797cdba7af2412dc40a3ebdf3b8,main,bfee70e9daaebeae0737a880f1df8f1c60d0783c59af620136cc0d28ef482bc7,farm_2945_original,2129116347,0,106120,104644,1,0,0,DONE,DONE,719,719,1,,4.16
p3066_c001_farm,cdd0ae7b4c999599,kaggle-environments 1.32.7,a52ba1bfe9df9dc1d504550af46744ef8d474797cdba7af2412dc40a3ebdf3b8,main,bfee70e9daaebeae0737a880f1df8f1c60d0783c59af620136cc0d28ef482bc7,farm_2945_original,2129116347,1,106120,104644,1,0,0,DONE,DONE,719,719,1,,4.12
p3066_c001_farm,cdd0ae7b4c999599,kaggle-environments 1.32.7,a52ba1bfe9df9dc1d504550af46744ef8d474797cdba7af2412dc40a3ebdf3b8,main,bfee70e9daaebeae0737a880f1df8f1c60d0783c59af620136cc0d28ef482bc7,farm_2945_original,2131214686,0,97896,98530,0,1,0,DONE,DONE,719,719,1,,4.52
p3066_c001_farm,cdd0ae7b4c999599,kaggle-environments 1.32.7,a52ba1bfe9df9dc1d504550af46744ef8d474797cdba7af2412dc40a3ebdf3b8,main,bfee70e9daaebeae0737a880f1df8f1c60d0783c59af620136cc0d28ef482bc7,farm_2945_original,2131214686,1,97896,98530,0,1,0,DONE,DONE,719,719,1,,4.74
p3066_c001_farm,cdd0ae7b4c999599,kaggle-environments 1.32.7,a52ba1bfe9df9dc1d504550af46744ef8d474797cdba7af2412dc40a3ebdf3b8,main,bfee70e9daaebeae0737a880f1df8f1c60d0783c59af620136cc0d28ef482bc7,farm_2945_original,2132570827,0,121761,120758,1,0,0,DONE,DONE,719,719,1,,4.67
p3066_c001_farm,cdd0ae7b4c999599,kaggle-environments 1.32.7,a52ba1bfe9df9dc1d504550af46744ef8d474797cdba7af2412dc40a3ebdf3b8,main,bfee70e9daaebeae0737a880f1df8f1c60d0783c59af620136cc0d28ef482bc7,farm_2945_original,2132570827,1,121761,120758,1,0,0,DONE,DONE,719,719,1,,4.93
p3066_c001_farm,cdd0ae7b4c999599,kaggle-environments 1.32.7,a52ba1bfe9df9dc1d504550af46744ef8d474797cdba7af2412dc40a3ebdf3b8,main,bfee70e9daaebeae0737a880f1df8f1c60d0783c59af620136cc0d28ef482bc7,farm_2945_original,2140755395,0,80858,82134,0,1,0,DONE,DONE,719,719,1,,4.38
p3066_c001_farm,cdd0ae7b4c999599,kaggle-environments 1.32.7,a52ba1bfe9df9dc1d504550af46744ef8d474797cdba7af2412dc40a3ebdf3b8,main,bfee70e9daaebeae0737a880f1df8f1c60d0783c59af620136cc0d28ef482bc7,farm_2945_original,2140755395,1,80858,82134,0,1,0,DONE,DONE,719,719,1,,4.37
p3066_c001_farm,cdd0ae7b4c999599,kaggle-environments 1.32.7,a52ba1bfe9df9dc1d504550af46744ef8d474797cdba7af2412dc40a3ebdf3b8,main,bfee70e9daaebeae0737a880f1df8f1c60d0783c59af620136cc0d28ef482bc7,farm_2945_original,2140927225,0,112241,110095,1,0,0,DONE,DONE,719,719,1,,4.28
p3066_c001_farm,cdd0ae7b4c999599,kaggle-environments 1.32.7,a52ba1bfe9df9dc1d504550af46744ef8d474797cdba7af2412dc40a3ebdf3b8,main,bfee70e9daaebeae0737a880f1df8f1c60d0783c59af620136cc0d28ef482bc7,farm_2945_original,2140927225,1,112241,110095,1,0,0,DONE,DONE,719,719,1,,4.62
p3066_c001_farm,cdd0ae7b4c999599,kaggle-environments 1.32.7,a52ba1bfe9df9dc1d504550af46744ef8d474797cdba7af2412dc40a3ebdf3b8,main,bfee70e9daaebeae0737a880f1df8f1c60d0783c59af620136cc0d28ef482bc7,farm_2945_original,2141012495,0,125057,124966,1,0,0,DONE,DONE,719,719,1,,4.6
p3066_c001_farm,cdd0ae7b4c999599,kaggle-environments 1.32.7,a52ba1bfe9df9dc1d504550af46744ef8d474797cdba7af2412dc40a3ebdf3b8,main,bfee70e9daaebeae0737a880f1df8f1c60d0783c59af620136cc0d28ef482bc7,farm_2945_original,2141012495,1,125057,124966,1,0,0,DONE,DONE,719,719,1,,4.79
p3066_c001_farm,cdd0ae7b4c999599,kaggle-environments 1.32.7,a52ba1bfe9df9dc1d504550af46744ef8d474797cdba7af2412dc40a3ebdf3b8,main,bfee70e9daaebeae0737a880f1df8f1c60d0783c59af620136cc0d28ef482bc7,farm_2945_original,2141442848,0,70895,71419,0,1,0,DONE,DONE,719,719,1,,4.46
p3066_c001_farm,cdd0ae7b4c999599,kaggle-environments 1.32.7,a52ba1bfe9df9dc1d504550af46744ef8d474797cdba7af2412dc40a3ebdf3b8,main,bfee70e9daaebeae0737a880f1df8f1c60d0783c59af620136cc0d28ef482bc7,farm_2945_original,2141442848,1,70895,71419,0,1,0,DONE,DONE,719,719,1,,4.35
p3066_c001_farm,cdd0ae7b4c999599,kaggle-environments 1.32.7,a52ba1bfe9df9dc1d504550af46744ef8d474797cdba7af2412dc40a3ebdf3b8,main,bfee70e9daaebeae0737a880f1df8f1c60d0783c59af620136cc0d28ef482bc7,farm_2945_original,2141864372,0,108870,109013,0,1,0,DONE,DONE,719,719,1,,4.32
p3066_c001_farm,cdd0ae7b4c999599,kaggle-environments 1.32.7,a52ba1bfe9df9dc1d504550af46744ef8d474797cdba7af2412dc40a3ebdf3b8,main,bfee70e9daaebeae0737a880f1df8f1c60d0783c59af620136cc0d28ef482bc7,farm_2945_original,2141864372,1,108870,109013,0,1,0,DONE,DONE,719,719,1,,4.46
p3066_c001_farm,cdd0ae7b4c999599,kaggle-environments 1.32.7,a52ba1bfe9df9dc1d504550af46744ef8d474797cdba7af2412dc40a3ebdf3b8,main,bfee70e9daaebeae0737a880f1df8f1c60d0783c59af620136cc0d28ef482bc7,farm_2945_original,2142117982,0,115959,115538,1,0,0,DONE,DONE,719,719,1,,4.49
p3066_c001_farm,cdd0ae7b4c999599,kaggle-environments 1.32.7,a52ba1bfe9df9dc1d504550af46744ef8d474797cdba7af2412dc40a3ebdf3b8,main,bfee70e9daaebeae0737a880f1df8f1c60d0783c59af620136cc0d28ef482bc7,farm_2945_original,2142117982,1,115959,115538,1,0,0,DONE,DONE,719,719,1,,4.51
p3066_c001_farm,cdd0ae7b4c999599,kaggle-environments 1.32.7,a52ba1bfe9df9dc1d504550af46744ef8d474797cdba7af2412dc40a3ebdf3b8,main,bfee70e9daaebeae0737a880f1df8f1c60d0783c59af620136cc0d28ef482bc7,farm_2945_original,2142534215,0,137094,138506,0,1,0,DONE,DONE,719,719,1,,4.28
p3066_c001_farm,cdd0ae7b4c999599,kaggle-environments 1.32.7,a52ba1bfe9df9dc1d504550af46744ef8d474797cdba7af2412dc40a3ebdf3b8,main,bfee70e9daaebeae0737a880f1df8f1c60d0783c59af620136cc0d28ef482bc7,farm_2945_original,2142534215,1,137094,138506,0,1,0,DONE,DONE,719,719,1,,4.26
