experiment_id,run_id,environment_version,candidate_sha,candidate_name,opponent_sha,opponent_name,seed,seat,candidate_cash,opponent_cash,win,loss,tie,candidate_status,opponent_status,candidate_calls,opponent_calls,candidate_actions,opponent_actions,candidate_runtime_max,opponent_runtime_max,valid,invalid_reason,wall_s
p3066_moon,fd9f0e002dd7a6ad,kaggle-environments 1.32.7,a52ba1bfe9df9dc1d504550af46744ef8d474797cdba7af2412dc40a3ebdf3b8,main,178ae0f727641cf4b618ebb98ade7aa1a1bed7517281aab9849de82a59d8ed3a,kaggriculture-r88-rivals__moon_parent,1589371,0,85383,86855,0,1,0,DONE,DONE,719,719,653,652,91.051,32.602,1,,4.99
p3066_moon,fd9f0e002dd7a6ad,kaggle-environments 1.32.7,a52ba1bfe9df9dc1d504550af46744ef8d474797cdba7af2412dc40a3ebdf3b8,main,178ae0f727641cf4b618ebb98ade7aa1a1bed7517281aab9849de82a59d8ed3a,kaggriculture-r88-rivals__moon_parent,1589371,1,85383,86855,0,1,0,DONE,DONE,719,719,653,652,138.374,32.109,1,,5.29
p3066_moon,fd9f0e002dd7a6ad,kaggle-environments 1.32.7,a52ba1bfe9df9dc1d504550af46744ef8d474797cdba7af2412dc40a3ebdf3b8,main,178ae0f727641cf4b618ebb98ade7aa1a1bed7517281aab9849de82a59d8ed3a,kaggriculture-r88-rivals__moon_parent,2527947,0,114177,115767,0,1,0,DONE,DONE,719,719,665,638,7.083,32.955,1,,5.6
p3066_moon,fd9f0e002dd7a6ad,kaggle-environments 1.32.7,a52ba1bfe9df9dc1d504550af46744ef8d474797cdba7af2412dc40a3ebdf3b8,main,178ae0f727641cf4b618ebb98ade7aa1a1bed7517281aab9849de82a59d8ed3a,kaggriculture-r88-rivals__moon_parent,2527947,1,116518,119493,0,1,0,DONE,DONE,719,719,665,640,116.33,32.699,1,,5.54
p3066_moon,fd9f0e002dd7a6ad,kaggle-environments 1.32.7,a52ba1bfe9df9dc1d504550af46744ef8d474797cdba7af2412dc40a3ebdf3b8,main,178ae0f727641cf4b618ebb98ade7aa1a1bed7517281aab9849de82a59d8ed3a,kaggriculture-r88-rivals__moon_parent,2530515,0,91072,91660,0,1,0,DONE,DONE,719,719,650,649,16.81,32.346,1,,4.97
p3066_moon,fd9f0e002dd7a6ad,kaggle-environments 1.32.7,a52ba1bfe9df9dc1d504550af46744ef8d474797cdba7af2412dc40a3ebdf3b8,main,178ae0f727641cf4b618ebb98ade7aa1a1bed7517281aab9849de82a59d8ed3a,kaggriculture-r88-rivals__moon_parent,2530515,1,91072,91660,0,1,0,DONE,DONE,719,719,650,649,56.668,31.836,1,,5.16
p3066_moon,fd9f0e002dd7a6ad,kaggle-environments 1.32.7,a52ba1bfe9df9dc1d504550af46744ef8d474797cdba7af2412dc40a3ebdf3b8,main,178ae0f727641cf4b618ebb98ade7aa1a1bed7517281aab9849de82a59d8ed3a,kaggriculture-r88-rivals__moon_parent,2684125,0,118373,119632,0,1,0,DONE,DONE,719,719,655,654,15.728,33.353,1,,5.1
p3066_moon,fd9f0e002dd7a6ad,kaggle-environments 1.32.7,a52ba1bfe9df9dc1d504550af46744ef8d474797cdba7af2412dc40a3ebdf3b8,main,178ae0f727641cf4b618ebb98ade7aa1a1bed7517281aab9849de82a59d8ed3a,kaggriculture-r88-rivals__moon_parent,2684125,1,118373,119632,0,1,0,DONE,DONE,719,719,655,654,20.785,40.694,1,,5.17
p3066_moon,fd9f0e002dd7a6ad,kaggle-environments 1.32.7,a52ba1bfe9df9dc1d504550af46744ef8d474797cdba7af2412dc40a3ebdf3b8,main,178ae0f727641cf4b618ebb98ade7aa1a1bed7517281aab9849de82a59d8ed3a,kaggriculture-r88-rivals__moon_parent,2704029,0,93645,94800,0,1,0,DONE,DONE,719,719,659,659,60.221,30.944,1,,4.37
p3066_moon,fd9f0e002dd7a6ad,kaggle-environments 1.32.7,a52ba1bfe9df9dc1d504550af46744ef8d474797cdba7af2412dc40a3ebdf3b8,main,178ae0f727641cf4b618ebb98ade7aa1a1bed7517281aab9849de82a59d8ed3a,kaggriculture-r88-rivals__moon_parent,2704029,1,93645,94800,0,1,0,DONE,DONE,719,719,659,659,16.737,31.817,1,,4.4
p3066_moon,fd9f0e002dd7a6ad,kaggle-environments 1.32.7,a52ba1bfe9df9dc1d504550af46744ef8d474797cdba7af2412dc40a3ebdf3b8,main,178ae0f727641cf4b618ebb98ade7aa1a1bed7517281aab9849de82a59d8ed3a,kaggriculture-r88-rivals__moon_parent,3468142,0,97521,97426,1,0,0,DONE,DONE,719,719,657,657,11.595,30.172,1,,4.77
p3066_moon,fd9f0e002dd7a6ad,kaggle-environments 1.32.7,a52ba1bfe9df9dc1d504550af46744ef8d474797cdba7af2412dc40a3ebdf3b8,main,178ae0f727641cf4b618ebb98ade7aa1a1bed7517281aab9849de82a59d8ed3a,kaggriculture-r88-rivals__moon_parent,3468142,1,97521,97426,1,0,0,DONE,DONE,719,719,658,656,10.434,33.502,1,,4.58
p3066_moon,fd9f0e002dd7a6ad,kaggle-environments 1.32.7,a52ba1bfe9df9dc1d504550af46744ef8d474797cdba7af2412dc40a3ebdf3b8,main,178ae0f727641cf4b618ebb98ade7aa1a1bed7517281aab9849de82a59d8ed3a,kaggriculture-r88-rivals__moon_parent,5521358,0,77309,77803,0,1,0,DONE,DONE,719,719,634,634,16.682,30.612,1,,4.6
p3066_moon,fd9f0e002dd7a6ad,kaggle-environments 1.32.7,a52ba1bfe9df9dc1d504550af46744ef8d474797cdba7af2412dc40a3ebdf3b8,main,178ae0f727641cf4b618ebb98ade7aa1a1bed7517281aab9849de82a59d8ed3a,kaggriculture-r88-rivals__moon_parent,5521358,1,77309,77803,0,1,0,DONE,DONE,719,719,634,634,75.936,50.66,1,,4.4
p3066_moon,fd9f0e002dd7a6ad,kaggle-environments 1.32.7,a52ba1bfe9df9dc1d504550af46744ef8d474797cdba7af2412dc40a3ebdf3b8,main,178ae0f727641cf4b618ebb98ade7aa1a1bed7517281aab9849de82a59d8ed3a,kaggriculture-r88-rivals__moon_parent,7923960,0,112870,113991,0,1,0,DONE,DONE,719,719,656,656,118.48,31.39,1,,4.58
p3066_moon,fd9f0e002dd7a6ad,kaggle-environments 1.32.7,a52ba1bfe9df9dc1d504550af46744ef8d474797cdba7af2412dc40a3ebdf3b8,main,178ae0f727641cf4b618ebb98ade7aa1a1bed7517281aab9849de82a59d8ed3a,kaggriculture-r88-rivals__moon_parent,7923960,1,112870,113991,0,1,0,DONE,DONE,719,719,656,656,127.475,46.716,1,,4.58
p3066_moon,fd9f0e002dd7a6ad,kaggle-environments 1.32.7,a52ba1bfe9df9dc1d504550af46744ef8d474797cdba7af2412dc40a3ebdf3b8,main,178ae0f727641cf4b618ebb98ade7aa1a1bed7517281aab9849de82a59d8ed3a,kaggriculture-r88-rivals__moon_parent,9421863,0,115008,115906,0,1,0,DONE,DONE,719,719,657,656,37.309,30.464,1,,4.43
p3066_moon,fd9f0e002dd7a6ad,kaggle-environments 1.32.7,a52ba1bfe9df9dc1d504550af46744ef8d474797cdba7af2412dc40a3ebdf3b8,main,178ae0f727641cf4b618ebb98ade7aa1a1bed7517281aab9849de82a59d8ed3a,kaggriculture-r88-rivals__moon_parent,9421863,1,115008,115906,0,1,0,DONE,DONE,719,719,657,656,84.645,37.268,1,,4.42
p3066_moon,fd9f0e002dd7a6ad,kaggle-environments 1.32.7,a52ba1bfe9df9dc1d504550af46744ef8d474797cdba7af2412dc40a3ebdf3b8,main,178ae0f727641cf4b618ebb98ade7aa1a1bed7517281aab9849de82a59d8ed3a,kaggriculture-r88-rivals__moon_parent,11791344,0,87436,85103,1,0,0,DONE,DONE,719,719,650,639,49.871,31.668,1,,4.68
p3066_moon,fd9f0e002dd7a6ad,kaggle-environments 1.32.7,a52ba1bfe9df9dc1d504550af46744ef8d474797cdba7af2412dc40a3ebdf3b8,main,178ae0f727641cf4b618ebb98ade7aa1a1bed7517281aab9849de82a59d8ed3a,kaggriculture-r88-rivals__moon_parent,11791344,1,87436,85103,1,0,0,DONE,DONE,719,719,650,639,5.455,31.248,1,,4.99
p3066_moon,fd9f0e002dd7a6ad,kaggle-environments 1.32.7,a52ba1bfe9df9dc1d504550af46744ef8d474797cdba7af2412dc40a3ebdf3b8,main,178ae0f727641cf4b618ebb98ade7aa1a1bed7517281aab9849de82a59d8ed3a,kaggriculture-r88-rivals__moon_parent,11837966,0,75250,77378,0,1,0,DONE,DONE,719,719,657,657,82.954,30.314,1,,4.4
p3066_moon,fd9f0e002dd7a6ad,kaggle-environments 1.32.7,a52ba1bfe9df9dc1d504550af46744ef8d474797cdba7af2412dc40a3ebdf3b8,main,178ae0f727641cf4b618ebb98ade7aa1a1bed7517281aab9849de82a59d8ed3a,kaggriculture-r88-rivals__moon_parent,11837966,1,75250,77378,0,1,0,DONE,DONE,719,719,657,657,17.076,145.304,1,,4.74
p3066_moon,fd9f0e002dd7a6ad,kaggle-environments 1.32.7,a52ba1bfe9df9dc1d504550af46744ef8d474797cdba7af2412dc40a3ebdf3b8,main,178ae0f727641cf4b618ebb98ade7aa1a1bed7517281aab9849de82a59d8ed3a,kaggriculture-r88-rivals__moon_parent,11961457,0,124673,126513,0,1,0,DONE,DONE,719,719,653,652,130.001,31.863,1,,4.89
p3066_moon,fd9f0e002dd7a6ad,kaggle-environments 1.32.7,a52ba1bfe9df9dc1d504550af46744ef8d474797cdba7af2412dc40a3ebdf3b8,main,178ae0f727641cf4b618ebb98ade7aa1a1bed7517281aab9849de82a59d8ed3a,kaggriculture-r88-rivals__moon_parent,11961457,1,125718,125442,1,0,0,DONE,DONE,719,719,653,652,10.086,132.588,1,,4.86
p3066_moon,fd9f0e002dd7a6ad,kaggle-environments 1.32.7,a52ba1bfe9df9dc1d504550af46744ef8d474797cdba7af2412dc40a3ebdf3b8,main,178ae0f727641cf4b618ebb98ade7aa1a1bed7517281aab9849de82a59d8ed3a,kaggriculture-r88-rivals__moon_parent,15332070,0,87008,87945,0,1,0,DONE,DONE,719,719,652,651,15.561,34.196,1,,4.5
p3066_moon,fd9f0e002dd7a6ad,kaggle-environments 1.32.7,a52ba1bfe9df9dc1d504550af46744ef8d474797cdba7af2412dc40a3ebdf3b8,main,178ae0f727641cf4b618ebb98ade7aa1a1bed7517281aab9849de82a59d8ed3a,kaggriculture-r88-rivals__moon_parent,15332070,1,87008,87945,0,1,0,DONE,DONE,719,719,652,651,119.016,32.158,1,,4.48
p3066_moon,fd9f0e002dd7a6ad,kaggle-environments 1.32.7,a52ba1bfe9df9dc1d504550af46744ef8d474797cdba7af2412dc40a3ebdf3b8,main,178ae0f727641cf4b618ebb98ade7aa1a1bed7517281aab9849de82a59d8ed3a,kaggriculture-r88-rivals__moon_parent,20365933,0,62944,65009,0,1,0,DONE,DONE,719,719,653,653,98.927,30.603,1,,4.6
p3066_moon,fd9f0e002dd7a6ad,kaggle-environments 1.32.7,a52ba1bfe9df9dc1d504550af46744ef8d474797cdba7af2412dc40a3ebdf3b8,main,178ae0f727641cf4b618ebb98ade7aa1a1bed7517281aab9849de82a59d8ed3a,kaggriculture-r88-rivals__moon_parent,20365933,1,62944,65009,0,1,0,DONE,DONE,719,719,653,653,62.332,72.38,1,,4.8
p3066_moon,fd9f0e002dd7a6ad,kaggle-environments 1.32.7,a52ba1bfe9df9dc1d504550af46744ef8d474797cdba7af2412dc40a3ebdf3b8,main,178ae0f727641cf4b618ebb98ade7aa1a1bed7517281aab9849de82a59d8ed3a,kaggriculture-r88-rivals__moon_parent,20666293,0,71849,73340,0,1,0,DONE,DONE,719,719,649,649,16.798,32.276,1,,4.67
p3066_moon,fd9f0e002dd7a6ad,kaggle-environments 1.32.7,a52ba1bfe9df9dc1d504550af46744ef8d474797cdba7af2412dc40a3ebdf3b8,main,178ae0f727641cf4b618ebb98ade7aa1a1bed7517281aab9849de82a59d8ed3a,kaggriculture-r88-rivals__moon_parent,20666293,1,71849,73340,0,1,0,DONE,DONE,719,719,649,649,16.756,87.824,1,,4.4
p3066_moon,fd9f0e002dd7a6ad,kaggle-environments 1.32.7,a52ba1bfe9df9dc1d504550af46744ef8d474797cdba7af2412dc40a3ebdf3b8,main,178ae0f727641cf4b618ebb98ade7aa1a1bed7517281aab9849de82a59d8ed3a,kaggriculture-r88-rivals__moon_parent,20772491,0,138947,139909,0,1,0,DONE,DONE,719,719,656,655,127.287,33.386,1,,4.85
p3066_moon,fd9f0e002dd7a6ad,kaggle-environments 1.32.7,a52ba1bfe9df9dc1d504550af46744ef8d474797cdba7af2412dc40a3ebdf3b8,main,178ae0f727641cf4b618ebb98ade7aa1a1bed7517281aab9849de82a59d8ed3a,kaggriculture-r88-rivals__moon_parent,20772491,1,138947,139909,0,1,0,DONE,DONE,719,719,656,655,103.578,118.387,1,,4.82
p3066_moon,fd9f0e002dd7a6ad,kaggle-environments 1.32.7,a52ba1bfe9df9dc1d504550af46744ef8d474797cdba7af2412dc40a3ebdf3b8,main,178ae0f727641cf4b618ebb98ade7aa1a1bed7517281aab9849de82a59d8ed3a,kaggriculture-r88-rivals__moon_parent,22791941,0,98656,100651,0,1,0,DONE,DONE,719,719,651,650,80.645,30.016,1,,4.65
p3066_moon,fd9f0e002dd7a6ad,kaggle-environments 1.32.7,a52ba1bfe9df9dc1d504550af46744ef8d474797cdba7af2412dc40a3ebdf3b8,main,178ae0f727641cf4b618ebb98ade7aa1a1bed7517281aab9849de82a59d8ed3a,kaggriculture-r88-rivals__moon_parent,22791941,1,98656,100651,0,1,0,DONE,DONE,719,719,651,650,4.684,78.623,1,,5.0
p3066_moon,fd9f0e002dd7a6ad,kaggle-environments 1.32.7,a52ba1bfe9df9dc1d504550af46744ef8d474797cdba7af2412dc40a3ebdf3b8,main,178ae0f727641cf4b618ebb98ade7aa1a1bed7517281aab9849de82a59d8ed3a,kaggriculture-r88-rivals__moon_parent,24577019,0,95832,96502,0,1,0,DONE,DONE,719,719,654,654,78.092,32.754,1,,4.34
p3066_moon,fd9f0e002dd7a6ad,kaggle-environments 1.32.7,a52ba1bfe9df9dc1d504550af46744ef8d474797cdba7af2412dc40a3ebdf3b8,main,178ae0f727641cf4b618ebb98ade7aa1a1bed7517281aab9849de82a59d8ed3a,kaggriculture-r88-rivals__moon_parent,24577019,1,95832,96502,0,1,0,DONE,DONE,719,719,654,654,17.022,60.406,1,,4.42
p3066_moon,fd9f0e002dd7a6ad,kaggle-environments 1.32.7,a52ba1bfe9df9dc1d504550af46744ef8d474797cdba7af2412dc40a3ebdf3b8,main,178ae0f727641cf4b618ebb98ade7aa1a1bed7517281aab9849de82a59d8ed3a,kaggriculture-r88-rivals__moon_parent,25490548,0,61725,62765,0,1,0,DONE,DONE,719,719,649,648,74.66,31.779,1,,4.49
p3066_moon,fd9f0e002dd7a6ad,kaggle-environments 1.32.7,a52ba1bfe9df9dc1d504550af46744ef8d474797cdba7af2412dc40a3ebdf3b8,main,178ae0f727641cf4b618ebb98ade7aa1a1bed7517281aab9849de82a59d8ed3a,kaggriculture-r88-rivals__moon_parent,25490548,1,61725,62765,0,1,0,DONE,DONE,719,719,649,648,82.409,32.932,1,,4.76
p3066_moon,fd9f0e002dd7a6ad,kaggle-environments 1.32.7,a52ba1bfe9df9dc1d504550af46744ef8d474797cdba7af2412dc40a3ebdf3b8,main,178ae0f727641cf4b618ebb98ade7aa1a1bed7517281aab9849de82a59d8ed3a,kaggriculture-r88-rivals__moon_parent,26407067,0,121504,127441,0,1,0,DONE,DONE,719,719,639,639,6.044,31.491,1,,4.95
p3066_moon,fd9f0e002dd7a6ad,kaggle-environments 1.32.7,a52ba1bfe9df9dc1d504550af46744ef8d474797cdba7af2412dc40a3ebdf3b8,main,178ae0f727641cf4b618ebb98ade7aa1a1bed7517281aab9849de82a59d8ed3a,kaggriculture-r88-rivals__moon_parent,26407067,1,121504,127441,0,1,0,DONE,DONE,719,719,639,639,6.05,67.306,1,,4.97
p3066_moon,fd9f0e002dd7a6ad,kaggle-environments 1.32.7,a52ba1bfe9df9dc1d504550af46744ef8d474797cdba7af2412dc40a3ebdf3b8,main,178ae0f727641cf4b618ebb98ade7aa1a1bed7517281aab9849de82a59d8ed3a,kaggriculture-r88-rivals__moon_parent,28510988,0,105295,107041,0,1,0,DONE,DONE,719,719,654,653,16.034,31.882,1,,4.5
p3066_moon,fd9f0e002dd7a6ad,kaggle-environments 1.32.7,a52ba1bfe9df9dc1d504550af46744ef8d474797cdba7af2412dc40a3ebdf3b8,main,178ae0f727641cf4b618ebb98ade7aa1a1bed7517281aab9849de82a59d8ed3a,kaggriculture-r88-rivals__moon_parent,28510988,1,106354,105984,1,0,0,DONE,DONE,719,719,654,653,59.01,94.474,1,,4.4
p3066_moon,fd9f0e002dd7a6ad,kaggle-environments 1.32.7,a52ba1bfe9df9dc1d504550af46744ef8d474797cdba7af2412dc40a3ebdf3b8,main,178ae0f727641cf4b618ebb98ade7aa1a1bed7517281aab9849de82a59d8ed3a,kaggriculture-r88-rivals__moon_parent,29394016,0,91134,94014,0,1,0,DONE,DONE,719,719,653,653,85.251,30.832,1,,4.73
p3066_moon,fd9f0e002dd7a6ad,kaggle-environments 1.32.7,a52ba1bfe9df9dc1d504550af46744ef8d474797cdba7af2412dc40a3ebdf3b8,main,178ae0f727641cf4b618ebb98ade7aa1a1bed7517281aab9849de82a59d8ed3a,kaggriculture-r88-rivals__moon_parent,29394016,1,91134,94014,0,1,0,DONE,DONE,719,719,653,653,27.862,37.873,1,,5.1
p3066_moon,fd9f0e002dd7a6ad,kaggle-environments 1.32.7,a52ba1bfe9df9dc1d504550af46744ef8d474797cdba7af2412dc40a3ebdf3b8,main,178ae0f727641cf4b618ebb98ade7aa1a1bed7517281aab9849de82a59d8ed3a,kaggriculture-r88-rivals__moon_parent,30998681,0,94619,95866,0,1,0,DONE,DONE,719,719,638,638,49.496,32.846,1,,4.45
p3066_moon,fd9f0e002dd7a6ad,kaggle-environments 1.32.7,a52ba1bfe9df9dc1d504550af46744ef8d474797cdba7af2412dc40a3ebdf3b8,main,178ae0f727641cf4b618ebb98ade7aa1a1bed7517281aab9849de82a59d8ed3a,kaggriculture-r88-rivals__moon_parent,30998681,1,94619,95866,0,1,0,DONE,DONE,719,719,638,638,60.057,33.779,1,,4.35
p3066_moon,fd9f0e002dd7a6ad,kaggle-environments 1.32.7,a52ba1bfe9df9dc1d504550af46744ef8d474797cdba7af2412dc40a3ebdf3b8,main,178ae0f727641cf4b618ebb98ade7aa1a1bed7517281aab9849de82a59d8ed3a,kaggriculture-r88-rivals__moon_parent,31863189,0,75212,77121,0,1,0,DONE,DONE,719,719,649,649,84.932,32.593,1,,4.71
p3066_moon,fd9f0e002dd7a6ad,kaggle-environments 1.32.7,a52ba1bfe9df9dc1d504550af46744ef8d474797cdba7af2412dc40a3ebdf3b8,main,178ae0f727641cf4b618ebb98ade7aa1a1bed7517281aab9849de82a59d8ed3a,kaggriculture-r88-rivals__moon_parent,31863189,1,75212,77121,0,1,0,DONE,DONE,719,719,649,649,15.624,104.314,1,,4.69
p3066_moon,fd9f0e002dd7a6ad,kaggle-environments 1.32.7,a52ba1bfe9df9dc1d504550af46744ef8d474797cdba7af2412dc40a3ebdf3b8,main,178ae0f727641cf4b618ebb98ade7aa1a1bed7517281aab9849de82a59d8ed3a,kaggriculture-r88-rivals__moon_parent,33394953,0,72617,76282,0,1,0,DONE,DONE,719,719,649,633,32.374,54.154,1,,5.83
p3066_moon,fd9f0e002dd7a6ad,kaggle-environments 1.32.7,a52ba1bfe9df9dc1d504550af46744ef8d474797cdba7af2412dc40a3ebdf3b8,main,178ae0f727641cf4b618ebb98ade7aa1a1bed7517281aab9849de82a59d8ed3a,kaggriculture-r88-rivals__moon_parent,33394953,1,72617,76282,0,1,0,DONE,DONE,719,719,649,633,49.379,60.444,1,,4.77
p3066_moon,fd9f0e002dd7a6ad,kaggle-environments 1.32.7,a52ba1bfe9df9dc1d504550af46744ef8d474797cdba7af2412dc40a3ebdf3b8,main,178ae0f727641cf4b618ebb98ade7aa1a1bed7517281aab9849de82a59d8ed3a,kaggriculture-r88-rivals__moon_parent,36001919,0,96872,96765,1,0,0,DONE,DONE,719,719,656,655,115.236,32.025,1,,4.62
p3066_moon,fd9f0e002dd7a6ad,kaggle-environments 1.32.7,a52ba1bfe9df9dc1d504550af46744ef8d474797cdba7af2412dc40a3ebdf3b8,main,178ae0f727641cf4b618ebb98ade7aa1a1bed7517281aab9849de82a59d8ed3a,kaggriculture-r88-rivals__moon_parent,36001919,1,96872,96765,1,0,0,DONE,DONE,719,719,656,655,14.563,148.143,1,,6.49
p3066_moon,fd9f0e002dd7a6ad,kaggle-environments 1.32.7,a52ba1bfe9df9dc1d504550af46744ef8d474797cdba7af2412dc40a3ebdf3b8,main,178ae0f727641cf4b618ebb98ade7aa1a1bed7517281aab9849de82a59d8ed3a,kaggriculture-r88-rivals__moon_parent,39134138,0,100986,103079,0,1,0,DONE,DONE,719,719,654,654,76.832,40.566,1,,4.68
p3066_moon,fd9f0e002dd7a6ad,kaggle-environments 1.32.7,a52ba1bfe9df9dc1d504550af46744ef8d474797cdba7af2412dc40a3ebdf3b8,main,178ae0f727641cf4b618ebb98ade7aa1a1bed7517281aab9849de82a59d8ed3a,kaggriculture-r88-rivals__moon_parent,39134138,1,100986,103079,0,1,0,DONE,DONE,719,719,654,654,16.787,130.482,1,,5.96
p3066_moon,fd9f0e002dd7a6ad,kaggle-environments 1.32.7,a52ba1bfe9df9dc1d504550af46744ef8d474797cdba7af2412dc40a3ebdf3b8,main,178ae0f727641cf4b618ebb98ade7aa1a1bed7517281aab9849de82a59d8ed3a,kaggriculture-r88-rivals__moon_parent,43999691,0,74703,76868,0,1,0,DONE,DONE,719,719,653,653,108.292,40.312,1,,5.57
p3066_moon,fd9f0e002dd7a6ad,kaggle-environments 1.32.7,a52ba1bfe9df9dc1d504550af46744ef8d474797cdba7af2412dc40a3ebdf3b8,main,178ae0f727641cf4b618ebb98ade7aa1a1bed7517281aab9849de82a59d8ed3a,kaggriculture-r88-rivals__moon_parent,43999691,1,74703,76868,0,1,0,DONE,DONE,719,719,653,653,10.959,35.371,1,,5.41
p3066_moon,fd9f0e002dd7a6ad,kaggle-environments 1.32.7,a52ba1bfe9df9dc1d504550af46744ef8d474797cdba7af2412dc40a3ebdf3b8,main,178ae0f727641cf4b618ebb98ade7aa1a1bed7517281aab9849de82a59d8ed3a,kaggriculture-r88-rivals__moon_parent,44085303,0,103233,104196,0,1,0,DONE,DONE,719,719,656,655,84.526,30.452,1,,4.45
p3066_moon,fd9f0e002dd7a6ad,kaggle-environments 1.32.7,a52ba1bfe9df9dc1d504550af46744ef8d474797cdba7af2412dc40a3ebdf3b8,main,178ae0f727641cf4b618ebb98ade7aa1a1bed7517281aab9849de82a59d8ed3a,kaggriculture-r88-rivals__moon_parent,44085303,1,103233,104196,0,1,0,DONE,DONE,719,719,656,655,17.418,93.835,1,,4.97
p3066_moon,fd9f0e002dd7a6ad,kaggle-environments 1.32.7,a52ba1bfe9df9dc1d504550af46744ef8d474797cdba7af2412dc40a3ebdf3b8,main,178ae0f727641cf4b618ebb98ade7aa1a1bed7517281aab9849de82a59d8ed3a,kaggriculture-r88-rivals__moon_parent,46152523,0,88248,90471,0,1,0,DONE,DONE,719,719,637,637,54.232,39.563,1,,4.74
p3066_moon,fd9f0e002dd7a6ad,kaggle-environments 1.32.7,a52ba1bfe9df9dc1d504550af46744ef8d474797cdba7af2412dc40a3ebdf3b8,main,178ae0f727641cf4b618ebb98ade7aa1a1bed7517281aab9849de82a59d8ed3a,kaggriculture-r88-rivals__moon_parent,46152523,1,88248,90471,0,1,0,DONE,DONE,719,719,637,637,47.837,38.587,1,,4.62
p3066_moon,fd9f0e002dd7a6ad,kaggle-environments 1.32.7,a52ba1bfe9df9dc1d504550af46744ef8d474797cdba7af2412dc40a3ebdf3b8,main,178ae0f727641cf4b618ebb98ade7aa1a1bed7517281aab9849de82a59d8ed3a,kaggriculture-r88-rivals__moon_parent,47794640,0,58028,60953,0,1,0,DONE,DONE,719,719,648,633,96.259,35.771,1,,4.68
p3066_moon,fd9f0e002dd7a6ad,kaggle-environments 1.32.7,a52ba1bfe9df9dc1d504550af46744ef8d474797cdba7af2412dc40a3ebdf3b8,main,178ae0f727641cf4b618ebb98ade7aa1a1bed7517281aab9849de82a59d8ed3a,kaggriculture-r88-rivals__moon_parent,47794640,1,58028,60953,0,1,0,DONE,DONE,719,719,648,633,104.371,31.079,1,,4.4
p3066_moon,fd9f0e002dd7a6ad,kaggle-environments 1.32.7,a52ba1bfe9df9dc1d504550af46744ef8d474797cdba7af2412dc40a3ebdf3b8,main,178ae0f727641cf4b618ebb98ade7aa1a1bed7517281aab9849de82a59d8ed3a,kaggriculture-r88-rivals__moon_parent,48301656,0,65514,65987,0,1,0,DONE,DONE,719,719,651,650,99.291,35.92,1,,4.65
p3066_moon,fd9f0e002dd7a6ad,kaggle-environments 1.32.7,a52ba1bfe9df9dc1d504550af46744ef8d474797cdba7af2412dc40a3ebdf3b8,main,178ae0f727641cf4b618ebb98ade7aa1a1bed7517281aab9849de82a59d8ed3a,kaggriculture-r88-rivals__moon_parent,48301656,1,65514,65987,0,1,0,DONE,DONE,719,719,651,650,69.317,71.274,1,,4.64
p3066_moon,fd9f0e002dd7a6ad,kaggle-environments 1.32.7,a52ba1bfe9df9dc1d504550af46744ef8d474797cdba7af2412dc40a3ebdf3b8,main,178ae0f727641cf4b618ebb98ade7aa1a1bed7517281aab9849de82a59d8ed3a,kaggriculture-r88-rivals__moon_parent,51213129,0,130298,131703,0,1,0,DONE,DONE,719,719,656,655,82.27,31.442,1,,4.35
p3066_moon,fd9f0e002dd7a6ad,kaggle-environments 1.32.7,a52ba1bfe9df9dc1d504550af46744ef8d474797cdba7af2412dc40a3ebdf3b8,main,178ae0f727641cf4b618ebb98ade7aa1a1bed7517281aab9849de82a59d8ed3a,kaggriculture-r88-rivals__moon_parent,51213129,1,130298,131703,0,1,0,DONE,DONE,719,719,656,655,93.464,63.646,1,,4.7
p3066_moon,fd9f0e002dd7a6ad,kaggle-environments 1.32.7,a52ba1bfe9df9dc1d504550af46744ef8d474797cdba7af2412dc40a3ebdf3b8,main,178ae0f727641cf4b618ebb98ade7aa1a1bed7517281aab9849de82a59d8ed3a,kaggriculture-r88-rivals__moon_parent,51822627,0,136658,138925,0,1,0,DONE,DONE,719,719,658,657,83.361,33.691,1,,4.45
p3066_moon,fd9f0e002dd7a6ad,kaggle-environments 1.32.7,a52ba1bfe9df9dc1d504550af46744ef8d474797cdba7af2412dc40a3ebdf3b8,main,178ae0f727641cf4b618ebb98ade7aa1a1bed7517281aab9849de82a59d8ed3a,kaggriculture-r88-rivals__moon_parent,51822627,1,136658,138925,0,1,0,DONE,DONE,719,719,658,657,86.444,31.429,1,,4.38
p3066_moon,fd9f0e002dd7a6ad,kaggle-environments 1.32.7,a52ba1bfe9df9dc1d504550af46744ef8d474797cdba7af2412dc40a3ebdf3b8,main,178ae0f727641cf4b618ebb98ade7aa1a1bed7517281aab9849de82a59d8ed3a,kaggriculture-r88-rivals__moon_parent,55431633,0,94904,101791,0,1,0,DONE,DONE,719,719,650,639,94.395,34.715,1,,5.01
p3066_moon,fd9f0e002dd7a6ad,kaggle-environments 1.32.7,a52ba1bfe9df9dc1d504550af46744ef8d474797cdba7af2412dc40a3ebdf3b8,main,178ae0f727641cf4b618ebb98ade7aa1a1bed7517281aab9849de82a59d8ed3a,kaggriculture-r88-rivals__moon_parent,55431633,1,95027,101672,0,1,0,DONE,DONE,719,719,650,639,5.455,111.718,1,,4.71
p3066_moon,fd9f0e002dd7a6ad,kaggle-environments 1.32.7,a52ba1bfe9df9dc1d504550af46744ef8d474797cdba7af2412dc40a3ebdf3b8,main,178ae0f727641cf4b618ebb98ade7aa1a1bed7517281aab9849de82a59d8ed3a,kaggriculture-r88-rivals__moon_parent,56558750,0,108886,111731,0,1,0,DONE,DONE,719,719,649,637,104.088,32.61,1,,4.74
p3066_moon,fd9f0e002dd7a6ad,kaggle-environments 1.32.7,a52ba1bfe9df9dc1d504550af46744ef8d474797cdba7af2412dc40a3ebdf3b8,main,178ae0f727641cf4b618ebb98ade7aa1a1bed7517281aab9849de82a59d8ed3a,kaggriculture-r88-rivals__moon_parent,56558750,1,108886,111731,0,1,0,DONE,DONE,719,719,649,637,10.514,30.953,1,,4.59
p3066_moon,fd9f0e002dd7a6ad,kaggle-environments 1.32.7,a52ba1bfe9df9dc1d504550af46744ef8d474797cdba7af2412dc40a3ebdf3b8,main,178ae0f727641cf4b618ebb98ade7aa1a1bed7517281aab9849de82a59d8ed3a,kaggriculture-r88-rivals__moon_parent,58108362,0,84391,86620,0,1,0,DONE,DONE,719,719,652,651,24.207,31.004,1,,4.48
p3066_moon,fd9f0e002dd7a6ad,kaggle-environments 1.32.7,a52ba1bfe9df9dc1d504550af46744ef8d474797cdba7af2412dc40a3ebdf3b8,main,178ae0f727641cf4b618ebb98ade7aa1a1bed7517281aab9849de82a59d8ed3a,kaggriculture-r88-rivals__moon_parent,58108362,1,84391,86620,0,1,0,DONE,DONE,719,719,652,651,59.562,31.702,1,,4.58
p3066_moon,fd9f0e002dd7a6ad,kaggle-environments 1.32.7,a52ba1bfe9df9dc1d504550af46744ef8d474797cdba7af2412dc40a3ebdf3b8,main,178ae0f727641cf4b618ebb98ade7aa1a1bed7517281aab9849de82a59d8ed3a,kaggriculture-r88-rivals__moon_parent,63541042,0,120234,120332,0,1,0,DONE,DONE,719,719,657,656,15.786,155.154,1,,4.65
p3066_moon,fd9f0e002dd7a6ad,kaggle-environments 1.32.7,a52ba1bfe9df9dc1d504550af46744ef8d474797cdba7af2412dc40a3ebdf3b8,main,178ae0f727641cf4b618ebb98ade7aa1a1bed7517281aab9849de82a59d8ed3a,kaggriculture-r88-rivals__moon_parent,63541042,1,120234,120332,0,1,0,DONE,DONE,719,719,657,656,78.883,31.455,1,,4.75
p3066_moon,fd9f0e002dd7a6ad,kaggle-environments 1.32.7,a52ba1bfe9df9dc1d504550af46744ef8d474797cdba7af2412dc40a3ebdf3b8,main,178ae0f727641cf4b618ebb98ade7aa1a1bed7517281aab9849de82a59d8ed3a,kaggriculture-r88-rivals__moon_parent,65259409,0,110550,111976,0,1,0,DONE,DONE,719,719,653,652,38.805,31.523,1,,4.41
p3066_moon,fd9f0e002dd7a6ad,kaggle-environments 1.32.7,a52ba1bfe9df9dc1d504550af46744ef8d474797cdba7af2412dc40a3ebdf3b8,main,178ae0f727641cf4b618ebb98ade7aa1a1bed7517281aab9849de82a59d8ed3a,kaggriculture-r88-rivals__moon_parent,65259409,1,110550,111976,0,1,0,DONE,DONE,719,719,653,652,15.228,38.677,1,,4.82
p3066_moon,fd9f0e002dd7a6ad,kaggle-environments 1.32.7,a52ba1bfe9df9dc1d504550af46744ef8d474797cdba7af2412dc40a3ebdf3b8,main,178ae0f727641cf4b618ebb98ade7aa1a1bed7517281aab9849de82a59d8ed3a,kaggriculture-r88-rivals__moon_parent,66449875,0,102565,103525,0,1,0,DONE,DONE,719,719,649,648,63.512,31.052,1,,4.5
p3066_moon,fd9f0e002dd7a6ad,kaggle-environments 1.32.7,a52ba1bfe9df9dc1d504550af46744ef8d474797cdba7af2412dc40a3ebdf3b8,main,178ae0f727641cf4b618ebb98ade7aa1a1bed7517281aab9849de82a59d8ed3a,kaggriculture-r88-rivals__moon_parent,66449875,1,102565,103525,0,1,0,DONE,DONE,719,719,649,648,18.085,36.332,1,,4.45
p3066_moon,fd9f0e002dd7a6ad,kaggle-environments 1.32.7,a52ba1bfe9df9dc1d504550af46744ef8d474797cdba7af2412dc40a3ebdf3b8,main,178ae0f727641cf4b618ebb98ade7aa1a1bed7517281aab9849de82a59d8ed3a,kaggriculture-r88-rivals__moon_parent,71346262,0,110384,111588,0,1,0,DONE,DONE,719,719,657,656,22.303,37.792,1,,4.65
p3066_moon,fd9f0e002dd7a6ad,kaggle-environments 1.32.7,a52ba1bfe9df9dc1d504550af46744ef8d474797cdba7af2412dc40a3ebdf3b8,main,178ae0f727641cf4b618ebb98ade7aa1a1bed7517281aab9849de82a59d8ed3a,kaggriculture-r88-rivals__moon_parent,71346262,1,111500,110523,1,0,0,DONE,DONE,719,719,657,656,17.623,30.423,1,,4.41
p3066_moon,fd9f0e002dd7a6ad,kaggle-environments 1.32.7,a52ba1bfe9df9dc1d504550af46744ef8d474797cdba7af2412dc40a3ebdf3b8,main,178ae0f727641cf4b618ebb98ade7aa1a1bed7517281aab9849de82a59d8ed3a,kaggriculture-r88-rivals__moon_parent,74493709,0,73571,75504,0,1,0,DONE,DONE,719,719,640,635,104.817,127.512,1,,4.54
p3066_moon,fd9f0e002dd7a6ad,kaggle-environments 1.32.7,a52ba1bfe9df9dc1d504550af46744ef8d474797cdba7af2412dc40a3ebdf3b8,main,178ae0f727641cf4b618ebb98ade7aa1a1bed7517281aab9849de82a59d8ed3a,kaggriculture-r88-rivals__moon_parent,74493709,1,73571,75504,0,1,0,DONE,DONE,719,719,640,635,80.033,72.688,1,,4.63
p3066_moon,fd9f0e002dd7a6ad,kaggle-environments 1.32.7,a52ba1bfe9df9dc1d504550af46744ef8d474797cdba7af2412dc40a3ebdf3b8,main,178ae0f727641cf4b618ebb98ade7aa1a1bed7517281aab9849de82a59d8ed3a,kaggriculture-r88-rivals__moon_parent,77307889,0,110806,112683,0,1,0,DONE,DONE,719,719,651,640,94.241,31.18,1,,4.57
p3066_moon,fd9f0e002dd7a6ad,kaggle-environments 1.32.7,a52ba1bfe9df9dc1d504550af46744ef8d474797cdba7af2412dc40a3ebdf3b8,main,178ae0f727641cf4b618ebb98ade7aa1a1bed7517281aab9849de82a59d8ed3a,kaggriculture-r88-rivals__moon_parent,77307889,1,110806,112683,0,1,0,DONE,DONE,719,719,651,640,6.521,107.633,1,,5.02
p3066_moon,fd9f0e002dd7a6ad,kaggle-environments 1.32.7,a52ba1bfe9df9dc1d504550af46744ef8d474797cdba7af2412dc40a3ebdf3b8,main,178ae0f727641cf4b618ebb98ade7aa1a1bed7517281aab9849de82a59d8ed3a,kaggriculture-r88-rivals__moon_parent,78039233,0,129365,131003,0,1,0,DONE,DONE,719,719,643,641,58.386,30.957,1,,4.37
p3066_moon,fd9f0e002dd7a6ad,kaggle-environments 1.32.7,a52ba1bfe9df9dc1d504550af46744ef8d474797cdba7af2412dc40a3ebdf3b8,main,178ae0f727641cf4b618ebb98ade7aa1a1bed7517281aab9849de82a59d8ed3a,kaggriculture-r88-rivals__moon_parent,78039233,1,129365,131003,0,1,0,DONE,DONE,719,719,643,641,104.274,34.014,1,,4.78
p3066_moon,fd9f0e002dd7a6ad,kaggle-environments 1.32.7,a52ba1bfe9df9dc1d504550af46744ef8d474797cdba7af2412dc40a3ebdf3b8,main,178ae0f727641cf4b618ebb98ade7aa1a1bed7517281aab9849de82a59d8ed3a,kaggriculture-r88-rivals__moon_parent,80843786,0,93772,97237,0,1,0,DONE,DONE,719,719,649,638,95.547,32.313,1,,4.54
p3066_moon,fd9f0e002dd7a6ad,kaggle-environments 1.32.7,a52ba1bfe9df9dc1d504550af46744ef8d474797cdba7af2412dc40a3ebdf3b8,main,178ae0f727641cf4b618ebb98ade7aa1a1bed7517281aab9849de82a59d8ed3a,kaggriculture-r88-rivals__moon_parent,80843786,1,93772,97237,0,1,0,DONE,DONE,719,719,649,638,16.403,29.963,1,,4.36
p3066_moon,fd9f0e002dd7a6ad,kaggle-environments 1.32.7,a52ba1bfe9df9dc1d504550af46744ef8d474797cdba7af2412dc40a3ebdf3b8,main,178ae0f727641cf4b618ebb98ade7aa1a1bed7517281aab9849de82a59d8ed3a,kaggriculture-r88-rivals__moon_parent,82578275,0,111713,112055,0,1,0,DONE,DONE,719,719,653,652,17.051,31.235,1,,4.75
p3066_moon,fd9f0e002dd7a6ad,kaggle-environments 1.32.7,a52ba1bfe9df9dc1d504550af46744ef8d474797cdba7af2412dc40a3ebdf3b8,main,178ae0f727641cf4b618ebb98ade7aa1a1bed7517281aab9849de82a59d8ed3a,kaggriculture-r88-rivals__moon_parent,82578275,1,111713,112055,0,1,0,DONE,DONE,719,719,653,652,15.418,35.814,1,,4.48
p3066_moon,fd9f0e002dd7a6ad,kaggle-environments 1.32.7,a52ba1bfe9df9dc1d504550af46744ef8d474797cdba7af2412dc40a3ebdf3b8,main,178ae0f727641cf4b618ebb98ade7aa1a1bed7517281aab9849de82a59d8ed3a,kaggriculture-r88-rivals__moon_parent,84320987,0,125886,128823,0,1,0,DONE,DONE,719,719,649,637,103.7,30.607,1,,4.49
p3066_moon,fd9f0e002dd7a6ad,kaggle-environments 1.32.7,a52ba1bfe9df9dc1d504550af46744ef8d474797cdba7af2412dc40a3ebdf3b8,main,178ae0f727641cf4b618ebb98ade7aa1a1bed7517281aab9849de82a59d8ed3a,kaggriculture-r88-rivals__moon_parent,84320987,1,125886,128823,0,1,0,DONE,DONE,719,719,649,637,10.668,36.378,1,,4.87
p3066_moon,fd9f0e002dd7a6ad,kaggle-environments 1.32.7,a52ba1bfe9df9dc1d504550af46744ef8d474797cdba7af2412dc40a3ebdf3b8,main,178ae0f727641cf4b618ebb98ade7aa1a1bed7517281aab9849de82a59d8ed3a,kaggriculture-r88-rivals__moon_parent,94043888,0,88057,89876,0,1,0,DONE,DONE,719,719,653,653,66.749,33.869,1,,4.86
p3066_moon,fd9f0e002dd7a6ad,kaggle-environments 1.32.7,a52ba1bfe9df9dc1d504550af46744ef8d474797cdba7af2412dc40a3ebdf3b8,main,178ae0f727641cf4b618ebb98ade7aa1a1bed7517281aab9849de82a59d8ed3a,kaggriculture-r88-rivals__moon_parent,94043888,1,88057,89876,0,1,0,DONE,DONE,719,719,653,653,11.003,32.432,1,,4.66
p3066_moon,fd9f0e002dd7a6ad,kaggle-environments 1.32.7,a52ba1bfe9df9dc1d504550af46744ef8d474797cdba7af2412dc40a3ebdf3b8,main,178ae0f727641cf4b618ebb98ade7aa1a1bed7517281aab9849de82a59d8ed3a,kaggriculture-r88-rivals__moon_parent,96364528,0,157397,158289,0,1,0,DONE,DONE,719,719,656,655,103.564,77.244,1,,4.43
p3066_moon,fd9f0e002dd7a6ad,kaggle-environments 1.32.7,a52ba1bfe9df9dc1d504550af46744ef8d474797cdba7af2412dc40a3ebdf3b8,main,178ae0f727641cf4b618ebb98ade7aa1a1bed7517281aab9849de82a59d8ed3a,kaggriculture-r88-rivals__moon_parent,96364528,1,157397,158289,0,1,0,DONE,DONE,719,719,656,655,16.255,89.949,1,,4.34
p3066_moon,fd9f0e002dd7a6ad,kaggle-environments 1.32.7,a52ba1bfe9df9dc1d504550af46744ef8d474797cdba7af2412dc40a3ebdf3b8,main,178ae0f727641cf4b618ebb98ade7aa1a1bed7517281aab9849de82a59d8ed3a,kaggriculture-r88-rivals__moon_parent,102279838,0,79149,79872,0,1,0,DONE,DONE,719,719,651,650,79.269,32.181,1,,4.51
p3066_moon,fd9f0e002dd7a6ad,kaggle-environments 1.32.7,a52ba1bfe9df9dc1d504550af46744ef8d474797cdba7af2412dc40a3ebdf3b8,main,178ae0f727641cf4b618ebb98ade7aa1a1bed7517281aab9849de82a59d8ed3a,kaggriculture-r88-rivals__moon_parent,102279838,1,79149,79872,0,1,0,DONE,DONE,719,719,651,650,76.47,33.984,1,,4.66
p3066_moon,fd9f0e002dd7a6ad,kaggle-environments 1.32.7,a52ba1bfe9df9dc1d504550af46744ef8d474797cdba7af2412dc40a3ebdf3b8,main,178ae0f727641cf4b618ebb98ade7aa1a1bed7517281aab9849de82a59d8ed3a,kaggriculture-r88-rivals__moon_parent,104574611,0,68289,68993,0,1,0,DONE,DONE,719,719,653,653,15.953,30.776,1,,4.41
p3066_moon,fd9f0e002dd7a6ad,kaggle-environments 1.32.7,a52ba1bfe9df9dc1d504550af46744ef8d474797cdba7af2412dc40a3ebdf3b8,main,178ae0f727641cf4b618ebb98ade7aa1a1bed7517281aab9849de82a59d8ed3a,kaggriculture-r88-rivals__moon_parent,104574611,1,68289,68993,0,1,0,DONE,DONE,719,719,653,653,16.878,45.845,1,,4.64
p3066_moon,fd9f0e002dd7a6ad,kaggle-environments 1.32.7,a52ba1bfe9df9dc1d504550af46744ef8d474797cdba7af2412dc40a3ebdf3b8,main,178ae0f727641cf4b618ebb98ade7aa1a1bed7517281aab9849de82a59d8ed3a,kaggriculture-r88-rivals__moon_parent,105234131,0,133024,133901,0,1,0,DONE,DONE,719,719,654,653,15.951,30.774,1,,4.49
p3066_moon,fd9f0e002dd7a6ad,kaggle-environments 1.32.7,a52ba1bfe9df9dc1d504550af46744ef8d474797cdba7af2412dc40a3ebdf3b8,main,178ae0f727641cf4b618ebb98ade7aa1a1bed7517281aab9849de82a59d8ed3a,kaggriculture-r88-rivals__moon_parent,105234131,1,133024,133901,0,1,0,DONE,DONE,719,719,654,653,85.823,30.463,1,,4.37
p3066_moon,fd9f0e002dd7a6ad,kaggle-environments 1.32.7,a52ba1bfe9df9dc1d504550af46744ef8d474797cdba7af2412dc40a3ebdf3b8,main,178ae0f727641cf4b618ebb98ade7aa1a1bed7517281aab9849de82a59d8ed3a,kaggriculture-r88-rivals__moon_parent,105290679,0,68451,70504,0,1,0,DONE,DONE,719,719,656,656,66.192,31.896,1,,4.72
p3066_moon,fd9f0e002dd7a6ad,kaggle-environments 1.32.7,a52ba1bfe9df9dc1d504550af46744ef8d474797cdba7af2412dc40a3ebdf3b8,main,178ae0f727641cf4b618ebb98ade7aa1a1bed7517281aab9849de82a59d8ed3a,kaggriculture-r88-rivals__moon_parent,105290679,1,68451,70504,0,1,0,DONE,DONE,719,719,656,656,16.156,35.51,1,,4.64
p3066_moon,fd9f0e002dd7a6ad,kaggle-environments 1.32.7,a52ba1bfe9df9dc1d504550af46744ef8d474797cdba7af2412dc40a3ebdf3b8,main,178ae0f727641cf4b618ebb98ade7aa1a1bed7517281aab9849de82a59d8ed3a,kaggriculture-r88-rivals__moon_parent,106081126,0,110763,111969,0,1,0,DONE,DONE,719,719,642,637,89.336,30.599,1,,4.42
p3066_moon,fd9f0e002dd7a6ad,kaggle-environments 1.32.7,a52ba1bfe9df9dc1d504550af46744ef8d474797cdba7af2412dc40a3ebdf3b8,main,178ae0f727641cf4b618ebb98ade7aa1a1bed7517281aab9849de82a59d8ed3a,kaggriculture-r88-rivals__moon_parent,106081126,1,110763,111969,0,1,0,DONE,DONE,719,719,642,637,15.348,111.033,1,,4.51
p3066_moon,fd9f0e002dd7a6ad,kaggle-environments 1.32.7,a52ba1bfe9df9dc1d504550af46744ef8d474797cdba7af2412dc40a3ebdf3b8,main,178ae0f727641cf4b618ebb98ade7aa1a1bed7517281aab9849de82a59d8ed3a,kaggriculture-r88-rivals__moon_parent,106245702,0,130801,132187,0,1,0,DONE,DONE,719,719,643,639,113.551,35.358,1,,5.02
p3066_moon,fd9f0e002dd7a6ad,kaggle-environments 1.32.7,a52ba1bfe9df9dc1d504550af46744ef8d474797cdba7af2412dc40a3ebdf3b8,main,178ae0f727641cf4b618ebb98ade7aa1a1bed7517281aab9849de82a59d8ed3a,kaggriculture-r88-rivals__moon_parent,106245702,1,130801,132187,0,1,0,DONE,DONE,719,719,643,639,15.789,31.459,1,,4.39
p3066_moon,fd9f0e002dd7a6ad,kaggle-environments 1.32.7,a52ba1bfe9df9dc1d504550af46744ef8d474797cdba7af2412dc40a3ebdf3b8,main,178ae0f727641cf4b618ebb98ade7aa1a1bed7517281aab9849de82a59d8ed3a,kaggriculture-r88-rivals__moon_parent,107640478,0,69818,70422,0,1,0,DONE,DONE,719,719,653,652,21.158,40.402,1,,5.27
p3066_moon,fd9f0e002dd7a6ad,kaggle-environments 1.32.7,a52ba1bfe9df9dc1d504550af46744ef8d474797cdba7af2412dc40a3ebdf3b8,main,178ae0f727641cf4b618ebb98ade7aa1a1bed7517281aab9849de82a59d8ed3a,kaggriculture-r88-rivals__moon_parent,107640478,1,69818,70422,0,1,0,DONE,DONE,719,719,653,652,15.93,57.895,1,,4.55
p3066_moon,fd9f0e002dd7a6ad,kaggle-environments 1.32.7,a52ba1bfe9df9dc1d504550af46744ef8d474797cdba7af2412dc40a3ebdf3b8,main,178ae0f727641cf4b618ebb98ade7aa1a1bed7517281aab9849de82a59d8ed3a,kaggriculture-r88-rivals__moon_parent,110571895,0,84042,84324,0,1,0,DONE,DONE,719,719,653,653,88.129,31.618,1,,4.29
p3066_moon,fd9f0e002dd7a6ad,kaggle-environments 1.32.7,a52ba1bfe9df9dc1d504550af46744ef8d474797cdba7af2412dc40a3ebdf3b8,main,178ae0f727641cf4b618ebb98ade7aa1a1bed7517281aab9849de82a59d8ed3a,kaggriculture-r88-rivals__moon_parent,110571895,1,84042,84324,0,1,0,DONE,DONE,719,719,653,653,15.943,39.956,1,,4.94
p3066_moon,fd9f0e002dd7a6ad,kaggle-environments 1.32.7,a52ba1bfe9df9dc1d504550af46744ef8d474797cdba7af2412dc40a3ebdf3b8,main,178ae0f727641cf4b618ebb98ade7aa1a1bed7517281aab9849de82a59d8ed3a,kaggriculture-r88-rivals__moon_parent,111719538,0,77373,77433,0,1,0,DONE,DONE,719,719,651,650,22.302,40.905,1,,6.03
p3066_moon,fd9f0e002dd7a6ad,kaggle-environments 1.32.7,a52ba1bfe9df9dc1d504550af46744ef8d474797cdba7af2412dc40a3ebdf3b8,main,178ae0f727641cf4b618ebb98ade7aa1a1bed7517281aab9849de82a59d8ed3a,kaggriculture-r88-rivals__moon_parent,111719538,1,77373,77433,0,1,0,DONE,DONE,719,719,651,650,15.443,41.655,1,,4.85
p3066_moon,fd9f0e002dd7a6ad,kaggle-environments 1.32.7,a52ba1bfe9df9dc1d504550af46744ef8d474797cdba7af2412dc40a3ebdf3b8,main,178ae0f727641cf4b618ebb98ade7aa1a1bed7517281aab9849de82a59d8ed3a,kaggriculture-r88-rivals__moon_parent,112234035,0,103380,108899,0,1,0,DONE,DONE,719,719,650,637,39.621,42.061,1,,4.75
p3066_moon,fd9f0e002dd7a6ad,kaggle-environments 1.32.7,a52ba1bfe9df9dc1d504550af46744ef8d474797cdba7af2412dc40a3ebdf3b8,main,178ae0f727641cf4b618ebb98ade7aa1a1bed7517281aab9849de82a59d8ed3a,kaggriculture-r88-rivals__moon_parent,112234035,1,103380,108899,0,1,0,DONE,DONE,719,719,650,637,7.496,126.943,1,,5.9
p3066_moon,fd9f0e002dd7a6ad,kaggle-environments 1.32.7,a52ba1bfe9df9dc1d504550af46744ef8d474797cdba7af2412dc40a3ebdf3b8,main,178ae0f727641cf4b618ebb98ade7aa1a1bed7517281aab9849de82a59d8ed3a,kaggriculture-r88-rivals__moon_parent,112896507,0,95206,95769,0,1,0,DONE,DONE,719,719,652,652,79.157,46.904,1,,5.74
p3066_moon,fd9f0e002dd7a6ad,kaggle-environments 1.32.7,a52ba1bfe9df9dc1d504550af46744ef8d474797cdba7af2412dc40a3ebdf3b8,main,178ae0f727641cf4b618ebb98ade7aa1a1bed7517281aab9849de82a59d8ed3a,kaggriculture-r88-rivals__moon_parent,112896507,1,95206,95769,0,1,0,DONE,DONE,719,719,652,652,104.229,38.903,1,,5.03
p3066_moon,fd9f0e002dd7a6ad,kaggle-environments 1.32.7,a52ba1bfe9df9dc1d504550af46744ef8d474797cdba7af2412dc40a3ebdf3b8,main,178ae0f727641cf4b618ebb98ade7aa1a1bed7517281aab9849de82a59d8ed3a,kaggriculture-r88-rivals__moon_parent,112953244,0,98448,99723,0,1,0,DONE,DONE,719,719,652,651,152.404,41.234,1,,4.76
p3066_moon,fd9f0e002dd7a6ad,kaggle-environments 1.32.7,a52ba1bfe9df9dc1d504550af46744ef8d474797cdba7af2412dc40a3ebdf3b8,main,178ae0f727641cf4b618ebb98ade7aa1a1bed7517281aab9849de82a59d8ed3a,kaggriculture-r88-rivals__moon_parent,112953244,1,98448,99723,0,1,0,DONE,DONE,719,719,652,651,16.281,90.661,1,,5.11
p3066_moon,fd9f0e002dd7a6ad,kaggle-environments 1.32.7,a52ba1bfe9df9dc1d504550af46744ef8d474797cdba7af2412dc40a3ebdf3b8,main,178ae0f727641cf4b618ebb98ade7aa1a1bed7517281aab9849de82a59d8ed3a,kaggriculture-r88-rivals__moon_parent,114605881,0,67717,70081,0,1,0,DONE,DONE,719,719,653,652,103.828,39.299,1,,5.11
p3066_moon,fd9f0e002dd7a6ad,kaggle-environments 1.32.7,a52ba1bfe9df9dc1d504550af46744ef8d474797cdba7af2412dc40a3ebdf3b8,main,178ae0f727641cf4b618ebb98ade7aa1a1bed7517281aab9849de82a59d8ed3a,kaggriculture-r88-rivals__moon_parent,114605881,1,67717,70081,0,1,0,DONE,DONE,719,719,653,652,46.839,68.324,1,,4.56
p3066_moon,fd9f0e002dd7a6ad,kaggle-environments 1.32.7,a52ba1bfe9df9dc1d504550af46744ef8d474797cdba7af2412dc40a3ebdf3b8,main,178ae0f727641cf4b618ebb98ade7aa1a1bed7517281aab9849de82a59d8ed3a,kaggriculture-r88-rivals__moon_parent,114669855,0,123297,127212,0,1,0,DONE,DONE,719,719,665,640,57.724,34.38,1,,4.71
p3066_moon,fd9f0e002dd7a6ad,kaggle-environments 1.32.7,a52ba1bfe9df9dc1d504550af46744ef8d474797cdba7af2412dc40a3ebdf3b8,main,178ae0f727641cf4b618ebb98ade7aa1a1bed7517281aab9849de82a59d8ed3a,kaggriculture-r88-rivals__moon_parent,114669855,1,123297,127212,0,1,0,DONE,DONE,719,719,665,640,75.682,64.646,1,,4.61
p3066_moon,fd9f0e002dd7a6ad,kaggle-environments 1.32.7,a52ba1bfe9df9dc1d504550af46744ef8d474797cdba7af2412dc40a3ebdf3b8,main,178ae0f727641cf4b618ebb98ade7aa1a1bed7517281aab9849de82a59d8ed3a,kaggriculture-r88-rivals__moon_parent,116292242,0,92369,93653,0,1,0,DONE,DONE,719,719,655,654,18.011,30.83,1,,4.86
p3066_moon,fd9f0e002dd7a6ad,kaggle-environments 1.32.7,a52ba1bfe9df9dc1d504550af46744ef8d474797cdba7af2412dc40a3ebdf3b8,main,178ae0f727641cf4b618ebb98ade7aa1a1bed7517281aab9849de82a59d8ed3a,kaggriculture-r88-rivals__moon_parent,116292242,1,92369,93653,0,1,0,DONE,DONE,719,719,655,654,63.624,31.859,1,,4.46
p3066_moon,fd9f0e002dd7a6ad,kaggle-environments 1.32.7,a52ba1bfe9df9dc1d504550af46744ef8d474797cdba7af2412dc40a3ebdf3b8,main,178ae0f727641cf4b618ebb98ade7aa1a1bed7517281aab9849de82a59d8ed3a,kaggriculture-r88-rivals__moon_parent,119787912,0,115161,116789,0,1,0,DONE,DONE,719,719,653,652,16.336,31.33,1,,4.76
p3066_moon,fd9f0e002dd7a6ad,kaggle-environments 1.32.7,a52ba1bfe9df9dc1d504550af46744ef8d474797cdba7af2412dc40a3ebdf3b8,main,178ae0f727641cf4b618ebb98ade7aa1a1bed7517281aab9849de82a59d8ed3a,kaggriculture-r88-rivals__moon_parent,119787912,1,115161,116789,0,1,0,DONE,DONE,719,719,653,652,15.879,103.859,1,,4.52
p3066_moon,fd9f0e002dd7a6ad,kaggle-environments 1.32.7,a52ba1bfe9df9dc1d504550af46744ef8d474797cdba7af2412dc40a3ebdf3b8,main,178ae0f727641cf4b618ebb98ade7aa1a1bed7517281aab9849de82a59d8ed3a,kaggriculture-r88-rivals__moon_parent,121405986,0,95288,97946,0,1,0,DONE,DONE,719,719,650,637,15.655,31.273,1,,4.39
p3066_moon,fd9f0e002dd7a6ad,kaggle-environments 1.32.7,a52ba1bfe9df9dc1d504550af46744ef8d474797cdba7af2412dc40a3ebdf3b8,main,178ae0f727641cf4b618ebb98ade7aa1a1bed7517281aab9849de82a59d8ed3a,kaggriculture-r88-rivals__moon_parent,121405986,1,95288,97946,0,1,0,DONE,DONE,719,719,650,637,127.984,42.057,1,,4.56
p3066_moon,fd9f0e002dd7a6ad,kaggle-environments 1.32.7,a52ba1bfe9df9dc1d504550af46744ef8d474797cdba7af2412dc40a3ebdf3b8,main,178ae0f727641cf4b618ebb98ade7aa1a1bed7517281aab9849de82a59d8ed3a,kaggriculture-r88-rivals__moon_parent,123984975,0,129034,131014,0,1,0,DONE,DONE,719,719,659,659,122.972,30.904,1,,4.94
p3066_moon,fd9f0e002dd7a6ad,kaggle-environments 1.32.7,a52ba1bfe9df9dc1d504550af46744ef8d474797cdba7af2412dc40a3ebdf3b8,main,178ae0f727641cf4b618ebb98ade7aa1a1bed7517281aab9849de82a59d8ed3a,kaggriculture-r88-rivals__moon_parent,123984975,1,129034,131014,0,1,0,DONE,DONE,719,719,659,659,3.861,31.319,1,,4.7
p3066_moon,fd9f0e002dd7a6ad,kaggle-environments 1.32.7,a52ba1bfe9df9dc1d504550af46744ef8d474797cdba7af2412dc40a3ebdf3b8,main,178ae0f727641cf4b618ebb98ade7aa1a1bed7517281aab9849de82a59d8ed3a,kaggriculture-r88-rivals__moon_parent,129963012,0,63521,64419,0,1,0,DONE,DONE,719,719,649,649,68.808,31.137,1,,4.77
p3066_moon,fd9f0e002dd7a6ad,kaggle-environments 1.32.7,a52ba1bfe9df9dc1d504550af46744ef8d474797cdba7af2412dc40a3ebdf3b8,main,178ae0f727641cf4b618ebb98ade7aa1a1bed7517281aab9849de82a59d8ed3a,kaggriculture-r88-rivals__moon_parent,129963012,1,63521,64419,0,1,0,DONE,DONE,719,719,649,649,56.311,42.87,1,,4.54
p3066_moon,fd9f0e002dd7a6ad,kaggle-environments 1.32.7,a52ba1bfe9df9dc1d504550af46744ef8d474797cdba7af2412dc40a3ebdf3b8,main,178ae0f727641cf4b618ebb98ade7aa1a1bed7517281aab9849de82a59d8ed3a,kaggriculture-r88-rivals__moon_parent,130304827,0,109957,110550,0,1,0,DONE,DONE,719,719,654,654,61.155,31.586,1,,4.59
p3066_moon,fd9f0e002dd7a6ad,kaggle-environments 1.32.7,a52ba1bfe9df9dc1d504550af46744ef8d474797cdba7af2412dc40a3ebdf3b8,main,178ae0f727641cf4b618ebb98ade7aa1a1bed7517281aab9849de82a59d8ed3a,kaggriculture-r88-rivals__moon_parent,130304827,1,109957,110550,0,1,0,DONE,DONE,719,719,655,653,92.376,42.388,1,,4.44
p3066_moon,fd9f0e002dd7a6ad,kaggle-environments 1.32.7,a52ba1bfe9df9dc1d504550af46744ef8d474797cdba7af2412dc40a3ebdf3b8,main,178ae0f727641cf4b618ebb98ade7aa1a1bed7517281aab9849de82a59d8ed3a,kaggriculture-r88-rivals__moon_parent,130689514,0,104229,106045,0,1,0,DONE,DONE,719,719,650,638,11.141,119.472,1,,5.21
p3066_moon,fd9f0e002dd7a6ad,kaggle-environments 1.32.7,a52ba1bfe9df9dc1d504550af46744ef8d474797cdba7af2412dc40a3ebdf3b8,main,178ae0f727641cf4b618ebb98ade7aa1a1bed7517281aab9849de82a59d8ed3a,kaggriculture-r88-rivals__moon_parent,130689514,1,104229,106045,0,1,0,DONE,DONE,719,719,650,638,10.728,32.41,1,,4.89
p3066_moon,fd9f0e002dd7a6ad,kaggle-environments 1.32.7,a52ba1bfe9df9dc1d504550af46744ef8d474797cdba7af2412dc40a3ebdf3b8,main,178ae0f727641cf4b618ebb98ade7aa1a1bed7517281aab9849de82a59d8ed3a,kaggriculture-r88-rivals__moon_parent,133824799,0,118322,120892,0,1,0,DONE,DONE,719,719,665,639,6.17,32.077,1,,4.67
p3066_moon,fd9f0e002dd7a6ad,kaggle-environments 1.32.7,a52ba1bfe9df9dc1d504550af46744ef8d474797cdba7af2412dc40a3ebdf3b8,main,178ae0f727641cf4b618ebb98ade7aa1a1bed7517281aab9849de82a59d8ed3a,kaggriculture-r88-rivals__moon_parent,133824799,1,118322,120892,0,1,0,DONE,DONE,719,719,665,639,6.132,88.03,1,,4.92
p3066_moon,fd9f0e002dd7a6ad,kaggle-environments 1.32.7,a52ba1bfe9df9dc1d504550af46744ef8d474797cdba7af2412dc40a3ebdf3b8,main,178ae0f727641cf4b618ebb98ade7aa1a1bed7517281aab9849de82a59d8ed3a,kaggriculture-r88-rivals__moon_parent,137224113,0,84920,84806,1,0,0,DONE,DONE,719,719,651,650,16.336,31.124,1,,4.46
p3066_moon,fd9f0e002dd7a6ad,kaggle-environments 1.32.7,a52ba1bfe9df9dc1d504550af46744ef8d474797cdba7af2412dc40a3ebdf3b8,main,178ae0f727641cf4b618ebb98ade7aa1a1bed7517281aab9849de82a59d8ed3a,kaggriculture-r88-rivals__moon_parent,137224113,1,84920,84806,1,0,0,DONE,DONE,719,719,651,650,15.174,66.735,1,,4.53
p3066_moon,fd9f0e002dd7a6ad,kaggle-environments 1.32.7,a52ba1bfe9df9dc1d504550af46744ef8d474797cdba7af2412dc40a3ebdf3b8,main,178ae0f727641cf4b618ebb98ade7aa1a1bed7517281aab9849de82a59d8ed3a,kaggriculture-r88-rivals__moon_parent,140246070,0,79896,80581,0,1,0,DONE,DONE,719,719,656,655,68.758,31.139,1,,4.77
p3066_moon,fd9f0e002dd7a6ad,kaggle-environments 1.32.7,a52ba1bfe9df9dc1d504550af46744ef8d474797cdba7af2412dc40a3ebdf3b8,main,178ae0f727641cf4b618ebb98ade7aa1a1bed7517281aab9849de82a59d8ed3a,kaggriculture-r88-rivals__moon_parent,140246070,1,79896,80581,0,1,0,DONE,DONE,719,719,656,655,53.668,34.09,1,,4.59
p3066_moon,fd9f0e002dd7a6ad,kaggle-environments 1.32.7,a52ba1bfe9df9dc1d504550af46744ef8d474797cdba7af2412dc40a3ebdf3b8,main,178ae0f727641cf4b618ebb98ade7aa1a1bed7517281aab9849de82a59d8ed3a,kaggriculture-r88-rivals__moon_parent,149822769,0,141309,142078,0,1,0,DONE,DONE,719,719,655,654,16.209,31.735,1,,4.34
p3066_moon,fd9f0e002dd7a6ad,kaggle-environments 1.32.7,a52ba1bfe9df9dc1d504550af46744ef8d474797cdba7af2412dc40a3ebdf3b8,main,178ae0f727641cf4b618ebb98ade7aa1a1bed7517281aab9849de82a59d8ed3a,kaggriculture-r88-rivals__moon_parent,149822769,1,141309,142078,0,1,0,DONE,DONE,719,719,655,654,15.735,58.895,1,,4.44
p3066_moon,fd9f0e002dd7a6ad,kaggle-environments 1.32.7,a52ba1bfe9df9dc1d504550af46744ef8d474797cdba7af2412dc40a3ebdf3b8,main,178ae0f727641cf4b618ebb98ade7aa1a1bed7517281aab9849de82a59d8ed3a,kaggriculture-r88-rivals__moon_parent,153492778,0,143660,143426,1,0,0,DONE,DONE,719,719,657,656,52.059,33.161,1,,4.3
p3066_moon,fd9f0e002dd7a6ad,kaggle-environments 1.32.7,a52ba1bfe9df9dc1d504550af46744ef8d474797cdba7af2412dc40a3ebdf3b8,main,178ae0f727641cf4b618ebb98ade7aa1a1bed7517281aab9849de82a59d8ed3a,kaggriculture-r88-rivals__moon_parent,153492778,1,143660,143426,1,0,0,DONE,DONE,719,719,657,656,16.293,55.516,1,,4.48
p3066_moon,fd9f0e002dd7a6ad,kaggle-environments 1.32.7,a52ba1bfe9df9dc1d504550af46744ef8d474797cdba7af2412dc40a3ebdf3b8,main,178ae0f727641cf4b618ebb98ade7aa1a1bed7517281aab9849de82a59d8ed3a,kaggriculture-r88-rivals__moon_parent,156167617,0,110891,109522,1,0,0,DONE,DONE,719,719,640,640,95.453,32.675,1,,4.97
p3066_moon,fd9f0e002dd7a6ad,kaggle-environments 1.32.7,a52ba1bfe9df9dc1d504550af46744ef8d474797cdba7af2412dc40a3ebdf3b8,main,178ae0f727641cf4b618ebb98ade7aa1a1bed7517281aab9849de82a59d8ed3a,kaggriculture-r88-rivals__moon_parent,156167617,1,110891,109522,1,0,0,DONE,DONE,719,719,640,640,6.151,32.001,1,,4.68
p3066_moon,fd9f0e002dd7a6ad,kaggle-environments 1.32.7,a52ba1bfe9df9dc1d504550af46744ef8d474797cdba7af2412dc40a3ebdf3b8,main,178ae0f727641cf4b618ebb98ade7aa1a1bed7517281aab9849de82a59d8ed3a,kaggriculture-r88-rivals__moon_parent,156571513,0,136616,137455,0,1,0,DONE,DONE,719,719,656,655,17.377,31.258,1,,4.53
p3066_moon,fd9f0e002dd7a6ad,kaggle-environments 1.32.7,a52ba1bfe9df9dc1d504550af46744ef8d474797cdba7af2412dc40a3ebdf3b8,main,178ae0f727641cf4b618ebb98ade7aa1a1bed7517281aab9849de82a59d8ed3a,kaggriculture-r88-rivals__moon_parent,156571513,1,136616,137455,0,1,0,DONE,DONE,719,719,656,655,16.289,35.65,1,,4.54
p3066_moon,fd9f0e002dd7a6ad,kaggle-environments 1.32.7,a52ba1bfe9df9dc1d504550af46744ef8d474797cdba7af2412dc40a3ebdf3b8,main,178ae0f727641cf4b618ebb98ade7aa1a1bed7517281aab9849de82a59d8ed3a,kaggriculture-r88-rivals__moon_parent,157051273,0,106291,106837,0,1,0,DONE,DONE,719,719,654,653,110.723,33.41,1,,4.57
p3066_moon,fd9f0e002dd7a6ad,kaggle-environments 1.32.7,a52ba1bfe9df9dc1d504550af46744ef8d474797cdba7af2412dc40a3ebdf3b8,main,178ae0f727641cf4b618ebb98ade7aa1a1bed7517281aab9849de82a59d8ed3a,kaggriculture-r88-rivals__moon_parent,157051273,1,106291,106837,0,1,0,DONE,DONE,719,719,654,653,70.43,33.443,1,,4.79
p3066_moon,fd9f0e002dd7a6ad,kaggle-environments 1.32.7,a52ba1bfe9df9dc1d504550af46744ef8d474797cdba7af2412dc40a3ebdf3b8,main,178ae0f727641cf4b618ebb98ade7aa1a1bed7517281aab9849de82a59d8ed3a,kaggriculture-r88-rivals__moon_parent,161145024,0,109382,111870,0,1,0,DONE,DONE,719,719,652,652,10.406,31.691,1,,4.9
p3066_moon,fd9f0e002dd7a6ad,kaggle-environments 1.32.7,a52ba1bfe9df9dc1d504550af46744ef8d474797cdba7af2412dc40a3ebdf3b8,main,178ae0f727641cf4b618ebb98ade7aa1a1bed7517281aab9849de82a59d8ed3a,kaggriculture-r88-rivals__moon_parent,161145024,1,109382,111870,0,1,0,DONE,DONE,719,719,652,652,11.456,106.73,1,,4.6
p3066_moon,fd9f0e002dd7a6ad,kaggle-environments 1.32.7,a52ba1bfe9df9dc1d504550af46744ef8d474797cdba7af2412dc40a3ebdf3b8,main,178ae0f727641cf4b618ebb98ade7aa1a1bed7517281aab9849de82a59d8ed3a,kaggriculture-r88-rivals__moon_parent,161552403,0,96536,97132,0,1,0,DONE,DONE,719,719,659,658,106.243,34.037,1,,4.47
p3066_moon,fd9f0e002dd7a6ad,kaggle-environments 1.32.7,a52ba1bfe9df9dc1d504550af46744ef8d474797cdba7af2412dc40a3ebdf3b8,main,178ae0f727641cf4b618ebb98ade7aa1a1bed7517281aab9849de82a59d8ed3a,kaggriculture-r88-rivals__moon_parent,161552403,1,96536,97132,0,1,0,DONE,DONE,719,719,659,658,68.408,48.3,1,,4.41
p3066_moon,fd9f0e002dd7a6ad,kaggle-environments 1.32.7,a52ba1bfe9df9dc1d504550af46744ef8d474797cdba7af2412dc40a3ebdf3b8,main,178ae0f727641cf4b618ebb98ade7aa1a1bed7517281aab9849de82a59d8ed3a,kaggriculture-r88-rivals__moon_parent,164001958,0,63424,63930,0,1,0,DONE,DONE,719,719,652,651,63.502,31.07,1,,4.69
p3066_moon,fd9f0e002dd7a6ad,kaggle-environments 1.32.7,a52ba1bfe9df9dc1d504550af46744ef8d474797cdba7af2412dc40a3ebdf3b8,main,178ae0f727641cf4b618ebb98ade7aa1a1bed7517281aab9849de82a59d8ed3a,kaggriculture-r88-rivals__moon_parent,164001958,1,63424,63930,0,1,0,DONE,DONE,719,719,652,651,15.09,31.67,1,,4.45
p3066_moon,fd9f0e002dd7a6ad,kaggle-environments 1.32.7,a52ba1bfe9df9dc1d504550af46744ef8d474797cdba7af2412dc40a3ebdf3b8,main,178ae0f727641cf4b618ebb98ade7aa1a1bed7517281aab9849de82a59d8ed3a,kaggriculture-r88-rivals__moon_parent,164785683,0,104724,102890,1,0,0,DONE,DONE,719,719,637,637,124.692,44.315,1,,4.92
p3066_moon,fd9f0e002dd7a6ad,kaggle-environments 1.32.7,a52ba1bfe9df9dc1d504550af46744ef8d474797cdba7af2412dc40a3ebdf3b8,main,178ae0f727641cf4b618ebb98ade7aa1a1bed7517281aab9849de82a59d8ed3a,kaggriculture-r88-rivals__moon_parent,164785683,1,104295,103643,1,0,0,DONE,DONE,719,719,637,637,7.399,48.384,1,,4.82
p3066_moon,fd9f0e002dd7a6ad,kaggle-environments 1.32.7,a52ba1bfe9df9dc1d504550af46744ef8d474797cdba7af2412dc40a3ebdf3b8,main,178ae0f727641cf4b618ebb98ade7aa1a1bed7517281aab9849de82a59d8ed3a,kaggriculture-r88-rivals__moon_parent,166422427,0,100191,101660,0,1,0,DONE,DONE,719,719,648,647,43.405,34.998,1,,4.43
p3066_moon,fd9f0e002dd7a6ad,kaggle-environments 1.32.7,a52ba1bfe9df9dc1d504550af46744ef8d474797cdba7af2412dc40a3ebdf3b8,main,178ae0f727641cf4b618ebb98ade7aa1a1bed7517281aab9849de82a59d8ed3a,kaggriculture-r88-rivals__moon_parent,166422427,1,100191,101660,0,1,0,DONE,DONE,719,719,648,647,77.496,38.356,1,,4.45
p3066_moon,fd9f0e002dd7a6ad,kaggle-environments 1.32.7,a52ba1bfe9df9dc1d504550af46744ef8d474797cdba7af2412dc40a3ebdf3b8,main,178ae0f727641cf4b618ebb98ade7aa1a1bed7517281aab9849de82a59d8ed3a,kaggriculture-r88-rivals__moon_parent,166651423,0,113734,124640,0,1,0,DONE,DONE,719,719,648,637,122.825,38.357,1,,4.65
p3066_moon,fd9f0e002dd7a6ad,kaggle-environments 1.32.7,a52ba1bfe9df9dc1d504550af46744ef8d474797cdba7af2412dc40a3ebdf3b8,main,178ae0f727641cf4b618ebb98ade7aa1a1bed7517281aab9849de82a59d8ed3a,kaggriculture-r88-rivals__moon_parent,166651423,1,113734,124640,0,1,0,DONE,DONE,719,719,648,637,7.018,55.902,1,,4.72
p3066_moon,fd9f0e002dd7a6ad,kaggle-environments 1.32.7,a52ba1bfe9df9dc1d504550af46744ef8d474797cdba7af2412dc40a3ebdf3b8,main,178ae0f727641cf4b618ebb98ade7aa1a1bed7517281aab9849de82a59d8ed3a,kaggriculture-r88-rivals__moon_parent,174255558,0,121254,122016,0,1,0,DONE,DONE,719,719,658,657,4.433,33.714,1,,4.68
p3066_moon,fd9f0e002dd7a6ad,kaggle-environments 1.32.7,a52ba1bfe9df9dc1d504550af46744ef8d474797cdba7af2412dc40a3ebdf3b8,main,178ae0f727641cf4b618ebb98ade7aa1a1bed7517281aab9849de82a59d8ed3a,kaggriculture-r88-rivals__moon_parent,174255558,1,121254,122016,0,1,0,DONE,DONE,719,719,658,657,4.368,71.088,1,,4.93
p3066_moon,fd9f0e002dd7a6ad,kaggle-environments 1.32.7,a52ba1bfe9df9dc1d504550af46744ef8d474797cdba7af2412dc40a3ebdf3b8,main,178ae0f727641cf4b618ebb98ade7aa1a1bed7517281aab9849de82a59d8ed3a,kaggriculture-r88-rivals__moon_parent,174529659,0,101759,102062,0,1,0,DONE,DONE,719,719,651,650,17.101,32.686,1,,4.93
p3066_moon,fd9f0e002dd7a6ad,kaggle-environments 1.32.7,a52ba1bfe9df9dc1d504550af46744ef8d474797cdba7af2412dc40a3ebdf3b8,main,178ae0f727641cf4b618ebb98ade7aa1a1bed7517281aab9849de82a59d8ed3a,kaggriculture-r88-rivals__moon_parent,174529659,1,101759,102062,0,1,0,DONE,DONE,719,719,651,650,58.339,47.003,1,,4.48
p3066_moon,fd9f0e002dd7a6ad,kaggle-environments 1.32.7,a52ba1bfe9df9dc1d504550af46744ef8d474797cdba7af2412dc40a3ebdf3b8,main,178ae0f727641cf4b618ebb98ade7aa1a1bed7517281aab9849de82a59d8ed3a,kaggriculture-r88-rivals__moon_parent,176712803,0,77981,78200,0,1,0,DONE,DONE,719,719,652,651,98.806,33.467,1,,4.66
p3066_moon,fd9f0e002dd7a6ad,kaggle-environments 1.32.7,a52ba1bfe9df9dc1d504550af46744ef8d474797cdba7af2412dc40a3ebdf3b8,main,178ae0f727641cf4b618ebb98ade7aa1a1bed7517281aab9849de82a59d8ed3a,kaggriculture-r88-rivals__moon_parent,176712803,1,78061,78130,0,1,0,DONE,DONE,719,719,652,651,10.707,74.42,1,,4.74
p3066_moon,fd9f0e002dd7a6ad,kaggle-environments 1.32.7,a52ba1bfe9df9dc1d504550af46744ef8d474797cdba7af2412dc40a3ebdf3b8,main,178ae0f727641cf4b618ebb98ade7aa1a1bed7517281aab9849de82a59d8ed3a,kaggriculture-r88-rivals__moon_parent,178973695,0,134596,135456,0,1,0,DONE,DONE,719,719,656,655,16.225,31.917,1,,4.52
p3066_moon,fd9f0e002dd7a6ad,kaggle-environments 1.32.7,a52ba1bfe9df9dc1d504550af46744ef8d474797cdba7af2412dc40a3ebdf3b8,main,178ae0f727641cf4b618ebb98ade7aa1a1bed7517281aab9849de82a59d8ed3a,kaggriculture-r88-rivals__moon_parent,178973695,1,134596,135456,0,1,0,DONE,DONE,719,719,656,655,17.956,57.17,1,,4.65
p3066_moon,fd9f0e002dd7a6ad,kaggle-environments 1.32.7,a52ba1bfe9df9dc1d504550af46744ef8d474797cdba7af2412dc40a3ebdf3b8,main,178ae0f727641cf4b618ebb98ade7aa1a1bed7517281aab9849de82a59d8ed3a,kaggriculture-r88-rivals__moon_parent,179227834,0,96284,96741,0,1,0,DONE,DONE,719,719,646,646,86.732,33.839,1,,4.81
p3066_moon,fd9f0e002dd7a6ad,kaggle-environments 1.32.7,a52ba1bfe9df9dc1d504550af46744ef8d474797cdba7af2412dc40a3ebdf3b8,main,178ae0f727641cf4b618ebb98ade7aa1a1bed7517281aab9849de82a59d8ed3a,kaggriculture-r88-rivals__moon_parent,179227834,1,96284,96741,0,1,0,DONE,DONE,719,719,646,646,16.051,35.802,1,,4.53
p3066_moon,fd9f0e002dd7a6ad,kaggle-environments 1.32.7,a52ba1bfe9df9dc1d504550af46744ef8d474797cdba7af2412dc40a3ebdf3b8,main,178ae0f727641cf4b618ebb98ade7aa1a1bed7517281aab9849de82a59d8ed3a,kaggriculture-r88-rivals__moon_parent,182031983,0,133059,133812,0,1,0,DONE,DONE,719,719,658,657,39.796,34.297,1,,4.55
p3066_moon,fd9f0e002dd7a6ad,kaggle-environments 1.32.7,a52ba1bfe9df9dc1d504550af46744ef8d474797cdba7af2412dc40a3ebdf3b8,main,178ae0f727641cf4b618ebb98ade7aa1a1bed7517281aab9849de82a59d8ed3a,kaggriculture-r88-rivals__moon_parent,182031983,1,133059,133812,0,1,0,DONE,DONE,719,719,658,657,17.346,44.238,1,,4.85
p3066_moon,fd9f0e002dd7a6ad,kaggle-environments 1.32.7,a52ba1bfe9df9dc1d504550af46744ef8d474797cdba7af2412dc40a3ebdf3b8,main,178ae0f727641cf4b618ebb98ade7aa1a1bed7517281aab9849de82a59d8ed3a,kaggriculture-r88-rivals__moon_parent,186064628,0,60220,62766,0,1,0,DONE,DONE,719,719,646,646,139.747,34.647,1,,4.76
p3066_moon,fd9f0e002dd7a6ad,kaggle-environments 1.32.7,a52ba1bfe9df9dc1d504550af46744ef8d474797cdba7af2412dc40a3ebdf3b8,main,178ae0f727641cf4b618ebb98ade7aa1a1bed7517281aab9849de82a59d8ed3a,kaggriculture-r88-rivals__moon_parent,186064628,1,60337,62648,0,1,0,DONE,DONE,719,719,646,646,63.54,49.431,1,,4.33
p3066_moon,fd9f0e002dd7a6ad,kaggle-environments 1.32.7,a52ba1bfe9df9dc1d504550af46744ef8d474797cdba7af2412dc40a3ebdf3b8,main,178ae0f727641cf4b618ebb98ade7aa1a1bed7517281aab9849de82a59d8ed3a,kaggriculture-r88-rivals__moon_parent,195295841,0,120555,120877,0,1,0,DONE,DONE,719,719,656,655,93.759,31.456,1,,4.46
p3066_moon,fd9f0e002dd7a6ad,kaggle-environments 1.32.7,a52ba1bfe9df9dc1d504550af46744ef8d474797cdba7af2412dc40a3ebdf3b8,main,178ae0f727641cf4b618ebb98ade7aa1a1bed7517281aab9849de82a59d8ed3a,kaggriculture-r88-rivals__moon_parent,195295841,1,120555,120877,0,1,0,DONE,DONE,719,719,656,655,15.936,43.296,1,,4.68
p3066_moon,fd9f0e002dd7a6ad,kaggle-environments 1.32.7,a52ba1bfe9df9dc1d504550af46744ef8d474797cdba7af2412dc40a3ebdf3b8,main,178ae0f727641cf4b618ebb98ade7aa1a1bed7517281aab9849de82a59d8ed3a,kaggriculture-r88-rivals__moon_parent,198262943,0,61197,63087,0,1,0,DONE,DONE,719,719,655,655,15.93,30.638,1,,4.49
p3066_moon,fd9f0e002dd7a6ad,kaggle-environments 1.32.7,a52ba1bfe9df9dc1d504550af46744ef8d474797cdba7af2412dc40a3ebdf3b8,main,178ae0f727641cf4b618ebb98ade7aa1a1bed7517281aab9849de82a59d8ed3a,kaggriculture-r88-rivals__moon_parent,198262943,1,61197,63087,0,1,0,DONE,DONE,719,719,655,655,58.074,46.969,1,,4.7
p3066_moon,fd9f0e002dd7a6ad,kaggle-environments 1.32.7,a52ba1bfe9df9dc1d504550af46744ef8d474797cdba7af2412dc40a3ebdf3b8,main,178ae0f727641cf4b618ebb98ade7aa1a1bed7517281aab9849de82a59d8ed3a,kaggriculture-r88-rivals__moon_parent,198710176,0,64647,66451,0,1,0,DONE,DONE,719,719,651,651,83.789,33.32,1,,4.63
p3066_moon,fd9f0e002dd7a6ad,kaggle-environments 1.32.7,a52ba1bfe9df9dc1d504550af46744ef8d474797cdba7af2412dc40a3ebdf3b8,main,178ae0f727641cf4b618ebb98ade7aa1a1bed7517281aab9849de82a59d8ed3a,kaggriculture-r88-rivals__moon_parent,198710176,1,64647,66451,0,1,0,DONE,DONE,719,719,651,651,18.002,31.701,1,,4.9
p3066_moon,fd9f0e002dd7a6ad,kaggle-environments 1.32.7,a52ba1bfe9df9dc1d504550af46744ef8d474797cdba7af2412dc40a3ebdf3b8,main,178ae0f727641cf4b618ebb98ade7aa1a1bed7517281aab9849de82a59d8ed3a,kaggriculture-r88-rivals__moon_parent,200695914,0,104137,105058,0,1,0,DONE,DONE,719,719,654,654,57.364,33.166,1,,4.79
p3066_moon,fd9f0e002dd7a6ad,kaggle-environments 1.32.7,a52ba1bfe9df9dc1d504550af46744ef8d474797cdba7af2412dc40a3ebdf3b8,main,178ae0f727641cf4b618ebb98ade7aa1a1bed7517281aab9849de82a59d8ed3a,kaggriculture-r88-rivals__moon_parent,200695914,1,104137,105058,0,1,0,DONE,DONE,719,719,654,654,16.116,31.358,1,,4.38
p3066_moon,fd9f0e002dd7a6ad,kaggle-environments 1.32.7,a52ba1bfe9df9dc1d504550af46744ef8d474797cdba7af2412dc40a3ebdf3b8,main,178ae0f727641cf4b618ebb98ade7aa1a1bed7517281aab9849de82a59d8ed3a,kaggriculture-r88-rivals__moon_parent,206928626,0,125113,125063,1,0,0,DONE,DONE,719,719,641,641,74.904,30.445,1,,4.68
p3066_moon,fd9f0e002dd7a6ad,kaggle-environments 1.32.7,a52ba1bfe9df9dc1d504550af46744ef8d474797cdba7af2412dc40a3ebdf3b8,main,178ae0f727641cf4b618ebb98ade7aa1a1bed7517281aab9849de82a59d8ed3a,kaggriculture-r88-rivals__moon_parent,206928626,1,125113,125063,1,0,0,DONE,DONE,719,719,641,641,6.423,48.896,1,,4.55
p3066_moon,fd9f0e002dd7a6ad,kaggle-environments 1.32.7,a52ba1bfe9df9dc1d504550af46744ef8d474797cdba7af2412dc40a3ebdf3b8,main,178ae0f727641cf4b618ebb98ade7aa1a1bed7517281aab9849de82a59d8ed3a,kaggriculture-r88-rivals__moon_parent,207746303,0,79637,80575,0,1,0,DONE,DONE,719,719,657,656,67.812,33.293,1,,4.73
p3066_moon,fd9f0e002dd7a6ad,kaggle-environments 1.32.7,a52ba1bfe9df9dc1d504550af46744ef8d474797cdba7af2412dc40a3ebdf3b8,main,178ae0f727641cf4b618ebb98ade7aa1a1bed7517281aab9849de82a59d8ed3a,kaggriculture-r88-rivals__moon_parent,207746303,1,79637,80575,0,1,0,DONE,DONE,719,719,657,656,118.15,68.816,1,,4.65
p3066_moon,fd9f0e002dd7a6ad,kaggle-environments 1.32.7,a52ba1bfe9df9dc1d504550af46744ef8d474797cdba7af2412dc40a3ebdf3b8,main,178ae0f727641cf4b618ebb98ade7aa1a1bed7517281aab9849de82a59d8ed3a,kaggriculture-r88-rivals__moon_parent,207824845,0,132833,134938,0,1,0,DONE,DONE,719,719,657,656,39.601,33.124,1,,4.72
p3066_moon,fd9f0e002dd7a6ad,kaggle-environments 1.32.7,a52ba1bfe9df9dc1d504550af46744ef8d474797cdba7af2412dc40a3ebdf3b8,main,178ae0f727641cf4b618ebb98ade7aa1a1bed7517281aab9849de82a59d8ed3a,kaggriculture-r88-rivals__moon_parent,207824845,1,132833,134938,0,1,0,DONE,DONE,719,719,657,656,70.561,46.288,1,,4.56
p3066_moon,fd9f0e002dd7a6ad,kaggle-environments 1.32.7,a52ba1bfe9df9dc1d504550af46744ef8d474797cdba7af2412dc40a3ebdf3b8,main,178ae0f727641cf4b618ebb98ade7aa1a1bed7517281aab9849de82a59d8ed3a,kaggriculture-r88-rivals__moon_parent,207882427,0,92365,93314,0,1,0,DONE,DONE,719,719,651,640,67.309,65.758,1,,4.78
p3066_moon,fd9f0e002dd7a6ad,kaggle-environments 1.32.7,a52ba1bfe9df9dc1d504550af46744ef8d474797cdba7af2412dc40a3ebdf3b8,main,178ae0f727641cf4b618ebb98ade7aa1a1bed7517281aab9849de82a59d8ed3a,kaggriculture-r88-rivals__moon_parent,207882427,1,92365,93314,0,1,0,DONE,DONE,719,719,651,640,5.709,135.529,1,,4.94
p3066_moon,fd9f0e002dd7a6ad,kaggle-environments 1.32.7,a52ba1bfe9df9dc1d504550af46744ef8d474797cdba7af2412dc40a3ebdf3b8,main,178ae0f727641cf4b618ebb98ade7aa1a1bed7517281aab9849de82a59d8ed3a,kaggriculture-r88-rivals__moon_parent,208481455,0,87870,87962,0,1,0,DONE,DONE,719,719,659,658,52.445,33.292,1,,4.47
p3066_moon,fd9f0e002dd7a6ad,kaggle-environments 1.32.7,a52ba1bfe9df9dc1d504550af46744ef8d474797cdba7af2412dc40a3ebdf3b8,main,178ae0f727641cf4b618ebb98ade7aa1a1bed7517281aab9849de82a59d8ed3a,kaggriculture-r88-rivals__moon_parent,208481455,1,87870,87962,0,1,0,DONE,DONE,719,719,659,658,15.627,109.528,1,,4.38
p3066_moon,fd9f0e002dd7a6ad,kaggle-environments 1.32.7,a52ba1bfe9df9dc1d504550af46744ef8d474797cdba7af2412dc40a3ebdf3b8,main,178ae0f727641cf4b618ebb98ade7aa1a1bed7517281aab9849de82a59d8ed3a,kaggriculture-r88-rivals__moon_parent,211179053,0,81246,83205,0,1,0,DONE,DONE,719,719,651,650,72.566,33.34,1,,4.59
p3066_moon,fd9f0e002dd7a6ad,kaggle-environments 1.32.7,a52ba1bfe9df9dc1d504550af46744ef8d474797cdba7af2412dc40a3ebdf3b8,main,178ae0f727641cf4b618ebb98ade7aa1a1bed7517281aab9849de82a59d8ed3a,kaggriculture-r88-rivals__moon_parent,211179053,1,81246,83205,0,1,0,DONE,DONE,719,719,651,650,66.99,65.297,1,,4.82
p3066_moon,fd9f0e002dd7a6ad,kaggle-environments 1.32.7,a52ba1bfe9df9dc1d504550af46744ef8d474797cdba7af2412dc40a3ebdf3b8,main,178ae0f727641cf4b618ebb98ade7aa1a1bed7517281aab9849de82a59d8ed3a,kaggriculture-r88-rivals__moon_parent,211633960,0,81783,82512,0,1,0,DONE,DONE,719,719,655,654,113.932,31.065,1,,4.48
p3066_moon,fd9f0e002dd7a6ad,kaggle-environments 1.32.7,a52ba1bfe9df9dc1d504550af46744ef8d474797cdba7af2412dc40a3ebdf3b8,main,178ae0f727641cf4b618ebb98ade7aa1a1bed7517281aab9849de82a59d8ed3a,kaggriculture-r88-rivals__moon_parent,211633960,1,81783,82512,0,1,0,DONE,DONE,719,719,655,654,86.54,32.703,1,,4.59
p3066_moon,fd9f0e002dd7a6ad,kaggle-environments 1.32.7,a52ba1bfe9df9dc1d504550af46744ef8d474797cdba7af2412dc40a3ebdf3b8,main,178ae0f727641cf4b618ebb98ade7aa1a1bed7517281aab9849de82a59d8ed3a,kaggriculture-r88-rivals__moon_parent,212349113,0,64683,65259,0,1,0,DONE,DONE,719,719,649,648,106.632,31.331,1,,4.37
p3066_moon,fd9f0e002dd7a6ad,kaggle-environments 1.32.7,a52ba1bfe9df9dc1d504550af46744ef8d474797cdba7af2412dc40a3ebdf3b8,main,178ae0f727641cf4b618ebb98ade7aa1a1bed7517281aab9849de82a59d8ed3a,kaggriculture-r88-rivals__moon_parent,212349113,1,64683,65259,0,1,0,DONE,DONE,719,719,649,648,87.606,31.701,1,,4.7
p3066_moon,fd9f0e002dd7a6ad,kaggle-environments 1.32.7,a52ba1bfe9df9dc1d504550af46744ef8d474797cdba7af2412dc40a3ebdf3b8,main,178ae0f727641cf4b618ebb98ade7aa1a1bed7517281aab9849de82a59d8ed3a,kaggriculture-r88-rivals__moon_parent,213629769,0,78351,79035,0,1,0,DONE,DONE,719,719,652,651,112.306,31.373,1,,4.63
p3066_moon,fd9f0e002dd7a6ad,kaggle-environments 1.32.7,a52ba1bfe9df9dc1d504550af46744ef8d474797cdba7af2412dc40a3ebdf3b8,main,178ae0f727641cf4b618ebb98ade7aa1a1bed7517281aab9849de82a59d8ed3a,kaggriculture-r88-rivals__moon_parent,213629769,1,78351,79035,0,1,0,DONE,DONE,719,719,652,651,11.196,83.982,1,,5.03
p3066_moon,fd9f0e002dd7a6ad,kaggle-environments 1.32.7,a52ba1bfe9df9dc1d504550af46744ef8d474797cdba7af2412dc40a3ebdf3b8,main,178ae0f727641cf4b618ebb98ade7aa1a1bed7517281aab9849de82a59d8ed3a,kaggriculture-r88-rivals__moon_parent,215483609,0,67430,67438,0,1,0,DONE,DONE,719,719,657,656,15.983,32.044,1,,4.54
p3066_moon,fd9f0e002dd7a6ad,kaggle-environments 1.32.7,a52ba1bfe9df9dc1d504550af46744ef8d474797cdba7af2412dc40a3ebdf3b8,main,178ae0f727641cf4b618ebb98ade7aa1a1bed7517281aab9849de82a59d8ed3a,kaggriculture-r88-rivals__moon_parent,215483609,1,67209,67748,0,1,0,DONE,DONE,719,719,657,656,15.119,31.907,1,,4.76
p3066_moon,fd9f0e002dd7a6ad,kaggle-environments 1.32.7,a52ba1bfe9df9dc1d504550af46744ef8d474797cdba7af2412dc40a3ebdf3b8,main,178ae0f727641cf4b618ebb98ade7aa1a1bed7517281aab9849de82a59d8ed3a,kaggriculture-r88-rivals__moon_parent,218536939,0,85641,85999,0,1,0,DONE,DONE,719,719,650,649,79.631,31.423,1,,4.75
p3066_moon,fd9f0e002dd7a6ad,kaggle-environments 1.32.7,a52ba1bfe9df9dc1d504550af46744ef8d474797cdba7af2412dc40a3ebdf3b8,main,178ae0f727641cf4b618ebb98ade7aa1a1bed7517281aab9849de82a59d8ed3a,kaggriculture-r88-rivals__moon_parent,218536939,1,85641,85999,0,1,0,DONE,DONE,719,719,650,649,54.483,35.445,1,,4.45
p3066_moon,fd9f0e002dd7a6ad,kaggle-environments 1.32.7,a52ba1bfe9df9dc1d504550af46744ef8d474797cdba7af2412dc40a3ebdf3b8,main,178ae0f727641cf4b618ebb98ade7aa1a1bed7517281aab9849de82a59d8ed3a,kaggriculture-r88-rivals__moon_parent,223961500,0,80105,81156,0,1,0,DONE,DONE,719,719,655,654,73.496,31.156,1,,4.44
p3066_moon,fd9f0e002dd7a6ad,kaggle-environments 1.32.7,a52ba1bfe9df9dc1d504550af46744ef8d474797cdba7af2412dc40a3ebdf3b8,main,178ae0f727641cf4b618ebb98ade7aa1a1bed7517281aab9849de82a59d8ed3a,kaggriculture-r88-rivals__moon_parent,223961500,1,80105,81156,0,1,0,DONE,DONE,719,719,655,654,16.613,31.429,1,,4.59
p3066_moon,fd9f0e002dd7a6ad,kaggle-environments 1.32.7,a52ba1bfe9df9dc1d504550af46744ef8d474797cdba7af2412dc40a3ebdf3b8,main,178ae0f727641cf4b618ebb98ade7aa1a1bed7517281aab9849de82a59d8ed3a,kaggriculture-r88-rivals__moon_parent,224020109,0,85035,87555,0,1,0,DONE,DONE,719,719,658,657,51.864,32.754,1,,4.5
p3066_moon,fd9f0e002dd7a6ad,kaggle-environments 1.32.7,a52ba1bfe9df9dc1d504550af46744ef8d474797cdba7af2412dc40a3ebdf3b8,main,178ae0f727641cf4b618ebb98ade7aa1a1bed7517281aab9849de82a59d8ed3a,kaggriculture-r88-rivals__moon_parent,224020109,1,85035,87555,0,1,0,DONE,DONE,719,719,658,657,103.05,54.713,1,,4.71
p3066_moon,fd9f0e002dd7a6ad,kaggle-environments 1.32.7,a52ba1bfe9df9dc1d504550af46744ef8d474797cdba7af2412dc40a3ebdf3b8,main,178ae0f727641cf4b618ebb98ade7aa1a1bed7517281aab9849de82a59d8ed3a,kaggriculture-r88-rivals__moon_parent,224179274,0,109165,111228,0,1,0,DONE,DONE,719,719,652,651,88.755,48.522,1,,4.88
p3066_moon,fd9f0e002dd7a6ad,kaggle-environments 1.32.7,a52ba1bfe9df9dc1d504550af46744ef8d474797cdba7af2412dc40a3ebdf3b8,main,178ae0f727641cf4b618ebb98ade7aa1a1bed7517281aab9849de82a59d8ed3a,kaggriculture-r88-rivals__moon_parent,224179274,1,109165,111228,0,1,0,DONE,DONE,719,719,652,651,14.68,66.306,1,,4.8
p3066_moon,fd9f0e002dd7a6ad,kaggle-environments 1.32.7,a52ba1bfe9df9dc1d504550af46744ef8d474797cdba7af2412dc40a3ebdf3b8,main,178ae0f727641cf4b618ebb98ade7aa1a1bed7517281aab9849de82a59d8ed3a,kaggriculture-r88-rivals__moon_parent,227591570,0,107822,108823,0,1,0,DONE,DONE,719,719,653,652,15.408,33.913,1,,4.52
p3066_moon,fd9f0e002dd7a6ad,kaggle-environments 1.32.7,a52ba1bfe9df9dc1d504550af46744ef8d474797cdba7af2412dc40a3ebdf3b8,main,178ae0f727641cf4b618ebb98ade7aa1a1bed7517281aab9849de82a59d8ed3a,kaggriculture-r88-rivals__moon_parent,227591570,1,107822,108823,0,1,0,DONE,DONE,719,719,653,652,15.416,51.791,1,,4.38
p3066_moon,fd9f0e002dd7a6ad,kaggle-environments 1.32.7,a52ba1bfe9df9dc1d504550af46744ef8d474797cdba7af2412dc40a3ebdf3b8,main,178ae0f727641cf4b618ebb98ade7aa1a1bed7517281aab9849de82a59d8ed3a,kaggriculture-r88-rivals__moon_parent,228346312,0,110266,111114,0,1,0,DONE,DONE,719,719,654,653,49.592,82.399,1,,4.77
p3066_moon,fd9f0e002dd7a6ad,kaggle-environments 1.32.7,a52ba1bfe9df9dc1d504550af46744ef8d474797cdba7af2412dc40a3ebdf3b8,main,178ae0f727641cf4b618ebb98ade7aa1a1bed7517281aab9849de82a59d8ed3a,kaggriculture-r88-rivals__moon_parent,228346312,1,110266,111114,0,1,0,DONE,DONE,719,719,654,653,80.737,34.261,1,,4.54
p3066_moon,fd9f0e002dd7a6ad,kaggle-environments 1.32.7,a52ba1bfe9df9dc1d504550af46744ef8d474797cdba7af2412dc40a3ebdf3b8,main,178ae0f727641cf4b618ebb98ade7aa1a1bed7517281aab9849de82a59d8ed3a,kaggriculture-r88-rivals__moon_parent,237455159,0,91137,92041,0,1,0,DONE,DONE,719,719,657,657,126.982,32.124,1,,4.53
p3066_moon,fd9f0e002dd7a6ad,kaggle-environments 1.32.7,a52ba1bfe9df9dc1d504550af46744ef8d474797cdba7af2412dc40a3ebdf3b8,main,178ae0f727641cf4b618ebb98ade7aa1a1bed7517281aab9849de82a59d8ed3a,kaggriculture-r88-rivals__moon_parent,237455159,1,91137,92041,0,1,0,DONE,DONE,719,719,658,656,81.232,136.108,1,,4.58
p3066_moon,fd9f0e002dd7a6ad,kaggle-environments 1.32.7,a52ba1bfe9df9dc1d504550af46744ef8d474797cdba7af2412dc40a3ebdf3b8,main,178ae0f727641cf4b618ebb98ade7aa1a1bed7517281aab9849de82a59d8ed3a,kaggriculture-r88-rivals__moon_parent,237977933,0,63821,64369,0,1,0,DONE,DONE,719,719,648,647,16.256,79.243,1,,4.68
p3066_moon,fd9f0e002dd7a6ad,kaggle-environments 1.32.7,a52ba1bfe9df9dc1d504550af46744ef8d474797cdba7af2412dc40a3ebdf3b8,main,178ae0f727641cf4b618ebb98ade7aa1a1bed7517281aab9849de82a59d8ed3a,kaggriculture-r88-rivals__moon_parent,237977933,1,63821,64369,0,1,0,DONE,DONE,719,719,648,647,18.573,63.801,1,,4.49
p3066_moon,fd9f0e002dd7a6ad,kaggle-environments 1.32.7,a52ba1bfe9df9dc1d504550af46744ef8d474797cdba7af2412dc40a3ebdf3b8,main,178ae0f727641cf4b618ebb98ade7aa1a1bed7517281aab9849de82a59d8ed3a,kaggriculture-r88-rivals__moon_parent,242100432,0,83891,84519,0,1,0,DONE,DONE,719,719,657,657,17.872,32.045,1,,4.68
p3066_moon,fd9f0e002dd7a6ad,kaggle-environments 1.32.7,a52ba1bfe9df9dc1d504550af46744ef8d474797cdba7af2412dc40a3ebdf3b8,main,178ae0f727641cf4b618ebb98ade7aa1a1bed7517281aab9849de82a59d8ed3a,kaggriculture-r88-rivals__moon_parent,242100432,1,83891,84519,0,1,0,DONE,DONE,719,719,657,657,65.228,67.992,1,,4.78
p3066_moon,fd9f0e002dd7a6ad,kaggle-environments 1.32.7,a52ba1bfe9df9dc1d504550af46744ef8d474797cdba7af2412dc40a3ebdf3b8,main,178ae0f727641cf4b618ebb98ade7aa1a1bed7517281aab9849de82a59d8ed3a,kaggriculture-r88-rivals__moon_parent,243646532,0,86337,87259,0,1,0,DONE,DONE,719,719,658,658,76.749,31.693,1,,4.31
p3066_moon,fd9f0e002dd7a6ad,kaggle-environments 1.32.7,a52ba1bfe9df9dc1d504550af46744ef8d474797cdba7af2412dc40a3ebdf3b8,main,178ae0f727641cf4b618ebb98ade7aa1a1bed7517281aab9849de82a59d8ed3a,kaggriculture-r88-rivals__moon_parent,243646532,1,86337,87259,0,1,0,DONE,DONE,719,719,658,658,17.319,31.366,1,,4.43
p3066_moon,fd9f0e002dd7a6ad,kaggle-environments 1.32.7,a52ba1bfe9df9dc1d504550af46744ef8d474797cdba7af2412dc40a3ebdf3b8,main,178ae0f727641cf4b618ebb98ade7aa1a1bed7517281aab9849de82a59d8ed3a,kaggriculture-r88-rivals__moon_parent,244488030,0,67485,68810,0,1,0,DONE,DONE,719,719,649,635,64.412,32.111,1,,4.69
p3066_moon,fd9f0e002dd7a6ad,kaggle-environments 1.32.7,a52ba1bfe9df9dc1d504550af46744ef8d474797cdba7af2412dc40a3ebdf3b8,main,178ae0f727641cf4b618ebb98ade7aa1a1bed7517281aab9849de82a59d8ed3a,kaggriculture-r88-rivals__moon_parent,244488030,1,67485,68810,0,1,0,DONE,DONE,719,719,649,635,18.017,93.043,1,,4.48
p3066_moon,fd9f0e002dd7a6ad,kaggle-environments 1.32.7,a52ba1bfe9df9dc1d504550af46744ef8d474797cdba7af2412dc40a3ebdf3b8,main,178ae0f727641cf4b618ebb98ade7aa1a1bed7517281aab9849de82a59d8ed3a,kaggriculture-r88-rivals__moon_parent,244579335,0,81771,84161,0,1,0,DONE,DONE,719,719,648,636,81.109,31.056,1,,4.7
p3066_moon,fd9f0e002dd7a6ad,kaggle-environments 1.32.7,a52ba1bfe9df9dc1d504550af46744ef8d474797cdba7af2412dc40a3ebdf3b8,main,178ae0f727641cf4b618ebb98ade7aa1a1bed7517281aab9849de82a59d8ed3a,kaggriculture-r88-rivals__moon_parent,244579335,1,81690,84236,0,1,0,DONE,DONE,719,719,648,636,98.772,153.315,1,,4.58
p3066_moon,fd9f0e002dd7a6ad,kaggle-environments 1.32.7,a52ba1bfe9df9dc1d504550af46744ef8d474797cdba7af2412dc40a3ebdf3b8,main,178ae0f727641cf4b618ebb98ade7aa1a1bed7517281aab9849de82a59d8ed3a,kaggriculture-r88-rivals__moon_parent,245669593,0,87154,88419,0,1,0,DONE,DONE,719,719,655,654,64.336,37.022,1,,4.62
p3066_moon,fd9f0e002dd7a6ad,kaggle-environments 1.32.7,a52ba1bfe9df9dc1d504550af46744ef8d474797cdba7af2412dc40a3ebdf3b8,main,178ae0f727641cf4b618ebb98ade7aa1a1bed7517281aab9849de82a59d8ed3a,kaggriculture-r88-rivals__moon_parent,245669593,1,87154,88419,0,1,0,DONE,DONE,719,719,655,654,15.84,75.993,1,,4.52
p3066_moon,fd9f0e002dd7a6ad,kaggle-environments 1.32.7,a52ba1bfe9df9dc1d504550af46744ef8d474797cdba7af2412dc40a3ebdf3b8,main,178ae0f727641cf4b618ebb98ade7aa1a1bed7517281aab9849de82a59d8ed3a,kaggriculture-r88-rivals__moon_parent,247027353,0,117218,119400,0,1,0,DONE,DONE,719,719,649,648,93.61,32.003,1,,4.8
p3066_moon,fd9f0e002dd7a6ad,kaggle-environments 1.32.7,a52ba1bfe9df9dc1d504550af46744ef8d474797cdba7af2412dc40a3ebdf3b8,main,178ae0f727641cf4b618ebb98ade7aa1a1bed7517281aab9849de82a59d8ed3a,kaggriculture-r88-rivals__moon_parent,247027353,1,117218,119400,0,1,0,DONE,DONE,719,719,649,648,10.999,73.986,1,,4.73
p3066_moon,fd9f0e002dd7a6ad,kaggle-environments 1.32.7,a52ba1bfe9df9dc1d504550af46744ef8d474797cdba7af2412dc40a3ebdf3b8,main,178ae0f727641cf4b618ebb98ade7aa1a1bed7517281aab9849de82a59d8ed3a,kaggriculture-r88-rivals__moon_parent,248168242,0,92492,93185,0,1,0,DONE,DONE,719,719,656,656,48.863,35.25,1,,4.66
p3066_moon,fd9f0e002dd7a6ad,kaggle-environments 1.32.7,a52ba1bfe9df9dc1d504550af46744ef8d474797cdba7af2412dc40a3ebdf3b8,main,178ae0f727641cf4b618ebb98ade7aa1a1bed7517281aab9849de82a59d8ed3a,kaggriculture-r88-rivals__moon_parent,248168242,1,92492,93185,0,1,0,DONE,DONE,719,719,656,656,72.323,78.701,1,,4.54
p3066_moon,fd9f0e002dd7a6ad,kaggle-environments 1.32.7,a52ba1bfe9df9dc1d504550af46744ef8d474797cdba7af2412dc40a3ebdf3b8,main,178ae0f727641cf4b618ebb98ade7aa1a1bed7517281aab9849de82a59d8ed3a,kaggriculture-r88-rivals__moon_parent,252426730,0,106935,111001,0,1,0,DONE,DONE,719,719,642,640,106.616,32.206,1,,4.67
p3066_moon,fd9f0e002dd7a6ad,kaggle-environments 1.32.7,a52ba1bfe9df9dc1d504550af46744ef8d474797cdba7af2412dc40a3ebdf3b8,main,178ae0f727641cf4b618ebb98ade7aa1a1bed7517281aab9849de82a59d8ed3a,kaggriculture-r88-rivals__moon_parent,252426730,1,106935,111001,0,1,0,DONE,DONE,719,719,642,640,67.046,33.068,1,,4.82
p3066_moon,fd9f0e002dd7a6ad,kaggle-environments 1.32.7,a52ba1bfe9df9dc1d504550af46744ef8d474797cdba7af2412dc40a3ebdf3b8,main,178ae0f727641cf4b618ebb98ade7aa1a1bed7517281aab9849de82a59d8ed3a,kaggriculture-r88-rivals__moon_parent,253976472,0,95902,97019,0,1,0,DONE,DONE,719,719,653,652,91.93,106.032,1,,4.61
p3066_moon,fd9f0e002dd7a6ad,kaggle-environments 1.32.7,a52ba1bfe9df9dc1d504550af46744ef8d474797cdba7af2412dc40a3ebdf3b8,main,178ae0f727641cf4b618ebb98ade7aa1a1bed7517281aab9849de82a59d8ed3a,kaggriculture-r88-rivals__moon_parent,253976472,1,95902,97019,0,1,0,DONE,DONE,719,719,653,652,15.694,76.003,1,,4.47
p3066_moon,fd9f0e002dd7a6ad,kaggle-environments 1.32.7,a52ba1bfe9df9dc1d504550af46744ef8d474797cdba7af2412dc40a3ebdf3b8,main,178ae0f727641cf4b618ebb98ade7aa1a1bed7517281aab9849de82a59d8ed3a,kaggriculture-r88-rivals__moon_parent,255806317,0,75092,76572,0,1,0,DONE,DONE,719,719,650,649,103.868,54.746,1,,4.94
p3066_moon,fd9f0e002dd7a6ad,kaggle-environments 1.32.7,a52ba1bfe9df9dc1d504550af46744ef8d474797cdba7af2412dc40a3ebdf3b8,main,178ae0f727641cf4b618ebb98ade7aa1a1bed7517281aab9849de82a59d8ed3a,kaggriculture-r88-rivals__moon_parent,255806317,1,75092,76572,0,1,0,DONE,DONE,719,719,650,649,74.948,32.944,1,,4.73
p3066_moon,fd9f0e002dd7a6ad,kaggle-environments 1.32.7,a52ba1bfe9df9dc1d504550af46744ef8d474797cdba7af2412dc40a3ebdf3b8,main,178ae0f727641cf4b618ebb98ade7aa1a1bed7517281aab9849de82a59d8ed3a,kaggriculture-r88-rivals__moon_parent,258798443,0,66775,68413,0,1,0,DONE,DONE,719,719,657,657,112.74,31.824,1,,4.82
p3066_moon,fd9f0e002dd7a6ad,kaggle-environments 1.32.7,a52ba1bfe9df9dc1d504550af46744ef8d474797cdba7af2412dc40a3ebdf3b8,main,178ae0f727641cf4b618ebb98ade7aa1a1bed7517281aab9849de82a59d8ed3a,kaggriculture-r88-rivals__moon_parent,258798443,1,66775,68413,0,1,0,DONE,DONE,719,719,657,657,11.374,31.05,1,,4.53
p3066_moon,fd9f0e002dd7a6ad,kaggle-environments 1.32.7,a52ba1bfe9df9dc1d504550af46744ef8d474797cdba7af2412dc40a3ebdf3b8,main,178ae0f727641cf4b618ebb98ade7aa1a1bed7517281aab9849de82a59d8ed3a,kaggriculture-r88-rivals__moon_parent,262383157,0,103731,104419,0,1,0,DONE,DONE,719,719,648,647,9.952,33.999,1,,4.75
p3066_moon,fd9f0e002dd7a6ad,kaggle-environments 1.32.7,a52ba1bfe9df9dc1d504550af46744ef8d474797cdba7af2412dc40a3ebdf3b8,main,178ae0f727641cf4b618ebb98ade7aa1a1bed7517281aab9849de82a59d8ed3a,kaggriculture-r88-rivals__moon_parent,262383157,1,103731,104419,0,1,0,DONE,DONE,719,719,648,647,11.131,65.869,1,,4.71
p3066_moon,fd9f0e002dd7a6ad,kaggle-environments 1.32.7,a52ba1bfe9df9dc1d504550af46744ef8d474797cdba7af2412dc40a3ebdf3b8,main,178ae0f727641cf4b618ebb98ade7aa1a1bed7517281aab9849de82a59d8ed3a,kaggriculture-r88-rivals__moon_parent,263967034,0,66866,69485,0,1,0,DONE,DONE,719,719,649,649,17.85,32.956,1,,4.85
p3066_moon,fd9f0e002dd7a6ad,kaggle-environments 1.32.7,a52ba1bfe9df9dc1d504550af46744ef8d474797cdba7af2412dc40a3ebdf3b8,main,178ae0f727641cf4b618ebb98ade7aa1a1bed7517281aab9849de82a59d8ed3a,kaggriculture-r88-rivals__moon_parent,263967034,1,66866,69485,0,1,0,DONE,DONE,719,719,649,649,10.797,92.073,1,,4.65
p3066_moon,fd9f0e002dd7a6ad,kaggle-environments 1.32.7,a52ba1bfe9df9dc1d504550af46744ef8d474797cdba7af2412dc40a3ebdf3b8,main,178ae0f727641cf4b618ebb98ade7aa1a1bed7517281aab9849de82a59d8ed3a,kaggriculture-r88-rivals__moon_parent,266064978,0,95977,96853,0,1,0,DONE,DONE,719,719,654,653,10.715,31.903,1,,4.75
p3066_moon,fd9f0e002dd7a6ad,kaggle-environments 1.32.7,a52ba1bfe9df9dc1d504550af46744ef8d474797cdba7af2412dc40a3ebdf3b8,main,178ae0f727641cf4b618ebb98ade7aa1a1bed7517281aab9849de82a59d8ed3a,kaggriculture-r88-rivals__moon_parent,266064978,1,95977,96853,0,1,0,DONE,DONE,719,719,654,653,11.081,106.743,1,,4.47
p3066_moon,fd9f0e002dd7a6ad,kaggle-environments 1.32.7,a52ba1bfe9df9dc1d504550af46744ef8d474797cdba7af2412dc40a3ebdf3b8,main,178ae0f727641cf4b618ebb98ade7aa1a1bed7517281aab9849de82a59d8ed3a,kaggriculture-r88-rivals__moon_parent,267865996,0,141056,141886,0,1,0,DONE,DONE,719,719,656,655,16.501,31.165,1,,4.33
p3066_moon,fd9f0e002dd7a6ad,kaggle-environments 1.32.7,a52ba1bfe9df9dc1d504550af46744ef8d474797cdba7af2412dc40a3ebdf3b8,main,178ae0f727641cf4b618ebb98ade7aa1a1bed7517281aab9849de82a59d8ed3a,kaggriculture-r88-rivals__moon_parent,267865996,1,141056,141886,0,1,0,DONE,DONE,719,719,656,655,114.464,32.009,1,,4.34
p3066_moon,fd9f0e002dd7a6ad,kaggle-environments 1.32.7,a52ba1bfe9df9dc1d504550af46744ef8d474797cdba7af2412dc40a3ebdf3b8,main,178ae0f727641cf4b618ebb98ade7aa1a1bed7517281aab9849de82a59d8ed3a,kaggriculture-r88-rivals__moon_parent,268416285,0,130224,131760,0,1,0,DONE,DONE,719,719,659,659,16.107,33.331,1,,4.54
p3066_moon,fd9f0e002dd7a6ad,kaggle-environments 1.32.7,a52ba1bfe9df9dc1d504550af46744ef8d474797cdba7af2412dc40a3ebdf3b8,main,178ae0f727641cf4b618ebb98ade7aa1a1bed7517281aab9849de82a59d8ed3a,kaggriculture-r88-rivals__moon_parent,268416285,1,130224,131760,0,1,0,DONE,DONE,719,719,659,659,18.376,106.562,1,,4.72
p3066_moon,fd9f0e002dd7a6ad,kaggle-environments 1.32.7,a52ba1bfe9df9dc1d504550af46744ef8d474797cdba7af2412dc40a3ebdf3b8,main,178ae0f727641cf4b618ebb98ade7aa1a1bed7517281aab9849de82a59d8ed3a,kaggriculture-r88-rivals__moon_parent,270212011,0,115668,118426,0,1,0,DONE,DONE,719,719,649,637,121.824,32.938,1,,4.72
p3066_moon,fd9f0e002dd7a6ad,kaggle-environments 1.32.7,a52ba1bfe9df9dc1d504550af46744ef8d474797cdba7af2412dc40a3ebdf3b8,main,178ae0f727641cf4b618ebb98ade7aa1a1bed7517281aab9849de82a59d8ed3a,kaggriculture-r88-rivals__moon_parent,270212011,1,115668,118426,0,1,0,DONE,DONE,719,719,649,637,15.452,81.241,1,,4.56
p3066_moon,fd9f0e002dd7a6ad,kaggle-environments 1.32.7,a52ba1bfe9df9dc1d504550af46744ef8d474797cdba7af2412dc40a3ebdf3b8,main,178ae0f727641cf4b618ebb98ade7aa1a1bed7517281aab9849de82a59d8ed3a,kaggriculture-r88-rivals__moon_parent,271213467,0,84467,85341,0,1,0,DONE,DONE,719,719,655,654,26.388,31.485,1,,4.6
p3066_moon,fd9f0e002dd7a6ad,kaggle-environments 1.32.7,a52ba1bfe9df9dc1d504550af46744ef8d474797cdba7af2412dc40a3ebdf3b8,main,178ae0f727641cf4b618ebb98ade7aa1a1bed7517281aab9849de82a59d8ed3a,kaggriculture-r88-rivals__moon_parent,271213467,1,84467,85341,0,1,0,DONE,DONE,719,719,655,654,15.569,31.462,1,,4.66
p3066_moon,fd9f0e002dd7a6ad,kaggle-environments 1.32.7,a52ba1bfe9df9dc1d504550af46744ef8d474797cdba7af2412dc40a3ebdf3b8,main,178ae0f727641cf4b618ebb98ade7aa1a1bed7517281aab9849de82a59d8ed3a,kaggriculture-r88-rivals__moon_parent,272752417,0,101758,103520,0,1,0,DONE,DONE,719,719,652,652,20.767,89.611,1,,4.55
p3066_moon,fd9f0e002dd7a6ad,kaggle-environments 1.32.7,a52ba1bfe9df9dc1d504550af46744ef8d474797cdba7af2412dc40a3ebdf3b8,main,178ae0f727641cf4b618ebb98ade7aa1a1bed7517281aab9849de82a59d8ed3a,kaggriculture-r88-rivals__moon_parent,272752417,1,101758,103520,0,1,0,DONE,DONE,719,719,652,652,86.305,33.398,1,,4.68
p3066_moon,fd9f0e002dd7a6ad,kaggle-environments 1.32.7,a52ba1bfe9df9dc1d504550af46744ef8d474797cdba7af2412dc40a3ebdf3b8,main,178ae0f727641cf4b618ebb98ade7aa1a1bed7517281aab9849de82a59d8ed3a,kaggriculture-r88-rivals__moon_parent,276129185,0,125633,127577,0,1,0,DONE,DONE,719,719,641,641,85.69,64.668,1,,4.67
p3066_moon,fd9f0e002dd7a6ad,kaggle-environments 1.32.7,a52ba1bfe9df9dc1d504550af46744ef8d474797cdba7af2412dc40a3ebdf3b8,main,178ae0f727641cf4b618ebb98ade7aa1a1bed7517281aab9849de82a59d8ed3a,kaggriculture-r88-rivals__moon_parent,276129185,1,125633,127577,0,1,0,DONE,DONE,719,719,641,641,15.061,96.464,1,,4.58
p3066_moon,fd9f0e002dd7a6ad,kaggle-environments 1.32.7,a52ba1bfe9df9dc1d504550af46744ef8d474797cdba7af2412dc40a3ebdf3b8,main,178ae0f727641cf4b618ebb98ade7aa1a1bed7517281aab9849de82a59d8ed3a,kaggriculture-r88-rivals__moon_parent,280994253,0,101147,106326,0,1,0,DONE,DONE,719,719,650,637,49.603,33.147,1,,4.44
p3066_moon,fd9f0e002dd7a6ad,kaggle-environments 1.32.7,a52ba1bfe9df9dc1d504550af46744ef8d474797cdba7af2412dc40a3ebdf3b8,main,178ae0f727641cf4b618ebb98ade7aa1a1bed7517281aab9849de82a59d8ed3a,kaggriculture-r88-rivals__moon_parent,280994253,1,101147,106326,0,1,0,DONE,DONE,719,719,650,637,15.519,83.024,1,,4.47
p3066_moon,fd9f0e002dd7a6ad,kaggle-environments 1.32.7,a52ba1bfe9df9dc1d504550af46744ef8d474797cdba7af2412dc40a3ebdf3b8,main,178ae0f727641cf4b618ebb98ade7aa1a1bed7517281aab9849de82a59d8ed3a,kaggriculture-r88-rivals__moon_parent,284050073,0,73396,73610,0,1,0,DONE,DONE,719,719,634,634,97.306,76.019,1,,4.35
p3066_moon,fd9f0e002dd7a6ad,kaggle-environments 1.32.7,a52ba1bfe9df9dc1d504550af46744ef8d474797cdba7af2412dc40a3ebdf3b8,main,178ae0f727641cf4b618ebb98ade7aa1a1bed7517281aab9849de82a59d8ed3a,kaggriculture-r88-rivals__moon_parent,284050073,1,73396,73610,0,1,0,DONE,DONE,719,719,634,634,15.919,30.56,1,,4.57
p3066_moon,fd9f0e002dd7a6ad,kaggle-environments 1.32.7,a52ba1bfe9df9dc1d504550af46744ef8d474797cdba7af2412dc40a3ebdf3b8,main,178ae0f727641cf4b618ebb98ade7aa1a1bed7517281aab9849de82a59d8ed3a,kaggriculture-r88-rivals__moon_parent,286469594,0,85110,88816,0,1,0,DONE,DONE,719,719,654,653,16.017,31.278,1,,4.45
p3066_moon,fd9f0e002dd7a6ad,kaggle-environments 1.32.7,a52ba1bfe9df9dc1d504550af46744ef8d474797cdba7af2412dc40a3ebdf3b8,main,178ae0f727641cf4b618ebb98ade7aa1a1bed7517281aab9849de82a59d8ed3a,kaggriculture-r88-rivals__moon_parent,286469594,1,85042,89408,0,1,0,DONE,DONE,719,719,655,653,15.817,68.108,1,,4.69
p3066_moon,fd9f0e002dd7a6ad,kaggle-environments 1.32.7,a52ba1bfe9df9dc1d504550af46744ef8d474797cdba7af2412dc40a3ebdf3b8,main,178ae0f727641cf4b618ebb98ade7aa1a1bed7517281aab9849de82a59d8ed3a,kaggriculture-r88-rivals__moon_parent,290144135,0,78563,79422,0,1,0,DONE,DONE,719,719,654,653,63.182,32.26,1,,4.5
p3066_moon,fd9f0e002dd7a6ad,kaggle-environments 1.32.7,a52ba1bfe9df9dc1d504550af46744ef8d474797cdba7af2412dc40a3ebdf3b8,main,178ae0f727641cf4b618ebb98ade7aa1a1bed7517281aab9849de82a59d8ed3a,kaggriculture-r88-rivals__moon_parent,290144135,1,78563,79422,0,1,0,DONE,DONE,719,719,654,653,15.105,95.688,1,,4.65
p3066_moon,fd9f0e002dd7a6ad,kaggle-environments 1.32.7,a52ba1bfe9df9dc1d504550af46744ef8d474797cdba7af2412dc40a3ebdf3b8,main,178ae0f727641cf4b618ebb98ade7aa1a1bed7517281aab9849de82a59d8ed3a,kaggriculture-r88-rivals__moon_parent,291481271,0,78955,84812,0,1,0,DONE,DONE,719,719,650,636,97.146,30.265,1,,4.43
p3066_moon,fd9f0e002dd7a6ad,kaggle-environments 1.32.7,a52ba1bfe9df9dc1d504550af46744ef8d474797cdba7af2412dc40a3ebdf3b8,main,178ae0f727641cf4b618ebb98ade7aa1a1bed7517281aab9849de82a59d8ed3a,kaggriculture-r88-rivals__moon_parent,291481271,1,78955,84812,0,1,0,DONE,DONE,719,719,650,636,84.433,34.269,1,,4.58
p3066_moon,fd9f0e002dd7a6ad,kaggle-environments 1.32.7,a52ba1bfe9df9dc1d504550af46744ef8d474797cdba7af2412dc40a3ebdf3b8,main,178ae0f727641cf4b618ebb98ade7aa1a1bed7517281aab9849de82a59d8ed3a,kaggriculture-r88-rivals__moon_parent,295497128,0,99051,99979,0,1,0,DONE,DONE,719,719,654,653,16.551,35.634,1,,4.74
p3066_moon,fd9f0e002dd7a6ad,kaggle-environments 1.32.7,a52ba1bfe9df9dc1d504550af46744ef8d474797cdba7af2412dc40a3ebdf3b8,main,178ae0f727641cf4b618ebb98ade7aa1a1bed7517281aab9849de82a59d8ed3a,kaggriculture-r88-rivals__moon_parent,295497128,1,99051,99979,0,1,0,DONE,DONE,719,719,654,653,15.715,32.519,1,,4.52
p3066_moon,fd9f0e002dd7a6ad,kaggle-environments 1.32.7,a52ba1bfe9df9dc1d504550af46744ef8d474797cdba7af2412dc40a3ebdf3b8,main,178ae0f727641cf4b618ebb98ade7aa1a1bed7517281aab9849de82a59d8ed3a,kaggriculture-r88-rivals__moon_parent,297167139,0,88581,91007,0,1,0,DONE,DONE,719,719,655,655,21.924,31.912,1,,4.84
p3066_moon,fd9f0e002dd7a6ad,kaggle-environments 1.32.7,a52ba1bfe9df9dc1d504550af46744ef8d474797cdba7af2412dc40a3ebdf3b8,main,178ae0f727641cf4b618ebb98ade7aa1a1bed7517281aab9849de82a59d8ed3a,kaggriculture-r88-rivals__moon_parent,297167139,1,88581,91007,0,1,0,DONE,DONE,719,719,655,655,16.651,31.705,1,,4.71
p3066_moon,fd9f0e002dd7a6ad,kaggle-environments 1.32.7,a52ba1bfe9df9dc1d504550af46744ef8d474797cdba7af2412dc40a3ebdf3b8,main,178ae0f727641cf4b618ebb98ade7aa1a1bed7517281aab9849de82a59d8ed3a,kaggriculture-r88-rivals__moon_parent,298942269,0,77723,79163,0,1,0,DONE,DONE,719,719,651,650,90.933,35.854,1,,4.76
p3066_moon,fd9f0e002dd7a6ad,kaggle-environments 1.32.7,a52ba1bfe9df9dc1d504550af46744ef8d474797cdba7af2412dc40a3ebdf3b8,main,178ae0f727641cf4b618ebb98ade7aa1a1bed7517281aab9849de82a59d8ed3a,kaggriculture-r88-rivals__moon_parent,298942269,1,77723,79163,0,1,0,DONE,DONE,719,719,651,650,51.851,79.884,1,,4.44
p3066_moon,fd9f0e002dd7a6ad,kaggle-environments 1.32.7,a52ba1bfe9df9dc1d504550af46744ef8d474797cdba7af2412dc40a3ebdf3b8,main,178ae0f727641cf4b618ebb98ade7aa1a1bed7517281aab9849de82a59d8ed3a,kaggriculture-r88-rivals__moon_parent,304187692,0,85362,86980,0,1,0,DONE,DONE,719,719,650,651,86.616,96.948,1,,4.88
p3066_moon,fd9f0e002dd7a6ad,kaggle-environments 1.32.7,a52ba1bfe9df9dc1d504550af46744ef8d474797cdba7af2412dc40a3ebdf3b8,main,178ae0f727641cf4b618ebb98ade7aa1a1bed7517281aab9849de82a59d8ed3a,kaggriculture-r88-rivals__moon_parent,304187692,1,85362,86980,0,1,0,DONE,DONE,719,719,651,650,65.753,33.388,1,,4.58
p3066_moon,fd9f0e002dd7a6ad,kaggle-environments 1.32.7,a52ba1bfe9df9dc1d504550af46744ef8d474797cdba7af2412dc40a3ebdf3b8,main,178ae0f727641cf4b618ebb98ade7aa1a1bed7517281aab9849de82a59d8ed3a,kaggriculture-r88-rivals__moon_parent,304305137,0,92569,93439,0,1,0,DONE,DONE,719,719,659,658,113.665,31.91,1,,4.44
p3066_moon,fd9f0e002dd7a6ad,kaggle-environments 1.32.7,a52ba1bfe9df9dc1d504550af46744ef8d474797cdba7af2412dc40a3ebdf3b8,main,178ae0f727641cf4b618ebb98ade7aa1a1bed7517281aab9849de82a59d8ed3a,kaggriculture-r88-rivals__moon_parent,304305137,1,92569,93439,0,1,0,DONE,DONE,719,719,659,658,64.216,34.805,1,,4.76
p3066_moon,fd9f0e002dd7a6ad,kaggle-environments 1.32.7,a52ba1bfe9df9dc1d504550af46744ef8d474797cdba7af2412dc40a3ebdf3b8,main,178ae0f727641cf4b618ebb98ade7aa1a1bed7517281aab9849de82a59d8ed3a,kaggriculture-r88-rivals__moon_parent,306982199,0,116319,117300,0,1,0,DONE,DONE,719,719,652,651,16.695,35.293,1,,4.8
p3066_moon,fd9f0e002dd7a6ad,kaggle-environments 1.32.7,a52ba1bfe9df9dc1d504550af46744ef8d474797cdba7af2412dc40a3ebdf3b8,main,178ae0f727641cf4b618ebb98ade7aa1a1bed7517281aab9849de82a59d8ed3a,kaggriculture-r88-rivals__moon_parent,306982199,1,116319,117300,0,1,0,DONE,DONE,719,719,652,651,15.765,37.409,1,,4.44
p3066_moon,fd9f0e002dd7a6ad,kaggle-environments 1.32.7,a52ba1bfe9df9dc1d504550af46744ef8d474797cdba7af2412dc40a3ebdf3b8,main,178ae0f727641cf4b618ebb98ade7aa1a1bed7517281aab9849de82a59d8ed3a,kaggriculture-r88-rivals__moon_parent,311994045,0,116208,116135,1,0,0,DONE,DONE,719,719,656,655,16.192,33.256,1,,4.44
p3066_moon,fd9f0e002dd7a6ad,kaggle-environments 1.32.7,a52ba1bfe9df9dc1d504550af46744ef8d474797cdba7af2412dc40a3ebdf3b8,main,178ae0f727641cf4b618ebb98ade7aa1a1bed7517281aab9849de82a59d8ed3a,kaggriculture-r88-rivals__moon_parent,311994045,1,116208,116135,1,0,0,DONE,DONE,719,719,656,655,57.506,45.94,1,,4.48
p3066_moon,fd9f0e002dd7a6ad,kaggle-environments 1.32.7,a52ba1bfe9df9dc1d504550af46744ef8d474797cdba7af2412dc40a3ebdf3b8,main,178ae0f727641cf4b618ebb98ade7aa1a1bed7517281aab9849de82a59d8ed3a,kaggriculture-r88-rivals__moon_parent,313460815,0,113470,114829,0,1,0,DONE,DONE,719,719,641,638,15.719,127.758,1,,4.66
p3066_moon,fd9f0e002dd7a6ad,kaggle-environments 1.32.7,a52ba1bfe9df9dc1d504550af46744ef8d474797cdba7af2412dc40a3ebdf3b8,main,178ae0f727641cf4b618ebb98ade7aa1a1bed7517281aab9849de82a59d8ed3a,kaggriculture-r88-rivals__moon_parent,313460815,1,113511,114830,0,1,0,DONE,DONE,719,719,641,638,75.978,123.94,1,,4.56
p3066_moon,fd9f0e002dd7a6ad,kaggle-environments 1.32.7,a52ba1bfe9df9dc1d504550af46744ef8d474797cdba7af2412dc40a3ebdf3b8,main,178ae0f727641cf4b618ebb98ade7aa1a1bed7517281aab9849de82a59d8ed3a,kaggriculture-r88-rivals__moon_parent,314816792,0,76321,78842,0,1,0,DONE,DONE,719,719,655,655,16.625,30.413,1,,4.5
p3066_moon,fd9f0e002dd7a6ad,kaggle-environments 1.32.7,a52ba1bfe9df9dc1d504550af46744ef8d474797cdba7af2412dc40a3ebdf3b8,main,178ae0f727641cf4b618ebb98ade7aa1a1bed7517281aab9849de82a59d8ed3a,kaggriculture-r88-rivals__moon_parent,314816792,1,76321,78842,0,1,0,DONE,DONE,719,719,655,655,126.324,38.587,1,,4.54
p3066_moon,fd9f0e002dd7a6ad,kaggle-environments 1.32.7,a52ba1bfe9df9dc1d504550af46744ef8d474797cdba7af2412dc40a3ebdf3b8,main,178ae0f727641cf4b618ebb98ade7aa1a1bed7517281aab9849de82a59d8ed3a,kaggriculture-r88-rivals__moon_parent,314863912,0,80630,82261,0,1,0,DONE,DONE,719,719,635,635,89.553,32.965,1,,4.68
p3066_moon,fd9f0e002dd7a6ad,kaggle-environments 1.32.7,a52ba1bfe9df9dc1d504550af46744ef8d474797cdba7af2412dc40a3ebdf3b8,main,178ae0f727641cf4b618ebb98ade7aa1a1bed7517281aab9849de82a59d8ed3a,kaggriculture-r88-rivals__moon_parent,314863912,1,80630,82261,0,1,0,DONE,DONE,719,719,635,635,127.903,33.649,1,,4.66
p3066_moon,fd9f0e002dd7a6ad,kaggle-environments 1.32.7,a52ba1bfe9df9dc1d504550af46744ef8d474797cdba7af2412dc40a3ebdf3b8,main,178ae0f727641cf4b618ebb98ade7aa1a1bed7517281aab9849de82a59d8ed3a,kaggriculture-r88-rivals__moon_parent,315410585,0,86393,88537,0,1,0,DONE,DONE,719,719,651,651,72.782,34.895,1,,4.63
p3066_moon,fd9f0e002dd7a6ad,kaggle-environments 1.32.7,a52ba1bfe9df9dc1d504550af46744ef8d474797cdba7af2412dc40a3ebdf3b8,main,178ae0f727641cf4b618ebb98ade7aa1a1bed7517281aab9849de82a59d8ed3a,kaggriculture-r88-rivals__moon_parent,315410585,1,86393,88537,0,1,0,DONE,DONE,719,719,651,651,85.179,42.703,1,,4.68
p3066_moon,fd9f0e002dd7a6ad,kaggle-environments 1.32.7,a52ba1bfe9df9dc1d504550af46744ef8d474797cdba7af2412dc40a3ebdf3b8,main,178ae0f727641cf4b618ebb98ade7aa1a1bed7517281aab9849de82a59d8ed3a,kaggriculture-r88-rivals__moon_parent,316995331,0,112871,112881,0,1,0,DONE,DONE,719,719,662,662,104.161,33.472,1,,4.52
p3066_moon,fd9f0e002dd7a6ad,kaggle-environments 1.32.7,a52ba1bfe9df9dc1d504550af46744ef8d474797cdba7af2412dc40a3ebdf3b8,main,178ae0f727641cf4b618ebb98ade7aa1a1bed7517281aab9849de82a59d8ed3a,kaggriculture-r88-rivals__moon_parent,316995331,1,112736,113006,0,1,0,DONE,DONE,719,719,662,662,16.243,108.578,1,,4.47
p3066_moon,fd9f0e002dd7a6ad,kaggle-environments 1.32.7,a52ba1bfe9df9dc1d504550af46744ef8d474797cdba7af2412dc40a3ebdf3b8,main,178ae0f727641cf4b618ebb98ade7aa1a1bed7517281aab9849de82a59d8ed3a,kaggriculture-r88-rivals__moon_parent,317969597,0,83646,85196,0,1,0,DONE,DONE,719,719,660,660,17.58,36.554,1,,4.67
p3066_moon,fd9f0e002dd7a6ad,kaggle-environments 1.32.7,a52ba1bfe9df9dc1d504550af46744ef8d474797cdba7af2412dc40a3ebdf3b8,main,178ae0f727641cf4b618ebb98ade7aa1a1bed7517281aab9849de82a59d8ed3a,kaggriculture-r88-rivals__moon_parent,317969597,1,83646,85196,0,1,0,DONE,DONE,719,719,660,660,115.477,36.09,1,,4.71
p3066_moon,fd9f0e002dd7a6ad,kaggle-environments 1.32.7,a52ba1bfe9df9dc1d504550af46744ef8d474797cdba7af2412dc40a3ebdf3b8,main,178ae0f727641cf4b618ebb98ade7aa1a1bed7517281aab9849de82a59d8ed3a,kaggriculture-r88-rivals__moon_parent,320999821,0,86618,87298,0,1,0,DONE,DONE,719,719,654,653,10.565,32.675,1,,4.64
p3066_moon,fd9f0e002dd7a6ad,kaggle-environments 1.32.7,a52ba1bfe9df9dc1d504550af46744ef8d474797cdba7af2412dc40a3ebdf3b8,main,178ae0f727641cf4b618ebb98ade7aa1a1bed7517281aab9849de82a59d8ed3a,kaggriculture-r88-rivals__moon_parent,320999821,1,86618,87298,0,1,0,DONE,DONE,719,719,654,653,12.256,35.364,1,,4.82
p3066_moon,fd9f0e002dd7a6ad,kaggle-environments 1.32.7,a52ba1bfe9df9dc1d504550af46744ef8d474797cdba7af2412dc40a3ebdf3b8,main,178ae0f727641cf4b618ebb98ade7aa1a1bed7517281aab9849de82a59d8ed3a,kaggriculture-r88-rivals__moon_parent,321492174,0,77659,78644,0,1,0,DONE,DONE,719,719,652,652,80.118,31.192,1,,4.48
p3066_moon,fd9f0e002dd7a6ad,kaggle-environments 1.32.7,a52ba1bfe9df9dc1d504550af46744ef8d474797cdba7af2412dc40a3ebdf3b8,main,178ae0f727641cf4b618ebb98ade7aa1a1bed7517281aab9849de82a59d8ed3a,kaggriculture-r88-rivals__moon_parent,321492174,1,77659,78644,0,1,0,DONE,DONE,719,719,652,652,53.626,34.075,1,,4.48
p3066_moon,fd9f0e002dd7a6ad,kaggle-environments 1.32.7,a52ba1bfe9df9dc1d504550af46744ef8d474797cdba7af2412dc40a3ebdf3b8,main,178ae0f727641cf4b618ebb98ade7aa1a1bed7517281aab9849de82a59d8ed3a,kaggriculture-r88-rivals__moon_parent,322729294,0,91464,93535,0,1,0,DONE,DONE,719,719,654,653,15.55,31.227,1,,4.45
p3066_moon,fd9f0e002dd7a6ad,kaggle-environments 1.32.7,a52ba1bfe9df9dc1d504550af46744ef8d474797cdba7af2412dc40a3ebdf3b8,main,178ae0f727641cf4b618ebb98ade7aa1a1bed7517281aab9849de82a59d8ed3a,kaggriculture-r88-rivals__moon_parent,322729294,1,91464,93535,0,1,0,DONE,DONE,719,719,654,653,86.513,70.323,1,,4.62
p3066_moon,fd9f0e002dd7a6ad,kaggle-environments 1.32.7,a52ba1bfe9df9dc1d504550af46744ef8d474797cdba7af2412dc40a3ebdf3b8,main,178ae0f727641cf4b618ebb98ade7aa1a1bed7517281aab9849de82a59d8ed3a,kaggriculture-r88-rivals__moon_parent,326180350,0,75435,77750,0,1,0,DONE,DONE,719,719,653,653,16.595,32.502,1,,4.45
p3066_moon,fd9f0e002dd7a6ad,kaggle-environments 1.32.7,a52ba1bfe9df9dc1d504550af46744ef8d474797cdba7af2412dc40a3ebdf3b8,main,178ae0f727641cf4b618ebb98ade7aa1a1bed7517281aab9849de82a59d8ed3a,kaggriculture-r88-rivals__moon_parent,326180350,1,75435,77750,0,1,0,DONE,DONE,719,719,653,653,18.206,87.05,1,,4.76
p3066_moon,fd9f0e002dd7a6ad,kaggle-environments 1.32.7,a52ba1bfe9df9dc1d504550af46744ef8d474797cdba7af2412dc40a3ebdf3b8,main,178ae0f727641cf4b618ebb98ade7aa1a1bed7517281aab9849de82a59d8ed3a,kaggriculture-r88-rivals__moon_parent,326301111,0,122423,123701,0,1,0,DONE,DONE,719,719,656,655,113.202,37.05,1,,4.52
p3066_moon,fd9f0e002dd7a6ad,kaggle-environments 1.32.7,a52ba1bfe9df9dc1d504550af46744ef8d474797cdba7af2412dc40a3ebdf3b8,main,178ae0f727641cf4b618ebb98ade7aa1a1bed7517281aab9849de82a59d8ed3a,kaggriculture-r88-rivals__moon_parent,326301111,1,122423,123701,0,1,0,DONE,DONE,719,719,656,655,96.098,40.155,1,,4.44
p3066_moon,fd9f0e002dd7a6ad,kaggle-environments 1.32.7,a52ba1bfe9df9dc1d504550af46744ef8d474797cdba7af2412dc40a3ebdf3b8,main,178ae0f727641cf4b618ebb98ade7aa1a1bed7517281aab9849de82a59d8ed3a,kaggriculture-r88-rivals__moon_parent,326817610,0,108304,109338,0,1,0,DONE,DONE,719,719,656,655,38.914,31.064,1,,4.58
p3066_moon,fd9f0e002dd7a6ad,kaggle-environments 1.32.7,a52ba1bfe9df9dc1d504550af46744ef8d474797cdba7af2412dc40a3ebdf3b8,main,178ae0f727641cf4b618ebb98ade7aa1a1bed7517281aab9849de82a59d8ed3a,kaggriculture-r88-rivals__moon_parent,326817610,1,108304,109338,0,1,0,DONE,DONE,719,719,656,655,98.116,32.506,1,,4.48
p3066_moon,fd9f0e002dd7a6ad,kaggle-environments 1.32.7,a52ba1bfe9df9dc1d504550af46744ef8d474797cdba7af2412dc40a3ebdf3b8,main,178ae0f727641cf4b618ebb98ade7aa1a1bed7517281aab9849de82a59d8ed3a,kaggriculture-r88-rivals__moon_parent,329948488,0,102787,105399,0,1,0,DONE,DONE,719,719,650,638,10.548,31.957,1,,4.81
p3066_moon,fd9f0e002dd7a6ad,kaggle-environments 1.32.7,a52ba1bfe9df9dc1d504550af46744ef8d474797cdba7af2412dc40a3ebdf3b8,main,178ae0f727641cf4b618ebb98ade7aa1a1bed7517281aab9849de82a59d8ed3a,kaggriculture-r88-rivals__moon_parent,329948488,1,102787,105399,0,1,0,DONE,DONE,719,719,650,638,10.618,101.905,1,,4.59
p3066_moon,fd9f0e002dd7a6ad,kaggle-environments 1.32.7,a52ba1bfe9df9dc1d504550af46744ef8d474797cdba7af2412dc40a3ebdf3b8,main,178ae0f727641cf4b618ebb98ade7aa1a1bed7517281aab9849de82a59d8ed3a,kaggriculture-r88-rivals__moon_parent,330231434,0,91789,93322,0,1,0,DONE,DONE,719,719,651,650,15.732,31.351,1,,4.61
p3066_moon,fd9f0e002dd7a6ad,kaggle-environments 1.32.7,a52ba1bfe9df9dc1d504550af46744ef8d474797cdba7af2412dc40a3ebdf3b8,main,178ae0f727641cf4b618ebb98ade7aa1a1bed7517281aab9849de82a59d8ed3a,kaggriculture-r88-rivals__moon_parent,330231434,1,91789,93322,0,1,0,DONE,DONE,719,719,651,650,94.54,31.252,1,,4.46
p3066_moon,fd9f0e002dd7a6ad,kaggle-environments 1.32.7,a52ba1bfe9df9dc1d504550af46744ef8d474797cdba7af2412dc40a3ebdf3b8,main,178ae0f727641cf4b618ebb98ade7aa1a1bed7517281aab9849de82a59d8ed3a,kaggriculture-r88-rivals__moon_parent,330744118,0,72808,75035,0,1,0,DONE,DONE,719,719,636,636,71.911,31.763,1,,4.52
p3066_moon,fd9f0e002dd7a6ad,kaggle-environments 1.32.7,a52ba1bfe9df9dc1d504550af46744ef8d474797cdba7af2412dc40a3ebdf3b8,main,178ae0f727641cf4b618ebb98ade7aa1a1bed7517281aab9849de82a59d8ed3a,kaggriculture-r88-rivals__moon_parent,330744118,1,72691,75142,0,1,0,DONE,DONE,719,719,636,636,76.654,32.525,1,,4.85
p3066_moon,fd9f0e002dd7a6ad,kaggle-environments 1.32.7,a52ba1bfe9df9dc1d504550af46744ef8d474797cdba7af2412dc40a3ebdf3b8,main,178ae0f727641cf4b618ebb98ade7aa1a1bed7517281aab9849de82a59d8ed3a,kaggriculture-r88-rivals__moon_parent,333410233,0,85218,86369,0,1,0,DONE,DONE,719,719,654,653,55.248,31.8,1,,4.72
p3066_moon,fd9f0e002dd7a6ad,kaggle-environments 1.32.7,a52ba1bfe9df9dc1d504550af46744ef8d474797cdba7af2412dc40a3ebdf3b8,main,178ae0f727641cf4b618ebb98ade7aa1a1bed7517281aab9849de82a59d8ed3a,kaggriculture-r88-rivals__moon_parent,333410233,1,85218,86369,0,1,0,DONE,DONE,719,719,654,653,10.571,118.512,1,,4.76
p3066_moon,fd9f0e002dd7a6ad,kaggle-environments 1.32.7,a52ba1bfe9df9dc1d504550af46744ef8d474797cdba7af2412dc40a3ebdf3b8,main,178ae0f727641cf4b618ebb98ade7aa1a1bed7517281aab9849de82a59d8ed3a,kaggriculture-r88-rivals__moon_parent,335769314,0,62226,62790,0,1,0,DONE,DONE,719,719,648,647,128.331,33.148,1,,4.65
p3066_moon,fd9f0e002dd7a6ad,kaggle-environments 1.32.7,a52ba1bfe9df9dc1d504550af46744ef8d474797cdba7af2412dc40a3ebdf3b8,main,178ae0f727641cf4b618ebb98ade7aa1a1bed7517281aab9849de82a59d8ed3a,kaggriculture-r88-rivals__moon_parent,335769314,1,62226,62790,0,1,0,DONE,DONE,719,719,648,647,89.263,32.43,1,,4.8
p3066_moon,fd9f0e002dd7a6ad,kaggle-environments 1.32.7,a52ba1bfe9df9dc1d504550af46744ef8d474797cdba7af2412dc40a3ebdf3b8,main,178ae0f727641cf4b618ebb98ade7aa1a1bed7517281aab9849de82a59d8ed3a,kaggriculture-r88-rivals__moon_parent,343874067,0,71377,72807,0,1,0,DONE,DONE,719,719,650,649,68.608,31.283,1,,4.48
p3066_moon,fd9f0e002dd7a6ad,kaggle-environments 1.32.7,a52ba1bfe9df9dc1d504550af46744ef8d474797cdba7af2412dc40a3ebdf3b8,main,178ae0f727641cf4b618ebb98ade7aa1a1bed7517281aab9849de82a59d8ed3a,kaggriculture-r88-rivals__moon_parent,343874067,1,71377,72807,0,1,0,DONE,DONE,719,719,650,649,21.821,32.64,1,,4.45
p3066_moon,fd9f0e002dd7a6ad,kaggle-environments 1.32.7,a52ba1bfe9df9dc1d504550af46744ef8d474797cdba7af2412dc40a3ebdf3b8,main,178ae0f727641cf4b618ebb98ade7aa1a1bed7517281aab9849de82a59d8ed3a,kaggriculture-r88-rivals__moon_parent,344606943,0,86682,90929,0,1,0,DONE,DONE,719,719,665,640,65.258,36.949,1,,4.82
p3066_moon,fd9f0e002dd7a6ad,kaggle-environments 1.32.7,a52ba1bfe9df9dc1d504550af46744ef8d474797cdba7af2412dc40a3ebdf3b8,main,178ae0f727641cf4b618ebb98ade7aa1a1bed7517281aab9849de82a59d8ed3a,kaggriculture-r88-rivals__moon_parent,344606943,1,86682,90929,0,1,0,DONE,DONE,719,719,665,640,65.232,74.765,1,,4.83
p3066_moon,fd9f0e002dd7a6ad,kaggle-environments 1.32.7,a52ba1bfe9df9dc1d504550af46744ef8d474797cdba7af2412dc40a3ebdf3b8,main,178ae0f727641cf4b618ebb98ade7aa1a1bed7517281aab9849de82a59d8ed3a,kaggriculture-r88-rivals__moon_parent,347753166,0,78209,81507,0,1,0,DONE,DONE,719,719,649,638,122.558,32.061,1,,4.49
p3066_moon,fd9f0e002dd7a6ad,kaggle-environments 1.32.7,a52ba1bfe9df9dc1d504550af46744ef8d474797cdba7af2412dc40a3ebdf3b8,main,178ae0f727641cf4b618ebb98ade7aa1a1bed7517281aab9849de82a59d8ed3a,kaggriculture-r88-rivals__moon_parent,347753166,1,78209,81507,0,1,0,DONE,DONE,719,719,649,638,16.871,31.442,1,,4.46
p3066_moon,fd9f0e002dd7a6ad,kaggle-environments 1.32.7,a52ba1bfe9df9dc1d504550af46744ef8d474797cdba7af2412dc40a3ebdf3b8,main,178ae0f727641cf4b618ebb98ade7aa1a1bed7517281aab9849de82a59d8ed3a,kaggriculture-r88-rivals__moon_parent,349696718,0,123107,122926,1,0,0,DONE,DONE,719,719,656,655,72.086,36.38,1,,4.57
p3066_moon,fd9f0e002dd7a6ad,kaggle-environments 1.32.7,a52ba1bfe9df9dc1d504550af46744ef8d474797cdba7af2412dc40a3ebdf3b8,main,178ae0f727641cf4b618ebb98ade7aa1a1bed7517281aab9849de82a59d8ed3a,kaggriculture-r88-rivals__moon_parent,349696718,1,123107,122926,1,0,0,DONE,DONE,719,719,656,655,16.388,32.706,1,,4.58
p3066_moon,fd9f0e002dd7a6ad,kaggle-environments 1.32.7,a52ba1bfe9df9dc1d504550af46744ef8d474797cdba7af2412dc40a3ebdf3b8,main,178ae0f727641cf4b618ebb98ade7aa1a1bed7517281aab9849de82a59d8ed3a,kaggriculture-r88-rivals__moon_parent,352662196,0,89473,91003,0,1,0,DONE,DONE,719,719,649,649,108.778,33.783,1,,4.53
p3066_moon,fd9f0e002dd7a6ad,kaggle-environments 1.32.7,a52ba1bfe9df9dc1d504550af46744ef8d474797cdba7af2412dc40a3ebdf3b8,main,178ae0f727641cf4b618ebb98ade7aa1a1bed7517281aab9849de82a59d8ed3a,kaggriculture-r88-rivals__moon_parent,352662196,1,89473,91003,0,1,0,DONE,DONE,719,719,649,649,93.612,34.679,1,,4.47
p3066_moon,fd9f0e002dd7a6ad,kaggle-environments 1.32.7,a52ba1bfe9df9dc1d504550af46744ef8d474797cdba7af2412dc40a3ebdf3b8,main,178ae0f727641cf4b618ebb98ade7aa1a1bed7517281aab9849de82a59d8ed3a,kaggriculture-r88-rivals__moon_parent,354162115,0,88926,88964,0,1,0,DONE,DONE,719,719,657,657,74.746,39.854,1,,4.95
p3066_moon,fd9f0e002dd7a6ad,kaggle-environments 1.32.7,a52ba1bfe9df9dc1d504550af46744ef8d474797cdba7af2412dc40a3ebdf3b8,main,178ae0f727641cf4b618ebb98ade7aa1a1bed7517281aab9849de82a59d8ed3a,kaggriculture-r88-rivals__moon_parent,354162115,1,88797,89083,0,1,0,DONE,DONE,719,719,657,657,10.767,35.683,1,,4.59
p3066_moon,fd9f0e002dd7a6ad,kaggle-environments 1.32.7,a52ba1bfe9df9dc1d504550af46744ef8d474797cdba7af2412dc40a3ebdf3b8,main,178ae0f727641cf4b618ebb98ade7aa1a1bed7517281aab9849de82a59d8ed3a,kaggriculture-r88-rivals__moon_parent,354922960,0,94149,94766,0,1,0,DONE,DONE,719,719,655,654,102.717,34.033,1,,4.71
p3066_moon,fd9f0e002dd7a6ad,kaggle-environments 1.32.7,a52ba1bfe9df9dc1d504550af46744ef8d474797cdba7af2412dc40a3ebdf3b8,main,178ae0f727641cf4b618ebb98ade7aa1a1bed7517281aab9849de82a59d8ed3a,kaggriculture-r88-rivals__moon_parent,354922960,1,94149,94766,0,1,0,DONE,DONE,719,719,655,654,55.504,42.612,1,,4.75
p3066_moon,fd9f0e002dd7a6ad,kaggle-environments 1.32.7,a52ba1bfe9df9dc1d504550af46744ef8d474797cdba7af2412dc40a3ebdf3b8,main,178ae0f727641cf4b618ebb98ade7aa1a1bed7517281aab9849de82a59d8ed3a,kaggriculture-r88-rivals__moon_parent,357147783,0,126907,129748,0,1,0,DONE,DONE,719,719,657,656,106.202,34.305,1,,4.66
p3066_moon,fd9f0e002dd7a6ad,kaggle-environments 1.32.7,a52ba1bfe9df9dc1d504550af46744ef8d474797cdba7af2412dc40a3ebdf3b8,main,178ae0f727641cf4b618ebb98ade7aa1a1bed7517281aab9849de82a59d8ed3a,kaggriculture-r88-rivals__moon_parent,357147783,1,126907,129748,0,1,0,DONE,DONE,719,719,657,656,18.067,33.409,1,,4.85
p3066_moon,fd9f0e002dd7a6ad,kaggle-environments 1.32.7,a52ba1bfe9df9dc1d504550af46744ef8d474797cdba7af2412dc40a3ebdf3b8,main,178ae0f727641cf4b618ebb98ade7aa1a1bed7517281aab9849de82a59d8ed3a,kaggriculture-r88-rivals__moon_parent,359335025,0,58703,60310,0,1,0,DONE,DONE,719,719,647,647,38.749,33.635,1,,4.77
p3066_moon,fd9f0e002dd7a6ad,kaggle-environments 1.32.7,a52ba1bfe9df9dc1d504550af46744ef8d474797cdba7af2412dc40a3ebdf3b8,main,178ae0f727641cf4b618ebb98ade7aa1a1bed7517281aab9849de82a59d8ed3a,kaggriculture-r88-rivals__moon_parent,359335025,1,58703,60310,0,1,0,DONE,DONE,719,719,647,647,16.61,106.364,1,,4.56
p3066_moon,fd9f0e002dd7a6ad,kaggle-environments 1.32.7,a52ba1bfe9df9dc1d504550af46744ef8d474797cdba7af2412dc40a3ebdf3b8,main,178ae0f727641cf4b618ebb98ade7aa1a1bed7517281aab9849de82a59d8ed3a,kaggriculture-r88-rivals__moon_parent,360429910,0,71111,73286,0,1,0,DONE,DONE,719,719,651,651,83.886,32.319,1,,4.52
p3066_moon,fd9f0e002dd7a6ad,kaggle-environments 1.32.7,a52ba1bfe9df9dc1d504550af46744ef8d474797cdba7af2412dc40a3ebdf3b8,main,178ae0f727641cf4b618ebb98ade7aa1a1bed7517281aab9849de82a59d8ed3a,kaggriculture-r88-rivals__moon_parent,360429910,1,71111,73286,0,1,0,DONE,DONE,719,719,651,651,53.366,31.717,1,,4.82
p3066_moon,fd9f0e002dd7a6ad,kaggle-environments 1.32.7,a52ba1bfe9df9dc1d504550af46744ef8d474797cdba7af2412dc40a3ebdf3b8,main,178ae0f727641cf4b618ebb98ade7aa1a1bed7517281aab9849de82a59d8ed3a,kaggriculture-r88-rivals__moon_parent,362578649,0,70681,72782,0,1,0,DONE,DONE,719,719,650,649,118.839,33.021,1,,4.55
p3066_moon,fd9f0e002dd7a6ad,kaggle-environments 1.32.7,a52ba1bfe9df9dc1d504550af46744ef8d474797cdba7af2412dc40a3ebdf3b8,main,178ae0f727641cf4b618ebb98ade7aa1a1bed7517281aab9849de82a59d8ed3a,kaggriculture-r88-rivals__moon_parent,362578649,1,70681,72782,0,1,0,DONE,DONE,719,719,650,649,17.178,31.847,1,,4.89
p3066_moon,fd9f0e002dd7a6ad,kaggle-environments 1.32.7,a52ba1bfe9df9dc1d504550af46744ef8d474797cdba7af2412dc40a3ebdf3b8,main,178ae0f727641cf4b618ebb98ade7aa1a1bed7517281aab9849de82a59d8ed3a,kaggriculture-r88-rivals__moon_parent,367822176,0,62426,64074,0,1,0,DONE,DONE,719,719,653,653,15.771,33.552,1,,4.55
p3066_moon,fd9f0e002dd7a6ad,kaggle-environments 1.32.7,a52ba1bfe9df9dc1d504550af46744ef8d474797cdba7af2412dc40a3ebdf3b8,main,178ae0f727641cf4b618ebb98ade7aa1a1bed7517281aab9849de82a59d8ed3a,kaggriculture-r88-rivals__moon_parent,367822176,1,62426,64074,0,1,0,DONE,DONE,719,719,653,653,20.063,109.709,1,,4.54
p3066_moon,fd9f0e002dd7a6ad,kaggle-environments 1.32.7,a52ba1bfe9df9dc1d504550af46744ef8d474797cdba7af2412dc40a3ebdf3b8,main,178ae0f727641cf4b618ebb98ade7aa1a1bed7517281aab9849de82a59d8ed3a,kaggriculture-r88-rivals__moon_parent,371187819,0,97920,99568,0,1,0,DONE,DONE,719,719,653,652,39.268,30.785,1,,4.29
p3066_moon,fd9f0e002dd7a6ad,kaggle-environments 1.32.7,a52ba1bfe9df9dc1d504550af46744ef8d474797cdba7af2412dc40a3ebdf3b8,main,178ae0f727641cf4b618ebb98ade7aa1a1bed7517281aab9849de82a59d8ed3a,kaggriculture-r88-rivals__moon_parent,371187819,1,97920,99568,0,1,0,DONE,DONE,719,719,653,652,58.982,31.914,1,,4.59
p3066_moon,fd9f0e002dd7a6ad,kaggle-environments 1.32.7,a52ba1bfe9df9dc1d504550af46744ef8d474797cdba7af2412dc40a3ebdf3b8,main,178ae0f727641cf4b618ebb98ade7aa1a1bed7517281aab9849de82a59d8ed3a,kaggriculture-r88-rivals__moon_parent,374447715,0,80107,80883,0,1,0,DONE,DONE,719,719,660,659,21.454,48.351,1,,4.73
p3066_moon,fd9f0e002dd7a6ad,kaggle-environments 1.32.7,a52ba1bfe9df9dc1d504550af46744ef8d474797cdba7af2412dc40a3ebdf3b8,main,178ae0f727641cf4b618ebb98ade7aa1a1bed7517281aab9849de82a59d8ed3a,kaggriculture-r88-rivals__moon_parent,374447715,1,80107,80883,0,1,0,DONE,DONE,719,719,660,659,87.639,124.98,1,,4.67
p3066_moon,fd9f0e002dd7a6ad,kaggle-environments 1.32.7,a52ba1bfe9df9dc1d504550af46744ef8d474797cdba7af2412dc40a3ebdf3b8,main,178ae0f727641cf4b618ebb98ade7aa1a1bed7517281aab9849de82a59d8ed3a,kaggriculture-r88-rivals__moon_parent,374542663,0,88509,88977,0,1,0,DONE,DONE,719,719,649,638,73.063,32.673,1,,4.75
p3066_moon,fd9f0e002dd7a6ad,kaggle-environments 1.32.7,a52ba1bfe9df9dc1d504550af46744ef8d474797cdba7af2412dc40a3ebdf3b8,main,178ae0f727641cf4b618ebb98ade7aa1a1bed7517281aab9849de82a59d8ed3a,kaggriculture-r88-rivals__moon_parent,374542663,1,88509,88977,0,1,0,DONE,DONE,719,719,649,638,5.407,77.98,1,,4.78
p3066_moon,fd9f0e002dd7a6ad,kaggle-environments 1.32.7,a52ba1bfe9df9dc1d504550af46744ef8d474797cdba7af2412dc40a3ebdf3b8,main,178ae0f727641cf4b618ebb98ade7aa1a1bed7517281aab9849de82a59d8ed3a,kaggriculture-r88-rivals__moon_parent,375251735,0,129239,129822,0,1,0,DONE,DONE,719,719,638,638,32.869,36.25,1,,4.48
p3066_moon,fd9f0e002dd7a6ad,kaggle-environments 1.32.7,a52ba1bfe9df9dc1d504550af46744ef8d474797cdba7af2412dc40a3ebdf3b8,main,178ae0f727641cf4b618ebb98ade7aa1a1bed7517281aab9849de82a59d8ed3a,kaggriculture-r88-rivals__moon_parent,375251735,1,129239,129822,0,1,0,DONE,DONE,719,719,638,638,15.283,45.756,1,,4.4
p3066_moon,fd9f0e002dd7a6ad,kaggle-environments 1.32.7,a52ba1bfe9df9dc1d504550af46744ef8d474797cdba7af2412dc40a3ebdf3b8,main,178ae0f727641cf4b618ebb98ade7aa1a1bed7517281aab9849de82a59d8ed3a,kaggriculture-r88-rivals__moon_parent,378479224,0,80086,82027,0,1,0,DONE,DONE,719,719,655,654,16.766,34.106,1,,4.77
p3066_moon,fd9f0e002dd7a6ad,kaggle-environments 1.32.7,a52ba1bfe9df9dc1d504550af46744ef8d474797cdba7af2412dc40a3ebdf3b8,main,178ae0f727641cf4b618ebb98ade7aa1a1bed7517281aab9849de82a59d8ed3a,kaggriculture-r88-rivals__moon_parent,378479224,1,80086,82027,0,1,0,DONE,DONE,719,719,655,654,69.552,33.699,1,,4.67
p3066_moon,fd9f0e002dd7a6ad,kaggle-environments 1.32.7,a52ba1bfe9df9dc1d504550af46744ef8d474797cdba7af2412dc40a3ebdf3b8,main,178ae0f727641cf4b618ebb98ade7aa1a1bed7517281aab9849de82a59d8ed3a,kaggriculture-r88-rivals__moon_parent,379180580,0,87538,88701,0,1,0,DONE,DONE,719,719,639,639,112.397,43.595,1,,4.52
p3066_moon,fd9f0e002dd7a6ad,kaggle-environments 1.32.7,a52ba1bfe9df9dc1d504550af46744ef8d474797cdba7af2412dc40a3ebdf3b8,main,178ae0f727641cf4b618ebb98ade7aa1a1bed7517281aab9849de82a59d8ed3a,kaggriculture-r88-rivals__moon_parent,379180580,1,87538,88701,0,1,0,DONE,DONE,719,719,639,639,15.615,33.18,1,,4.51
p3066_moon,fd9f0e002dd7a6ad,kaggle-environments 1.32.7,a52ba1bfe9df9dc1d504550af46744ef8d474797cdba7af2412dc40a3ebdf3b8,main,178ae0f727641cf4b618ebb98ade7aa1a1bed7517281aab9849de82a59d8ed3a,kaggriculture-r88-rivals__moon_parent,383202827,0,98627,99197,0,1,0,DONE,DONE,719,719,638,638,69.96,31.394,1,,4.73
p3066_moon,fd9f0e002dd7a6ad,kaggle-environments 1.32.7,a52ba1bfe9df9dc1d504550af46744ef8d474797cdba7af2412dc40a3ebdf3b8,main,178ae0f727641cf4b618ebb98ade7aa1a1bed7517281aab9849de82a59d8ed3a,kaggriculture-r88-rivals__moon_parent,383202827,1,98627,99197,0,1,0,DONE,DONE,719,719,638,638,57.588,35.32,1,,4.53
p3066_moon,fd9f0e002dd7a6ad,kaggle-environments 1.32.7,a52ba1bfe9df9dc1d504550af46744ef8d474797cdba7af2412dc40a3ebdf3b8,main,178ae0f727641cf4b618ebb98ade7aa1a1bed7517281aab9849de82a59d8ed3a,kaggriculture-r88-rivals__moon_parent,384060394,0,88728,89866,0,1,0,DONE,DONE,719,719,657,656,16.171,33.399,1,,4.72
p3066_moon,fd9f0e002dd7a6ad,kaggle-environments 1.32.7,a52ba1bfe9df9dc1d504550af46744ef8d474797cdba7af2412dc40a3ebdf3b8,main,178ae0f727641cf4b618ebb98ade7aa1a1bed7517281aab9849de82a59d8ed3a,kaggriculture-r88-rivals__moon_parent,384060394,1,88728,89866,0,1,0,DONE,DONE,719,719,657,656,15.877,100.506,1,,4.55
p3066_moon,fd9f0e002dd7a6ad,kaggle-environments 1.32.7,a52ba1bfe9df9dc1d504550af46744ef8d474797cdba7af2412dc40a3ebdf3b8,main,178ae0f727641cf4b618ebb98ade7aa1a1bed7517281aab9849de82a59d8ed3a,kaggriculture-r88-rivals__moon_parent,384457459,0,69353,70568,0,1,0,DONE,DONE,719,719,649,648,85.669,31.672,1,,4.53
p3066_moon,fd9f0e002dd7a6ad,kaggle-environments 1.32.7,a52ba1bfe9df9dc1d504550af46744ef8d474797cdba7af2412dc40a3ebdf3b8,main,178ae0f727641cf4b618ebb98ade7aa1a1bed7517281aab9849de82a59d8ed3a,kaggriculture-r88-rivals__moon_parent,384457459,1,69353,70568,0,1,0,DONE,DONE,719,719,649,648,16.199,42.3,1,,4.56
p3066_moon,fd9f0e002dd7a6ad,kaggle-environments 1.32.7,a52ba1bfe9df9dc1d504550af46744ef8d474797cdba7af2412dc40a3ebdf3b8,main,178ae0f727641cf4b618ebb98ade7aa1a1bed7517281aab9849de82a59d8ed3a,kaggriculture-r88-rivals__moon_parent,384759268,0,110409,111782,0,1,0,DONE,DONE,719,719,659,658,67.621,89.686,1,,4.69
p3066_moon,fd9f0e002dd7a6ad,kaggle-environments 1.32.7,a52ba1bfe9df9dc1d504550af46744ef8d474797cdba7af2412dc40a3ebdf3b8,main,178ae0f727641cf4b618ebb98ade7aa1a1bed7517281aab9849de82a59d8ed3a,kaggriculture-r88-rivals__moon_parent,384759268,1,110409,111782,0,1,0,DONE,DONE,719,719,659,658,15.986,78.914,1,,4.79
p3066_moon,fd9f0e002dd7a6ad,kaggle-environments 1.32.7,a52ba1bfe9df9dc1d504550af46744ef8d474797cdba7af2412dc40a3ebdf3b8,main,178ae0f727641cf4b618ebb98ade7aa1a1bed7517281aab9849de82a59d8ed3a,kaggriculture-r88-rivals__moon_parent,385467461,0,107668,108946,0,1,0,DONE,DONE,719,719,638,638,84.53,33.669,1,,4.76
p3066_moon,fd9f0e002dd7a6ad,kaggle-environments 1.32.7,a52ba1bfe9df9dc1d504550af46744ef8d474797cdba7af2412dc40a3ebdf3b8,main,178ae0f727641cf4b618ebb98ade7aa1a1bed7517281aab9849de82a59d8ed3a,kaggriculture-r88-rivals__moon_parent,385467461,1,107668,108946,0,1,0,DONE,DONE,719,719,638,638,50.598,105.38,1,,4.96
p3066_moon,fd9f0e002dd7a6ad,kaggle-environments 1.32.7,a52ba1bfe9df9dc1d504550af46744ef8d474797cdba7af2412dc40a3ebdf3b8,main,178ae0f727641cf4b618ebb98ade7aa1a1bed7517281aab9849de82a59d8ed3a,kaggriculture-r88-rivals__moon_parent,385530804,0,108724,109342,0,1,0,DONE,DONE,719,719,656,655,56.969,31.899,1,,4.47
p3066_moon,fd9f0e002dd7a6ad,kaggle-environments 1.32.7,a52ba1bfe9df9dc1d504550af46744ef8d474797cdba7af2412dc40a3ebdf3b8,main,178ae0f727641cf4b618ebb98ade7aa1a1bed7517281aab9849de82a59d8ed3a,kaggriculture-r88-rivals__moon_parent,385530804,1,108724,109342,0,1,0,DONE,DONE,719,719,656,655,17.684,35.316,1,,4.72
p3066_moon,fd9f0e002dd7a6ad,kaggle-environments 1.32.7,a52ba1bfe9df9dc1d504550af46744ef8d474797cdba7af2412dc40a3ebdf3b8,main,178ae0f727641cf4b618ebb98ade7aa1a1bed7517281aab9849de82a59d8ed3a,kaggriculture-r88-rivals__moon_parent,394471166,0,104023,104852,0,1,0,DONE,DONE,719,719,657,656,11.647,31.927,1,,4.79
p3066_moon,fd9f0e002dd7a6ad,kaggle-environments 1.32.7,a52ba1bfe9df9dc1d504550af46744ef8d474797cdba7af2412dc40a3ebdf3b8,main,178ae0f727641cf4b618ebb98ade7aa1a1bed7517281aab9849de82a59d8ed3a,kaggriculture-r88-rivals__moon_parent,394471166,1,104023,104852,0,1,0,DONE,DONE,719,719,657,656,72.208,64.131,1,,4.55
p3066_moon,fd9f0e002dd7a6ad,kaggle-environments 1.32.7,a52ba1bfe9df9dc1d504550af46744ef8d474797cdba7af2412dc40a3ebdf3b8,main,178ae0f727641cf4b618ebb98ade7aa1a1bed7517281aab9849de82a59d8ed3a,kaggriculture-r88-rivals__moon_parent,394833418,0,106375,108277,0,1,0,DONE,DONE,719,719,655,655,16.287,32.626,1,,4.48
p3066_moon,fd9f0e002dd7a6ad,kaggle-environments 1.32.7,a52ba1bfe9df9dc1d504550af46744ef8d474797cdba7af2412dc40a3ebdf3b8,main,178ae0f727641cf4b618ebb98ade7aa1a1bed7517281aab9849de82a59d8ed3a,kaggriculture-r88-rivals__moon_parent,394833418,1,106375,108277,0,1,0,DONE,DONE,719,719,655,655,16.054,37.021,1,,4.51
p3066_moon,fd9f0e002dd7a6ad,kaggle-environments 1.32.7,a52ba1bfe9df9dc1d504550af46744ef8d474797cdba7af2412dc40a3ebdf3b8,main,178ae0f727641cf4b618ebb98ade7aa1a1bed7517281aab9849de82a59d8ed3a,kaggriculture-r88-rivals__moon_parent,398187590,0,136422,137153,0,1,0,DONE,DONE,719,719,654,653,83.236,83.139,1,,4.52
p3066_moon,fd9f0e002dd7a6ad,kaggle-environments 1.32.7,a52ba1bfe9df9dc1d504550af46744ef8d474797cdba7af2412dc40a3ebdf3b8,main,178ae0f727641cf4b618ebb98ade7aa1a1bed7517281aab9849de82a59d8ed3a,kaggriculture-r88-rivals__moon_parent,398187590,1,136422,137153,0,1,0,DONE,DONE,719,719,654,653,15.898,32.496,1,,4.62
p3066_moon,fd9f0e002dd7a6ad,kaggle-environments 1.32.7,a52ba1bfe9df9dc1d504550af46744ef8d474797cdba7af2412dc40a3ebdf3b8,main,178ae0f727641cf4b618ebb98ade7aa1a1bed7517281aab9849de82a59d8ed3a,kaggriculture-r88-rivals__moon_parent,400509605,0,100994,101200,0,1,0,DONE,DONE,719,719,658,658,14.576,34.63,1,,4.86
p3066_moon,fd9f0e002dd7a6ad,kaggle-environments 1.32.7,a52ba1bfe9df9dc1d504550af46744ef8d474797cdba7af2412dc40a3ebdf3b8,main,178ae0f727641cf4b618ebb98ade7aa1a1bed7517281aab9849de82a59d8ed3a,kaggriculture-r88-rivals__moon_parent,400509605,1,100994,101200,0,1,0,DONE,DONE,719,719,658,658,11.054,40.927,1,,4.55
p3066_moon,fd9f0e002dd7a6ad,kaggle-environments 1.32.7,a52ba1bfe9df9dc1d504550af46744ef8d474797cdba7af2412dc40a3ebdf3b8,main,178ae0f727641cf4b618ebb98ade7aa1a1bed7517281aab9849de82a59d8ed3a,kaggriculture-r88-rivals__moon_parent,401397591,0,94358,96339,0,1,0,DONE,DONE,719,719,655,654,75.682,37.389,1,,4.71
p3066_moon,fd9f0e002dd7a6ad,kaggle-environments 1.32.7,a52ba1bfe9df9dc1d504550af46744ef8d474797cdba7af2412dc40a3ebdf3b8,main,178ae0f727641cf4b618ebb98ade7aa1a1bed7517281aab9849de82a59d8ed3a,kaggriculture-r88-rivals__moon_parent,401397591,1,94358,96339,0,1,0,DONE,DONE,719,719,655,654,72.843,69.8,1,,4.68
p3066_moon,fd9f0e002dd7a6ad,kaggle-environments 1.32.7,a52ba1bfe9df9dc1d504550af46744ef8d474797cdba7af2412dc40a3ebdf3b8,main,178ae0f727641cf4b618ebb98ade7aa1a1bed7517281aab9849de82a59d8ed3a,kaggriculture-r88-rivals__moon_parent,401421676,0,117265,120183,0,1,0,DONE,DONE,719,719,649,638,99.938,43.842,1,,4.55
p3066_moon,fd9f0e002dd7a6ad,kaggle-environments 1.32.7,a52ba1bfe9df9dc1d504550af46744ef8d474797cdba7af2412dc40a3ebdf3b8,main,178ae0f727641cf4b618ebb98ade7aa1a1bed7517281aab9849de82a59d8ed3a,kaggriculture-r88-rivals__moon_parent,401421676,1,117265,120183,0,1,0,DONE,DONE,719,719,649,638,58.071,33.988,1,,4.62
p3066_moon,fd9f0e002dd7a6ad,kaggle-environments 1.32.7,a52ba1bfe9df9dc1d504550af46744ef8d474797cdba7af2412dc40a3ebdf3b8,main,178ae0f727641cf4b618ebb98ade7aa1a1bed7517281aab9849de82a59d8ed3a,kaggriculture-r88-rivals__moon_parent,401975774,0,134487,135601,0,1,0,DONE,DONE,719,719,655,654,60.555,32.354,1,,4.87
p3066_moon,fd9f0e002dd7a6ad,kaggle-environments 1.32.7,a52ba1bfe9df9dc1d504550af46744ef8d474797cdba7af2412dc40a3ebdf3b8,main,178ae0f727641cf4b618ebb98ade7aa1a1bed7517281aab9849de82a59d8ed3a,kaggriculture-r88-rivals__moon_parent,401975774,1,134487,135601,0,1,0,DONE,DONE,719,719,655,654,10.99,30.841,1,,4.63
p3066_moon,fd9f0e002dd7a6ad,kaggle-environments 1.32.7,a52ba1bfe9df9dc1d504550af46744ef8d474797cdba7af2412dc40a3ebdf3b8,main,178ae0f727641cf4b618ebb98ade7aa1a1bed7517281aab9849de82a59d8ed3a,kaggriculture-r88-rivals__moon_parent,402439054,0,67673,68807,0,1,0,DONE,DONE,719,719,659,659,28.404,37.628,1,,4.52
p3066_moon,fd9f0e002dd7a6ad,kaggle-environments 1.32.7,a52ba1bfe9df9dc1d504550af46744ef8d474797cdba7af2412dc40a3ebdf3b8,main,178ae0f727641cf4b618ebb98ade7aa1a1bed7517281aab9849de82a59d8ed3a,kaggriculture-r88-rivals__moon_parent,402439054,1,67673,68807,0,1,0,DONE,DONE,719,719,659,659,15.903,32.453,1,,4.51
p3066_moon,fd9f0e002dd7a6ad,kaggle-environments 1.32.7,a52ba1bfe9df9dc1d504550af46744ef8d474797cdba7af2412dc40a3ebdf3b8,main,178ae0f727641cf4b618ebb98ade7aa1a1bed7517281aab9849de82a59d8ed3a,kaggriculture-r88-rivals__moon_parent,404822543,0,105753,107092,0,1,0,DONE,DONE,719,719,648,638,19.52,117.289,1,,4.72
p3066_moon,fd9f0e002dd7a6ad,kaggle-environments 1.32.7,a52ba1bfe9df9dc1d504550af46744ef8d474797cdba7af2412dc40a3ebdf3b8,main,178ae0f727641cf4b618ebb98ade7aa1a1bed7517281aab9849de82a59d8ed3a,kaggriculture-r88-rivals__moon_parent,404822543,1,105753,107092,0,1,0,DONE,DONE,719,719,648,638,17.017,36.029,1,,4.84
p3066_moon,fd9f0e002dd7a6ad,kaggle-environments 1.32.7,a52ba1bfe9df9dc1d504550af46744ef8d474797cdba7af2412dc40a3ebdf3b8,main,178ae0f727641cf4b618ebb98ade7aa1a1bed7517281aab9849de82a59d8ed3a,kaggriculture-r88-rivals__moon_parent,409128422,0,113949,116042,0,1,0,DONE,DONE,719,719,655,655,16.252,32.258,1,,4.49
p3066_moon,fd9f0e002dd7a6ad,kaggle-environments 1.32.7,a52ba1bfe9df9dc1d504550af46744ef8d474797cdba7af2412dc40a3ebdf3b8,main,178ae0f727641cf4b618ebb98ade7aa1a1bed7517281aab9849de82a59d8ed3a,kaggriculture-r88-rivals__moon_parent,409128422,1,113949,116042,0,1,0,DONE,DONE,719,719,655,655,16.342,31.443,1,,4.54
p3066_moon,fd9f0e002dd7a6ad,kaggle-environments 1.32.7,a52ba1bfe9df9dc1d504550af46744ef8d474797cdba7af2412dc40a3ebdf3b8,main,178ae0f727641cf4b618ebb98ade7aa1a1bed7517281aab9849de82a59d8ed3a,kaggriculture-r88-rivals__moon_parent,409482909,0,86322,87276,0,1,0,DONE,DONE,719,719,658,657,31.104,32.981,1,,4.66
p3066_moon,fd9f0e002dd7a6ad,kaggle-environments 1.32.7,a52ba1bfe9df9dc1d504550af46744ef8d474797cdba7af2412dc40a3ebdf3b8,main,178ae0f727641cf4b618ebb98ade7aa1a1bed7517281aab9849de82a59d8ed3a,kaggriculture-r88-rivals__moon_parent,409482909,1,86322,87276,0,1,0,DONE,DONE,719,719,658,657,15.483,65.106,1,,4.38
p3066_moon,fd9f0e002dd7a6ad,kaggle-environments 1.32.7,a52ba1bfe9df9dc1d504550af46744ef8d474797cdba7af2412dc40a3ebdf3b8,main,178ae0f727641cf4b618ebb98ade7aa1a1bed7517281aab9849de82a59d8ed3a,kaggriculture-r88-rivals__moon_parent,411214301,0,93164,95527,0,1,0,DONE,DONE,719,719,655,655,16.49,30.337,1,,4.47
p3066_moon,fd9f0e002dd7a6ad,kaggle-environments 1.32.7,a52ba1bfe9df9dc1d504550af46744ef8d474797cdba7af2412dc40a3ebdf3b8,main,178ae0f727641cf4b618ebb98ade7aa1a1bed7517281aab9849de82a59d8ed3a,kaggriculture-r88-rivals__moon_parent,411214301,1,93164,95527,0,1,0,DONE,DONE,719,719,655,655,75.115,32.674,1,,4.59
p3066_moon,fd9f0e002dd7a6ad,kaggle-environments 1.32.7,a52ba1bfe9df9dc1d504550af46744ef8d474797cdba7af2412dc40a3ebdf3b8,main,178ae0f727641cf4b618ebb98ade7aa1a1bed7517281aab9849de82a59d8ed3a,kaggriculture-r88-rivals__moon_parent,417771363,0,54169,56793,0,1,0,DONE,DONE,719,719,648,633,97.537,33.901,1,,4.71
p3066_moon,fd9f0e002dd7a6ad,kaggle-environments 1.32.7,a52ba1bfe9df9dc1d504550af46744ef8d474797cdba7af2412dc40a3ebdf3b8,main,178ae0f727641cf4b618ebb98ade7aa1a1bed7517281aab9849de82a59d8ed3a,kaggriculture-r88-rivals__moon_parent,417771363,1,54169,56793,0,1,0,DONE,DONE,719,719,648,633,15.585,32.728,1,,4.6
p3066_moon,fd9f0e002dd7a6ad,kaggle-environments 1.32.7,a52ba1bfe9df9dc1d504550af46744ef8d474797cdba7af2412dc40a3ebdf3b8,main,178ae0f727641cf4b618ebb98ade7aa1a1bed7517281aab9849de82a59d8ed3a,kaggriculture-r88-rivals__moon_parent,419175930,0,101776,104575,0,1,0,DONE,DONE,719,719,649,638,121.772,31.299,1,,4.67
p3066_moon,fd9f0e002dd7a6ad,kaggle-environments 1.32.7,a52ba1bfe9df9dc1d504550af46744ef8d474797cdba7af2412dc40a3ebdf3b8,main,178ae0f727641cf4b618ebb98ade7aa1a1bed7517281aab9849de82a59d8ed3a,kaggriculture-r88-rivals__moon_parent,419175930,1,101776,104575,0,1,0,DONE,DONE,719,719,649,638,15.441,90.051,1,,4.33
p3066_moon,fd9f0e002dd7a6ad,kaggle-environments 1.32.7,a52ba1bfe9df9dc1d504550af46744ef8d474797cdba7af2412dc40a3ebdf3b8,main,178ae0f727641cf4b618ebb98ade7aa1a1bed7517281aab9849de82a59d8ed3a,kaggriculture-r88-rivals__moon_parent,424724662,0,143091,142770,1,0,0,DONE,DONE,719,719,657,656,16.416,32.55,1,,4.78
p3066_moon,fd9f0e002dd7a6ad,kaggle-environments 1.32.7,a52ba1bfe9df9dc1d504550af46744ef8d474797cdba7af2412dc40a3ebdf3b8,main,178ae0f727641cf4b618ebb98ade7aa1a1bed7517281aab9849de82a59d8ed3a,kaggriculture-r88-rivals__moon_parent,424724662,1,143217,142654,1,0,0,DONE,DONE,719,719,657,656,103.383,65.957,1,,4.41
p3066_moon,fd9f0e002dd7a6ad,kaggle-environments 1.32.7,a52ba1bfe9df9dc1d504550af46744ef8d474797cdba7af2412dc40a3ebdf3b8,main,178ae0f727641cf4b618ebb98ade7aa1a1bed7517281aab9849de82a59d8ed3a,kaggriculture-r88-rivals__moon_parent,433492586,0,69148,70521,0,1,0,DONE,DONE,719,719,654,654,15.933,31.746,1,,4.86
p3066_moon,fd9f0e002dd7a6ad,kaggle-environments 1.32.7,a52ba1bfe9df9dc1d504550af46744ef8d474797cdba7af2412dc40a3ebdf3b8,main,178ae0f727641cf4b618ebb98ade7aa1a1bed7517281aab9849de82a59d8ed3a,kaggriculture-r88-rivals__moon_parent,433492586,1,69148,70521,0,1,0,DONE,DONE,719,719,654,654,98.945,30.047,1,,4.4
p3066_moon,fd9f0e002dd7a6ad,kaggle-environments 1.32.7,a52ba1bfe9df9dc1d504550af46744ef8d474797cdba7af2412dc40a3ebdf3b8,main,178ae0f727641cf4b618ebb98ade7aa1a1bed7517281aab9849de82a59d8ed3a,kaggriculture-r88-rivals__moon_parent,434922050,0,115448,115764,0,1,0,DONE,DONE,719,719,638,638,71.948,30.713,1,,4.35
p3066_moon,fd9f0e002dd7a6ad,kaggle-environments 1.32.7,a52ba1bfe9df9dc1d504550af46744ef8d474797cdba7af2412dc40a3ebdf3b8,main,178ae0f727641cf4b618ebb98ade7aa1a1bed7517281aab9849de82a59d8ed3a,kaggriculture-r88-rivals__moon_parent,434922050,1,115448,115764,0,1,0,DONE,DONE,719,719,638,638,16.626,42.984,1,,4.54
p3066_moon,fd9f0e002dd7a6ad,kaggle-environments 1.32.7,a52ba1bfe9df9dc1d504550af46744ef8d474797cdba7af2412dc40a3ebdf3b8,main,178ae0f727641cf4b618ebb98ade7aa1a1bed7517281aab9849de82a59d8ed3a,kaggriculture-r88-rivals__moon_parent,437173943,0,121968,124076,0,1,0,DONE,DONE,719,719,655,654,67.403,31.272,1,,4.41
p3066_moon,fd9f0e002dd7a6ad,kaggle-environments 1.32.7,a52ba1bfe9df9dc1d504550af46744ef8d474797cdba7af2412dc40a3ebdf3b8,main,178ae0f727641cf4b618ebb98ade7aa1a1bed7517281aab9849de82a59d8ed3a,kaggriculture-r88-rivals__moon_parent,437173943,1,121968,124076,0,1,0,DONE,DONE,719,719,655,654,107.555,46.247,1,,4.69
p3066_moon,fd9f0e002dd7a6ad,kaggle-environments 1.32.7,a52ba1bfe9df9dc1d504550af46744ef8d474797cdba7af2412dc40a3ebdf3b8,main,178ae0f727641cf4b618ebb98ade7aa1a1bed7517281aab9849de82a59d8ed3a,kaggriculture-r88-rivals__moon_parent,438291633,0,77834,78837,0,1,0,DONE,DONE,719,719,647,647,153.977,34.441,1,,4.75
p3066_moon,fd9f0e002dd7a6ad,kaggle-environments 1.32.7,a52ba1bfe9df9dc1d504550af46744ef8d474797cdba7af2412dc40a3ebdf3b8,main,178ae0f727641cf4b618ebb98ade7aa1a1bed7517281aab9849de82a59d8ed3a,kaggriculture-r88-rivals__moon_parent,438291633,1,77834,78837,0,1,0,DONE,DONE,719,719,647,647,93.807,31.937,1,,4.51
p3066_moon,fd9f0e002dd7a6ad,kaggle-environments 1.32.7,a52ba1bfe9df9dc1d504550af46744ef8d474797cdba7af2412dc40a3ebdf3b8,main,178ae0f727641cf4b618ebb98ade7aa1a1bed7517281aab9849de82a59d8ed3a,kaggriculture-r88-rivals__moon_parent,443120366,0,101748,102374,0,1,0,DONE,DONE,719,719,653,652,62.449,31.527,1,,4.61
p3066_moon,fd9f0e002dd7a6ad,kaggle-environments 1.32.7,a52ba1bfe9df9dc1d504550af46744ef8d474797cdba7af2412dc40a3ebdf3b8,main,178ae0f727641cf4b618ebb98ade7aa1a1bed7517281aab9849de82a59d8ed3a,kaggriculture-r88-rivals__moon_parent,443120366,1,101748,102374,0,1,0,DONE,DONE,719,719,653,652,11.389,100.548,1,,4.85
p3066_moon,fd9f0e002dd7a6ad,kaggle-environments 1.32.7,a52ba1bfe9df9dc1d504550af46744ef8d474797cdba7af2412dc40a3ebdf3b8,main,178ae0f727641cf4b618ebb98ade7aa1a1bed7517281aab9849de82a59d8ed3a,kaggriculture-r88-rivals__moon_parent,448061490,0,87506,89897,0,1,0,DONE,DONE,719,719,649,638,73.431,30.969,1,,4.64
p3066_moon,fd9f0e002dd7a6ad,kaggle-environments 1.32.7,a52ba1bfe9df9dc1d504550af46744ef8d474797cdba7af2412dc40a3ebdf3b8,main,178ae0f727641cf4b618ebb98ade7aa1a1bed7517281aab9849de82a59d8ed3a,kaggriculture-r88-rivals__moon_parent,448061490,1,87029,90304,0,1,0,DONE,DONE,719,719,649,638,15.575,32.7,1,,4.98
p3066_moon,fd9f0e002dd7a6ad,kaggle-environments 1.32.7,a52ba1bfe9df9dc1d504550af46744ef8d474797cdba7af2412dc40a3ebdf3b8,main,178ae0f727641cf4b618ebb98ade7aa1a1bed7517281aab9849de82a59d8ed3a,kaggriculture-r88-rivals__moon_parent,452699881,0,69375,71479,0,1,0,DONE,DONE,719,719,650,650,113.97,34.545,1,,5.01
p3066_moon,fd9f0e002dd7a6ad,kaggle-environments 1.32.7,a52ba1bfe9df9dc1d504550af46744ef8d474797cdba7af2412dc40a3ebdf3b8,main,178ae0f727641cf4b618ebb98ade7aa1a1bed7517281aab9849de82a59d8ed3a,kaggriculture-r88-rivals__moon_parent,452699881,1,69375,71479,0,1,0,DONE,DONE,719,719,650,650,16.65,118.976,1,,4.76
p3066_moon,fd9f0e002dd7a6ad,kaggle-environments 1.32.7,a52ba1bfe9df9dc1d504550af46744ef8d474797cdba7af2412dc40a3ebdf3b8,main,178ae0f727641cf4b618ebb98ade7aa1a1bed7517281aab9849de82a59d8ed3a,kaggriculture-r88-rivals__moon_parent,456161391,0,127359,128238,0,1,0,DONE,DONE,719,719,654,653,93.735,55.864,1,,5.05
p3066_moon,fd9f0e002dd7a6ad,kaggle-environments 1.32.7,a52ba1bfe9df9dc1d504550af46744ef8d474797cdba7af2412dc40a3ebdf3b8,main,178ae0f727641cf4b618ebb98ade7aa1a1bed7517281aab9849de82a59d8ed3a,kaggriculture-r88-rivals__moon_parent,456161391,1,127359,128238,0,1,0,DONE,DONE,719,719,654,653,95.991,100.444,1,,4.68
p3066_moon,fd9f0e002dd7a6ad,kaggle-environments 1.32.7,a52ba1bfe9df9dc1d504550af46744ef8d474797cdba7af2412dc40a3ebdf3b8,main,178ae0f727641cf4b618ebb98ade7aa1a1bed7517281aab9849de82a59d8ed3a,kaggriculture-r88-rivals__moon_parent,456720214,0,88661,90598,0,1,0,DONE,DONE,719,719,649,649,16.62,32.158,1,,4.82
p3066_moon,fd9f0e002dd7a6ad,kaggle-environments 1.32.7,a52ba1bfe9df9dc1d504550af46744ef8d474797cdba7af2412dc40a3ebdf3b8,main,178ae0f727641cf4b618ebb98ade7aa1a1bed7517281aab9849de82a59d8ed3a,kaggriculture-r88-rivals__moon_parent,456720214,1,88661,90598,0,1,0,DONE,DONE,719,719,649,649,47.881,33.786,1,,4.89
p3066_moon,fd9f0e002dd7a6ad,kaggle-environments 1.32.7,a52ba1bfe9df9dc1d504550af46744ef8d474797cdba7af2412dc40a3ebdf3b8,main,178ae0f727641cf4b618ebb98ade7aa1a1bed7517281aab9849de82a59d8ed3a,kaggriculture-r88-rivals__moon_parent,462411185,0,104148,105410,0,1,0,DONE,DONE,719,719,654,653,16.038,31.955,1,,4.6
p3066_moon,fd9f0e002dd7a6ad,kaggle-environments 1.32.7,a52ba1bfe9df9dc1d504550af46744ef8d474797cdba7af2412dc40a3ebdf3b8,main,178ae0f727641cf4b618ebb98ade7aa1a1bed7517281aab9849de82a59d8ed3a,kaggriculture-r88-rivals__moon_parent,462411185,1,104148,105410,0,1,0,DONE,DONE,719,719,654,653,15.516,32.319,1,,4.71
p3066_moon,fd9f0e002dd7a6ad,kaggle-environments 1.32.7,a52ba1bfe9df9dc1d504550af46744ef8d474797cdba7af2412dc40a3ebdf3b8,main,178ae0f727641cf4b618ebb98ade7aa1a1bed7517281aab9849de82a59d8ed3a,kaggriculture-r88-rivals__moon_parent,465241085,0,80281,81292,0,1,0,DONE,DONE,719,719,654,653,15.658,34.611,1,,4.55
p3066_moon,fd9f0e002dd7a6ad,kaggle-environments 1.32.7,a52ba1bfe9df9dc1d504550af46744ef8d474797cdba7af2412dc40a3ebdf3b8,main,178ae0f727641cf4b618ebb98ade7aa1a1bed7517281aab9849de82a59d8ed3a,kaggriculture-r88-rivals__moon_parent,465241085,1,80281,81292,0,1,0,DONE,DONE,719,719,654,653,15.609,68.824,1,,4.88
p3066_moon,fd9f0e002dd7a6ad,kaggle-environments 1.32.7,a52ba1bfe9df9dc1d504550af46744ef8d474797cdba7af2412dc40a3ebdf3b8,main,178ae0f727641cf4b618ebb98ade7aa1a1bed7517281aab9849de82a59d8ed3a,kaggriculture-r88-rivals__moon_parent,469957904,0,76759,79476,0,1,0,DONE,DONE,719,719,647,634,17.029,41.995,1,,4.85
p3066_moon,fd9f0e002dd7a6ad,kaggle-environments 1.32.7,a52ba1bfe9df9dc1d504550af46744ef8d474797cdba7af2412dc40a3ebdf3b8,main,178ae0f727641cf4b618ebb98ade7aa1a1bed7517281aab9849de82a59d8ed3a,kaggriculture-r88-rivals__moon_parent,469957904,1,76759,79476,0,1,0,DONE,DONE,719,719,647,634,154.048,70.235,1,,4.55
p3066_moon,fd9f0e002dd7a6ad,kaggle-environments 1.32.7,a52ba1bfe9df9dc1d504550af46744ef8d474797cdba7af2412dc40a3ebdf3b8,main,178ae0f727641cf4b618ebb98ade7aa1a1bed7517281aab9849de82a59d8ed3a,kaggriculture-r88-rivals__moon_parent,470070161,0,93869,97362,0,1,0,DONE,DONE,719,719,655,655,141.697,31.683,1,,4.76
p3066_moon,fd9f0e002dd7a6ad,kaggle-environments 1.32.7,a52ba1bfe9df9dc1d504550af46744ef8d474797cdba7af2412dc40a3ebdf3b8,main,178ae0f727641cf4b618ebb98ade7aa1a1bed7517281aab9849de82a59d8ed3a,kaggriculture-r88-rivals__moon_parent,470070161,1,93869,97362,0,1,0,DONE,DONE,719,719,655,655,15.839,31.73,1,,4.52
p3066_moon,fd9f0e002dd7a6ad,kaggle-environments 1.32.7,a52ba1bfe9df9dc1d504550af46744ef8d474797cdba7af2412dc40a3ebdf3b8,main,178ae0f727641cf4b618ebb98ade7aa1a1bed7517281aab9849de82a59d8ed3a,kaggriculture-r88-rivals__moon_parent,471831356,0,118938,119331,0,1,0,DONE,DONE,719,719,657,656,114.701,31.38,1,,4.56
p3066_moon,fd9f0e002dd7a6ad,kaggle-environments 1.32.7,a52ba1bfe9df9dc1d504550af46744ef8d474797cdba7af2412dc40a3ebdf3b8,main,178ae0f727641cf4b618ebb98ade7aa1a1bed7517281aab9849de82a59d8ed3a,kaggriculture-r88-rivals__moon_parent,471831356,1,118938,119331,0,1,0,DONE,DONE,719,719,657,656,16.392,45.003,1,,4.41
p3066_moon,fd9f0e002dd7a6ad,kaggle-environments 1.32.7,a52ba1bfe9df9dc1d504550af46744ef8d474797cdba7af2412dc40a3ebdf3b8,main,178ae0f727641cf4b618ebb98ade7aa1a1bed7517281aab9849de82a59d8ed3a,kaggriculture-r88-rivals__moon_parent,474595349,0,124255,125341,0,1,0,DONE,DONE,719,719,653,652,11.238,32.082,1,,4.85
p3066_moon,fd9f0e002dd7a6ad,kaggle-environments 1.32.7,a52ba1bfe9df9dc1d504550af46744ef8d474797cdba7af2412dc40a3ebdf3b8,main,178ae0f727641cf4b618ebb98ade7aa1a1bed7517281aab9849de82a59d8ed3a,kaggriculture-r88-rivals__moon_parent,474595349,1,124255,125341,0,1,0,DONE,DONE,719,719,653,652,11.568,118.077,1,,4.67
p3066_moon,fd9f0e002dd7a6ad,kaggle-environments 1.32.7,a52ba1bfe9df9dc1d504550af46744ef8d474797cdba7af2412dc40a3ebdf3b8,main,178ae0f727641cf4b618ebb98ade7aa1a1bed7517281aab9849de82a59d8ed3a,kaggriculture-r88-rivals__moon_parent,475908397,0,73376,74001,0,1,0,DONE,DONE,719,719,650,649,92.661,33.574,1,,4.73
p3066_moon,fd9f0e002dd7a6ad,kaggle-environments 1.32.7,a52ba1bfe9df9dc1d504550af46744ef8d474797cdba7af2412dc40a3ebdf3b8,main,178ae0f727641cf4b618ebb98ade7aa1a1bed7517281aab9849de82a59d8ed3a,kaggriculture-r88-rivals__moon_parent,475908397,1,73376,74001,0,1,0,DONE,DONE,719,719,650,649,91.135,33.845,1,,4.72
p3066_moon,fd9f0e002dd7a6ad,kaggle-environments 1.32.7,a52ba1bfe9df9dc1d504550af46744ef8d474797cdba7af2412dc40a3ebdf3b8,main,178ae0f727641cf4b618ebb98ade7aa1a1bed7517281aab9849de82a59d8ed3a,kaggriculture-r88-rivals__moon_parent,476138433,0,149173,151055,0,1,0,DONE,DONE,719,719,659,658,128.129,31.445,1,,4.47
p3066_moon,fd9f0e002dd7a6ad,kaggle-environments 1.32.7,a52ba1bfe9df9dc1d504550af46744ef8d474797cdba7af2412dc40a3ebdf3b8,main,178ae0f727641cf4b618ebb98ade7aa1a1bed7517281aab9849de82a59d8ed3a,kaggriculture-r88-rivals__moon_parent,476138433,1,149173,151055,0,1,0,DONE,DONE,719,719,659,658,74.959,30.903,1,,4.6
p3066_moon,fd9f0e002dd7a6ad,kaggle-environments 1.32.7,a52ba1bfe9df9dc1d504550af46744ef8d474797cdba7af2412dc40a3ebdf3b8,main,178ae0f727641cf4b618ebb98ade7aa1a1bed7517281aab9849de82a59d8ed3a,kaggriculture-r88-rivals__moon_parent,479122216,0,113761,116342,0,1,0,DONE,DONE,719,719,649,637,70.546,32.093,1,,4.39
p3066_moon,fd9f0e002dd7a6ad,kaggle-environments 1.32.7,a52ba1bfe9df9dc1d504550af46744ef8d474797cdba7af2412dc40a3ebdf3b8,main,178ae0f727641cf4b618ebb98ade7aa1a1bed7517281aab9849de82a59d8ed3a,kaggriculture-r88-rivals__moon_parent,479122216,1,113761,116342,0,1,0,DONE,DONE,719,719,649,637,16.296,32.404,1,,4.32
p3066_moon,fd9f0e002dd7a6ad,kaggle-environments 1.32.7,a52ba1bfe9df9dc1d504550af46744ef8d474797cdba7af2412dc40a3ebdf3b8,main,178ae0f727641cf4b618ebb98ade7aa1a1bed7517281aab9849de82a59d8ed3a,kaggriculture-r88-rivals__moon_parent,482959909,0,98469,100455,0,1,0,DONE,DONE,719,719,658,658,15.793,34.291,1,,4.6
p3066_moon,fd9f0e002dd7a6ad,kaggle-environments 1.32.7,a52ba1bfe9df9dc1d504550af46744ef8d474797cdba7af2412dc40a3ebdf3b8,main,178ae0f727641cf4b618ebb98ade7aa1a1bed7517281aab9849de82a59d8ed3a,kaggriculture-r88-rivals__moon_parent,482959909,1,98469,100455,0,1,0,DONE,DONE,719,719,658,658,16.198,30.999,1,,4.29
p3066_moon,fd9f0e002dd7a6ad,kaggle-environments 1.32.7,a52ba1bfe9df9dc1d504550af46744ef8d474797cdba7af2412dc40a3ebdf3b8,main,178ae0f727641cf4b618ebb98ade7aa1a1bed7517281aab9849de82a59d8ed3a,kaggriculture-r88-rivals__moon_parent,484600815,0,124299,125421,0,1,0,DONE,DONE,719,719,653,652,65.711,32.143,1,,4.41
p3066_moon,fd9f0e002dd7a6ad,kaggle-environments 1.32.7,a52ba1bfe9df9dc1d504550af46744ef8d474797cdba7af2412dc40a3ebdf3b8,main,178ae0f727641cf4b618ebb98ade7aa1a1bed7517281aab9849de82a59d8ed3a,kaggriculture-r88-rivals__moon_parent,484600815,1,124299,125421,0,1,0,DONE,DONE,719,719,653,652,91.981,72.905,1,,4.58
p3066_moon,fd9f0e002dd7a6ad,kaggle-environments 1.32.7,a52ba1bfe9df9dc1d504550af46744ef8d474797cdba7af2412dc40a3ebdf3b8,main,178ae0f727641cf4b618ebb98ade7aa1a1bed7517281aab9849de82a59d8ed3a,kaggriculture-r88-rivals__moon_parent,489047414,0,58380,59522,0,1,0,DONE,DONE,719,719,652,651,80.467,66.444,1,,4.5
p3066_moon,fd9f0e002dd7a6ad,kaggle-environments 1.32.7,a52ba1bfe9df9dc1d504550af46744ef8d474797cdba7af2412dc40a3ebdf3b8,main,178ae0f727641cf4b618ebb98ade7aa1a1bed7517281aab9849de82a59d8ed3a,kaggriculture-r88-rivals__moon_parent,489047414,1,58380,59522,0,1,0,DONE,DONE,719,719,652,651,16.447,43.818,1,,4.86
p3066_moon,fd9f0e002dd7a6ad,kaggle-environments 1.32.7,a52ba1bfe9df9dc1d504550af46744ef8d474797cdba7af2412dc40a3ebdf3b8,main,178ae0f727641cf4b618ebb98ade7aa1a1bed7517281aab9849de82a59d8ed3a,kaggriculture-r88-rivals__moon_parent,489401326,0,101985,103207,0,1,0,DONE,DONE,719,719,647,635,82.592,38.356,1,,4.44
p3066_moon,fd9f0e002dd7a6ad,kaggle-environments 1.32.7,a52ba1bfe9df9dc1d504550af46744ef8d474797cdba7af2412dc40a3ebdf3b8,main,178ae0f727641cf4b618ebb98ade7aa1a1bed7517281aab9849de82a59d8ed3a,kaggriculture-r88-rivals__moon_parent,489401326,1,101985,103207,0,1,0,DONE,DONE,719,719,647,635,16.904,36.653,1,,4.45
p3066_moon,fd9f0e002dd7a6ad,kaggle-environments 1.32.7,a52ba1bfe9df9dc1d504550af46744ef8d474797cdba7af2412dc40a3ebdf3b8,main,178ae0f727641cf4b618ebb98ade7aa1a1bed7517281aab9849de82a59d8ed3a,kaggriculture-r88-rivals__moon_parent,489668136,0,116114,117094,0,1,0,DONE,DONE,719,719,658,657,89.846,76.136,1,,4.38
p3066_moon,fd9f0e002dd7a6ad,kaggle-environments 1.32.7,a52ba1bfe9df9dc1d504550af46744ef8d474797cdba7af2412dc40a3ebdf3b8,main,178ae0f727641cf4b618ebb98ade7aa1a1bed7517281aab9849de82a59d8ed3a,kaggriculture-r88-rivals__moon_parent,489668136,1,116114,117094,0,1,0,DONE,DONE,719,719,658,657,97.727,36.186,1,,4.51
p3066_moon,fd9f0e002dd7a6ad,kaggle-environments 1.32.7,a52ba1bfe9df9dc1d504550af46744ef8d474797cdba7af2412dc40a3ebdf3b8,main,178ae0f727641cf4b618ebb98ade7aa1a1bed7517281aab9849de82a59d8ed3a,kaggriculture-r88-rivals__moon_parent,490976042,0,119852,120152,0,1,0,DONE,DONE,719,719,641,641,96.344,63.533,1,,4.42
p3066_moon,fd9f0e002dd7a6ad,kaggle-environments 1.32.7,a52ba1bfe9df9dc1d504550af46744ef8d474797cdba7af2412dc40a3ebdf3b8,main,178ae0f727641cf4b618ebb98ade7aa1a1bed7517281aab9849de82a59d8ed3a,kaggriculture-r88-rivals__moon_parent,490976042,1,119852,120152,0,1,0,DONE,DONE,719,719,641,641,17.491,56.623,1,,4.6
p3066_moon,fd9f0e002dd7a6ad,kaggle-environments 1.32.7,a52ba1bfe9df9dc1d504550af46744ef8d474797cdba7af2412dc40a3ebdf3b8,main,178ae0f727641cf4b618ebb98ade7aa1a1bed7517281aab9849de82a59d8ed3a,kaggriculture-r88-rivals__moon_parent,493678754,0,91617,94628,0,1,0,DONE,DONE,719,719,649,649,11.36,32.194,1,,5.05
p3066_moon,fd9f0e002dd7a6ad,kaggle-environments 1.32.7,a52ba1bfe9df9dc1d504550af46744ef8d474797cdba7af2412dc40a3ebdf3b8,main,178ae0f727641cf4b618ebb98ade7aa1a1bed7517281aab9849de82a59d8ed3a,kaggriculture-r88-rivals__moon_parent,493678754,1,91617,94628,0,1,0,DONE,DONE,719,719,649,649,79.504,31.583,1,,4.66
p3066_moon,fd9f0e002dd7a6ad,kaggle-environments 1.32.7,a52ba1bfe9df9dc1d504550af46744ef8d474797cdba7af2412dc40a3ebdf3b8,main,178ae0f727641cf4b618ebb98ade7aa1a1bed7517281aab9849de82a59d8ed3a,kaggriculture-r88-rivals__moon_parent,493753758,0,77927,80313,0,1,0,DONE,DONE,719,719,650,649,16.025,34.197,1,,4.49
p3066_moon,fd9f0e002dd7a6ad,kaggle-environments 1.32.7,a52ba1bfe9df9dc1d504550af46744ef8d474797cdba7af2412dc40a3ebdf3b8,main,178ae0f727641cf4b618ebb98ade7aa1a1bed7517281aab9849de82a59d8ed3a,kaggriculture-r88-rivals__moon_parent,493753758,1,77927,80313,0,1,0,DONE,DONE,719,719,650,649,15.46,32.569,1,,4.65
p3066_moon,fd9f0e002dd7a6ad,kaggle-environments 1.32.7,a52ba1bfe9df9dc1d504550af46744ef8d474797cdba7af2412dc40a3ebdf3b8,main,178ae0f727641cf4b618ebb98ade7aa1a1bed7517281aab9849de82a59d8ed3a,kaggriculture-r88-rivals__moon_parent,495268821,0,125948,126372,0,1,0,DONE,DONE,719,719,659,659,14.424,32.931,1,,5.0
p3066_moon,fd9f0e002dd7a6ad,kaggle-environments 1.32.7,a52ba1bfe9df9dc1d504550af46744ef8d474797cdba7af2412dc40a3ebdf3b8,main,178ae0f727641cf4b618ebb98ade7aa1a1bed7517281aab9849de82a59d8ed3a,kaggriculture-r88-rivals__moon_parent,495268821,1,126080,126240,0,1,0,DONE,DONE,719,719,659,659,13.15,121.285,1,,4.78
p3066_moon,fd9f0e002dd7a6ad,kaggle-environments 1.32.7,a52ba1bfe9df9dc1d504550af46744ef8d474797cdba7af2412dc40a3ebdf3b8,main,178ae0f727641cf4b618ebb98ade7aa1a1bed7517281aab9849de82a59d8ed3a,kaggriculture-r88-rivals__moon_parent,503326514,0,135358,136941,0,1,0,DONE,DONE,719,719,656,655,61.225,33.51,1,,4.42
p3066_moon,fd9f0e002dd7a6ad,kaggle-environments 1.32.7,a52ba1bfe9df9dc1d504550af46744ef8d474797cdba7af2412dc40a3ebdf3b8,main,178ae0f727641cf4b618ebb98ade7aa1a1bed7517281aab9849de82a59d8ed3a,kaggriculture-r88-rivals__moon_parent,503326514,1,135358,136941,0,1,0,DONE,DONE,719,719,656,655,53.486,40.637,1,,4.36
p3066_moon,fd9f0e002dd7a6ad,kaggle-environments 1.32.7,a52ba1bfe9df9dc1d504550af46744ef8d474797cdba7af2412dc40a3ebdf3b8,main,178ae0f727641cf4b618ebb98ade7aa1a1bed7517281aab9849de82a59d8ed3a,kaggriculture-r88-rivals__moon_parent,503687205,0,103176,105416,0,1,0,DONE,DONE,719,719,649,637,104.03,30.502,1,,4.31
p3066_moon,fd9f0e002dd7a6ad,kaggle-environments 1.32.7,a52ba1bfe9df9dc1d504550af46744ef8d474797cdba7af2412dc40a3ebdf3b8,main,178ae0f727641cf4b618ebb98ade7aa1a1bed7517281aab9849de82a59d8ed3a,kaggriculture-r88-rivals__moon_parent,503687205,1,103176,105416,0,1,0,DONE,DONE,719,719,649,637,23.092,33.678,1,,4.66
p3066_moon,fd9f0e002dd7a6ad,kaggle-environments 1.32.7,a52ba1bfe9df9dc1d504550af46744ef8d474797cdba7af2412dc40a3ebdf3b8,main,178ae0f727641cf4b618ebb98ade7aa1a1bed7517281aab9849de82a59d8ed3a,kaggriculture-r88-rivals__moon_parent,505579120,0,82206,81780,1,0,0,DONE,DONE,719,719,655,654,86.974,32.645,1,,4.7
p3066_moon,fd9f0e002dd7a6ad,kaggle-environments 1.32.7,a52ba1bfe9df9dc1d504550af46744ef8d474797cdba7af2412dc40a3ebdf3b8,main,178ae0f727641cf4b618ebb98ade7aa1a1bed7517281aab9849de82a59d8ed3a,kaggriculture-r88-rivals__moon_parent,505579120,1,82206,81780,1,0,0,DONE,DONE,719,719,655,654,127.595,32.614,1,,4.58
p3066_moon,fd9f0e002dd7a6ad,kaggle-environments 1.32.7,a52ba1bfe9df9dc1d504550af46744ef8d474797cdba7af2412dc40a3ebdf3b8,main,178ae0f727641cf4b618ebb98ade7aa1a1bed7517281aab9849de82a59d8ed3a,kaggriculture-r88-rivals__moon_parent,505757428,0,116802,119458,0,1,0,DONE,DONE,719,719,649,637,91.153,34.731,1,,4.47
p3066_moon,fd9f0e002dd7a6ad,kaggle-environments 1.32.7,a52ba1bfe9df9dc1d504550af46744ef8d474797cdba7af2412dc40a3ebdf3b8,main,178ae0f727641cf4b618ebb98ade7aa1a1bed7517281aab9849de82a59d8ed3a,kaggriculture-r88-rivals__moon_parent,505757428,1,116802,119458,0,1,0,DONE,DONE,719,719,649,637,15.999,32.633,1,,4.57
p3066_moon,fd9f0e002dd7a6ad,kaggle-environments 1.32.7,a52ba1bfe9df9dc1d504550af46744ef8d474797cdba7af2412dc40a3ebdf3b8,main,178ae0f727641cf4b618ebb98ade7aa1a1bed7517281aab9849de82a59d8ed3a,kaggriculture-r88-rivals__moon_parent,508154806,0,110739,111584,0,1,0,DONE,DONE,719,719,638,639,6.518,30.827,1,,4.59
p3066_moon,fd9f0e002dd7a6ad,kaggle-environments 1.32.7,a52ba1bfe9df9dc1d504550af46744ef8d474797cdba7af2412dc40a3ebdf3b8,main,178ae0f727641cf4b618ebb98ade7aa1a1bed7517281aab9849de82a59d8ed3a,kaggriculture-r88-rivals__moon_parent,508154806,1,110739,111584,0,1,0,DONE,DONE,719,719,639,638,6.034,32.428,1,,4.62
p3066_moon,fd9f0e002dd7a6ad,kaggle-environments 1.32.7,a52ba1bfe9df9dc1d504550af46744ef8d474797cdba7af2412dc40a3ebdf3b8,main,178ae0f727641cf4b618ebb98ade7aa1a1bed7517281aab9849de82a59d8ed3a,kaggriculture-r88-rivals__moon_parent,511271508,0,64082,65506,0,1,0,DONE,DONE,719,719,652,652,65.499,32.946,1,,4.62
p3066_moon,fd9f0e002dd7a6ad,kaggle-environments 1.32.7,a52ba1bfe9df9dc1d504550af46744ef8d474797cdba7af2412dc40a3ebdf3b8,main,178ae0f727641cf4b618ebb98ade7aa1a1bed7517281aab9849de82a59d8ed3a,kaggriculture-r88-rivals__moon_parent,511271508,1,64082,65506,0,1,0,DONE,DONE,719,719,652,652,20.337,35.625,1,,4.62
p3066_moon,fd9f0e002dd7a6ad,kaggle-environments 1.32.7,a52ba1bfe9df9dc1d504550af46744ef8d474797cdba7af2412dc40a3ebdf3b8,main,178ae0f727641cf4b618ebb98ade7aa1a1bed7517281aab9849de82a59d8ed3a,kaggriculture-r88-rivals__moon_parent,513405735,0,83017,84162,0,1,0,DONE,DONE,719,719,651,650,98.131,31.616,1,,4.47
p3066_moon,fd9f0e002dd7a6ad,kaggle-environments 1.32.7,a52ba1bfe9df9dc1d504550af46744ef8d474797cdba7af2412dc40a3ebdf3b8,main,178ae0f727641cf4b618ebb98ade7aa1a1bed7517281aab9849de82a59d8ed3a,kaggriculture-r88-rivals__moon_parent,513405735,1,83017,84162,0,1,0,DONE,DONE,719,719,651,650,101.499,37.245,1,,4.6
p3066_moon,fd9f0e002dd7a6ad,kaggle-environments 1.32.7,a52ba1bfe9df9dc1d504550af46744ef8d474797cdba7af2412dc40a3ebdf3b8,main,178ae0f727641cf4b618ebb98ade7aa1a1bed7517281aab9849de82a59d8ed3a,kaggriculture-r88-rivals__moon_parent,514211692,0,80237,82312,0,1,0,DONE,DONE,719,719,654,654,100.185,73.677,1,,4.53
p3066_moon,fd9f0e002dd7a6ad,kaggle-environments 1.32.7,a52ba1bfe9df9dc1d504550af46744ef8d474797cdba7af2412dc40a3ebdf3b8,main,178ae0f727641cf4b618ebb98ade7aa1a1bed7517281aab9849de82a59d8ed3a,kaggriculture-r88-rivals__moon_parent,514211692,1,80237,82312,0,1,0,DONE,DONE,719,719,654,654,18.702,36.415,1,,4.77
p3066_moon,fd9f0e002dd7a6ad,kaggle-environments 1.32.7,a52ba1bfe9df9dc1d504550af46744ef8d474797cdba7af2412dc40a3ebdf3b8,main,178ae0f727641cf4b618ebb98ade7aa1a1bed7517281aab9849de82a59d8ed3a,kaggriculture-r88-rivals__moon_parent,517166803,0,111305,114640,0,1,0,DONE,DONE,719,719,650,639,17.702,41.932,1,,4.35
p3066_moon,fd9f0e002dd7a6ad,kaggle-environments 1.32.7,a52ba1bfe9df9dc1d504550af46744ef8d474797cdba7af2412dc40a3ebdf3b8,main,178ae0f727641cf4b618ebb98ade7aa1a1bed7517281aab9849de82a59d8ed3a,kaggriculture-r88-rivals__moon_parent,517166803,1,111305,114640,0,1,0,DONE,DONE,719,719,650,639,136.634,33.711,1,,4.56
p3066_moon,fd9f0e002dd7a6ad,kaggle-environments 1.32.7,a52ba1bfe9df9dc1d504550af46744ef8d474797cdba7af2412dc40a3ebdf3b8,main,178ae0f727641cf4b618ebb98ade7aa1a1bed7517281aab9849de82a59d8ed3a,kaggriculture-r88-rivals__moon_parent,517576207,0,71979,73106,0,1,0,DONE,DONE,719,719,652,651,142.282,32.028,1,,4.44
p3066_moon,fd9f0e002dd7a6ad,kaggle-environments 1.32.7,a52ba1bfe9df9dc1d504550af46744ef8d474797cdba7af2412dc40a3ebdf3b8,main,178ae0f727641cf4b618ebb98ade7aa1a1bed7517281aab9849de82a59d8ed3a,kaggriculture-r88-rivals__moon_parent,517576207,1,71979,73106,0,1,0,DONE,DONE,719,719,652,651,92.122,31.374,1,,4.43
p3066_moon,fd9f0e002dd7a6ad,kaggle-environments 1.32.7,a52ba1bfe9df9dc1d504550af46744ef8d474797cdba7af2412dc40a3ebdf3b8,main,178ae0f727641cf4b618ebb98ade7aa1a1bed7517281aab9849de82a59d8ed3a,kaggriculture-r88-rivals__moon_parent,519017022,0,77733,80710,0,1,0,DONE,DONE,719,719,652,652,99.441,43.64,1,,4.7
p3066_moon,fd9f0e002dd7a6ad,kaggle-environments 1.32.7,a52ba1bfe9df9dc1d504550af46744ef8d474797cdba7af2412dc40a3ebdf3b8,main,178ae0f727641cf4b618ebb98ade7aa1a1bed7517281aab9849de82a59d8ed3a,kaggriculture-r88-rivals__moon_parent,519017022,1,77733,80710,0,1,0,DONE,DONE,719,719,652,652,48.182,74.035,1,,4.78
p3066_moon,fd9f0e002dd7a6ad,kaggle-environments 1.32.7,a52ba1bfe9df9dc1d504550af46744ef8d474797cdba7af2412dc40a3ebdf3b8,main,178ae0f727641cf4b618ebb98ade7aa1a1bed7517281aab9849de82a59d8ed3a,kaggriculture-r88-rivals__moon_parent,521081115,0,88224,89872,0,1,0,DONE,DONE,719,719,653,652,15.894,34.399,1,,4.52
p3066_moon,fd9f0e002dd7a6ad,kaggle-environments 1.32.7,a52ba1bfe9df9dc1d504550af46744ef8d474797cdba7af2412dc40a3ebdf3b8,main,178ae0f727641cf4b618ebb98ade7aa1a1bed7517281aab9849de82a59d8ed3a,kaggriculture-r88-rivals__moon_parent,521081115,1,88224,89872,0,1,0,DONE,DONE,719,719,653,652,22.659,32.63,1,,4.58
p3066_moon,fd9f0e002dd7a6ad,kaggle-environments 1.32.7,a52ba1bfe9df9dc1d504550af46744ef8d474797cdba7af2412dc40a3ebdf3b8,main,178ae0f727641cf4b618ebb98ade7aa1a1bed7517281aab9849de82a59d8ed3a,kaggriculture-r88-rivals__moon_parent,521086887,0,104391,105689,0,1,0,DONE,DONE,719,719,654,653,110.37,33.053,1,,4.5
p3066_moon,fd9f0e002dd7a6ad,kaggle-environments 1.32.7,a52ba1bfe9df9dc1d504550af46744ef8d474797cdba7af2412dc40a3ebdf3b8,main,178ae0f727641cf4b618ebb98ade7aa1a1bed7517281aab9849de82a59d8ed3a,kaggriculture-r88-rivals__moon_parent,521086887,1,104391,105689,0,1,0,DONE,DONE,719,719,654,653,85.684,34.681,1,,4.73
p3066_moon,fd9f0e002dd7a6ad,kaggle-environments 1.32.7,a52ba1bfe9df9dc1d504550af46744ef8d474797cdba7af2412dc40a3ebdf3b8,main,178ae0f727641cf4b618ebb98ade7aa1a1bed7517281aab9849de82a59d8ed3a,kaggriculture-r88-rivals__moon_parent,521257964,0,105093,105841,0,1,0,DONE,DONE,719,719,649,648,83.895,32.918,1,,4.61
p3066_moon,fd9f0e002dd7a6ad,kaggle-environments 1.32.7,a52ba1bfe9df9dc1d504550af46744ef8d474797cdba7af2412dc40a3ebdf3b8,main,178ae0f727641cf4b618ebb98ade7aa1a1bed7517281aab9849de82a59d8ed3a,kaggriculture-r88-rivals__moon_parent,521257964,1,105093,105841,0,1,0,DONE,DONE,719,719,649,648,105.952,34.957,1,,4.69
p3066_moon,fd9f0e002dd7a6ad,kaggle-environments 1.32.7,a52ba1bfe9df9dc1d504550af46744ef8d474797cdba7af2412dc40a3ebdf3b8,main,178ae0f727641cf4b618ebb98ade7aa1a1bed7517281aab9849de82a59d8ed3a,kaggriculture-r88-rivals__moon_parent,524753394,0,71047,72601,0,1,0,DONE,DONE,719,719,649,648,11.09,33.739,1,,4.8
p3066_moon,fd9f0e002dd7a6ad,kaggle-environments 1.32.7,a52ba1bfe9df9dc1d504550af46744ef8d474797cdba7af2412dc40a3ebdf3b8,main,178ae0f727641cf4b618ebb98ade7aa1a1bed7517281aab9849de82a59d8ed3a,kaggriculture-r88-rivals__moon_parent,524753394,1,71047,72601,0,1,0,DONE,DONE,719,719,649,648,10.673,101.546,1,,4.8
p3066_moon,fd9f0e002dd7a6ad,kaggle-environments 1.32.7,a52ba1bfe9df9dc1d504550af46744ef8d474797cdba7af2412dc40a3ebdf3b8,main,178ae0f727641cf4b618ebb98ade7aa1a1bed7517281aab9849de82a59d8ed3a,kaggriculture-r88-rivals__moon_parent,525599854,0,90496,94898,0,1,0,DONE,DONE,719,719,648,637,17.54,45.696,1,,4.62
p3066_moon,fd9f0e002dd7a6ad,kaggle-environments 1.32.7,a52ba1bfe9df9dc1d504550af46744ef8d474797cdba7af2412dc40a3ebdf3b8,main,178ae0f727641cf4b618ebb98ade7aa1a1bed7517281aab9849de82a59d8ed3a,kaggriculture-r88-rivals__moon_parent,525599854,1,90496,94898,0,1,0,DONE,DONE,719,719,648,637,17.04,91.753,1,,4.4
p3066_moon,fd9f0e002dd7a6ad,kaggle-environments 1.32.7,a52ba1bfe9df9dc1d504550af46744ef8d474797cdba7af2412dc40a3ebdf3b8,main,178ae0f727641cf4b618ebb98ade7aa1a1bed7517281aab9849de82a59d8ed3a,kaggriculture-r88-rivals__moon_parent,528610972,0,87186,89394,0,1,0,DONE,DONE,719,719,651,651,16.78,81.929,1,,4.61
p3066_moon,fd9f0e002dd7a6ad,kaggle-environments 1.32.7,a52ba1bfe9df9dc1d504550af46744ef8d474797cdba7af2412dc40a3ebdf3b8,main,178ae0f727641cf4b618ebb98ade7aa1a1bed7517281aab9849de82a59d8ed3a,kaggriculture-r88-rivals__moon_parent,528610972,1,87186,89394,0,1,0,DONE,DONE,719,719,651,651,46.812,49.194,1,,4.88
p3066_moon,fd9f0e002dd7a6ad,kaggle-environments 1.32.7,a52ba1bfe9df9dc1d504550af46744ef8d474797cdba7af2412dc40a3ebdf3b8,main,178ae0f727641cf4b618ebb98ade7aa1a1bed7517281aab9849de82a59d8ed3a,kaggriculture-r88-rivals__moon_parent,534889110,0,122827,123832,0,1,0,DONE,DONE,719,719,654,653,53.946,32.414,1,,4.71
p3066_moon,fd9f0e002dd7a6ad,kaggle-environments 1.32.7,a52ba1bfe9df9dc1d504550af46744ef8d474797cdba7af2412dc40a3ebdf3b8,main,178ae0f727641cf4b618ebb98ade7aa1a1bed7517281aab9849de82a59d8ed3a,kaggriculture-r88-rivals__moon_parent,534889110,1,122827,123832,0,1,0,DONE,DONE,719,719,654,653,65.938,32.127,1,,4.3
p3066_moon,fd9f0e002dd7a6ad,kaggle-environments 1.32.7,a52ba1bfe9df9dc1d504550af46744ef8d474797cdba7af2412dc40a3ebdf3b8,main,178ae0f727641cf4b618ebb98ade7aa1a1bed7517281aab9849de82a59d8ed3a,kaggriculture-r88-rivals__moon_parent,536028917,0,93430,98657,0,1,0,DONE,DONE,719,719,665,641,118.419,31.972,1,,4.81
p3066_moon,fd9f0e002dd7a6ad,kaggle-environments 1.32.7,a52ba1bfe9df9dc1d504550af46744ef8d474797cdba7af2412dc40a3ebdf3b8,main,178ae0f727641cf4b618ebb98ade7aa1a1bed7517281aab9849de82a59d8ed3a,kaggriculture-r88-rivals__moon_parent,536028917,1,88347,93372,0,1,0,DONE,DONE,719,719,665,641,48.824,33.719,1,,5.03
p3066_moon,fd9f0e002dd7a6ad,kaggle-environments 1.32.7,a52ba1bfe9df9dc1d504550af46744ef8d474797cdba7af2412dc40a3ebdf3b8,main,178ae0f727641cf4b618ebb98ade7aa1a1bed7517281aab9849de82a59d8ed3a,kaggriculture-r88-rivals__moon_parent,536809336,0,82813,87064,0,1,0,DONE,DONE,719,719,650,637,40.882,30.467,1,,4.57
p3066_moon,fd9f0e002dd7a6ad,kaggle-environments 1.32.7,a52ba1bfe9df9dc1d504550af46744ef8d474797cdba7af2412dc40a3ebdf3b8,main,178ae0f727641cf4b618ebb98ade7aa1a1bed7517281aab9849de82a59d8ed3a,kaggriculture-r88-rivals__moon_parent,536809336,1,82767,87080,0,1,0,DONE,DONE,719,719,650,637,15.169,154.373,1,,4.77
p3066_moon,fd9f0e002dd7a6ad,kaggle-environments 1.32.7,a52ba1bfe9df9dc1d504550af46744ef8d474797cdba7af2412dc40a3ebdf3b8,main,178ae0f727641cf4b618ebb98ade7aa1a1bed7517281aab9849de82a59d8ed3a,kaggriculture-r88-rivals__moon_parent,537088443,0,102780,104321,0,1,0,DONE,DONE,719,719,647,634,31.385,32.271,1,,4.69
p3066_moon,fd9f0e002dd7a6ad,kaggle-environments 1.32.7,a52ba1bfe9df9dc1d504550af46744ef8d474797cdba7af2412dc40a3ebdf3b8,main,178ae0f727641cf4b618ebb98ade7aa1a1bed7517281aab9849de82a59d8ed3a,kaggriculture-r88-rivals__moon_parent,537088443,1,102780,104321,0,1,0,DONE,DONE,719,719,647,634,15.402,108.334,1,,4.49
p3066_moon,fd9f0e002dd7a6ad,kaggle-environments 1.32.7,a52ba1bfe9df9dc1d504550af46744ef8d474797cdba7af2412dc40a3ebdf3b8,main,178ae0f727641cf4b618ebb98ade7aa1a1bed7517281aab9849de82a59d8ed3a,kaggriculture-r88-rivals__moon_parent,543888094,0,91037,93141,0,1,0,DONE,DONE,719,719,652,652,61.245,33.274,1,,4.65
p3066_moon,fd9f0e002dd7a6ad,kaggle-environments 1.32.7,a52ba1bfe9df9dc1d504550af46744ef8d474797cdba7af2412dc40a3ebdf3b8,main,178ae0f727641cf4b618ebb98ade7aa1a1bed7517281aab9849de82a59d8ed3a,kaggriculture-r88-rivals__moon_parent,543888094,1,91037,93141,0,1,0,DONE,DONE,719,719,652,652,66.309,33.481,1,,4.6
