run_id,timestamp,environment_version,candidate_name,candidate_sha,opponent_name,opponent_sha,seed,seat,candidate_cash,opponent_cash,win,loss,tie,candidate_status,opponent_status,candidate_calls,opponent_calls,candidate_runtime_max,opponent_runtime_max,valid,invalid_reason,candidate_actions,opponent_actions
ba81da2b587caf9d,2026-10-02T06:19:14Z,kaggle-environments 1.32.7,ahmedberatozer-v43-recovering-lost-harvests,3abe0ca715ba18647c138d0c28f59f34371e1ea28d4378e290ab33760d2c12dc,ahmedberatozer-v44-winning-the-same-turn-sale-race,fe370bd8a9d0f3770e61cff4d9e60e19198e058a0fa1fb0adeb873a9d89c6640,62857979,0,79353,80571,0,1,0,DONE,DONE,719,719,37.8,9.017,1,,651,651
ba81da2b587caf9d,2026-10-02T06:19:14Z,kaggle-environments 1.32.7,ahmedberatozer-v43-recovering-lost-harvests,3abe0ca715ba18647c138d0c28f59f34371e1ea28d4378e290ab33760d2c12dc,ahmedberatozer-v44-winning-the-same-turn-sale-race,fe370bd8a9d0f3770e61cff4d9e60e19198e058a0fa1fb0adeb873a9d89c6640,62857979,1,79353,80571,0,1,0,DONE,DONE,719,719,8.945,47.92,1,,651,651
ba81da2b587caf9d,2026-10-02T06:19:14Z,kaggle-environments 1.32.7,ahmedberatozer-v43-recovering-lost-harvests,3abe0ca715ba18647c138d0c28f59f34371e1ea28d4378e290ab33760d2c12dc,ahmedberatozer-v44-winning-the-same-turn-sale-race,fe370bd8a9d0f3770e61cff4d9e60e19198e058a0fa1fb0adeb873a9d89c6640,199441310,0,115506,116428,0,1,0,DONE,DONE,719,719,26.405,71.761,1,,654,654
ba81da2b587caf9d,2026-10-02T06:19:14Z,kaggle-environments 1.32.7,ahmedberatozer-v43-recovering-lost-harvests,3abe0ca715ba18647c138d0c28f59f34371e1ea28d4378e290ab33760d2c12dc,ahmedberatozer-v44-winning-the-same-turn-sale-race,fe370bd8a9d0f3770e61cff4d9e60e19198e058a0fa1fb0adeb873a9d89c6640,199441310,1,115506,116428,0,1,0,DONE,DONE,719,719,15.89,16.192,1,,654,654
ba81da2b587caf9d,2026-10-02T06:19:14Z,kaggle-environments 1.32.7,ahmedberatozer-v43-recovering-lost-harvests,3abe0ca715ba18647c138d0c28f59f34371e1ea28d4378e290ab33760d2c12dc,ahmedberatozer-v44-winning-the-same-turn-sale-race,fe370bd8a9d0f3770e61cff4d9e60e19198e058a0fa1fb0adeb873a9d89c6640,1152441257,0,138985,139725,0,1,0,DONE,DONE,719,719,76.963,58.715,1,,656,656
ba81da2b587caf9d,2026-10-02T06:19:14Z,kaggle-environments 1.32.7,ahmedberatozer-v43-recovering-lost-harvests,3abe0ca715ba18647c138d0c28f59f34371e1ea28d4378e290ab33760d2c12dc,ahmedberatozer-v44-winning-the-same-turn-sale-race,fe370bd8a9d0f3770e61cff4d9e60e19198e058a0fa1fb0adeb873a9d89c6640,1152441257,1,138985,139725,0,1,0,DONE,DONE,719,719,10.749,10.313,1,,656,656
ba81da2b587caf9d,2026-10-02T06:19:14Z,kaggle-environments 1.32.7,ahmedberatozer-v43-recovering-lost-harvests,3abe0ca715ba18647c138d0c28f59f34371e1ea28d4378e290ab33760d2c12dc,ahmedberatozer-v44-winning-the-same-turn-sale-race,fe370bd8a9d0f3770e61cff4d9e60e19198e058a0fa1fb0adeb873a9d89c6640,1184506355,0,69700,71968,0,1,0,DONE,DONE,719,719,15.928,69.735,1,,637,637
ba81da2b587caf9d,2026-10-02T06:19:14Z,kaggle-environments 1.32.7,ahmedberatozer-v43-recovering-lost-harvests,3abe0ca715ba18647c138d0c28f59f34371e1ea28d4378e290ab33760d2c12dc,ahmedberatozer-v44-winning-the-same-turn-sale-race,fe370bd8a9d0f3770e61cff4d9e60e19198e058a0fa1fb0adeb873a9d89c6640,1184506355,1,69700,71968,0,1,0,DONE,DONE,719,719,16.27,42.6,1,,637,637
ba81da2b587caf9d,2026-10-02T06:19:14Z,kaggle-environments 1.32.7,ahmedberatozer-v43-recovering-lost-harvests,3abe0ca715ba18647c138d0c28f59f34371e1ea28d4378e290ab33760d2c12dc,ahmedberatozer-v44-winning-the-same-turn-sale-race,fe370bd8a9d0f3770e61cff4d9e60e19198e058a0fa1fb0adeb873a9d89c6640,1479510883,0,111080,113416,0,1,0,DONE,DONE,719,719,16.345,18.588,1,,651,651
ba81da2b587caf9d,2026-10-02T06:19:14Z,kaggle-environments 1.32.7,ahmedberatozer-v43-recovering-lost-harvests,3abe0ca715ba18647c138d0c28f59f34371e1ea28d4378e290ab33760d2c12dc,ahmedberatozer-v44-winning-the-same-turn-sale-race,fe370bd8a9d0f3770e61cff4d9e60e19198e058a0fa1fb0adeb873a9d89c6640,1479510883,1,111080,113416,0,1,0,DONE,DONE,719,719,15.817,115.883,1,,651,651
ba81da2b587caf9d,2026-10-02T06:19:14Z,kaggle-environments 1.32.7,ahmedberatozer-v43-recovering-lost-harvests,3abe0ca715ba18647c138d0c28f59f34371e1ea28d4378e290ab33760d2c12dc,ahmedberatozer-v44-winning-the-same-turn-sale-race,fe370bd8a9d0f3770e61cff4d9e60e19198e058a0fa1fb0adeb873a9d89c6640,1493838340,0,72737,74689,0,1,0,DONE,DONE,719,719,101.844,59.491,1,,655,655
ba81da2b587caf9d,2026-10-02T06:19:14Z,kaggle-environments 1.32.7,ahmedberatozer-v43-recovering-lost-harvests,3abe0ca715ba18647c138d0c28f59f34371e1ea28d4378e290ab33760d2c12dc,ahmedberatozer-v44-winning-the-same-turn-sale-race,fe370bd8a9d0f3770e61cff4d9e60e19198e058a0fa1fb0adeb873a9d89c6640,1493838340,1,72737,74689,0,1,0,DONE,DONE,719,719,32.93,31.985,1,,655,655
ba81da2b587caf9d,2026-10-02T06:19:14Z,kaggle-environments 1.32.7,ahmedberatozer-v43-recovering-lost-harvests,3abe0ca715ba18647c138d0c28f59f34371e1ea28d4378e290ab33760d2c12dc,ahmedberatozer-v44-winning-the-same-turn-sale-race,fe370bd8a9d0f3770e61cff4d9e60e19198e058a0fa1fb0adeb873a9d89c6640,1525963489,0,127097,128113,0,1,0,DONE,DONE,719,719,121.361,95.185,1,,656,656
ba81da2b587caf9d,2026-10-02T06:19:14Z,kaggle-environments 1.32.7,ahmedberatozer-v43-recovering-lost-harvests,3abe0ca715ba18647c138d0c28f59f34371e1ea28d4378e290ab33760d2c12dc,ahmedberatozer-v44-winning-the-same-turn-sale-race,fe370bd8a9d0f3770e61cff4d9e60e19198e058a0fa1fb0adeb873a9d89c6640,1525963489,1,127097,128113,0,1,0,DONE,DONE,719,719,32.634,60.763,1,,656,656
ba81da2b587caf9d,2026-10-02T06:19:14Z,kaggle-environments 1.32.7,ahmedberatozer-v43-recovering-lost-harvests,3abe0ca715ba18647c138d0c28f59f34371e1ea28d4378e290ab33760d2c12dc,ahmedberatozer-v44-winning-the-same-turn-sale-race,fe370bd8a9d0f3770e61cff4d9e60e19198e058a0fa1fb0adeb873a9d89c6640,1663058751,0,81736,82114,0,1,0,DONE,DONE,719,719,25.908,25.932,1,,653,653
ba81da2b587caf9d,2026-10-02T06:19:14Z,kaggle-environments 1.32.7,ahmedberatozer-v43-recovering-lost-harvests,3abe0ca715ba18647c138d0c28f59f34371e1ea28d4378e290ab33760d2c12dc,ahmedberatozer-v44-winning-the-same-turn-sale-race,fe370bd8a9d0f3770e61cff4d9e60e19198e058a0fa1fb0adeb873a9d89c6640,1663058751,1,81736,82114,0,1,0,DONE,DONE,719,719,16.387,16.58,1,,653,653
ba81da2b587caf9d,2026-10-02T06:19:14Z,kaggle-environments 1.32.7,ahmedberatozer-v44-winning-the-same-turn-sale-race,fe370bd8a9d0f3770e61cff4d9e60e19198e058a0fa1fb0adeb873a9d89c6640,ahmedberatozer-v46-first-turn-microstructure,735c370383b70d3bf3aac792f2c147e0afc99166fc9f253ede10e8a030acedb6,62857979,0,79253,79895,0,1,0,DONE,DONE,719,719,18.917,13.544,1,,651,651
ba81da2b587caf9d,2026-10-02T06:19:14Z,kaggle-environments 1.32.7,ahmedberatozer-v44-winning-the-same-turn-sale-race,fe370bd8a9d0f3770e61cff4d9e60e19198e058a0fa1fb0adeb873a9d89c6640,ahmedberatozer-v46-first-turn-microstructure,735c370383b70d3bf3aac792f2c147e0afc99166fc9f253ede10e8a030acedb6,62857979,1,79253,79895,0,1,0,DONE,DONE,719,719,10.334,96.486,1,,651,651
ba81da2b587caf9d,2026-10-02T06:19:14Z,kaggle-environments 1.32.7,ahmedberatozer-v44-winning-the-same-turn-sale-race,fe370bd8a9d0f3770e61cff4d9e60e19198e058a0fa1fb0adeb873a9d89c6640,ahmedberatozer-v46-first-turn-microstructure,735c370383b70d3bf3aac792f2c147e0afc99166fc9f253ede10e8a030acedb6,199441310,0,115653,115906,0,1,0,DONE,DONE,719,719,223.209,16.108,1,,653,653
ba81da2b587caf9d,2026-10-02T06:19:14Z,kaggle-environments 1.32.7,ahmedberatozer-v44-winning-the-same-turn-sale-race,fe370bd8a9d0f3770e61cff4d9e60e19198e058a0fa1fb0adeb873a9d89c6640,ahmedberatozer-v46-first-turn-microstructure,735c370383b70d3bf3aac792f2c147e0afc99166fc9f253ede10e8a030acedb6,199441310,1,115653,115906,0,1,0,DONE,DONE,719,719,41.879,99.699,1,,653,653
ba81da2b587caf9d,2026-10-02T06:19:14Z,kaggle-environments 1.32.7,ahmedberatozer-v44-winning-the-same-turn-sale-race,fe370bd8a9d0f3770e61cff4d9e60e19198e058a0fa1fb0adeb873a9d89c6640,ahmedberatozer-v46-first-turn-microstructure,735c370383b70d3bf3aac792f2c147e0afc99166fc9f253ede10e8a030acedb6,1152441257,0,138994,139011,0,1,0,DONE,DONE,719,719,14.985,17.631,1,,656,656
ba81da2b587caf9d,2026-10-02T06:19:14Z,kaggle-environments 1.32.7,ahmedberatozer-v44-winning-the-same-turn-sale-race,fe370bd8a9d0f3770e61cff4d9e60e19198e058a0fa1fb0adeb873a9d89c6640,ahmedberatozer-v46-first-turn-microstructure,735c370383b70d3bf3aac792f2c147e0afc99166fc9f253ede10e8a030acedb6,1152441257,1,138994,139011,0,1,0,DONE,DONE,719,719,10.483,74.818,1,,656,656
ba81da2b587caf9d,2026-10-02T06:19:14Z,kaggle-environments 1.32.7,ahmedberatozer-v44-winning-the-same-turn-sale-race,fe370bd8a9d0f3770e61cff4d9e60e19198e058a0fa1fb0adeb873a9d89c6640,ahmedberatozer-v46-first-turn-microstructure,735c370383b70d3bf3aac792f2c147e0afc99166fc9f253ede10e8a030acedb6,1184506355,0,70633,70852,0,1,0,DONE,DONE,719,719,15.936,15.587,1,,637,637
ba81da2b587caf9d,2026-10-02T06:19:14Z,kaggle-environments 1.32.7,ahmedberatozer-v44-winning-the-same-turn-sale-race,fe370bd8a9d0f3770e61cff4d9e60e19198e058a0fa1fb0adeb873a9d89c6640,ahmedberatozer-v46-first-turn-microstructure,735c370383b70d3bf3aac792f2c147e0afc99166fc9f253ede10e8a030acedb6,1184506355,1,70633,70852,0,1,0,DONE,DONE,719,719,16.025,62.882,1,,637,637
ba81da2b587caf9d,2026-10-02T06:19:14Z,kaggle-environments 1.32.7,ahmedberatozer-v44-winning-the-same-turn-sale-race,fe370bd8a9d0f3770e61cff4d9e60e19198e058a0fa1fb0adeb873a9d89c6640,ahmedberatozer-v46-first-turn-microstructure,735c370383b70d3bf3aac792f2c147e0afc99166fc9f253ede10e8a030acedb6,1479510883,0,111941,112093,0,1,0,DONE,DONE,719,719,41.581,38.461,1,,651,651
ba81da2b587caf9d,2026-10-02T06:19:14Z,kaggle-environments 1.32.7,ahmedberatozer-v44-winning-the-same-turn-sale-race,fe370bd8a9d0f3770e61cff4d9e60e19198e058a0fa1fb0adeb873a9d89c6640,ahmedberatozer-v46-first-turn-microstructure,735c370383b70d3bf3aac792f2c147e0afc99166fc9f253ede10e8a030acedb6,1479510883,1,111941,112093,0,1,0,DONE,DONE,719,719,16.407,95.651,1,,651,651
ba81da2b587caf9d,2026-10-02T06:19:14Z,kaggle-environments 1.32.7,ahmedberatozer-v44-winning-the-same-turn-sale-race,fe370bd8a9d0f3770e61cff4d9e60e19198e058a0fa1fb0adeb873a9d89c6640,ahmedberatozer-v46-first-turn-microstructure,735c370383b70d3bf3aac792f2c147e0afc99166fc9f253ede10e8a030acedb6,1493838340,0,73194,73530,0,1,0,DONE,DONE,719,719,92.744,23.794,1,,655,655
ba81da2b587caf9d,2026-10-02T06:19:14Z,kaggle-environments 1.32.7,ahmedberatozer-v44-winning-the-same-turn-sale-race,fe370bd8a9d0f3770e61cff4d9e60e19198e058a0fa1fb0adeb873a9d89c6640,ahmedberatozer-v46-first-turn-microstructure,735c370383b70d3bf3aac792f2c147e0afc99166fc9f253ede10e8a030acedb6,1493838340,1,73194,73530,0,1,0,DONE,DONE,719,719,16.334,140.688,1,,655,655
ba81da2b587caf9d,2026-10-02T06:19:14Z,kaggle-environments 1.32.7,ahmedberatozer-v44-winning-the-same-turn-sale-race,fe370bd8a9d0f3770e61cff4d9e60e19198e058a0fa1fb0adeb873a9d89c6640,ahmedberatozer-v46-first-turn-microstructure,735c370383b70d3bf3aac792f2c147e0afc99166fc9f253ede10e8a030acedb6,1525963489,0,127079,127233,0,1,0,DONE,DONE,719,719,35.065,31.664,1,,656,656
ba81da2b587caf9d,2026-10-02T06:19:14Z,kaggle-environments 1.32.7,ahmedberatozer-v44-winning-the-same-turn-sale-race,fe370bd8a9d0f3770e61cff4d9e60e19198e058a0fa1fb0adeb873a9d89c6640,ahmedberatozer-v46-first-turn-microstructure,735c370383b70d3bf3aac792f2c147e0afc99166fc9f253ede10e8a030acedb6,1525963489,1,127079,127233,0,1,0,DONE,DONE,719,719,16.333,16.855,1,,656,656
ba81da2b587caf9d,2026-10-02T06:19:14Z,kaggle-environments 1.32.7,ahmedberatozer-v44-winning-the-same-turn-sale-race,fe370bd8a9d0f3770e61cff4d9e60e19198e058a0fa1fb0adeb873a9d89c6640,ahmedberatozer-v46-first-turn-microstructure,735c370383b70d3bf3aac792f2c147e0afc99166fc9f253ede10e8a030acedb6,1663058751,0,81866,82063,0,1,0,DONE,DONE,719,719,76.98,16.19,1,,653,653
ba81da2b587caf9d,2026-10-02T06:19:14Z,kaggle-environments 1.32.7,ahmedberatozer-v44-winning-the-same-turn-sale-race,fe370bd8a9d0f3770e61cff4d9e60e19198e058a0fa1fb0adeb873a9d89c6640,ahmedberatozer-v46-first-turn-microstructure,735c370383b70d3bf3aac792f2c147e0afc99166fc9f253ede10e8a030acedb6,1663058751,1,81866,82063,0,1,0,DONE,DONE,719,719,16.293,29.996,1,,653,653
ba81da2b587caf9d,2026-10-02T06:19:14Z,kaggle-environments 1.32.7,ahmedberatozer-v46-first-turn-microstructure,735c370383b70d3bf3aac792f2c147e0afc99166fc9f253ede10e8a030acedb6,ahmedberatozer-v49-funded-sale-timing,ed89be8cd96fe58ea5ca96c91bbeda28d928a5192ed926639fe6c43aea39b368,62857979,0,79195,84179,0,1,0,DONE,DONE,719,719,89.315,16.876,1,,651,653
ba81da2b587caf9d,2026-10-02T06:19:14Z,kaggle-environments 1.32.7,ahmedberatozer-v46-first-turn-microstructure,735c370383b70d3bf3aac792f2c147e0afc99166fc9f253ede10e8a030acedb6,ahmedberatozer-v49-funded-sale-timing,ed89be8cd96fe58ea5ca96c91bbeda28d928a5192ed926639fe6c43aea39b368,62857979,1,79195,84179,0,1,0,DONE,DONE,719,719,17.432,168.779,1,,651,653
ba81da2b587caf9d,2026-10-02T06:19:14Z,kaggle-environments 1.32.7,ahmedberatozer-v46-first-turn-microstructure,735c370383b70d3bf3aac792f2c147e0afc99166fc9f253ede10e8a030acedb6,ahmedberatozer-v49-funded-sale-timing,ed89be8cd96fe58ea5ca96c91bbeda28d928a5192ed926639fe6c43aea39b368,199441310,0,115569,117001,0,1,0,DONE,DONE,719,719,125.429,26.048,1,,651,651
ba81da2b587caf9d,2026-10-02T06:19:14Z,kaggle-environments 1.32.7,ahmedberatozer-v46-first-turn-microstructure,735c370383b70d3bf3aac792f2c147e0afc99166fc9f253ede10e8a030acedb6,ahmedberatozer-v49-funded-sale-timing,ed89be8cd96fe58ea5ca96c91bbeda28d928a5192ed926639fe6c43aea39b368,199441310,1,115569,117001,0,1,0,DONE,DONE,719,719,29.387,69.674,1,,651,651
ba81da2b587caf9d,2026-10-02T06:19:14Z,kaggle-environments 1.32.7,ahmedberatozer-v46-first-turn-microstructure,735c370383b70d3bf3aac792f2c147e0afc99166fc9f253ede10e8a030acedb6,ahmedberatozer-v49-funded-sale-timing,ed89be8cd96fe58ea5ca96c91bbeda28d928a5192ed926639fe6c43aea39b368,1152441257,0,135477,146558,0,1,0,DONE,DONE,719,719,66.148,20.709,1,,656,656
ba81da2b587caf9d,2026-10-02T06:19:14Z,kaggle-environments 1.32.7,ahmedberatozer-v46-first-turn-microstructure,735c370383b70d3bf3aac792f2c147e0afc99166fc9f253ede10e8a030acedb6,ahmedberatozer-v49-funded-sale-timing,ed89be8cd96fe58ea5ca96c91bbeda28d928a5192ed926639fe6c43aea39b368,1152441257,1,135477,146558,0,1,0,DONE,DONE,719,719,10.368,78.169,1,,656,656
ba81da2b587caf9d,2026-10-02T06:19:14Z,kaggle-environments 1.32.7,ahmedberatozer-v46-first-turn-microstructure,735c370383b70d3bf3aac792f2c147e0afc99166fc9f253ede10e8a030acedb6,ahmedberatozer-v49-funded-sale-timing,ed89be8cd96fe58ea5ca96c91bbeda28d928a5192ed926639fe6c43aea39b368,1184506355,0,69275,73157,0,1,0,DONE,DONE,719,719,16.073,13.02,1,,637,637
ba81da2b587caf9d,2026-10-02T06:19:14Z,kaggle-environments 1.32.7,ahmedberatozer-v46-first-turn-microstructure,735c370383b70d3bf3aac792f2c147e0afc99166fc9f253ede10e8a030acedb6,ahmedberatozer-v49-funded-sale-timing,ed89be8cd96fe58ea5ca96c91bbeda28d928a5192ed926639fe6c43aea39b368,1184506355,1,69275,73157,0,1,0,DONE,DONE,719,719,15.803,71.731,1,,637,637
ba81da2b587caf9d,2026-10-02T06:19:14Z,kaggle-environments 1.32.7,ahmedberatozer-v46-first-turn-microstructure,735c370383b70d3bf3aac792f2c147e0afc99166fc9f253ede10e8a030acedb6,ahmedberatozer-v49-funded-sale-timing,ed89be8cd96fe58ea5ca96c91bbeda28d928a5192ed926639fe6c43aea39b368,1479510883,0,109575,112376,0,1,0,DONE,DONE,719,719,26.392,112.834,1,,651,651
ba81da2b587caf9d,2026-10-02T06:19:14Z,kaggle-environments 1.32.7,ahmedberatozer-v46-first-turn-microstructure,735c370383b70d3bf3aac792f2c147e0afc99166fc9f253ede10e8a030acedb6,ahmedberatozer-v49-funded-sale-timing,ed89be8cd96fe58ea5ca96c91bbeda28d928a5192ed926639fe6c43aea39b368,1479510883,1,109575,112376,0,1,0,DONE,DONE,719,719,16.297,14.014,1,,651,651
ba81da2b587caf9d,2026-10-02T06:19:14Z,kaggle-environments 1.32.7,ahmedberatozer-v46-first-turn-microstructure,735c370383b70d3bf3aac792f2c147e0afc99166fc9f253ede10e8a030acedb6,ahmedberatozer-v49-funded-sale-timing,ed89be8cd96fe58ea5ca96c91bbeda28d928a5192ed926639fe6c43aea39b368,1493838340,0,71567,74776,0,1,0,DONE,DONE,719,719,30.355,159.336,1,,655,655
ba81da2b587caf9d,2026-10-02T06:19:14Z,kaggle-environments 1.32.7,ahmedberatozer-v46-first-turn-microstructure,735c370383b70d3bf3aac792f2c147e0afc99166fc9f253ede10e8a030acedb6,ahmedberatozer-v49-funded-sale-timing,ed89be8cd96fe58ea5ca96c91bbeda28d928a5192ed926639fe6c43aea39b368,1493838340,1,71567,74776,0,1,0,DONE,DONE,719,719,27.463,21.419,1,,655,655
ba81da2b587caf9d,2026-10-02T06:19:14Z,kaggle-environments 1.32.7,ahmedberatozer-v46-first-turn-microstructure,735c370383b70d3bf3aac792f2c147e0afc99166fc9f253ede10e8a030acedb6,ahmedberatozer-v49-funded-sale-timing,ed89be8cd96fe58ea5ca96c91bbeda28d928a5192ed926639fe6c43aea39b368,1525963489,0,125224,126134,0,1,0,DONE,DONE,719,719,79.05,55.525,1,,656,656
ba81da2b587caf9d,2026-10-02T06:19:14Z,kaggle-environments 1.32.7,ahmedberatozer-v46-first-turn-microstructure,735c370383b70d3bf3aac792f2c147e0afc99166fc9f253ede10e8a030acedb6,ahmedberatozer-v49-funded-sale-timing,ed89be8cd96fe58ea5ca96c91bbeda28d928a5192ed926639fe6c43aea39b368,1525963489,1,125224,126134,0,1,0,DONE,DONE,719,719,31.486,28.396,1,,656,656
ba81da2b587caf9d,2026-10-02T06:19:14Z,kaggle-environments 1.32.7,ahmedberatozer-v46-first-turn-microstructure,735c370383b70d3bf3aac792f2c147e0afc99166fc9f253ede10e8a030acedb6,ahmedberatozer-v49-funded-sale-timing,ed89be8cd96fe58ea5ca96c91bbeda28d928a5192ed926639fe6c43aea39b368,1663058751,0,82223,94270,0,1,0,DONE,DONE,719,719,16.253,51.602,1,,653,654
ba81da2b587caf9d,2026-10-02T06:19:14Z,kaggle-environments 1.32.7,ahmedberatozer-v46-first-turn-microstructure,735c370383b70d3bf3aac792f2c147e0afc99166fc9f253ede10e8a030acedb6,ahmedberatozer-v49-funded-sale-timing,ed89be8cd96fe58ea5ca96c91bbeda28d928a5192ed926639fe6c43aea39b368,1663058751,1,82223,94270,0,1,0,DONE,DONE,719,719,33.77,154.563,1,,653,654
ba81da2b587caf9d,2026-10-02T06:19:14Z,kaggle-environments 1.32.7,ahmedberatozer-v48-clear-the-queue,4b5402888feeb4170dce38f34bebe56788b62ca287139fce7db72df8eb89bb96,v38_feed,a2047ebd8ca5720221e1421529655d9c67a7b2fedb74e874c7d3c55a8970ac7e,62857979,0,80932,78607,1,0,0,DONE,DONE,719,719,95.044,5.63,1,,651,653
ba81da2b587caf9d,2026-10-02T06:19:14Z,kaggle-environments 1.32.7,ahmedberatozer-v48-clear-the-queue,4b5402888feeb4170dce38f34bebe56788b62ca287139fce7db72df8eb89bb96,v38_feed,a2047ebd8ca5720221e1421529655d9c67a7b2fedb74e874c7d3c55a8970ac7e,62857979,1,80932,78607,1,0,0,DONE,DONE,719,719,10.319,90.345,1,,651,653
ba81da2b587caf9d,2026-10-02T06:19:14Z,kaggle-environments 1.32.7,ahmedberatozer-v48-clear-the-queue,4b5402888feeb4170dce38f34bebe56788b62ca287139fce7db72df8eb89bb96,v38_feed,a2047ebd8ca5720221e1421529655d9c67a7b2fedb74e874c7d3c55a8970ac7e,199441310,0,116160,114560,1,0,0,DONE,DONE,719,719,78.867,18.868,1,,654,654
ba81da2b587caf9d,2026-10-02T06:19:14Z,kaggle-environments 1.32.7,ahmedberatozer-v48-clear-the-queue,4b5402888feeb4170dce38f34bebe56788b62ca287139fce7db72df8eb89bb96,v38_feed,a2047ebd8ca5720221e1421529655d9c67a7b2fedb74e874c7d3c55a8970ac7e,199441310,1,116160,114560,1,0,0,DONE,DONE,719,719,37.201,39.765,1,,654,654
ba81da2b587caf9d,2026-10-02T06:19:14Z,kaggle-environments 1.32.7,ahmedberatozer-v48-clear-the-queue,4b5402888feeb4170dce38f34bebe56788b62ca287139fce7db72df8eb89bb96,v38_feed,a2047ebd8ca5720221e1421529655d9c67a7b2fedb74e874c7d3c55a8970ac7e,1152441257,0,140488,139496,1,0,0,DONE,DONE,719,719,185.898,7.586,1,,656,656
ba81da2b587caf9d,2026-10-02T06:19:14Z,kaggle-environments 1.32.7,ahmedberatozer-v48-clear-the-queue,4b5402888feeb4170dce38f34bebe56788b62ca287139fce7db72df8eb89bb96,v38_feed,a2047ebd8ca5720221e1421529655d9c67a7b2fedb74e874c7d3c55a8970ac7e,1152441257,1,140488,139496,1,0,0,DONE,DONE,719,719,10.514,5.834,1,,656,656
ba81da2b587caf9d,2026-10-02T06:19:14Z,kaggle-environments 1.32.7,ahmedberatozer-v48-clear-the-queue,4b5402888feeb4170dce38f34bebe56788b62ca287139fce7db72df8eb89bb96,v38_feed,a2047ebd8ca5720221e1421529655d9c67a7b2fedb74e874c7d3c55a8970ac7e,1184506355,0,72116,68507,1,0,0,DONE,DONE,719,719,81.776,18.353,1,,637,640
ba81da2b587caf9d,2026-10-02T06:19:14Z,kaggle-environments 1.32.7,ahmedberatozer-v48-clear-the-queue,4b5402888feeb4170dce38f34bebe56788b62ca287139fce7db72df8eb89bb96,v38_feed,a2047ebd8ca5720221e1421529655d9c67a7b2fedb74e874c7d3c55a8970ac7e,1184506355,1,72116,68507,1,0,0,DONE,DONE,719,719,13.521,163.819,1,,637,640
ba81da2b587caf9d,2026-10-02T06:19:14Z,kaggle-environments 1.32.7,ahmedberatozer-v48-clear-the-queue,4b5402888feeb4170dce38f34bebe56788b62ca287139fce7db72df8eb89bb96,v38_feed,a2047ebd8ca5720221e1421529655d9c67a7b2fedb74e874c7d3c55a8970ac7e,1479510883,0,112548,110270,1,0,0,DONE,DONE,719,719,96.119,18.737,1,,651,651
ba81da2b587caf9d,2026-10-02T06:19:14Z,kaggle-environments 1.32.7,ahmedberatozer-v48-clear-the-queue,4b5402888feeb4170dce38f34bebe56788b62ca287139fce7db72df8eb89bb96,v38_feed,a2047ebd8ca5720221e1421529655d9c67a7b2fedb74e874c7d3c55a8970ac7e,1479510883,1,112548,110270,1,0,0,DONE,DONE,719,719,80.376,18.773,1,,651,651
ba81da2b587caf9d,2026-10-02T06:19:14Z,kaggle-environments 1.32.7,ahmedberatozer-v48-clear-the-queue,4b5402888feeb4170dce38f34bebe56788b62ca287139fce7db72df8eb89bb96,v38_feed,a2047ebd8ca5720221e1421529655d9c67a7b2fedb74e874c7d3c55a8970ac7e,1493838340,0,74414,69827,1,0,0,DONE,DONE,719,719,20.89,25.477,1,,654,657
ba81da2b587caf9d,2026-10-02T06:19:14Z,kaggle-environments 1.32.7,ahmedberatozer-v48-clear-the-queue,4b5402888feeb4170dce38f34bebe56788b62ca287139fce7db72df8eb89bb96,v38_feed,a2047ebd8ca5720221e1421529655d9c67a7b2fedb74e874c7d3c55a8970ac7e,1493838340,1,74414,69827,1,0,0,DONE,DONE,719,719,89.179,19.022,1,,654,657
ba81da2b587caf9d,2026-10-02T06:19:14Z,kaggle-environments 1.32.7,ahmedberatozer-v48-clear-the-queue,4b5402888feeb4170dce38f34bebe56788b62ca287139fce7db72df8eb89bb96,v38_feed,a2047ebd8ca5720221e1421529655d9c67a7b2fedb74e874c7d3c55a8970ac7e,1525963489,0,129115,126454,1,0,0,DONE,DONE,719,719,26.295,29.636,1,,656,656
ba81da2b587caf9d,2026-10-02T06:19:14Z,kaggle-environments 1.32.7,ahmedberatozer-v48-clear-the-queue,4b5402888feeb4170dce38f34bebe56788b62ca287139fce7db72df8eb89bb96,v38_feed,a2047ebd8ca5720221e1421529655d9c67a7b2fedb74e874c7d3c55a8970ac7e,1525963489,1,129115,126454,1,0,0,DONE,DONE,719,719,13.66,18.868,1,,656,656
ba81da2b587caf9d,2026-10-02T06:19:14Z,kaggle-environments 1.32.7,ahmedberatozer-v48-clear-the-queue,4b5402888feeb4170dce38f34bebe56788b62ca287139fce7db72df8eb89bb96,v38_feed,a2047ebd8ca5720221e1421529655d9c67a7b2fedb74e874c7d3c55a8970ac7e,1663058751,0,83123,82685,1,0,0,DONE,DONE,719,719,50.218,18.963,1,,653,654
ba81da2b587caf9d,2026-10-02T06:19:14Z,kaggle-environments 1.32.7,ahmedberatozer-v48-clear-the-queue,4b5402888feeb4170dce38f34bebe56788b62ca287139fce7db72df8eb89bb96,v38_feed,a2047ebd8ca5720221e1421529655d9c67a7b2fedb74e874c7d3c55a8970ac7e,1663058751,1,83123,82685,1,0,0,DONE,DONE,719,719,34.401,42.768,1,,653,654
ba81da2b587caf9d,2026-10-02T06:19:14Z,kaggle-environments 1.32.7,ahmedberatozer-v50-early-yarn-commit,044a26601be23816d397c51c22c4d86b938f8bac4b914f9bea1fbe38bac1e8a5,barnyard_v7,997e6bfc5234534e246e945bc61c87858ebf997ab85b0a5c9427dd4ed710f1b6,62857979,0,113512,78495,1,0,0,DONE,DONE,719,719,14.215,3.862,1,,655,548
ba81da2b587caf9d,2026-10-02T06:19:14Z,kaggle-environments 1.32.7,ahmedberatozer-v50-early-yarn-commit,044a26601be23816d397c51c22c4d86b938f8bac4b914f9bea1fbe38bac1e8a5,barnyard_v7,997e6bfc5234534e246e945bc61c87858ebf997ab85b0a5c9427dd4ed710f1b6,62857979,1,113512,78495,1,0,0,DONE,DONE,719,719,75.681,2.847,1,,655,548
ba81da2b587caf9d,2026-10-02T06:19:14Z,kaggle-environments 1.32.7,ahmedberatozer-v50-early-yarn-commit,044a26601be23816d397c51c22c4d86b938f8bac4b914f9bea1fbe38bac1e8a5,barnyard_v7,997e6bfc5234534e246e945bc61c87858ebf997ab85b0a5c9427dd4ed710f1b6,199441310,0,117308,87531,1,0,0,DONE,DONE,719,719,171.707,2.566,1,,652,548
ba81da2b587caf9d,2026-10-02T06:19:14Z,kaggle-environments 1.32.7,ahmedberatozer-v50-early-yarn-commit,044a26601be23816d397c51c22c4d86b938f8bac4b914f9bea1fbe38bac1e8a5,barnyard_v7,997e6bfc5234534e246e945bc61c87858ebf997ab85b0a5c9427dd4ed710f1b6,199441310,1,117308,87531,1,0,0,DONE,DONE,719,719,72.157,3.688,1,,652,548
ba81da2b587caf9d,2026-10-02T06:19:14Z,kaggle-environments 1.32.7,ahmedberatozer-v50-early-yarn-commit,044a26601be23816d397c51c22c4d86b938f8bac4b914f9bea1fbe38bac1e8a5,barnyard_v7,997e6bfc5234534e246e945bc61c87858ebf997ab85b0a5c9427dd4ed710f1b6,1152441257,0,170974,124689,1,0,0,DONE,DONE,719,719,70.169,2.198,1,,659,548
ba81da2b587caf9d,2026-10-02T06:19:14Z,kaggle-environments 1.32.7,ahmedberatozer-v50-early-yarn-commit,044a26601be23816d397c51c22c4d86b938f8bac4b914f9bea1fbe38bac1e8a5,barnyard_v7,997e6bfc5234534e246e945bc61c87858ebf997ab85b0a5c9427dd4ed710f1b6,1152441257,1,170974,124689,1,0,0,DONE,DONE,719,719,14.732,0.574,1,,659,548
ba81da2b587caf9d,2026-10-02T06:19:14Z,kaggle-environments 1.32.7,ahmedberatozer-v50-early-yarn-commit,044a26601be23816d397c51c22c4d86b938f8bac4b914f9bea1fbe38bac1e8a5,barnyard_v7,997e6bfc5234534e246e945bc61c87858ebf997ab85b0a5c9427dd4ed710f1b6,1184506355,0,103663,46875,1,0,0,DONE,DONE,719,719,61.068,2.214,1,,639,548
ba81da2b587caf9d,2026-10-02T06:19:14Z,kaggle-environments 1.32.7,ahmedberatozer-v50-early-yarn-commit,044a26601be23816d397c51c22c4d86b938f8bac4b914f9bea1fbe38bac1e8a5,barnyard_v7,997e6bfc5234534e246e945bc61c87858ebf997ab85b0a5c9427dd4ed710f1b6,1184506355,1,103663,46875,1,0,0,DONE,DONE,719,719,14.703,0.516,1,,639,548
ba81da2b587caf9d,2026-10-02T06:19:14Z,kaggle-environments 1.32.7,ahmedberatozer-v50-early-yarn-commit,044a26601be23816d397c51c22c4d86b938f8bac4b914f9bea1fbe38bac1e8a5,barnyard_v7,997e6bfc5234534e246e945bc61c87858ebf997ab85b0a5c9427dd4ed710f1b6,1479510883,0,149756,103185,1,0,0,DONE,DONE,719,719,13.971,0.261,1,,651,548
ba81da2b587caf9d,2026-10-02T06:19:14Z,kaggle-environments 1.32.7,ahmedberatozer-v50-early-yarn-commit,044a26601be23816d397c51c22c4d86b938f8bac4b914f9bea1fbe38bac1e8a5,barnyard_v7,997e6bfc5234534e246e945bc61c87858ebf997ab85b0a5c9427dd4ed710f1b6,1479510883,1,149756,103185,1,0,0,DONE,DONE,719,719,13.727,0.388,1,,651,548
ba81da2b587caf9d,2026-10-02T06:19:14Z,kaggle-environments 1.32.7,ahmedberatozer-v50-early-yarn-commit,044a26601be23816d397c51c22c4d86b938f8bac4b914f9bea1fbe38bac1e8a5,barnyard_v7,997e6bfc5234534e246e945bc61c87858ebf997ab85b0a5c9427dd4ed710f1b6,1493838340,0,87246,28208,1,0,0,DONE,DONE,719,719,14.035,0.338,1,,655,548
ba81da2b587caf9d,2026-10-02T06:19:14Z,kaggle-environments 1.32.7,ahmedberatozer-v50-early-yarn-commit,044a26601be23816d397c51c22c4d86b938f8bac4b914f9bea1fbe38bac1e8a5,barnyard_v7,997e6bfc5234534e246e945bc61c87858ebf997ab85b0a5c9427dd4ed710f1b6,1493838340,1,87246,28208,1,0,0,DONE,DONE,719,719,13.925,0.255,1,,655,548
ba81da2b587caf9d,2026-10-02T06:19:14Z,kaggle-environments 1.32.7,ahmedberatozer-v50-early-yarn-commit,044a26601be23816d397c51c22c4d86b938f8bac4b914f9bea1fbe38bac1e8a5,barnyard_v7,997e6bfc5234534e246e945bc61c87858ebf997ab85b0a5c9427dd4ed710f1b6,1525963489,0,163976,122637,1,0,0,DONE,DONE,719,719,13.61,0.33,1,,657,548
ba81da2b587caf9d,2026-10-02T06:19:14Z,kaggle-environments 1.32.7,ahmedberatozer-v50-early-yarn-commit,044a26601be23816d397c51c22c4d86b938f8bac4b914f9bea1fbe38bac1e8a5,barnyard_v7,997e6bfc5234534e246e945bc61c87858ebf997ab85b0a5c9427dd4ed710f1b6,1525963489,1,163976,122637,1,0,0,DONE,DONE,719,719,15.075,37.379,1,,657,548
ba81da2b587caf9d,2026-10-02T06:19:14Z,kaggle-environments 1.32.7,ahmedberatozer-v50-early-yarn-commit,044a26601be23816d397c51c22c4d86b938f8bac4b914f9bea1fbe38bac1e8a5,barnyard_v7,997e6bfc5234534e246e945bc61c87858ebf997ab85b0a5c9427dd4ed710f1b6,1663058751,0,97594,52993,1,0,0,DONE,DONE,719,719,37.336,0.44,1,,656,548
ba81da2b587caf9d,2026-10-02T06:19:14Z,kaggle-environments 1.32.7,ahmedberatozer-v50-early-yarn-commit,044a26601be23816d397c51c22c4d86b938f8bac4b914f9bea1fbe38bac1e8a5,barnyard_v7,997e6bfc5234534e246e945bc61c87858ebf997ab85b0a5c9427dd4ed710f1b6,1663058751,1,97594,52993,1,0,0,DONE,DONE,719,719,14.361,0.373,1,,656,548
ba81da2b587caf9d,2026-10-02T06:19:14Z,kaggle-environments 1.32.7,ahmedberatozer-v43-recovering-lost-harvests,3abe0ca715ba18647c138d0c28f59f34371e1ea28d4378e290ab33760d2c12dc,ahmedberatozer-v46-first-turn-microstructure,735c370383b70d3bf3aac792f2c147e0afc99166fc9f253ede10e8a030acedb6,62857979,0,78990,80477,0,1,0,DONE,DONE,719,719,37.674,9.321,1,,651,651
ba81da2b587caf9d,2026-10-02T06:19:14Z,kaggle-environments 1.32.7,ahmedberatozer-v43-recovering-lost-harvests,3abe0ca715ba18647c138d0c28f59f34371e1ea28d4378e290ab33760d2c12dc,ahmedberatozer-v46-first-turn-microstructure,735c370383b70d3bf3aac792f2c147e0afc99166fc9f253ede10e8a030acedb6,62857979,1,78990,80477,0,1,0,DONE,DONE,719,719,9.881,113.804,1,,651,651
ba81da2b587caf9d,2026-10-02T06:19:14Z,kaggle-environments 1.32.7,ahmedberatozer-v43-recovering-lost-harvests,3abe0ca715ba18647c138d0c28f59f34371e1ea28d4378e290ab33760d2c12dc,ahmedberatozer-v46-first-turn-microstructure,735c370383b70d3bf3aac792f2c147e0afc99166fc9f253ede10e8a030acedb6,199441310,0,115350,116320,0,1,0,DONE,DONE,719,719,55.005,39.508,1,,654,654
ba81da2b587caf9d,2026-10-02T06:19:14Z,kaggle-environments 1.32.7,ahmedberatozer-v43-recovering-lost-harvests,3abe0ca715ba18647c138d0c28f59f34371e1ea28d4378e290ab33760d2c12dc,ahmedberatozer-v46-first-turn-microstructure,735c370383b70d3bf3aac792f2c147e0afc99166fc9f253ede10e8a030acedb6,199441310,1,115350,116320,0,1,0,DONE,DONE,719,719,16.489,17.389,1,,654,654
ba81da2b587caf9d,2026-10-02T06:19:14Z,kaggle-environments 1.32.7,ahmedberatozer-v43-recovering-lost-harvests,3abe0ca715ba18647c138d0c28f59f34371e1ea28d4378e290ab33760d2c12dc,ahmedberatozer-v46-first-turn-microstructure,735c370383b70d3bf3aac792f2c147e0afc99166fc9f253ede10e8a030acedb6,1152441257,0,138872,139583,0,1,0,DONE,DONE,719,719,9.956,64.294,1,,656,656
ba81da2b587caf9d,2026-10-02T06:19:14Z,kaggle-environments 1.32.7,ahmedberatozer-v43-recovering-lost-harvests,3abe0ca715ba18647c138d0c28f59f34371e1ea28d4378e290ab33760d2c12dc,ahmedberatozer-v46-first-turn-microstructure,735c370383b70d3bf3aac792f2c147e0afc99166fc9f253ede10e8a030acedb6,1152441257,1,138872,139583,0,1,0,DONE,DONE,719,719,10.621,10.432,1,,656,656
ba81da2b587caf9d,2026-10-02T06:19:14Z,kaggle-environments 1.32.7,ahmedberatozer-v43-recovering-lost-harvests,3abe0ca715ba18647c138d0c28f59f34371e1ea28d4378e290ab33760d2c12dc,ahmedberatozer-v46-first-turn-microstructure,735c370383b70d3bf3aac792f2c147e0afc99166fc9f253ede10e8a030acedb6,1184506355,0,69404,71838,0,1,0,DONE,DONE,719,719,16.244,15.884,1,,637,637
ba81da2b587caf9d,2026-10-02T06:19:14Z,kaggle-environments 1.32.7,ahmedberatozer-v43-recovering-lost-harvests,3abe0ca715ba18647c138d0c28f59f34371e1ea28d4378e290ab33760d2c12dc,ahmedberatozer-v46-first-turn-microstructure,735c370383b70d3bf3aac792f2c147e0afc99166fc9f253ede10e8a030acedb6,1184506355,1,69404,71838,0,1,0,DONE,DONE,719,719,15.921,65.206,1,,637,637
ba81da2b587caf9d,2026-10-02T06:19:14Z,kaggle-environments 1.32.7,ahmedberatozer-v43-recovering-lost-harvests,3abe0ca715ba18647c138d0c28f59f34371e1ea28d4378e290ab33760d2c12dc,ahmedberatozer-v46-first-turn-microstructure,735c370383b70d3bf3aac792f2c147e0afc99166fc9f253ede10e8a030acedb6,1479510883,0,110978,113428,0,1,0,DONE,DONE,719,719,57.391,16.587,1,,651,651
ba81da2b587caf9d,2026-10-02T06:19:14Z,kaggle-environments 1.32.7,ahmedberatozer-v43-recovering-lost-harvests,3abe0ca715ba18647c138d0c28f59f34371e1ea28d4378e290ab33760d2c12dc,ahmedberatozer-v46-first-turn-microstructure,735c370383b70d3bf3aac792f2c147e0afc99166fc9f253ede10e8a030acedb6,1479510883,1,110978,113428,0,1,0,DONE,DONE,719,719,16.336,16.049,1,,651,651
ba81da2b587caf9d,2026-10-02T06:19:14Z,kaggle-environments 1.32.7,ahmedberatozer-v43-recovering-lost-harvests,3abe0ca715ba18647c138d0c28f59f34371e1ea28d4378e290ab33760d2c12dc,ahmedberatozer-v46-first-turn-microstructure,735c370383b70d3bf3aac792f2c147e0afc99166fc9f253ede10e8a030acedb6,1493838340,0,72594,74596,0,1,0,DONE,DONE,719,719,112.815,16.574,1,,655,655
ba81da2b587caf9d,2026-10-02T06:19:14Z,kaggle-environments 1.32.7,ahmedberatozer-v43-recovering-lost-harvests,3abe0ca715ba18647c138d0c28f59f34371e1ea28d4378e290ab33760d2c12dc,ahmedberatozer-v46-first-turn-microstructure,735c370383b70d3bf3aac792f2c147e0afc99166fc9f253ede10e8a030acedb6,1493838340,1,72594,74596,0,1,0,DONE,DONE,719,719,30.297,36.6,1,,655,655
ba81da2b587caf9d,2026-10-02T06:19:14Z,kaggle-environments 1.32.7,ahmedberatozer-v43-recovering-lost-harvests,3abe0ca715ba18647c138d0c28f59f34371e1ea28d4378e290ab33760d2c12dc,ahmedberatozer-v46-first-turn-microstructure,735c370383b70d3bf3aac792f2c147e0afc99166fc9f253ede10e8a030acedb6,1525963489,0,126837,128047,0,1,0,DONE,DONE,719,719,25.16,28.113,1,,656,656
ba81da2b587caf9d,2026-10-02T06:19:14Z,kaggle-environments 1.32.7,ahmedberatozer-v43-recovering-lost-harvests,3abe0ca715ba18647c138d0c28f59f34371e1ea28d4378e290ab33760d2c12dc,ahmedberatozer-v46-first-turn-microstructure,735c370383b70d3bf3aac792f2c147e0afc99166fc9f253ede10e8a030acedb6,1525963489,1,126837,128047,0,1,0,DONE,DONE,719,719,40.39,31.613,1,,656,656
ba81da2b587caf9d,2026-10-02T06:19:14Z,kaggle-environments 1.32.7,ahmedberatozer-v43-recovering-lost-harvests,3abe0ca715ba18647c138d0c28f59f34371e1ea28d4378e290ab33760d2c12dc,ahmedberatozer-v46-first-turn-microstructure,735c370383b70d3bf3aac792f2c147e0afc99166fc9f253ede10e8a030acedb6,1663058751,0,81584,82273,0,1,0,DONE,DONE,719,719,16.712,107.21,1,,653,653
ba81da2b587caf9d,2026-10-02T06:19:14Z,kaggle-environments 1.32.7,ahmedberatozer-v43-recovering-lost-harvests,3abe0ca715ba18647c138d0c28f59f34371e1ea28d4378e290ab33760d2c12dc,ahmedberatozer-v46-first-turn-microstructure,735c370383b70d3bf3aac792f2c147e0afc99166fc9f253ede10e8a030acedb6,1663058751,1,81584,82273,0,1,0,DONE,DONE,719,719,29.573,29.131,1,,653,653
ba81da2b587caf9d,2026-10-02T06:19:14Z,kaggle-environments 1.32.7,ahmedberatozer-v44-winning-the-same-turn-sale-race,fe370bd8a9d0f3770e61cff4d9e60e19198e058a0fa1fb0adeb873a9d89c6640,ahmedberatozer-v48-clear-the-queue,4b5402888feeb4170dce38f34bebe56788b62ca287139fce7db72df8eb89bb96,62857979,0,78325,80102,0,1,0,DONE,DONE,719,719,31.371,9.728,1,,651,651
ba81da2b587caf9d,2026-10-02T06:19:14Z,kaggle-environments 1.32.7,ahmedberatozer-v44-winning-the-same-turn-sale-race,fe370bd8a9d0f3770e61cff4d9e60e19198e058a0fa1fb0adeb873a9d89c6640,ahmedberatozer-v48-clear-the-queue,4b5402888feeb4170dce38f34bebe56788b62ca287139fce7db72df8eb89bb96,62857979,1,78325,80102,0,1,0,DONE,DONE,719,719,15.575,15.783,1,,651,651
ba81da2b587caf9d,2026-10-02T06:19:14Z,kaggle-environments 1.32.7,ahmedberatozer-v44-winning-the-same-turn-sale-race,fe370bd8a9d0f3770e61cff4d9e60e19198e058a0fa1fb0adeb873a9d89c6640,ahmedberatozer-v48-clear-the-queue,4b5402888feeb4170dce38f34bebe56788b62ca287139fce7db72df8eb89bb96,199441310,0,115147,115479,0,1,0,DONE,DONE,719,719,30.558,23.432,1,,652,652
ba81da2b587caf9d,2026-10-02T06:19:14Z,kaggle-environments 1.32.7,ahmedberatozer-v44-winning-the-same-turn-sale-race,fe370bd8a9d0f3770e61cff4d9e60e19198e058a0fa1fb0adeb873a9d89c6640,ahmedberatozer-v48-clear-the-queue,4b5402888feeb4170dce38f34bebe56788b62ca287139fce7db72df8eb89bb96,199441310,1,115147,115479,0,1,0,DONE,DONE,719,719,73.72,13.96,1,,652,652
ba81da2b587caf9d,2026-10-02T06:19:14Z,kaggle-environments 1.32.7,ahmedberatozer-v44-winning-the-same-turn-sale-race,fe370bd8a9d0f3770e61cff4d9e60e19198e058a0fa1fb0adeb873a9d89c6640,ahmedberatozer-v48-clear-the-queue,4b5402888feeb4170dce38f34bebe56788b62ca287139fce7db72df8eb89bb96,1152441257,0,138137,138192,0,1,0,DONE,DONE,719,719,155.309,20.967,1,,656,656
ba81da2b587caf9d,2026-10-02T06:19:14Z,kaggle-environments 1.32.7,ahmedberatozer-v44-winning-the-same-turn-sale-race,fe370bd8a9d0f3770e61cff4d9e60e19198e058a0fa1fb0adeb873a9d89c6640,ahmedberatozer-v48-clear-the-queue,4b5402888feeb4170dce38f34bebe56788b62ca287139fce7db72df8eb89bb96,1152441257,1,138137,138192,0,1,0,DONE,DONE,719,719,17.782,161.329,1,,656,656
ba81da2b587caf9d,2026-10-02T06:19:14Z,kaggle-environments 1.32.7,ahmedberatozer-v44-winning-the-same-turn-sale-race,fe370bd8a9d0f3770e61cff4d9e60e19198e058a0fa1fb0adeb873a9d89c6640,ahmedberatozer-v48-clear-the-queue,4b5402888feeb4170dce38f34bebe56788b62ca287139fce7db72df8eb89bb96,1184506355,0,69829,71075,0,1,0,DONE,DONE,719,719,109.741,13.657,1,,635,635
ba81da2b587caf9d,2026-10-02T06:19:14Z,kaggle-environments 1.32.7,ahmedberatozer-v44-winning-the-same-turn-sale-race,fe370bd8a9d0f3770e61cff4d9e60e19198e058a0fa1fb0adeb873a9d89c6640,ahmedberatozer-v48-clear-the-queue,4b5402888feeb4170dce38f34bebe56788b62ca287139fce7db72df8eb89bb96,1184506355,1,69829,71075,0,1,0,DONE,DONE,719,719,28.135,188.151,1,,635,635
ba81da2b587caf9d,2026-10-02T06:19:14Z,kaggle-environments 1.32.7,ahmedberatozer-v44-winning-the-same-turn-sale-race,fe370bd8a9d0f3770e61cff4d9e60e19198e058a0fa1fb0adeb873a9d89c6640,ahmedberatozer-v48-clear-the-queue,4b5402888feeb4170dce38f34bebe56788b62ca287139fce7db72df8eb89bb96,1479510883,0,110842,111779,0,1,0,DONE,DONE,719,719,174.903,24.656,1,,651,651
ba81da2b587caf9d,2026-10-02T06:19:14Z,kaggle-environments 1.32.7,ahmedberatozer-v44-winning-the-same-turn-sale-race,fe370bd8a9d0f3770e61cff4d9e60e19198e058a0fa1fb0adeb873a9d89c6640,ahmedberatozer-v48-clear-the-queue,4b5402888feeb4170dce38f34bebe56788b62ca287139fce7db72df8eb89bb96,1479510883,1,110842,111779,0,1,0,DONE,DONE,719,719,16.578,99.127,1,,651,651
ba81da2b587caf9d,2026-10-02T06:19:14Z,kaggle-environments 1.32.7,ahmedberatozer-v44-winning-the-same-turn-sale-race,fe370bd8a9d0f3770e61cff4d9e60e19198e058a0fa1fb0adeb873a9d89c6640,ahmedberatozer-v48-clear-the-queue,4b5402888feeb4170dce38f34bebe56788b62ca287139fce7db72df8eb89bb96,1493838340,0,72441,73167,0,1,0,DONE,DONE,719,719,34.413,24.56,1,,655,655
ba81da2b587caf9d,2026-10-02T06:19:14Z,kaggle-environments 1.32.7,ahmedberatozer-v44-winning-the-same-turn-sale-race,fe370bd8a9d0f3770e61cff4d9e60e19198e058a0fa1fb0adeb873a9d89c6640,ahmedberatozer-v48-clear-the-queue,4b5402888feeb4170dce38f34bebe56788b62ca287139fce7db72df8eb89bb96,1493838340,1,72441,73167,0,1,0,DONE,DONE,719,719,40.771,27.471,1,,655,655
ba81da2b587caf9d,2026-10-02T06:19:14Z,kaggle-environments 1.32.7,ahmedberatozer-v44-winning-the-same-turn-sale-race,fe370bd8a9d0f3770e61cff4d9e60e19198e058a0fa1fb0adeb873a9d89c6640,ahmedberatozer-v48-clear-the-queue,4b5402888feeb4170dce38f34bebe56788b62ca287139fce7db72df8eb89bb96,1525963489,0,125918,126088,0,1,0,DONE,DONE,719,719,32.223,48.116,1,,656,656
ba81da2b587caf9d,2026-10-02T06:19:14Z,kaggle-environments 1.32.7,ahmedberatozer-v44-winning-the-same-turn-sale-race,fe370bd8a9d0f3770e61cff4d9e60e19198e058a0fa1fb0adeb873a9d89c6640,ahmedberatozer-v48-clear-the-queue,4b5402888feeb4170dce38f34bebe56788b62ca287139fce7db72df8eb89bb96,1525963489,1,125918,126088,0,1,0,DONE,DONE,719,719,30.195,59.674,1,,656,656
ba81da2b587caf9d,2026-10-02T06:19:14Z,kaggle-environments 1.32.7,ahmedberatozer-v44-winning-the-same-turn-sale-race,fe370bd8a9d0f3770e61cff4d9e60e19198e058a0fa1fb0adeb873a9d89c6640,ahmedberatozer-v48-clear-the-queue,4b5402888feeb4170dce38f34bebe56788b62ca287139fce7db72df8eb89bb96,1663058751,0,81548,82246,0,1,0,DONE,DONE,719,719,45.505,20.197,1,,653,653
ba81da2b587caf9d,2026-10-02T06:19:14Z,kaggle-environments 1.32.7,ahmedberatozer-v44-winning-the-same-turn-sale-race,fe370bd8a9d0f3770e61cff4d9e60e19198e058a0fa1fb0adeb873a9d89c6640,ahmedberatozer-v48-clear-the-queue,4b5402888feeb4170dce38f34bebe56788b62ca287139fce7db72df8eb89bb96,1663058751,1,81548,82246,0,1,0,DONE,DONE,719,719,16.525,14.019,1,,653,653
ba81da2b587caf9d,2026-10-02T06:19:14Z,kaggle-environments 1.32.7,ahmedberatozer-v46-first-turn-microstructure,735c370383b70d3bf3aac792f2c147e0afc99166fc9f253ede10e8a030acedb6,ahmedberatozer-v50-early-yarn-commit,044a26601be23816d397c51c22c4d86b938f8bac4b914f9bea1fbe38bac1e8a5,62857979,0,79195,84179,0,1,0,DONE,DONE,719,719,18.403,16.175,1,,651,653
ba81da2b587caf9d,2026-10-02T06:19:14Z,kaggle-environments 1.32.7,ahmedberatozer-v46-first-turn-microstructure,735c370383b70d3bf3aac792f2c147e0afc99166fc9f253ede10e8a030acedb6,ahmedberatozer-v50-early-yarn-commit,044a26601be23816d397c51c22c4d86b938f8bac4b914f9bea1fbe38bac1e8a5,62857979,1,79195,84179,0,1,0,DONE,DONE,719,719,19.273,87.892,1,,651,653
ba81da2b587caf9d,2026-10-02T06:19:14Z,kaggle-environments 1.32.7,ahmedberatozer-v46-first-turn-microstructure,735c370383b70d3bf3aac792f2c147e0afc99166fc9f253ede10e8a030acedb6,ahmedberatozer-v50-early-yarn-commit,044a26601be23816d397c51c22c4d86b938f8bac4b914f9bea1fbe38bac1e8a5,199441310,0,115569,117001,0,1,0,DONE,DONE,719,719,63.043,13.846,1,,651,651
ba81da2b587caf9d,2026-10-02T06:19:14Z,kaggle-environments 1.32.7,ahmedberatozer-v46-first-turn-microstructure,735c370383b70d3bf3aac792f2c147e0afc99166fc9f253ede10e8a030acedb6,ahmedberatozer-v50-early-yarn-commit,044a26601be23816d397c51c22c4d86b938f8bac4b914f9bea1fbe38bac1e8a5,199441310,1,115569,117001,0,1,0,DONE,DONE,719,719,16.383,117.959,1,,651,651
ba81da2b587caf9d,2026-10-02T06:19:14Z,kaggle-environments 1.32.7,ahmedberatozer-v46-first-turn-microstructure,735c370383b70d3bf3aac792f2c147e0afc99166fc9f253ede10e8a030acedb6,ahmedberatozer-v50-early-yarn-commit,044a26601be23816d397c51c22c4d86b938f8bac4b914f9bea1fbe38bac1e8a5,1152441257,0,135477,146558,0,1,0,DONE,DONE,719,719,151.301,23.426,1,,656,656
ba81da2b587caf9d,2026-10-02T06:19:14Z,kaggle-environments 1.32.7,ahmedberatozer-v46-first-turn-microstructure,735c370383b70d3bf3aac792f2c147e0afc99166fc9f253ede10e8a030acedb6,ahmedberatozer-v50-early-yarn-commit,044a26601be23816d397c51c22c4d86b938f8bac4b914f9bea1fbe38bac1e8a5,1152441257,1,135477,146558,0,1,0,DONE,DONE,719,719,18.717,203.793,1,,656,656
ba81da2b587caf9d,2026-10-02T06:19:14Z,kaggle-environments 1.32.7,ahmedberatozer-v46-first-turn-microstructure,735c370383b70d3bf3aac792f2c147e0afc99166fc9f253ede10e8a030acedb6,ahmedberatozer-v50-early-yarn-commit,044a26601be23816d397c51c22c4d86b938f8bac4b914f9bea1fbe38bac1e8a5,1184506355,0,69275,73157,0,1,0,DONE,DONE,719,719,48.013,13.151,1,,637,637
ba81da2b587caf9d,2026-10-02T06:19:14Z,kaggle-environments 1.32.7,ahmedberatozer-v46-first-turn-microstructure,735c370383b70d3bf3aac792f2c147e0afc99166fc9f253ede10e8a030acedb6,ahmedberatozer-v50-early-yarn-commit,044a26601be23816d397c51c22c4d86b938f8bac4b914f9bea1fbe38bac1e8a5,1184506355,1,69275,73157,0,1,0,DONE,DONE,719,719,130.345,103.628,1,,637,637
ba81da2b587caf9d,2026-10-02T06:19:14Z,kaggle-environments 1.32.7,ahmedberatozer-v46-first-turn-microstructure,735c370383b70d3bf3aac792f2c147e0afc99166fc9f253ede10e8a030acedb6,ahmedberatozer-v50-early-yarn-commit,044a26601be23816d397c51c22c4d86b938f8bac4b914f9bea1fbe38bac1e8a5,1479510883,0,109575,112376,0,1,0,DONE,DONE,719,719,29.524,184.857,1,,651,651
ba81da2b587caf9d,2026-10-02T06:19:14Z,kaggle-environments 1.32.7,ahmedberatozer-v46-first-turn-microstructure,735c370383b70d3bf3aac792f2c147e0afc99166fc9f253ede10e8a030acedb6,ahmedberatozer-v50-early-yarn-commit,044a26601be23816d397c51c22c4d86b938f8bac4b914f9bea1fbe38bac1e8a5,1479510883,1,109575,112376,0,1,0,DONE,DONE,719,719,30.416,165.634,1,,651,651
ba81da2b587caf9d,2026-10-02T06:19:14Z,kaggle-environments 1.32.7,ahmedberatozer-v46-first-turn-microstructure,735c370383b70d3bf3aac792f2c147e0afc99166fc9f253ede10e8a030acedb6,ahmedberatozer-v50-early-yarn-commit,044a26601be23816d397c51c22c4d86b938f8bac4b914f9bea1fbe38bac1e8a5,1493838340,0,71567,74776,0,1,0,DONE,DONE,719,719,31.99,24.61,1,,655,655
ba81da2b587caf9d,2026-10-02T06:19:14Z,kaggle-environments 1.32.7,ahmedberatozer-v46-first-turn-microstructure,735c370383b70d3bf3aac792f2c147e0afc99166fc9f253ede10e8a030acedb6,ahmedberatozer-v50-early-yarn-commit,044a26601be23816d397c51c22c4d86b938f8bac4b914f9bea1fbe38bac1e8a5,1493838340,1,71567,74776,0,1,0,DONE,DONE,719,719,16.994,77.351,1,,655,655
ba81da2b587caf9d,2026-10-02T06:19:14Z,kaggle-environments 1.32.7,ahmedberatozer-v46-first-turn-microstructure,735c370383b70d3bf3aac792f2c147e0afc99166fc9f253ede10e8a030acedb6,ahmedberatozer-v50-early-yarn-commit,044a26601be23816d397c51c22c4d86b938f8bac4b914f9bea1fbe38bac1e8a5,1525963489,0,125224,126134,0,1,0,DONE,DONE,719,719,55.668,14.292,1,,656,656
ba81da2b587caf9d,2026-10-02T06:19:14Z,kaggle-environments 1.32.7,ahmedberatozer-v46-first-turn-microstructure,735c370383b70d3bf3aac792f2c147e0afc99166fc9f253ede10e8a030acedb6,ahmedberatozer-v50-early-yarn-commit,044a26601be23816d397c51c22c4d86b938f8bac4b914f9bea1fbe38bac1e8a5,1525963489,1,125224,126134,0,1,0,DONE,DONE,719,719,23.87,61.607,1,,656,656
ba81da2b587caf9d,2026-10-02T06:19:14Z,kaggle-environments 1.32.7,ahmedberatozer-v46-first-turn-microstructure,735c370383b70d3bf3aac792f2c147e0afc99166fc9f253ede10e8a030acedb6,ahmedberatozer-v50-early-yarn-commit,044a26601be23816d397c51c22c4d86b938f8bac4b914f9bea1fbe38bac1e8a5,1663058751,0,82223,94270,0,1,0,DONE,DONE,719,719,16.624,14.213,1,,653,654
ba81da2b587caf9d,2026-10-02T06:19:14Z,kaggle-environments 1.32.7,ahmedberatozer-v46-first-turn-microstructure,735c370383b70d3bf3aac792f2c147e0afc99166fc9f253ede10e8a030acedb6,ahmedberatozer-v50-early-yarn-commit,044a26601be23816d397c51c22c4d86b938f8bac4b914f9bea1fbe38bac1e8a5,1663058751,1,82223,94270,0,1,0,DONE,DONE,719,719,16.852,167.865,1,,653,654
ba81da2b587caf9d,2026-10-02T06:19:14Z,kaggle-environments 1.32.7,ahmedberatozer-v48-clear-the-queue,4b5402888feeb4170dce38f34bebe56788b62ca287139fce7db72df8eb89bb96,barnyard_v7,997e6bfc5234534e246e945bc61c87858ebf997ab85b0a5c9427dd4ed710f1b6,62857979,0,110045,76885,1,0,0,DONE,DONE,719,719,13.924,6.117,1,,653,548
ba81da2b587caf9d,2026-10-02T06:19:14Z,kaggle-environments 1.32.7,ahmedberatozer-v48-clear-the-queue,4b5402888feeb4170dce38f34bebe56788b62ca287139fce7db72df8eb89bb96,barnyard_v7,997e6bfc5234534e246e945bc61c87858ebf997ab85b0a5c9427dd4ed710f1b6,62857979,1,110045,76885,1,0,0,DONE,DONE,719,719,59.765,2.755,1,,653,548
ba81da2b587caf9d,2026-10-02T06:19:14Z,kaggle-environments 1.32.7,ahmedberatozer-v48-clear-the-queue,4b5402888feeb4170dce38f34bebe56788b62ca287139fce7db72df8eb89bb96,barnyard_v7,997e6bfc5234534e246e945bc61c87858ebf997ab85b0a5c9427dd4ed710f1b6,199441310,0,116093,86856,1,0,0,DONE,DONE,719,719,156.086,2.322,1,,652,548
ba81da2b587caf9d,2026-10-02T06:19:14Z,kaggle-environments 1.32.7,ahmedberatozer-v48-clear-the-queue,4b5402888feeb4170dce38f34bebe56788b62ca287139fce7db72df8eb89bb96,barnyard_v7,997e6bfc5234534e246e945bc61c87858ebf997ab85b0a5c9427dd4ed710f1b6,199441310,1,116093,86856,1,0,0,DONE,DONE,719,719,169.163,3.738,1,,652,548
ba81da2b587caf9d,2026-10-02T06:19:14Z,kaggle-environments 1.32.7,ahmedberatozer-v48-clear-the-queue,4b5402888feeb4170dce38f34bebe56788b62ca287139fce7db72df8eb89bb96,barnyard_v7,997e6bfc5234534e246e945bc61c87858ebf997ab85b0a5c9427dd4ed710f1b6,1152441257,0,163545,125281,1,0,0,DONE,DONE,719,719,55.742,3.844,1,,659,548
ba81da2b587caf9d,2026-10-02T06:19:14Z,kaggle-environments 1.32.7,ahmedberatozer-v48-clear-the-queue,4b5402888feeb4170dce38f34bebe56788b62ca287139fce7db72df8eb89bb96,barnyard_v7,997e6bfc5234534e246e945bc61c87858ebf997ab85b0a5c9427dd4ed710f1b6,1152441257,1,163545,125281,1,0,0,DONE,DONE,719,719,64.376,2.131,1,,659,548
ba81da2b587caf9d,2026-10-02T06:19:14Z,kaggle-environments 1.32.7,ahmedberatozer-v48-clear-the-queue,4b5402888feeb4170dce38f34bebe56788b62ca287139fce7db72df8eb89bb96,barnyard_v7,997e6bfc5234534e246e945bc61c87858ebf997ab85b0a5c9427dd4ed710f1b6,1184506355,0,102923,47720,1,0,0,DONE,DONE,719,719,89.931,2.736,1,,639,548
ba81da2b587caf9d,2026-10-02T06:19:14Z,kaggle-environments 1.32.7,ahmedberatozer-v48-clear-the-queue,4b5402888feeb4170dce38f34bebe56788b62ca287139fce7db72df8eb89bb96,barnyard_v7,997e6bfc5234534e246e945bc61c87858ebf997ab85b0a5c9427dd4ed710f1b6,1184506355,1,102923,47720,1,0,0,DONE,DONE,719,719,126.511,2.171,1,,639,548
ba81da2b587caf9d,2026-10-02T06:19:14Z,kaggle-environments 1.32.7,ahmedberatozer-v48-clear-the-queue,4b5402888feeb4170dce38f34bebe56788b62ca287139fce7db72df8eb89bb96,barnyard_v7,997e6bfc5234534e246e945bc61c87858ebf997ab85b0a5c9427dd4ed710f1b6,1479510883,0,149882,103256,1,0,0,DONE,DONE,719,719,13.751,3.788,1,,651,548
ba81da2b587caf9d,2026-10-02T06:19:14Z,kaggle-environments 1.32.7,ahmedberatozer-v48-clear-the-queue,4b5402888feeb4170dce38f34bebe56788b62ca287139fce7db72df8eb89bb96,barnyard_v7,997e6bfc5234534e246e945bc61c87858ebf997ab85b0a5c9427dd4ed710f1b6,1479510883,1,149882,103256,1,0,0,DONE,DONE,719,719,13.815,1.072,1,,651,548
ba81da2b587caf9d,2026-10-02T06:19:14Z,kaggle-environments 1.32.7,ahmedberatozer-v48-clear-the-queue,4b5402888feeb4170dce38f34bebe56788b62ca287139fce7db72df8eb89bb96,barnyard_v7,997e6bfc5234534e246e945bc61c87858ebf997ab85b0a5c9427dd4ed710f1b6,1493838340,0,98765,33383,1,0,0,DONE,DONE,719,719,60.373,2.624,1,,655,548
ba81da2b587caf9d,2026-10-02T06:19:14Z,kaggle-environments 1.32.7,ahmedberatozer-v48-clear-the-queue,4b5402888feeb4170dce38f34bebe56788b62ca287139fce7db72df8eb89bb96,barnyard_v7,997e6bfc5234534e246e945bc61c87858ebf997ab85b0a5c9427dd4ed710f1b6,1493838340,1,98765,33383,1,0,0,DONE,DONE,719,719,26.471,4.139,1,,655,548
ba81da2b587caf9d,2026-10-02T06:19:14Z,kaggle-environments 1.32.7,ahmedberatozer-v48-clear-the-queue,4b5402888feeb4170dce38f34bebe56788b62ca287139fce7db72df8eb89bb96,barnyard_v7,997e6bfc5234534e246e945bc61c87858ebf997ab85b0a5c9427dd4ed710f1b6,1525963489,0,159828,124937,1,0,0,DONE,DONE,719,719,144.835,3.365,1,,657,548
ba81da2b587caf9d,2026-10-02T06:19:14Z,kaggle-environments 1.32.7,ahmedberatozer-v48-clear-the-queue,4b5402888feeb4170dce38f34bebe56788b62ca287139fce7db72df8eb89bb96,barnyard_v7,997e6bfc5234534e246e945bc61c87858ebf997ab85b0a5c9427dd4ed710f1b6,1525963489,1,159828,124937,1,0,0,DONE,DONE,719,719,13.863,2.586,1,,657,548
ba81da2b587caf9d,2026-10-02T06:19:14Z,kaggle-environments 1.32.7,ahmedberatozer-v48-clear-the-queue,4b5402888feeb4170dce38f34bebe56788b62ca287139fce7db72df8eb89bb96,barnyard_v7,997e6bfc5234534e246e945bc61c87858ebf997ab85b0a5c9427dd4ed710f1b6,1663058751,0,95017,52081,1,0,0,DONE,DONE,719,719,15.42,2.841,1,,655,548
ba81da2b587caf9d,2026-10-02T06:19:14Z,kaggle-environments 1.32.7,ahmedberatozer-v48-clear-the-queue,4b5402888feeb4170dce38f34bebe56788b62ca287139fce7db72df8eb89bb96,barnyard_v7,997e6bfc5234534e246e945bc61c87858ebf997ab85b0a5c9427dd4ed710f1b6,1663058751,1,95017,52081,1,0,0,DONE,DONE,719,719,45.893,2.65,1,,655,548
ba81da2b587caf9d,2026-10-02T06:19:14Z,kaggle-environments 1.32.7,v16_rc5,f029fa0cb66a9eb509afbe44e3f59b800332d0419db91607183410e4089c4d19,v38_feed,a2047ebd8ca5720221e1421529655d9c67a7b2fedb74e874c7d3c55a8970ac7e,62857979,0,69547,88980,0,1,0,DONE,DONE,719,719,26.639,19.035,1,,658,647
ba81da2b587caf9d,2026-10-02T06:19:14Z,kaggle-environments 1.32.7,v16_rc5,f029fa0cb66a9eb509afbe44e3f59b800332d0419db91607183410e4089c4d19,v38_feed,a2047ebd8ca5720221e1421529655d9c67a7b2fedb74e874c7d3c55a8970ac7e,62857979,1,69547,88980,0,1,0,DONE,DONE,719,719,2.264,58.705,1,,658,647
ba81da2b587caf9d,2026-10-02T06:19:14Z,kaggle-environments 1.32.7,v16_rc5,f029fa0cb66a9eb509afbe44e3f59b800332d0419db91607183410e4089c4d19,v38_feed,a2047ebd8ca5720221e1421529655d9c67a7b2fedb74e874c7d3c55a8970ac7e,199441310,0,121998,139162,0,1,0,DONE,DONE,719,719,1.7,22.102,1,,658,655
ba81da2b587caf9d,2026-10-02T06:19:14Z,kaggle-environments 1.32.7,v16_rc5,f029fa0cb66a9eb509afbe44e3f59b800332d0419db91607183410e4089c4d19,v38_feed,a2047ebd8ca5720221e1421529655d9c67a7b2fedb74e874c7d3c55a8970ac7e,199441310,1,121998,139162,0,1,0,DONE,DONE,719,719,0.591,19.866,1,,658,655
ba81da2b587caf9d,2026-10-02T06:19:14Z,kaggle-environments 1.32.7,v16_rc5,f029fa0cb66a9eb509afbe44e3f59b800332d0419db91607183410e4089c4d19,v38_feed,a2047ebd8ca5720221e1421529655d9c67a7b2fedb74e874c7d3c55a8970ac7e,1152441257,0,62851,102067,0,1,0,DONE,DONE,719,719,0.546,5.613,1,,658,655
ba81da2b587caf9d,2026-10-02T06:19:14Z,kaggle-environments 1.32.7,v16_rc5,f029fa0cb66a9eb509afbe44e3f59b800332d0419db91607183410e4089c4d19,v38_feed,a2047ebd8ca5720221e1421529655d9c67a7b2fedb74e874c7d3c55a8970ac7e,1152441257,1,62851,102067,0,1,0,DONE,DONE,719,719,0.491,62.135,1,,658,655
ba81da2b587caf9d,2026-10-02T06:19:14Z,kaggle-environments 1.32.7,v16_rc5,f029fa0cb66a9eb509afbe44e3f59b800332d0419db91607183410e4089c4d19,v38_feed,a2047ebd8ca5720221e1421529655d9c67a7b2fedb74e874c7d3c55a8970ac7e,1184506355,0,51742,94804,0,1,0,DONE,DONE,719,719,29.339,17.821,1,,658,637
ba81da2b587caf9d,2026-10-02T06:19:14Z,kaggle-environments 1.32.7,v16_rc5,f029fa0cb66a9eb509afbe44e3f59b800332d0419db91607183410e4089c4d19,v38_feed,a2047ebd8ca5720221e1421529655d9c67a7b2fedb74e874c7d3c55a8970ac7e,1184506355,1,51742,94804,0,1,0,DONE,DONE,719,719,38.042,19.369,1,,658,637
ba81da2b587caf9d,2026-10-02T06:19:14Z,kaggle-environments 1.32.7,v16_rc5,f029fa0cb66a9eb509afbe44e3f59b800332d0419db91607183410e4089c4d19,v38_feed,a2047ebd8ca5720221e1421529655d9c67a7b2fedb74e874c7d3c55a8970ac7e,1479510883,0,95524,155125,0,1,0,DONE,DONE,719,719,0.252,5.52,1,,658,658
ba81da2b587caf9d,2026-10-02T06:19:14Z,kaggle-environments 1.32.7,v16_rc5,f029fa0cb66a9eb509afbe44e3f59b800332d0419db91607183410e4089c4d19,v38_feed,a2047ebd8ca5720221e1421529655d9c67a7b2fedb74e874c7d3c55a8970ac7e,1479510883,1,95524,155125,0,1,0,DONE,DONE,719,719,0.206,28.026,1,,658,658
ba81da2b587caf9d,2026-10-02T06:19:14Z,kaggle-environments 1.32.7,v16_rc5,f029fa0cb66a9eb509afbe44e3f59b800332d0419db91607183410e4089c4d19,v38_feed,a2047ebd8ca5720221e1421529655d9c67a7b2fedb74e874c7d3c55a8970ac7e,1493838340,0,92841,118878,0,1,0,DONE,DONE,719,719,0.795,7.033,1,,658,655
ba81da2b587caf9d,2026-10-02T06:19:14Z,kaggle-environments 1.32.7,v16_rc5,f029fa0cb66a9eb509afbe44e3f59b800332d0419db91607183410e4089c4d19,v38_feed,a2047ebd8ca5720221e1421529655d9c67a7b2fedb74e874c7d3c55a8970ac7e,1493838340,1,92841,118878,0,1,0,DONE,DONE,719,719,0.132,5.821,1,,658,655
ba81da2b587caf9d,2026-10-02T06:19:14Z,kaggle-environments 1.32.7,v16_rc5,f029fa0cb66a9eb509afbe44e3f59b800332d0419db91607183410e4089c4d19,v38_feed,a2047ebd8ca5720221e1421529655d9c67a7b2fedb74e874c7d3c55a8970ac7e,1525963489,0,99416,122093,0,1,0,DONE,DONE,719,719,51.582,20.383,1,,658,655
ba81da2b587caf9d,2026-10-02T06:19:14Z,kaggle-environments 1.32.7,v16_rc5,f029fa0cb66a9eb509afbe44e3f59b800332d0419db91607183410e4089c4d19,v38_feed,a2047ebd8ca5720221e1421529655d9c67a7b2fedb74e874c7d3c55a8970ac7e,1525963489,1,99416,122093,0,1,0,DONE,DONE,719,719,0.455,29.41,1,,658,655
ba81da2b587caf9d,2026-10-02T06:19:14Z,kaggle-environments 1.32.7,v16_rc5,f029fa0cb66a9eb509afbe44e3f59b800332d0419db91607183410e4089c4d19,v38_feed,a2047ebd8ca5720221e1421529655d9c67a7b2fedb74e874c7d3c55a8970ac7e,1663058751,0,51102,84657,0,1,0,DONE,DONE,719,719,0.358,20.042,1,,658,654
ba81da2b587caf9d,2026-10-02T06:19:14Z,kaggle-environments 1.32.7,v16_rc5,f029fa0cb66a9eb509afbe44e3f59b800332d0419db91607183410e4089c4d19,v38_feed,a2047ebd8ca5720221e1421529655d9c67a7b2fedb74e874c7d3c55a8970ac7e,1663058751,1,51102,84657,0,1,0,DONE,DONE,719,719,26.303,19.773,1,,658,654
ba81da2b587caf9d,2026-10-02T06:19:15Z,kaggle-environments 1.32.7,ahmedberatozer-v43-recovering-lost-harvests,3abe0ca715ba18647c138d0c28f59f34371e1ea28d4378e290ab33760d2c12dc,ahmedberatozer-v48-clear-the-queue,4b5402888feeb4170dce38f34bebe56788b62ca287139fce7db72df8eb89bb96,62857979,0,78913,80475,0,1,0,DONE,DONE,719,719,37.458,9.298,1,,651,651
ba81da2b587caf9d,2026-10-02T06:19:15Z,kaggle-environments 1.32.7,ahmedberatozer-v43-recovering-lost-harvests,3abe0ca715ba18647c138d0c28f59f34371e1ea28d4378e290ab33760d2c12dc,ahmedberatozer-v48-clear-the-queue,4b5402888feeb4170dce38f34bebe56788b62ca287139fce7db72df8eb89bb96,62857979,1,78913,80475,0,1,0,DONE,DONE,719,719,10.035,9.683,1,,651,651
ba81da2b587caf9d,2026-10-02T06:19:15Z,kaggle-environments 1.32.7,ahmedberatozer-v43-recovering-lost-harvests,3abe0ca715ba18647c138d0c28f59f34371e1ea28d4378e290ab33760d2c12dc,ahmedberatozer-v48-clear-the-queue,4b5402888feeb4170dce38f34bebe56788b62ca287139fce7db72df8eb89bb96,199441310,0,115299,116039,0,1,0,DONE,DONE,719,719,43.401,59.885,1,,654,654
ba81da2b587caf9d,2026-10-02T06:19:15Z,kaggle-environments 1.32.7,ahmedberatozer-v43-recovering-lost-harvests,3abe0ca715ba18647c138d0c28f59f34371e1ea28d4378e290ab33760d2c12dc,ahmedberatozer-v48-clear-the-queue,4b5402888feeb4170dce38f34bebe56788b62ca287139fce7db72df8eb89bb96,199441310,1,115299,116039,0,1,0,DONE,DONE,719,719,20.23,36.821,1,,654,654
ba81da2b587caf9d,2026-10-02T06:19:15Z,kaggle-environments 1.32.7,ahmedberatozer-v43-recovering-lost-harvests,3abe0ca715ba18647c138d0c28f59f34371e1ea28d4378e290ab33760d2c12dc,ahmedberatozer-v48-clear-the-queue,4b5402888feeb4170dce38f34bebe56788b62ca287139fce7db72df8eb89bb96,1152441257,0,138871,139356,0,1,0,DONE,DONE,719,719,11.266,85.437,1,,656,656
ba81da2b587caf9d,2026-10-02T06:19:15Z,kaggle-environments 1.32.7,ahmedberatozer-v43-recovering-lost-harvests,3abe0ca715ba18647c138d0c28f59f34371e1ea28d4378e290ab33760d2c12dc,ahmedberatozer-v48-clear-the-queue,4b5402888feeb4170dce38f34bebe56788b62ca287139fce7db72df8eb89bb96,1152441257,1,138871,139356,0,1,0,DONE,DONE,719,719,10.276,10.266,1,,656,656
ba81da2b587caf9d,2026-10-02T06:19:15Z,kaggle-environments 1.32.7,ahmedberatozer-v43-recovering-lost-harvests,3abe0ca715ba18647c138d0c28f59f34371e1ea28d4378e290ab33760d2c12dc,ahmedberatozer-v48-clear-the-queue,4b5402888feeb4170dce38f34bebe56788b62ca287139fce7db72df8eb89bb96,1184506355,0,68983,71532,0,1,0,DONE,DONE,719,719,19.539,60.137,1,,637,637
ba81da2b587caf9d,2026-10-02T06:19:15Z,kaggle-environments 1.32.7,ahmedberatozer-v43-recovering-lost-harvests,3abe0ca715ba18647c138d0c28f59f34371e1ea28d4378e290ab33760d2c12dc,ahmedberatozer-v48-clear-the-queue,4b5402888feeb4170dce38f34bebe56788b62ca287139fce7db72df8eb89bb96,1184506355,1,68983,71532,0,1,0,DONE,DONE,719,719,15.704,74.343,1,,637,637
ba81da2b587caf9d,2026-10-02T06:19:15Z,kaggle-environments 1.32.7,ahmedberatozer-v43-recovering-lost-harvests,3abe0ca715ba18647c138d0c28f59f34371e1ea28d4378e290ab33760d2c12dc,ahmedberatozer-v48-clear-the-queue,4b5402888feeb4170dce38f34bebe56788b62ca287139fce7db72df8eb89bb96,1479510883,0,110982,112916,0,1,0,DONE,DONE,719,719,26.183,21.602,1,,651,651
ba81da2b587caf9d,2026-10-02T06:19:15Z,kaggle-environments 1.32.7,ahmedberatozer-v43-recovering-lost-harvests,3abe0ca715ba18647c138d0c28f59f34371e1ea28d4378e290ab33760d2c12dc,ahmedberatozer-v48-clear-the-queue,4b5402888feeb4170dce38f34bebe56788b62ca287139fce7db72df8eb89bb96,1479510883,1,110982,112916,0,1,0,DONE,DONE,719,719,16.219,64.33,1,,651,651
ba81da2b587caf9d,2026-10-02T06:19:15Z,kaggle-environments 1.32.7,ahmedberatozer-v43-recovering-lost-harvests,3abe0ca715ba18647c138d0c28f59f34371e1ea28d4378e290ab33760d2c12dc,ahmedberatozer-v48-clear-the-queue,4b5402888feeb4170dce38f34bebe56788b62ca287139fce7db72df8eb89bb96,1493838340,0,72544,74409,0,1,0,DONE,DONE,719,719,30.565,24.416,1,,655,655
ba81da2b587caf9d,2026-10-02T06:19:15Z,kaggle-environments 1.32.7,ahmedberatozer-v43-recovering-lost-harvests,3abe0ca715ba18647c138d0c28f59f34371e1ea28d4378e290ab33760d2c12dc,ahmedberatozer-v48-clear-the-queue,4b5402888feeb4170dce38f34bebe56788b62ca287139fce7db72df8eb89bb96,1493838340,1,72544,74409,0,1,0,DONE,DONE,719,719,16.464,163.576,1,,655,655
ba81da2b587caf9d,2026-10-02T06:19:15Z,kaggle-environments 1.32.7,ahmedberatozer-v43-recovering-lost-harvests,3abe0ca715ba18647c138d0c28f59f34371e1ea28d4378e290ab33760d2c12dc,ahmedberatozer-v48-clear-the-queue,4b5402888feeb4170dce38f34bebe56788b62ca287139fce7db72df8eb89bb96,1525963489,0,126768,127762,0,1,0,DONE,DONE,719,719,16.175,13.786,1,,656,656
ba81da2b587caf9d,2026-10-02T06:19:15Z,kaggle-environments 1.32.7,ahmedberatozer-v43-recovering-lost-harvests,3abe0ca715ba18647c138d0c28f59f34371e1ea28d4378e290ab33760d2c12dc,ahmedberatozer-v48-clear-the-queue,4b5402888feeb4170dce38f34bebe56788b62ca287139fce7db72df8eb89bb96,1525963489,1,126768,127762,0,1,0,DONE,DONE,719,719,29.782,24.92,1,,656,656
ba81da2b587caf9d,2026-10-02T06:19:15Z,kaggle-environments 1.32.7,ahmedberatozer-v43-recovering-lost-harvests,3abe0ca715ba18647c138d0c28f59f34371e1ea28d4378e290ab33760d2c12dc,ahmedberatozer-v48-clear-the-queue,4b5402888feeb4170dce38f34bebe56788b62ca287139fce7db72df8eb89bb96,1663058751,0,81577,82232,0,1,0,DONE,DONE,719,719,79.227,99.025,1,,653,653
ba81da2b587caf9d,2026-10-02T06:19:15Z,kaggle-environments 1.32.7,ahmedberatozer-v43-recovering-lost-harvests,3abe0ca715ba18647c138d0c28f59f34371e1ea28d4378e290ab33760d2c12dc,ahmedberatozer-v48-clear-the-queue,4b5402888feeb4170dce38f34bebe56788b62ca287139fce7db72df8eb89bb96,1663058751,1,81577,82232,0,1,0,DONE,DONE,719,719,32.423,26.606,1,,653,653
ba81da2b587caf9d,2026-10-02T06:19:15Z,kaggle-environments 1.32.7,ahmedberatozer-v44-winning-the-same-turn-sale-race,fe370bd8a9d0f3770e61cff4d9e60e19198e058a0fa1fb0adeb873a9d89c6640,ahmedberatozer-v49-funded-sale-timing,ed89be8cd96fe58ea5ca96c91bbeda28d928a5192ed926639fe6c43aea39b368,62857979,0,78587,84592,0,1,0,DONE,DONE,719,719,82.611,15.656,1,,651,653
ba81da2b587caf9d,2026-10-02T06:19:15Z,kaggle-environments 1.32.7,ahmedberatozer-v44-winning-the-same-turn-sale-race,fe370bd8a9d0f3770e61cff4d9e60e19198e058a0fa1fb0adeb873a9d89c6640,ahmedberatozer-v49-funded-sale-timing,ed89be8cd96fe58ea5ca96c91bbeda28d928a5192ed926639fe6c43aea39b368,62857979,1,78587,84592,0,1,0,DONE,DONE,719,719,15.439,148.797,1,,651,653
ba81da2b587caf9d,2026-10-02T06:19:15Z,kaggle-environments 1.32.7,ahmedberatozer-v44-winning-the-same-turn-sale-race,fe370bd8a9d0f3770e61cff4d9e60e19198e058a0fa1fb0adeb873a9d89c6640,ahmedberatozer-v49-funded-sale-timing,ed89be8cd96fe58ea5ca96c91bbeda28d928a5192ed926639fe6c43aea39b368,199441310,0,114796,116191,0,1,0,DONE,DONE,719,719,16.436,173.525,1,,652,652
ba81da2b587caf9d,2026-10-02T06:19:15Z,kaggle-environments 1.32.7,ahmedberatozer-v44-winning-the-same-turn-sale-race,fe370bd8a9d0f3770e61cff4d9e60e19198e058a0fa1fb0adeb873a9d89c6640,ahmedberatozer-v49-funded-sale-timing,ed89be8cd96fe58ea5ca96c91bbeda28d928a5192ed926639fe6c43aea39b368,199441310,1,114796,116191,0,1,0,DONE,DONE,719,719,28.637,204.332,1,,652,652
ba81da2b587caf9d,2026-10-02T06:19:15Z,kaggle-environments 1.32.7,ahmedberatozer-v44-winning-the-same-turn-sale-race,fe370bd8a9d0f3770e61cff4d9e60e19198e058a0fa1fb0adeb873a9d89c6640,ahmedberatozer-v49-funded-sale-timing,ed89be8cd96fe58ea5ca96c91bbeda28d928a5192ed926639fe6c43aea39b368,1152441257,0,136344,146769,0,1,0,DONE,DONE,719,719,108.488,13.952,1,,656,656
ba81da2b587caf9d,2026-10-02T06:19:15Z,kaggle-environments 1.32.7,ahmedberatozer-v44-winning-the-same-turn-sale-race,fe370bd8a9d0f3770e61cff4d9e60e19198e058a0fa1fb0adeb873a9d89c6640,ahmedberatozer-v49-funded-sale-timing,ed89be8cd96fe58ea5ca96c91bbeda28d928a5192ed926639fe6c43aea39b368,1152441257,1,136344,146769,0,1,0,DONE,DONE,719,719,16.858,122.134,1,,656,656
ba81da2b587caf9d,2026-10-02T06:19:15Z,kaggle-environments 1.32.7,ahmedberatozer-v44-winning-the-same-turn-sale-race,fe370bd8a9d0f3770e61cff4d9e60e19198e058a0fa1fb0adeb873a9d89c6640,ahmedberatozer-v49-funded-sale-timing,ed89be8cd96fe58ea5ca96c91bbeda28d928a5192ed926639fe6c43aea39b368,1184506355,0,69293,73374,0,1,0,DONE,DONE,719,719,80.482,32.01,1,,637,637
ba81da2b587caf9d,2026-10-02T06:19:15Z,kaggle-environments 1.32.7,ahmedberatozer-v44-winning-the-same-turn-sale-race,fe370bd8a9d0f3770e61cff4d9e60e19198e058a0fa1fb0adeb873a9d89c6640,ahmedberatozer-v49-funded-sale-timing,ed89be8cd96fe58ea5ca96c91bbeda28d928a5192ed926639fe6c43aea39b368,1184506355,1,69293,73374,0,1,0,DONE,DONE,719,719,26.601,21.771,1,,637,637
ba81da2b587caf9d,2026-10-02T06:19:15Z,kaggle-environments 1.32.7,ahmedberatozer-v44-winning-the-same-turn-sale-race,fe370bd8a9d0f3770e61cff4d9e60e19198e058a0fa1fb0adeb873a9d89c6640,ahmedberatozer-v49-funded-sale-timing,ed89be8cd96fe58ea5ca96c91bbeda28d928a5192ed926639fe6c43aea39b368,1479510883,0,109783,113007,0,1,0,DONE,DONE,719,719,16.354,50.306,1,,651,651
ba81da2b587caf9d,2026-10-02T06:19:15Z,kaggle-environments 1.32.7,ahmedberatozer-v44-winning-the-same-turn-sale-race,fe370bd8a9d0f3770e61cff4d9e60e19198e058a0fa1fb0adeb873a9d89c6640,ahmedberatozer-v49-funded-sale-timing,ed89be8cd96fe58ea5ca96c91bbeda28d928a5192ed926639fe6c43aea39b368,1479510883,1,109783,113007,0,1,0,DONE,DONE,719,719,37.069,30.005,1,,651,651
ba81da2b587caf9d,2026-10-02T06:19:15Z,kaggle-environments 1.32.7,ahmedberatozer-v44-winning-the-same-turn-sale-race,fe370bd8a9d0f3770e61cff4d9e60e19198e058a0fa1fb0adeb873a9d89c6640,ahmedberatozer-v49-funded-sale-timing,ed89be8cd96fe58ea5ca96c91bbeda28d928a5192ed926639fe6c43aea39b368,1493838340,0,71589,75195,0,1,0,DONE,DONE,719,719,173.647,31.043,1,,655,655
ba81da2b587caf9d,2026-10-02T06:19:15Z,kaggle-environments 1.32.7,ahmedberatozer-v44-winning-the-same-turn-sale-race,fe370bd8a9d0f3770e61cff4d9e60e19198e058a0fa1fb0adeb873a9d89c6640,ahmedberatozer-v49-funded-sale-timing,ed89be8cd96fe58ea5ca96c91bbeda28d928a5192ed926639fe6c43aea39b368,1493838340,1,71589,75195,0,1,0,DONE,DONE,719,719,16.305,86.092,1,,655,655
ba81da2b587caf9d,2026-10-02T06:19:15Z,kaggle-environments 1.32.7,ahmedberatozer-v44-winning-the-same-turn-sale-race,fe370bd8a9d0f3770e61cff4d9e60e19198e058a0fa1fb0adeb873a9d89c6640,ahmedberatozer-v49-funded-sale-timing,ed89be8cd96fe58ea5ca96c91bbeda28d928a5192ed926639fe6c43aea39b368,1525963489,0,125555,126244,0,1,0,DONE,DONE,719,719,154.207,82.143,1,,656,656
ba81da2b587caf9d,2026-10-02T06:19:15Z,kaggle-environments 1.32.7,ahmedberatozer-v44-winning-the-same-turn-sale-race,fe370bd8a9d0f3770e61cff4d9e60e19198e058a0fa1fb0adeb873a9d89c6640,ahmedberatozer-v49-funded-sale-timing,ed89be8cd96fe58ea5ca96c91bbeda28d928a5192ed926639fe6c43aea39b368,1525963489,1,125555,126244,0,1,0,DONE,DONE,719,719,16.39,14.173,1,,656,656
ba81da2b587caf9d,2026-10-02T06:19:15Z,kaggle-environments 1.32.7,ahmedberatozer-v44-winning-the-same-turn-sale-race,fe370bd8a9d0f3770e61cff4d9e60e19198e058a0fa1fb0adeb873a9d89c6640,ahmedberatozer-v49-funded-sale-timing,ed89be8cd96fe58ea5ca96c91bbeda28d928a5192ed926639fe6c43aea39b368,1663058751,0,82102,94348,0,1,0,DONE,DONE,719,719,24.641,21.789,1,,653,654
ba81da2b587caf9d,2026-10-02T06:19:15Z,kaggle-environments 1.32.7,ahmedberatozer-v44-winning-the-same-turn-sale-race,fe370bd8a9d0f3770e61cff4d9e60e19198e058a0fa1fb0adeb873a9d89c6640,ahmedberatozer-v49-funded-sale-timing,ed89be8cd96fe58ea5ca96c91bbeda28d928a5192ed926639fe6c43aea39b368,1663058751,1,82102,94348,0,1,0,DONE,DONE,719,719,16.465,105.179,1,,653,654
ba81da2b587caf9d,2026-10-02T06:19:15Z,kaggle-environments 1.32.7,ahmedberatozer-v46-first-turn-microstructure,735c370383b70d3bf3aac792f2c147e0afc99166fc9f253ede10e8a030acedb6,v16_rc5,f029fa0cb66a9eb509afbe44e3f59b800332d0419db91607183410e4089c4d19,62857979,0,89001,68539,1,0,0,DONE,DONE,719,719,87.252,3.06,1,,645,658
ba81da2b587caf9d,2026-10-02T06:19:15Z,kaggle-environments 1.32.7,ahmedberatozer-v46-first-turn-microstructure,735c370383b70d3bf3aac792f2c147e0afc99166fc9f253ede10e8a030acedb6,v16_rc5,f029fa0cb66a9eb509afbe44e3f59b800332d0419db91607183410e4089c4d19,62857979,1,89001,68539,1,0,0,DONE,DONE,719,719,72.954,2.685,1,,645,658
ba81da2b587caf9d,2026-10-02T06:19:15Z,kaggle-environments 1.32.7,ahmedberatozer-v46-first-turn-microstructure,735c370383b70d3bf3aac792f2c147e0afc99166fc9f253ede10e8a030acedb6,v16_rc5,f029fa0cb66a9eb509afbe44e3f59b800332d0419db91607183410e4089c4d19,199441310,0,139693,121361,1,0,0,DONE,DONE,719,719,72.891,3.251,1,,655,658
ba81da2b587caf9d,2026-10-02T06:19:15Z,kaggle-environments 1.32.7,ahmedberatozer-v46-first-turn-microstructure,735c370383b70d3bf3aac792f2c147e0afc99166fc9f253ede10e8a030acedb6,v16_rc5,f029fa0cb66a9eb509afbe44e3f59b800332d0419db91607183410e4089c4d19,199441310,1,139693,121361,1,0,0,DONE,DONE,719,719,119.415,43.633,1,,655,658
ba81da2b587caf9d,2026-10-02T06:19:15Z,kaggle-environments 1.32.7,ahmedberatozer-v46-first-turn-microstructure,735c370383b70d3bf3aac792f2c147e0afc99166fc9f253ede10e8a030acedb6,v16_rc5,f029fa0cb66a9eb509afbe44e3f59b800332d0419db91607183410e4089c4d19,1152441257,0,101338,61965,1,0,0,DONE,DONE,719,719,70.369,2.972,1,,655,658
ba81da2b587caf9d,2026-10-02T06:19:15Z,kaggle-environments 1.32.7,ahmedberatozer-v46-first-turn-microstructure,735c370383b70d3bf3aac792f2c147e0afc99166fc9f253ede10e8a030acedb6,v16_rc5,f029fa0cb66a9eb509afbe44e3f59b800332d0419db91607183410e4089c4d19,1152441257,1,101338,61965,1,0,0,DONE,DONE,719,719,191.039,3.654,1,,655,658
ba81da2b587caf9d,2026-10-02T06:19:15Z,kaggle-environments 1.32.7,ahmedberatozer-v46-first-turn-microstructure,735c370383b70d3bf3aac792f2c147e0afc99166fc9f253ede10e8a030acedb6,v16_rc5,f029fa0cb66a9eb509afbe44e3f59b800332d0419db91607183410e4089c4d19,1184506355,0,95513,51210,1,0,0,DONE,DONE,719,719,174.86,4.212,1,,637,658
ba81da2b587caf9d,2026-10-02T06:19:15Z,kaggle-environments 1.32.7,ahmedberatozer-v46-first-turn-microstructure,735c370383b70d3bf3aac792f2c147e0afc99166fc9f253ede10e8a030acedb6,v16_rc5,f029fa0cb66a9eb509afbe44e3f59b800332d0419db91607183410e4089c4d19,1184506355,1,95513,51210,1,0,0,DONE,DONE,719,719,16.048,3.774,1,,637,658
ba81da2b587caf9d,2026-10-02T06:19:15Z,kaggle-environments 1.32.7,ahmedberatozer-v46-first-turn-microstructure,735c370383b70d3bf3aac792f2c147e0afc99166fc9f253ede10e8a030acedb6,v16_rc5,f029fa0cb66a9eb509afbe44e3f59b800332d0419db91607183410e4089c4d19,1479510883,0,154938,95124,1,0,0,DONE,DONE,719,719,23.963,0.099,1,,657,658
ba81da2b587caf9d,2026-10-02T06:19:15Z,kaggle-environments 1.32.7,ahmedberatozer-v46-first-turn-microstructure,735c370383b70d3bf3aac792f2c147e0afc99166fc9f253ede10e8a030acedb6,v16_rc5,f029fa0cb66a9eb509afbe44e3f59b800332d0419db91607183410e4089c4d19,1479510883,1,154938,95124,1,0,0,DONE,DONE,719,719,82.071,62.362,1,,657,658
ba81da2b587caf9d,2026-10-02T06:19:15Z,kaggle-environments 1.32.7,ahmedberatozer-v46-first-turn-microstructure,735c370383b70d3bf3aac792f2c147e0afc99166fc9f253ede10e8a030acedb6,v16_rc5,f029fa0cb66a9eb509afbe44e3f59b800332d0419db91607183410e4089c4d19,1493838340,0,119500,92092,1,0,0,DONE,DONE,719,719,51.122,3.788,1,,655,658
ba81da2b587caf9d,2026-10-02T06:19:15Z,kaggle-environments 1.32.7,ahmedberatozer-v46-first-turn-microstructure,735c370383b70d3bf3aac792f2c147e0afc99166fc9f253ede10e8a030acedb6,v16_rc5,f029fa0cb66a9eb509afbe44e3f59b800332d0419db91607183410e4089c4d19,1493838340,1,119500,92092,1,0,0,DONE,DONE,719,719,19.6,69.045,1,,655,658
ba81da2b587caf9d,2026-10-02T06:19:15Z,kaggle-environments 1.32.7,ahmedberatozer-v46-first-turn-microstructure,735c370383b70d3bf3aac792f2c147e0afc99166fc9f253ede10e8a030acedb6,v16_rc5,f029fa0cb66a9eb509afbe44e3f59b800332d0419db91607183410e4089c4d19,1525963489,0,121741,98214,1,0,0,DONE,DONE,719,719,71.456,4.485,1,,655,658
ba81da2b587caf9d,2026-10-02T06:19:15Z,kaggle-environments 1.32.7,ahmedberatozer-v46-first-turn-microstructure,735c370383b70d3bf3aac792f2c147e0afc99166fc9f253ede10e8a030acedb6,v16_rc5,f029fa0cb66a9eb509afbe44e3f59b800332d0419db91607183410e4089c4d19,1525963489,1,121741,98214,1,0,0,DONE,DONE,719,719,33.754,74.398,1,,655,658
ba81da2b587caf9d,2026-10-02T06:19:15Z,kaggle-environments 1.32.7,ahmedberatozer-v46-first-turn-microstructure,735c370383b70d3bf3aac792f2c147e0afc99166fc9f253ede10e8a030acedb6,v16_rc5,f029fa0cb66a9eb509afbe44e3f59b800332d0419db91607183410e4089c4d19,1663058751,0,89257,51057,1,0,0,DONE,DONE,719,719,16.816,2.009,1,,657,658
ba81da2b587caf9d,2026-10-02T06:19:15Z,kaggle-environments 1.32.7,ahmedberatozer-v46-first-turn-microstructure,735c370383b70d3bf3aac792f2c147e0afc99166fc9f253ede10e8a030acedb6,v16_rc5,f029fa0cb66a9eb509afbe44e3f59b800332d0419db91607183410e4089c4d19,1663058751,1,89257,51057,1,0,0,DONE,DONE,719,719,44.963,2.593,1,,657,658
ba81da2b587caf9d,2026-10-02T06:19:15Z,kaggle-environments 1.32.7,ahmedberatozer-v49-funded-sale-timing,ed89be8cd96fe58ea5ca96c91bbeda28d928a5192ed926639fe6c43aea39b368,ahmedberatozer-v50-early-yarn-commit,044a26601be23816d397c51c22c4d86b938f8bac4b914f9bea1fbe38bac1e8a5,62857979,0,84377,84377,0,0,1,DONE,DONE,719,719,132.028,18.654,0,exact tie (duplicate-content signal),653,653
ba81da2b587caf9d,2026-10-02T06:19:15Z,kaggle-environments 1.32.7,ahmedberatozer-v49-funded-sale-timing,ed89be8cd96fe58ea5ca96c91bbeda28d928a5192ed926639fe6c43aea39b368,ahmedberatozer-v50-early-yarn-commit,044a26601be23816d397c51c22c4d86b938f8bac4b914f9bea1fbe38bac1e8a5,62857979,1,84377,84377,0,0,1,DONE,DONE,719,719,14.38,169.196,0,exact tie (duplicate-content signal),653,653
ba81da2b587caf9d,2026-10-02T06:19:15Z,kaggle-environments 1.32.7,ahmedberatozer-v49-funded-sale-timing,ed89be8cd96fe58ea5ca96c91bbeda28d928a5192ed926639fe6c43aea39b368,ahmedberatozer-v50-early-yarn-commit,044a26601be23816d397c51c22c4d86b938f8bac4b914f9bea1fbe38bac1e8a5,199441310,0,116393,116393,0,0,1,DONE,DONE,719,719,41.04,23.856,0,exact tie (duplicate-content signal),651,651
ba81da2b587caf9d,2026-10-02T06:19:15Z,kaggle-environments 1.32.7,ahmedberatozer-v49-funded-sale-timing,ed89be8cd96fe58ea5ca96c91bbeda28d928a5192ed926639fe6c43aea39b368,ahmedberatozer-v50-early-yarn-commit,044a26601be23816d397c51c22c4d86b938f8bac4b914f9bea1fbe38bac1e8a5,199441310,1,116393,116393,0,0,1,DONE,DONE,719,719,13.908,14.04,0,exact tie (duplicate-content signal),651,651
ba81da2b587caf9d,2026-10-02T06:19:15Z,kaggle-environments 1.32.7,ahmedberatozer-v49-funded-sale-timing,ed89be8cd96fe58ea5ca96c91bbeda28d928a5192ed926639fe6c43aea39b368,ahmedberatozer-v50-early-yarn-commit,044a26601be23816d397c51c22c4d86b938f8bac4b914f9bea1fbe38bac1e8a5,1152441257,0,141571,141571,0,0,1,DONE,DONE,719,719,88.195,16.846,0,exact tie (duplicate-content signal),656,656
ba81da2b587caf9d,2026-10-02T06:19:15Z,kaggle-environments 1.32.7,ahmedberatozer-v49-funded-sale-timing,ed89be8cd96fe58ea5ca96c91bbeda28d928a5192ed926639fe6c43aea39b368,ahmedberatozer-v50-early-yarn-commit,044a26601be23816d397c51c22c4d86b938f8bac4b914f9bea1fbe38bac1e8a5,1152441257,1,141571,141571,0,0,1,DONE,DONE,719,719,10.16,106.016,0,exact tie (duplicate-content signal),656,656
ba81da2b587caf9d,2026-10-02T06:19:15Z,kaggle-environments 1.32.7,ahmedberatozer-v49-funded-sale-timing,ed89be8cd96fe58ea5ca96c91bbeda28d928a5192ed926639fe6c43aea39b368,ahmedberatozer-v50-early-yarn-commit,044a26601be23816d397c51c22c4d86b938f8bac4b914f9bea1fbe38bac1e8a5,1184506355,0,71525,71525,0,0,1,DONE,DONE,719,719,12.936,12.861,0,exact tie (duplicate-content signal),635,635
ba81da2b587caf9d,2026-10-02T06:19:15Z,kaggle-environments 1.32.7,ahmedberatozer-v49-funded-sale-timing,ed89be8cd96fe58ea5ca96c91bbeda28d928a5192ed926639fe6c43aea39b368,ahmedberatozer-v50-early-yarn-commit,044a26601be23816d397c51c22c4d86b938f8bac4b914f9bea1fbe38bac1e8a5,1184506355,1,71525,71525,0,0,1,DONE,DONE,719,719,12.607,76.798,0,exact tie (duplicate-content signal),635,635
ba81da2b587caf9d,2026-10-02T06:19:15Z,kaggle-environments 1.32.7,ahmedberatozer-v49-funded-sale-timing,ed89be8cd96fe58ea5ca96c91bbeda28d928a5192ed926639fe6c43aea39b368,ahmedberatozer-v50-early-yarn-commit,044a26601be23816d397c51c22c4d86b938f8bac4b914f9bea1fbe38bac1e8a5,1479510883,0,110847,110847,0,0,1,DONE,DONE,719,719,77.645,20.287,0,exact tie (duplicate-content signal),651,651
ba81da2b587caf9d,2026-10-02T06:19:15Z,kaggle-environments 1.32.7,ahmedberatozer-v49-funded-sale-timing,ed89be8cd96fe58ea5ca96c91bbeda28d928a5192ed926639fe6c43aea39b368,ahmedberatozer-v50-early-yarn-commit,044a26601be23816d397c51c22c4d86b938f8bac4b914f9bea1fbe38bac1e8a5,1479510883,1,110847,110847,0,0,1,DONE,DONE,719,719,21.842,106.139,0,exact tie (duplicate-content signal),651,651
ba81da2b587caf9d,2026-10-02T06:19:15Z,kaggle-environments 1.32.7,ahmedberatozer-v49-funded-sale-timing,ed89be8cd96fe58ea5ca96c91bbeda28d928a5192ed926639fe6c43aea39b368,ahmedberatozer-v50-early-yarn-commit,044a26601be23816d397c51c22c4d86b938f8bac4b914f9bea1fbe38bac1e8a5,1493838340,0,73961,73961,0,0,1,DONE,DONE,719,719,38.376,25.083,0,exact tie (duplicate-content signal),654,654
ba81da2b587caf9d,2026-10-02T06:19:15Z,kaggle-environments 1.32.7,ahmedberatozer-v49-funded-sale-timing,ed89be8cd96fe58ea5ca96c91bbeda28d928a5192ed926639fe6c43aea39b368,ahmedberatozer-v50-early-yarn-commit,044a26601be23816d397c51c22c4d86b938f8bac4b914f9bea1fbe38bac1e8a5,1493838340,1,73961,73961,0,0,1,DONE,DONE,719,719,22.056,177.14,0,exact tie (duplicate-content signal),654,654
ba81da2b587caf9d,2026-10-02T06:19:15Z,kaggle-environments 1.32.7,ahmedberatozer-v49-funded-sale-timing,ed89be8cd96fe58ea5ca96c91bbeda28d928a5192ed926639fe6c43aea39b368,ahmedberatozer-v50-early-yarn-commit,044a26601be23816d397c51c22c4d86b938f8bac4b914f9bea1fbe38bac1e8a5,1525963489,0,125681,125681,0,0,1,DONE,DONE,719,719,30.342,28.389,0,exact tie (duplicate-content signal),656,656
ba81da2b587caf9d,2026-10-02T06:19:15Z,kaggle-environments 1.32.7,ahmedberatozer-v49-funded-sale-timing,ed89be8cd96fe58ea5ca96c91bbeda28d928a5192ed926639fe6c43aea39b368,ahmedberatozer-v50-early-yarn-commit,044a26601be23816d397c51c22c4d86b938f8bac4b914f9bea1fbe38bac1e8a5,1525963489,1,125681,125681,0,0,1,DONE,DONE,719,719,34.053,29.287,0,exact tie (duplicate-content signal),656,656
ba81da2b587caf9d,2026-10-02T06:19:15Z,kaggle-environments 1.32.7,ahmedberatozer-v49-funded-sale-timing,ed89be8cd96fe58ea5ca96c91bbeda28d928a5192ed926639fe6c43aea39b368,ahmedberatozer-v50-early-yarn-commit,044a26601be23816d397c51c22c4d86b938f8bac4b914f9bea1fbe38bac1e8a5,1663058751,0,92705,92705,0,0,1,DONE,DONE,719,719,86.941,14.644,0,exact tie (duplicate-content signal),655,655
ba81da2b587caf9d,2026-10-02T06:19:15Z,kaggle-environments 1.32.7,ahmedberatozer-v49-funded-sale-timing,ed89be8cd96fe58ea5ca96c91bbeda28d928a5192ed926639fe6c43aea39b368,ahmedberatozer-v50-early-yarn-commit,044a26601be23816d397c51c22c4d86b938f8bac4b914f9bea1fbe38bac1e8a5,1663058751,1,92705,92705,0,0,1,DONE,DONE,719,719,113.509,95.435,0,exact tie (duplicate-content signal),655,655
ba81da2b587caf9d,2026-10-02T06:19:15Z,kaggle-environments 1.32.7,v16_rc5,f029fa0cb66a9eb509afbe44e3f59b800332d0419db91607183410e4089c4d19,barnyard_v7,997e6bfc5234534e246e945bc61c87858ebf997ab85b0a5c9427dd4ed710f1b6,62857979,0,66863,44807,1,0,0,DONE,DONE,719,719,0.451,0.482,1,,658,548
ba81da2b587caf9d,2026-10-02T06:19:15Z,kaggle-environments 1.32.7,v16_rc5,f029fa0cb66a9eb509afbe44e3f59b800332d0419db91607183410e4089c4d19,barnyard_v7,997e6bfc5234534e246e945bc61c87858ebf997ab85b0a5c9427dd4ed710f1b6,62857979,1,66863,44807,1,0,0,DONE,DONE,719,719,18.899,0.964,1,,658,548
ba81da2b587caf9d,2026-10-02T06:19:15Z,kaggle-environments 1.32.7,v16_rc5,f029fa0cb66a9eb509afbe44e3f59b800332d0419db91607183410e4089c4d19,barnyard_v7,997e6bfc5234534e246e945bc61c87858ebf997ab85b0a5c9427dd4ed710f1b6,199441310,0,93780,74921,1,0,0,DONE,DONE,719,719,2.117,1.243,1,,658,548
ba81da2b587caf9d,2026-10-02T06:19:15Z,kaggle-environments 1.32.7,v16_rc5,f029fa0cb66a9eb509afbe44e3f59b800332d0419db91607183410e4089c4d19,barnyard_v7,997e6bfc5234534e246e945bc61c87858ebf997ab85b0a5c9427dd4ed710f1b6,199441310,1,93780,74921,1,0,0,DONE,DONE,719,719,0.234,1.163,1,,658,548
ba81da2b587caf9d,2026-10-02T06:19:15Z,kaggle-environments 1.32.7,v16_rc5,f029fa0cb66a9eb509afbe44e3f59b800332d0419db91607183410e4089c4d19,barnyard_v7,997e6bfc5234534e246e945bc61c87858ebf997ab85b0a5c9427dd4ed710f1b6,1152441257,0,97656,79792,1,0,0,DONE,DONE,719,719,0.328,0.288,1,,658,548
ba81da2b587caf9d,2026-10-02T06:19:15Z,kaggle-environments 1.32.7,v16_rc5,f029fa0cb66a9eb509afbe44e3f59b800332d0419db91607183410e4089c4d19,barnyard_v7,997e6bfc5234534e246e945bc61c87858ebf997ab85b0a5c9427dd4ed710f1b6,1152441257,1,97656,79792,1,0,0,DONE,DONE,719,719,0.539,21.377,1,,658,548
ba81da2b587caf9d,2026-10-02T06:19:15Z,kaggle-environments 1.32.7,v16_rc5,f029fa0cb66a9eb509afbe44e3f59b800332d0419db91607183410e4089c4d19,barnyard_v7,997e6bfc5234534e246e945bc61c87858ebf997ab85b0a5c9427dd4ed710f1b6,1184506355,0,78894,64797,1,0,0,DONE,DONE,719,719,0.359,0.328,1,,658,548
ba81da2b587caf9d,2026-10-02T06:19:15Z,kaggle-environments 1.32.7,v16_rc5,f029fa0cb66a9eb509afbe44e3f59b800332d0419db91607183410e4089c4d19,barnyard_v7,997e6bfc5234534e246e945bc61c87858ebf997ab85b0a5c9427dd4ed710f1b6,1184506355,1,78894,64797,1,0,0,DONE,DONE,719,719,0.946,1.532,1,,658,548
ba81da2b587caf9d,2026-10-02T06:19:15Z,kaggle-environments 1.32.7,v16_rc5,f029fa0cb66a9eb509afbe44e3f59b800332d0419db91607183410e4089c4d19,barnyard_v7,997e6bfc5234534e246e945bc61c87858ebf997ab85b0a5c9427dd4ed710f1b6,1479510883,0,117021,98546,1,0,0,DONE,DONE,719,719,0.334,0.512,1,,658,548
ba81da2b587caf9d,2026-10-02T06:19:15Z,kaggle-environments 1.32.7,v16_rc5,f029fa0cb66a9eb509afbe44e3f59b800332d0419db91607183410e4089c4d19,barnyard_v7,997e6bfc5234534e246e945bc61c87858ebf997ab85b0a5c9427dd4ed710f1b6,1479510883,1,117021,98546,1,0,0,DONE,DONE,719,719,0.218,0.205,1,,658,548
ba81da2b587caf9d,2026-10-02T06:19:15Z,kaggle-environments 1.32.7,v16_rc5,f029fa0cb66a9eb509afbe44e3f59b800332d0419db91607183410e4089c4d19,barnyard_v7,997e6bfc5234534e246e945bc61c87858ebf997ab85b0a5c9427dd4ed710f1b6,1493838340,0,108482,89562,1,0,0,DONE,DONE,719,719,0.387,0.356,1,,658,548
ba81da2b587caf9d,2026-10-02T06:19:15Z,kaggle-environments 1.32.7,v16_rc5,f029fa0cb66a9eb509afbe44e3f59b800332d0419db91607183410e4089c4d19,barnyard_v7,997e6bfc5234534e246e945bc61c87858ebf997ab85b0a5c9427dd4ed710f1b6,1493838340,1,108482,89562,1,0,0,DONE,DONE,719,719,1.049,16.618,1,,658,548
ba81da2b587caf9d,2026-10-02T06:19:15Z,kaggle-environments 1.32.7,v16_rc5,f029fa0cb66a9eb509afbe44e3f59b800332d0419db91607183410e4089c4d19,barnyard_v7,997e6bfc5234534e246e945bc61c87858ebf997ab85b0a5c9427dd4ed710f1b6,1525963489,0,135092,117289,1,0,0,DONE,DONE,719,719,0.424,0.368,1,,658,548
ba81da2b587caf9d,2026-10-02T06:19:15Z,kaggle-environments 1.32.7,v16_rc5,f029fa0cb66a9eb509afbe44e3f59b800332d0419db91607183410e4089c4d19,barnyard_v7,997e6bfc5234534e246e945bc61c87858ebf997ab85b0a5c9427dd4ed710f1b6,1525963489,1,135092,117289,1,0,0,DONE,DONE,719,719,18.086,0.43,1,,658,548
ba81da2b587caf9d,2026-10-02T06:19:15Z,kaggle-environments 1.32.7,v16_rc5,f029fa0cb66a9eb509afbe44e3f59b800332d0419db91607183410e4089c4d19,barnyard_v7,997e6bfc5234534e246e945bc61c87858ebf997ab85b0a5c9427dd4ed710f1b6,1663058751,0,54143,37346,1,0,0,DONE,DONE,719,719,0.306,17.823,1,,658,548
ba81da2b587caf9d,2026-10-02T06:19:15Z,kaggle-environments 1.32.7,v16_rc5,f029fa0cb66a9eb509afbe44e3f59b800332d0419db91607183410e4089c4d19,barnyard_v7,997e6bfc5234534e246e945bc61c87858ebf997ab85b0a5c9427dd4ed710f1b6,1663058751,1,54143,37346,1,0,0,DONE,DONE,719,719,0.219,12.902,1,,658,548
ba81da2b587caf9d,2026-10-02T06:19:24Z,kaggle-environments 1.32.7,ahmedberatozer-v43-recovering-lost-harvests,3abe0ca715ba18647c138d0c28f59f34371e1ea28d4378e290ab33760d2c12dc,ahmedberatozer-v49-funded-sale-timing,ed89be8cd96fe58ea5ca96c91bbeda28d928a5192ed926639fe6c43aea39b368,62857979,0,78989,84788,0,1,0,DONE,DONE,719,719,9.117,9.47,1,,651,653
ba81da2b587caf9d,2026-10-02T06:19:24Z,kaggle-environments 1.32.7,ahmedberatozer-v43-recovering-lost-harvests,3abe0ca715ba18647c138d0c28f59f34371e1ea28d4378e290ab33760d2c12dc,ahmedberatozer-v49-funded-sale-timing,ed89be8cd96fe58ea5ca96c91bbeda28d928a5192ed926639fe6c43aea39b368,62857979,1,78989,84788,0,1,0,DONE,DONE,719,719,10.16,87.399,1,,651,653
ba81da2b587caf9d,2026-10-02T06:19:24Z,kaggle-environments 1.32.7,ahmedberatozer-v43-recovering-lost-harvests,3abe0ca715ba18647c138d0c28f59f34371e1ea28d4378e290ab33760d2c12dc,ahmedberatozer-v49-funded-sale-timing,ed89be8cd96fe58ea5ca96c91bbeda28d928a5192ed926639fe6c43aea39b368,199441310,0,114974,115781,0,1,0,DONE,DONE,719,719,44.397,14.341,1,,654,654
ba81da2b587caf9d,2026-10-02T06:19:24Z,kaggle-environments 1.32.7,ahmedberatozer-v43-recovering-lost-harvests,3abe0ca715ba18647c138d0c28f59f34371e1ea28d4378e290ab33760d2c12dc,ahmedberatozer-v49-funded-sale-timing,ed89be8cd96fe58ea5ca96c91bbeda28d928a5192ed926639fe6c43aea39b368,199441310,1,114974,115781,0,1,0,DONE,DONE,719,719,24.959,50.905,1,,654,654
ba81da2b587caf9d,2026-10-02T06:19:24Z,kaggle-environments 1.32.7,ahmedberatozer-v43-recovering-lost-harvests,3abe0ca715ba18647c138d0c28f59f34371e1ea28d4378e290ab33760d2c12dc,ahmedberatozer-v49-funded-sale-timing,ed89be8cd96fe58ea5ca96c91bbeda28d928a5192ed926639fe6c43aea39b368,1152441257,0,136910,147456,0,1,0,DONE,DONE,719,719,129.327,10.051,1,,656,656
ba81da2b587caf9d,2026-10-02T06:19:24Z,kaggle-environments 1.32.7,ahmedberatozer-v43-recovering-lost-harvests,3abe0ca715ba18647c138d0c28f59f34371e1ea28d4378e290ab33760d2c12dc,ahmedberatozer-v49-funded-sale-timing,ed89be8cd96fe58ea5ca96c91bbeda28d928a5192ed926639fe6c43aea39b368,1152441257,1,136910,147456,0,1,0,DONE,DONE,719,719,10.361,74.189,1,,656,656
ba81da2b587caf9d,2026-10-02T06:19:24Z,kaggle-environments 1.32.7,ahmedberatozer-v43-recovering-lost-harvests,3abe0ca715ba18647c138d0c28f59f34371e1ea28d4378e290ab33760d2c12dc,ahmedberatozer-v49-funded-sale-timing,ed89be8cd96fe58ea5ca96c91bbeda28d928a5192ed926639fe6c43aea39b368,1184506355,0,70017,74000,0,1,0,DONE,DONE,719,719,24.433,109.445,1,,637,637
ba81da2b587caf9d,2026-10-02T06:19:24Z,kaggle-environments 1.32.7,ahmedberatozer-v43-recovering-lost-harvests,3abe0ca715ba18647c138d0c28f59f34371e1ea28d4378e290ab33760d2c12dc,ahmedberatozer-v49-funded-sale-timing,ed89be8cd96fe58ea5ca96c91bbeda28d928a5192ed926639fe6c43aea39b368,1184506355,1,70017,74000,0,1,0,DONE,DONE,719,719,16.325,47.32,1,,637,637
ba81da2b587caf9d,2026-10-02T06:19:24Z,kaggle-environments 1.32.7,ahmedberatozer-v43-recovering-lost-harvests,3abe0ca715ba18647c138d0c28f59f34371e1ea28d4378e290ab33760d2c12dc,ahmedberatozer-v49-funded-sale-timing,ed89be8cd96fe58ea5ca96c91bbeda28d928a5192ed926639fe6c43aea39b368,1479510883,0,109995,113574,0,1,0,DONE,DONE,719,719,33.156,207.594,1,,651,651
ba81da2b587caf9d,2026-10-02T06:19:24Z,kaggle-environments 1.32.7,ahmedberatozer-v43-recovering-lost-harvests,3abe0ca715ba18647c138d0c28f59f34371e1ea28d4378e290ab33760d2c12dc,ahmedberatozer-v49-funded-sale-timing,ed89be8cd96fe58ea5ca96c91bbeda28d928a5192ed926639fe6c43aea39b368,1479510883,1,109995,113574,0,1,0,DONE,DONE,719,719,30.005,24.971,1,,651,651
ba81da2b587caf9d,2026-10-02T06:19:24Z,kaggle-environments 1.32.7,ahmedberatozer-v43-recovering-lost-harvests,3abe0ca715ba18647c138d0c28f59f34371e1ea28d4378e290ab33760d2c12dc,ahmedberatozer-v49-funded-sale-timing,ed89be8cd96fe58ea5ca96c91bbeda28d928a5192ed926639fe6c43aea39b368,1493838340,0,71448,75714,0,1,0,DONE,DONE,719,719,16.663,14.182,1,,655,655
ba81da2b587caf9d,2026-10-02T06:19:24Z,kaggle-environments 1.32.7,ahmedberatozer-v43-recovering-lost-harvests,3abe0ca715ba18647c138d0c28f59f34371e1ea28d4378e290ab33760d2c12dc,ahmedberatozer-v49-funded-sale-timing,ed89be8cd96fe58ea5ca96c91bbeda28d928a5192ed926639fe6c43aea39b368,1493838340,1,71448,75714,0,1,0,DONE,DONE,719,719,16.693,117.866,1,,655,655
ba81da2b587caf9d,2026-10-02T06:19:24Z,kaggle-environments 1.32.7,ahmedberatozer-v43-recovering-lost-harvests,3abe0ca715ba18647c138d0c28f59f34371e1ea28d4378e290ab33760d2c12dc,ahmedberatozer-v49-funded-sale-timing,ed89be8cd96fe58ea5ca96c91bbeda28d928a5192ed926639fe6c43aea39b368,1525963489,0,126492,127285,0,1,0,DONE,DONE,719,719,32.962,26.242,1,,656,656
ba81da2b587caf9d,2026-10-02T06:19:24Z,kaggle-environments 1.32.7,ahmedberatozer-v43-recovering-lost-harvests,3abe0ca715ba18647c138d0c28f59f34371e1ea28d4378e290ab33760d2c12dc,ahmedberatozer-v49-funded-sale-timing,ed89be8cd96fe58ea5ca96c91bbeda28d928a5192ed926639fe6c43aea39b368,1525963489,1,126492,127285,0,1,0,DONE,DONE,719,719,16.462,63.574,1,,656,656
ba81da2b587caf9d,2026-10-02T06:19:24Z,kaggle-environments 1.32.7,ahmedberatozer-v43-recovering-lost-harvests,3abe0ca715ba18647c138d0c28f59f34371e1ea28d4378e290ab33760d2c12dc,ahmedberatozer-v49-funded-sale-timing,ed89be8cd96fe58ea5ca96c91bbeda28d928a5192ed926639fe6c43aea39b368,1663058751,0,82102,94348,0,1,0,DONE,DONE,719,719,28.726,108.967,1,,653,654
ba81da2b587caf9d,2026-10-02T06:19:24Z,kaggle-environments 1.32.7,ahmedberatozer-v43-recovering-lost-harvests,3abe0ca715ba18647c138d0c28f59f34371e1ea28d4378e290ab33760d2c12dc,ahmedberatozer-v49-funded-sale-timing,ed89be8cd96fe58ea5ca96c91bbeda28d928a5192ed926639fe6c43aea39b368,1663058751,1,82102,94348,0,1,0,DONE,DONE,719,719,28.48,143.427,1,,653,654
ba81da2b587caf9d,2026-10-02T06:19:24Z,kaggle-environments 1.32.7,ahmedberatozer-v44-winning-the-same-turn-sale-race,fe370bd8a9d0f3770e61cff4d9e60e19198e058a0fa1fb0adeb873a9d89c6640,ahmedberatozer-v50-early-yarn-commit,044a26601be23816d397c51c22c4d86b938f8bac4b914f9bea1fbe38bac1e8a5,62857979,0,78587,84592,0,1,0,DONE,DONE,719,719,66.336,15.371,1,,651,653
ba81da2b587caf9d,2026-10-02T06:19:24Z,kaggle-environments 1.32.7,ahmedberatozer-v44-winning-the-same-turn-sale-race,fe370bd8a9d0f3770e61cff4d9e60e19198e058a0fa1fb0adeb873a9d89c6640,ahmedberatozer-v50-early-yarn-commit,044a26601be23816d397c51c22c4d86b938f8bac4b914f9bea1fbe38bac1e8a5,62857979,1,78587,84592,0,1,0,DONE,DONE,719,719,10.899,10.638,1,,651,653
ba81da2b587caf9d,2026-10-02T06:19:24Z,kaggle-environments 1.32.7,ahmedberatozer-v44-winning-the-same-turn-sale-race,fe370bd8a9d0f3770e61cff4d9e60e19198e058a0fa1fb0adeb873a9d89c6640,ahmedberatozer-v50-early-yarn-commit,044a26601be23816d397c51c22c4d86b938f8bac4b914f9bea1fbe38bac1e8a5,199441310,0,114796,116191,0,1,0,DONE,DONE,719,719,43.625,96.121,1,,652,652
ba81da2b587caf9d,2026-10-02T06:19:24Z,kaggle-environments 1.32.7,ahmedberatozer-v44-winning-the-same-turn-sale-race,fe370bd8a9d0f3770e61cff4d9e60e19198e058a0fa1fb0adeb873a9d89c6640,ahmedberatozer-v50-early-yarn-commit,044a26601be23816d397c51c22c4d86b938f8bac4b914f9bea1fbe38bac1e8a5,199441310,1,114796,116191,0,1,0,DONE,DONE,719,719,16.471,55.024,1,,652,652
ba81da2b587caf9d,2026-10-02T06:19:24Z,kaggle-environments 1.32.7,ahmedberatozer-v44-winning-the-same-turn-sale-race,fe370bd8a9d0f3770e61cff4d9e60e19198e058a0fa1fb0adeb873a9d89c6640,ahmedberatozer-v50-early-yarn-commit,044a26601be23816d397c51c22c4d86b938f8bac4b914f9bea1fbe38bac1e8a5,1152441257,0,136344,146769,0,1,0,DONE,DONE,719,719,30.594,20.88,1,,656,656
ba81da2b587caf9d,2026-10-02T06:19:24Z,kaggle-environments 1.32.7,ahmedberatozer-v44-winning-the-same-turn-sale-race,fe370bd8a9d0f3770e61cff4d9e60e19198e058a0fa1fb0adeb873a9d89c6640,ahmedberatozer-v50-early-yarn-commit,044a26601be23816d397c51c22c4d86b938f8bac4b914f9bea1fbe38bac1e8a5,1152441257,1,136344,146769,0,1,0,DONE,DONE,719,719,19.909,18.858,1,,656,656
ba81da2b587caf9d,2026-10-02T06:19:24Z,kaggle-environments 1.32.7,ahmedberatozer-v44-winning-the-same-turn-sale-race,fe370bd8a9d0f3770e61cff4d9e60e19198e058a0fa1fb0adeb873a9d89c6640,ahmedberatozer-v50-early-yarn-commit,044a26601be23816d397c51c22c4d86b938f8bac4b914f9bea1fbe38bac1e8a5,1184506355,0,69293,73374,0,1,0,DONE,DONE,719,719,15.963,110.418,1,,637,637
ba81da2b587caf9d,2026-10-02T06:19:24Z,kaggle-environments 1.32.7,ahmedberatozer-v44-winning-the-same-turn-sale-race,fe370bd8a9d0f3770e61cff4d9e60e19198e058a0fa1fb0adeb873a9d89c6640,ahmedberatozer-v50-early-yarn-commit,044a26601be23816d397c51c22c4d86b938f8bac4b914f9bea1fbe38bac1e8a5,1184506355,1,69293,73374,0,1,0,DONE,DONE,719,719,16.238,12.968,1,,637,637
ba81da2b587caf9d,2026-10-02T06:19:24Z,kaggle-environments 1.32.7,ahmedberatozer-v44-winning-the-same-turn-sale-race,fe370bd8a9d0f3770e61cff4d9e60e19198e058a0fa1fb0adeb873a9d89c6640,ahmedberatozer-v50-early-yarn-commit,044a26601be23816d397c51c22c4d86b938f8bac4b914f9bea1fbe38bac1e8a5,1479510883,0,109783,113007,0,1,0,DONE,DONE,719,719,145.772,13.773,1,,651,651
ba81da2b587caf9d,2026-10-02T06:19:24Z,kaggle-environments 1.32.7,ahmedberatozer-v44-winning-the-same-turn-sale-race,fe370bd8a9d0f3770e61cff4d9e60e19198e058a0fa1fb0adeb873a9d89c6640,ahmedberatozer-v50-early-yarn-commit,044a26601be23816d397c51c22c4d86b938f8bac4b914f9bea1fbe38bac1e8a5,1479510883,1,109783,113007,0,1,0,DONE,DONE,719,719,29.217,163.133,1,,651,651
ba81da2b587caf9d,2026-10-02T06:19:24Z,kaggle-environments 1.32.7,ahmedberatozer-v44-winning-the-same-turn-sale-race,fe370bd8a9d0f3770e61cff4d9e60e19198e058a0fa1fb0adeb873a9d89c6640,ahmedberatozer-v50-early-yarn-commit,044a26601be23816d397c51c22c4d86b938f8bac4b914f9bea1fbe38bac1e8a5,1493838340,0,71589,75195,0,1,0,DONE,DONE,719,719,70.326,14.328,1,,655,655
ba81da2b587caf9d,2026-10-02T06:19:24Z,kaggle-environments 1.32.7,ahmedberatozer-v44-winning-the-same-turn-sale-race,fe370bd8a9d0f3770e61cff4d9e60e19198e058a0fa1fb0adeb873a9d89c6640,ahmedberatozer-v50-early-yarn-commit,044a26601be23816d397c51c22c4d86b938f8bac4b914f9bea1fbe38bac1e8a5,1493838340,1,71589,75195,0,1,0,DONE,DONE,719,719,28.298,23.834,1,,655,655
ba81da2b587caf9d,2026-10-02T06:19:24Z,kaggle-environments 1.32.7,ahmedberatozer-v44-winning-the-same-turn-sale-race,fe370bd8a9d0f3770e61cff4d9e60e19198e058a0fa1fb0adeb873a9d89c6640,ahmedberatozer-v50-early-yarn-commit,044a26601be23816d397c51c22c4d86b938f8bac4b914f9bea1fbe38bac1e8a5,1525963489,0,125555,126244,0,1,0,DONE,DONE,719,719,143.717,32.16,1,,656,656
ba81da2b587caf9d,2026-10-02T06:19:24Z,kaggle-environments 1.32.7,ahmedberatozer-v44-winning-the-same-turn-sale-race,fe370bd8a9d0f3770e61cff4d9e60e19198e058a0fa1fb0adeb873a9d89c6640,ahmedberatozer-v50-early-yarn-commit,044a26601be23816d397c51c22c4d86b938f8bac4b914f9bea1fbe38bac1e8a5,1525963489,1,125555,126244,0,1,0,DONE,DONE,719,719,29.632,146.316,1,,656,656
ba81da2b587caf9d,2026-10-02T06:19:24Z,kaggle-environments 1.32.7,ahmedberatozer-v44-winning-the-same-turn-sale-race,fe370bd8a9d0f3770e61cff4d9e60e19198e058a0fa1fb0adeb873a9d89c6640,ahmedberatozer-v50-early-yarn-commit,044a26601be23816d397c51c22c4d86b938f8bac4b914f9bea1fbe38bac1e8a5,1663058751,0,82102,94348,0,1,0,DONE,DONE,719,719,38.106,30.449,1,,653,654
ba81da2b587caf9d,2026-10-02T06:19:24Z,kaggle-environments 1.32.7,ahmedberatozer-v44-winning-the-same-turn-sale-race,fe370bd8a9d0f3770e61cff4d9e60e19198e058a0fa1fb0adeb873a9d89c6640,ahmedberatozer-v50-early-yarn-commit,044a26601be23816d397c51c22c4d86b938f8bac4b914f9bea1fbe38bac1e8a5,1663058751,1,82102,94348,0,1,0,DONE,DONE,719,719,25.721,69.079,1,,653,654
ba81da2b587caf9d,2026-10-02T06:19:24Z,kaggle-environments 1.32.7,ahmedberatozer-v46-first-turn-microstructure,735c370383b70d3bf3aac792f2c147e0afc99166fc9f253ede10e8a030acedb6,v38_feed,a2047ebd8ca5720221e1421529655d9c67a7b2fedb74e874c7d3c55a8970ac7e,62857979,0,80943,78598,1,0,0,DONE,DONE,719,719,10.434,9.112,1,,651,653
ba81da2b587caf9d,2026-10-02T06:19:24Z,kaggle-environments 1.32.7,ahmedberatozer-v46-first-turn-microstructure,735c370383b70d3bf3aac792f2c147e0afc99166fc9f253ede10e8a030acedb6,v38_feed,a2047ebd8ca5720221e1421529655d9c67a7b2fedb74e874c7d3c55a8970ac7e,62857979,1,80943,78598,1,0,0,DONE,DONE,719,719,10.309,86.509,1,,651,653
ba81da2b587caf9d,2026-10-02T06:19:24Z,kaggle-environments 1.32.7,ahmedberatozer-v46-first-turn-microstructure,735c370383b70d3bf3aac792f2c147e0afc99166fc9f253ede10e8a030acedb6,v38_feed,a2047ebd8ca5720221e1421529655d9c67a7b2fedb74e874c7d3c55a8970ac7e,199441310,0,116173,114551,1,0,0,DONE,DONE,719,719,84.849,18.984,1,,654,654
ba81da2b587caf9d,2026-10-02T06:19:24Z,kaggle-environments 1.32.7,ahmedberatozer-v46-first-turn-microstructure,735c370383b70d3bf3aac792f2c147e0afc99166fc9f253ede10e8a030acedb6,v38_feed,a2047ebd8ca5720221e1421529655d9c67a7b2fedb74e874c7d3c55a8970ac7e,199441310,1,116173,114551,1,0,0,DONE,DONE,719,719,207.177,81.196,1,,654,654
ba81da2b587caf9d,2026-10-02T06:19:24Z,kaggle-environments 1.32.7,ahmedberatozer-v46-first-turn-microstructure,735c370383b70d3bf3aac792f2c147e0afc99166fc9f253ede10e8a030acedb6,v38_feed,a2047ebd8ca5720221e1421529655d9c67a7b2fedb74e874c7d3c55a8970ac7e,1152441257,0,140498,139489,1,0,0,DONE,DONE,719,719,35.008,4.66,1,,656,656
ba81da2b587caf9d,2026-10-02T06:19:24Z,kaggle-environments 1.32.7,ahmedberatozer-v46-first-turn-microstructure,735c370383b70d3bf3aac792f2c147e0afc99166fc9f253ede10e8a030acedb6,v38_feed,a2047ebd8ca5720221e1421529655d9c67a7b2fedb74e874c7d3c55a8970ac7e,1152441257,1,140498,139489,1,0,0,DONE,DONE,719,719,90.979,158.615,1,,656,656
ba81da2b587caf9d,2026-10-02T06:19:24Z,kaggle-environments 1.32.7,ahmedberatozer-v46-first-turn-microstructure,735c370383b70d3bf3aac792f2c147e0afc99166fc9f253ede10e8a030acedb6,v38_feed,a2047ebd8ca5720221e1421529655d9c67a7b2fedb74e874c7d3c55a8970ac7e,1184506355,0,72657,68952,1,0,0,DONE,DONE,719,719,239.657,31.153,1,,637,640
ba81da2b587caf9d,2026-10-02T06:19:24Z,kaggle-environments 1.32.7,ahmedberatozer-v46-first-turn-microstructure,735c370383b70d3bf3aac792f2c147e0afc99166fc9f253ede10e8a030acedb6,v38_feed,a2047ebd8ca5720221e1421529655d9c67a7b2fedb74e874c7d3c55a8970ac7e,1184506355,1,72657,68952,1,0,0,DONE,DONE,719,719,27.422,268.623,1,,637,640
ba81da2b587caf9d,2026-10-02T06:19:24Z,kaggle-environments 1.32.7,ahmedberatozer-v46-first-turn-microstructure,735c370383b70d3bf3aac792f2c147e0afc99166fc9f253ede10e8a030acedb6,v38_feed,a2047ebd8ca5720221e1421529655d9c67a7b2fedb74e874c7d3c55a8970ac7e,1479510883,0,113054,110264,1,0,0,DONE,DONE,719,719,126.003,18.832,1,,651,651
ba81da2b587caf9d,2026-10-02T06:19:24Z,kaggle-environments 1.32.7,ahmedberatozer-v46-first-turn-microstructure,735c370383b70d3bf3aac792f2c147e0afc99166fc9f253ede10e8a030acedb6,v38_feed,a2047ebd8ca5720221e1421529655d9c67a7b2fedb74e874c7d3c55a8970ac7e,1479510883,1,113054,110264,1,0,0,DONE,DONE,719,719,31.832,40.35,1,,651,651
ba81da2b587caf9d,2026-10-02T06:19:24Z,kaggle-environments 1.32.7,ahmedberatozer-v46-first-turn-microstructure,735c370383b70d3bf3aac792f2c147e0afc99166fc9f253ede10e8a030acedb6,v38_feed,a2047ebd8ca5720221e1421529655d9c67a7b2fedb74e874c7d3c55a8970ac7e,1493838340,0,74504,69849,1,0,0,DONE,DONE,719,719,30.709,32.503,1,,654,657
ba81da2b587caf9d,2026-10-02T06:19:24Z,kaggle-environments 1.32.7,ahmedberatozer-v46-first-turn-microstructure,735c370383b70d3bf3aac792f2c147e0afc99166fc9f253ede10e8a030acedb6,v38_feed,a2047ebd8ca5720221e1421529655d9c67a7b2fedb74e874c7d3c55a8970ac7e,1493838340,1,74504,69849,1,0,0,DONE,DONE,719,719,209.483,34.391,1,,654,657
ba81da2b587caf9d,2026-10-02T06:19:24Z,kaggle-environments 1.32.7,ahmedberatozer-v46-first-turn-microstructure,735c370383b70d3bf3aac792f2c147e0afc99166fc9f253ede10e8a030acedb6,v38_feed,a2047ebd8ca5720221e1421529655d9c67a7b2fedb74e874c7d3c55a8970ac7e,1525963489,0,129127,126445,1,0,0,DONE,DONE,719,719,220.575,30.784,1,,656,656
ba81da2b587caf9d,2026-10-02T06:19:24Z,kaggle-environments 1.32.7,ahmedberatozer-v46-first-turn-microstructure,735c370383b70d3bf3aac792f2c147e0afc99166fc9f253ede10e8a030acedb6,v38_feed,a2047ebd8ca5720221e1421529655d9c67a7b2fedb74e874c7d3c55a8970ac7e,1525963489,1,129127,126445,1,0,0,DONE,DONE,719,719,26.942,34.879,1,,656,656
ba81da2b587caf9d,2026-10-02T06:19:24Z,kaggle-environments 1.32.7,ahmedberatozer-v46-first-turn-microstructure,735c370383b70d3bf3aac792f2c147e0afc99166fc9f253ede10e8a030acedb6,v38_feed,a2047ebd8ca5720221e1421529655d9c67a7b2fedb74e874c7d3c55a8970ac7e,1663058751,0,83176,82699,1,0,0,DONE,DONE,719,719,164.198,33.403,1,,653,654
ba81da2b587caf9d,2026-10-02T06:19:24Z,kaggle-environments 1.32.7,ahmedberatozer-v46-first-turn-microstructure,735c370383b70d3bf3aac792f2c147e0afc99166fc9f253ede10e8a030acedb6,v38_feed,a2047ebd8ca5720221e1421529655d9c67a7b2fedb74e874c7d3c55a8970ac7e,1663058751,1,83176,82699,1,0,0,DONE,DONE,719,719,103.713,18.906,1,,653,654
ba81da2b587caf9d,2026-10-02T06:19:24Z,kaggle-environments 1.32.7,ahmedberatozer-v49-funded-sale-timing,ed89be8cd96fe58ea5ca96c91bbeda28d928a5192ed926639fe6c43aea39b368,v16_rc5,f029fa0cb66a9eb509afbe44e3f59b800332d0419db91607183410e4089c4d19,62857979,0,93316,69230,1,0,0,DONE,DONE,719,719,80.668,1.382,1,,649,658
ba81da2b587caf9d,2026-10-02T06:19:24Z,kaggle-environments 1.32.7,ahmedberatozer-v49-funded-sale-timing,ed89be8cd96fe58ea5ca96c91bbeda28d928a5192ed926639fe6c43aea39b368,v16_rc5,f029fa0cb66a9eb509afbe44e3f59b800332d0419db91607183410e4089c4d19,62857979,1,93316,69230,1,0,0,DONE,DONE,719,719,48.561,4.068,1,,649,658
ba81da2b587caf9d,2026-10-02T06:19:24Z,kaggle-environments 1.32.7,ahmedberatozer-v49-funded-sale-timing,ed89be8cd96fe58ea5ca96c91bbeda28d928a5192ed926639fe6c43aea39b368,v16_rc5,f029fa0cb66a9eb509afbe44e3f59b800332d0419db91607183410e4089c4d19,199441310,0,139932,121366,1,0,0,DONE,DONE,719,719,16.771,1.917,1,,655,658
ba81da2b587caf9d,2026-10-02T06:19:24Z,kaggle-environments 1.32.7,ahmedberatozer-v49-funded-sale-timing,ed89be8cd96fe58ea5ca96c91bbeda28d928a5192ed926639fe6c43aea39b368,v16_rc5,f029fa0cb66a9eb509afbe44e3f59b800332d0419db91607183410e4089c4d19,199441310,1,139932,121366,1,0,0,DONE,DONE,719,719,96.985,38.848,1,,655,658
ba81da2b587caf9d,2026-10-02T06:19:24Z,kaggle-environments 1.32.7,ahmedberatozer-v49-funded-sale-timing,ed89be8cd96fe58ea5ca96c91bbeda28d928a5192ed926639fe6c43aea39b368,v16_rc5,f029fa0cb66a9eb509afbe44e3f59b800332d0419db91607183410e4089c4d19,1152441257,0,101684,62647,1,0,0,DONE,DONE,719,719,10.836,2.349,1,,655,658
ba81da2b587caf9d,2026-10-02T06:19:24Z,kaggle-environments 1.32.7,ahmedberatozer-v49-funded-sale-timing,ed89be8cd96fe58ea5ca96c91bbeda28d928a5192ed926639fe6c43aea39b368,v16_rc5,f029fa0cb66a9eb509afbe44e3f59b800332d0419db91607183410e4089c4d19,1152441257,1,101684,62647,1,0,0,DONE,DONE,719,719,90.645,1.365,1,,655,658
ba81da2b587caf9d,2026-10-02T06:19:24Z,kaggle-environments 1.32.7,ahmedberatozer-v49-funded-sale-timing,ed89be8cd96fe58ea5ca96c91bbeda28d928a5192ed926639fe6c43aea39b368,v16_rc5,f029fa0cb66a9eb509afbe44e3f59b800332d0419db91607183410e4089c4d19,1184506355,0,96885,51397,1,0,0,DONE,DONE,719,719,77.639,1.58,1,,637,658
ba81da2b587caf9d,2026-10-02T06:19:24Z,kaggle-environments 1.32.7,ahmedberatozer-v49-funded-sale-timing,ed89be8cd96fe58ea5ca96c91bbeda28d928a5192ed926639fe6c43aea39b368,v16_rc5,f029fa0cb66a9eb509afbe44e3f59b800332d0419db91607183410e4089c4d19,1184506355,1,96885,51397,1,0,0,DONE,DONE,719,719,137.197,46.29,1,,637,658
ba81da2b587caf9d,2026-10-02T06:19:24Z,kaggle-environments 1.32.7,ahmedberatozer-v49-funded-sale-timing,ed89be8cd96fe58ea5ca96c91bbeda28d928a5192ed926639fe6c43aea39b368,v16_rc5,f029fa0cb66a9eb509afbe44e3f59b800332d0419db91607183410e4089c4d19,1479510883,0,155826,94827,1,0,0,DONE,DONE,719,719,107.321,3.357,1,,657,658
ba81da2b587caf9d,2026-10-02T06:19:24Z,kaggle-environments 1.32.7,ahmedberatozer-v49-funded-sale-timing,ed89be8cd96fe58ea5ca96c91bbeda28d928a5192ed926639fe6c43aea39b368,v16_rc5,f029fa0cb66a9eb509afbe44e3f59b800332d0419db91607183410e4089c4d19,1479510883,1,155826,94827,1,0,0,DONE,DONE,719,719,85.244,41.292,1,,657,658
ba81da2b587caf9d,2026-10-02T06:19:24Z,kaggle-environments 1.32.7,ahmedberatozer-v49-funded-sale-timing,ed89be8cd96fe58ea5ca96c91bbeda28d928a5192ed926639fe6c43aea39b368,v16_rc5,f029fa0cb66a9eb509afbe44e3f59b800332d0419db91607183410e4089c4d19,1493838340,0,120510,92097,1,0,0,DONE,DONE,719,719,77.38,2.076,1,,655,658
ba81da2b587caf9d,2026-10-02T06:19:24Z,kaggle-environments 1.32.7,ahmedberatozer-v49-funded-sale-timing,ed89be8cd96fe58ea5ca96c91bbeda28d928a5192ed926639fe6c43aea39b368,v16_rc5,f029fa0cb66a9eb509afbe44e3f59b800332d0419db91607183410e4089c4d19,1493838340,1,120510,92097,1,0,0,DONE,DONE,719,719,10.685,2.443,1,,655,658
ba81da2b587caf9d,2026-10-02T06:19:24Z,kaggle-environments 1.32.7,ahmedberatozer-v49-funded-sale-timing,ed89be8cd96fe58ea5ca96c91bbeda28d928a5192ed926639fe6c43aea39b368,v16_rc5,f029fa0cb66a9eb509afbe44e3f59b800332d0419db91607183410e4089c4d19,1525963489,0,122638,97723,1,0,0,DONE,DONE,719,719,132.189,4.078,1,,655,658
ba81da2b587caf9d,2026-10-02T06:19:24Z,kaggle-environments 1.32.7,ahmedberatozer-v49-funded-sale-timing,ed89be8cd96fe58ea5ca96c91bbeda28d928a5192ed926639fe6c43aea39b368,v16_rc5,f029fa0cb66a9eb509afbe44e3f59b800332d0419db91607183410e4089c4d19,1525963489,1,122638,97723,1,0,0,DONE,DONE,719,719,52.866,3.184,1,,655,658
ba81da2b587caf9d,2026-10-02T06:19:24Z,kaggle-environments 1.32.7,ahmedberatozer-v49-funded-sale-timing,ed89be8cd96fe58ea5ca96c91bbeda28d928a5192ed926639fe6c43aea39b368,v16_rc5,f029fa0cb66a9eb509afbe44e3f59b800332d0419db91607183410e4089c4d19,1663058751,0,98859,51359,1,0,0,DONE,DONE,719,719,116.254,0.369,1,,656,658
ba81da2b587caf9d,2026-10-02T06:19:24Z,kaggle-environments 1.32.7,ahmedberatozer-v49-funded-sale-timing,ed89be8cd96fe58ea5ca96c91bbeda28d928a5192ed926639fe6c43aea39b368,v16_rc5,f029fa0cb66a9eb509afbe44e3f59b800332d0419db91607183410e4089c4d19,1663058751,1,98859,51359,1,0,0,DONE,DONE,719,719,91.339,0.685,1,,656,658
ba81da2b587caf9d,2026-10-02T06:19:24Z,kaggle-environments 1.32.7,v38_feed,a2047ebd8ca5720221e1421529655d9c67a7b2fedb74e874c7d3c55a8970ac7e,barnyard_v7,997e6bfc5234534e246e945bc61c87858ebf997ab85b0a5c9427dd4ed710f1b6,62857979,0,110350,76629,1,0,0,DONE,DONE,719,719,34.146,2.094,1,,655,548
ba81da2b587caf9d,2026-10-02T06:19:24Z,kaggle-environments 1.32.7,v38_feed,a2047ebd8ca5720221e1421529655d9c67a7b2fedb74e874c7d3c55a8970ac7e,barnyard_v7,997e6bfc5234534e246e945bc61c87858ebf997ab85b0a5c9427dd4ed710f1b6,62857979,1,110350,76629,1,0,0,DONE,DONE,719,719,19.638,0.315,1,,655,548
ba81da2b587caf9d,2026-10-02T06:19:24Z,kaggle-environments 1.32.7,v38_feed,a2047ebd8ca5720221e1421529655d9c67a7b2fedb74e874c7d3c55a8970ac7e,barnyard_v7,997e6bfc5234534e246e945bc61c87858ebf997ab85b0a5c9427dd4ed710f1b6,199441310,0,114857,86854,1,0,0,DONE,DONE,719,719,18.372,0.435,1,,655,548
ba81da2b587caf9d,2026-10-02T06:19:24Z,kaggle-environments 1.32.7,v38_feed,a2047ebd8ca5720221e1421529655d9c67a7b2fedb74e874c7d3c55a8970ac7e,barnyard_v7,997e6bfc5234534e246e945bc61c87858ebf997ab85b0a5c9427dd4ed710f1b6,199441310,1,114857,86854,1,0,0,DONE,DONE,719,719,95.694,0.784,1,,655,548
ba81da2b587caf9d,2026-10-02T06:19:24Z,kaggle-environments 1.32.7,v38_feed,a2047ebd8ca5720221e1421529655d9c67a7b2fedb74e874c7d3c55a8970ac7e,barnyard_v7,997e6bfc5234534e246e945bc61c87858ebf997ab85b0a5c9427dd4ed710f1b6,1152441257,0,164073,125375,1,0,0,DONE,DONE,719,719,19.631,0.558,1,,660,548
ba81da2b587caf9d,2026-10-02T06:19:24Z,kaggle-environments 1.32.7,v38_feed,a2047ebd8ca5720221e1421529655d9c67a7b2fedb74e874c7d3c55a8970ac7e,barnyard_v7,997e6bfc5234534e246e945bc61c87858ebf997ab85b0a5c9427dd4ed710f1b6,1152441257,1,164073,125375,1,0,0,DONE,DONE,719,719,18.462,0.659,1,,660,548
ba81da2b587caf9d,2026-10-02T06:19:24Z,kaggle-environments 1.32.7,v38_feed,a2047ebd8ca5720221e1421529655d9c67a7b2fedb74e874c7d3c55a8970ac7e,barnyard_v7,997e6bfc5234534e246e945bc61c87858ebf997ab85b0a5c9427dd4ed710f1b6,1184506355,0,102487,48317,1,0,0,DONE,DONE,719,719,19.531,0.637,1,,638,548
ba81da2b587caf9d,2026-10-02T06:19:24Z,kaggle-environments 1.32.7,v38_feed,a2047ebd8ca5720221e1421529655d9c67a7b2fedb74e874c7d3c55a8970ac7e,barnyard_v7,997e6bfc5234534e246e945bc61c87858ebf997ab85b0a5c9427dd4ed710f1b6,1184506355,1,102487,48317,1,0,0,DONE,DONE,719,719,25.481,0.449,1,,638,548
ba81da2b587caf9d,2026-10-02T06:19:24Z,kaggle-environments 1.32.7,v38_feed,a2047ebd8ca5720221e1421529655d9c67a7b2fedb74e874c7d3c55a8970ac7e,barnyard_v7,997e6bfc5234534e246e945bc61c87858ebf997ab85b0a5c9427dd4ed710f1b6,1479510883,0,149731,103164,1,0,0,DONE,DONE,719,719,19.123,0.26,1,,651,548
ba81da2b587caf9d,2026-10-02T06:19:24Z,kaggle-environments 1.32.7,v38_feed,a2047ebd8ca5720221e1421529655d9c67a7b2fedb74e874c7d3c55a8970ac7e,barnyard_v7,997e6bfc5234534e246e945bc61c87858ebf997ab85b0a5c9427dd4ed710f1b6,1479510883,1,149731,103164,1,0,0,DONE,DONE,719,719,19.753,1.198,1,,651,548
ba81da2b587caf9d,2026-10-02T06:19:24Z,kaggle-environments 1.32.7,v38_feed,a2047ebd8ca5720221e1421529655d9c67a7b2fedb74e874c7d3c55a8970ac7e,barnyard_v7,997e6bfc5234534e246e945bc61c87858ebf997ab85b0a5c9427dd4ed710f1b6,1493838340,0,95007,33251,1,0,0,DONE,DONE,719,719,18.555,0.663,1,,656,548
ba81da2b587caf9d,2026-10-02T06:19:24Z,kaggle-environments 1.32.7,v38_feed,a2047ebd8ca5720221e1421529655d9c67a7b2fedb74e874c7d3c55a8970ac7e,barnyard_v7,997e6bfc5234534e246e945bc61c87858ebf997ab85b0a5c9427dd4ed710f1b6,1493838340,1,95007,33251,1,0,0,DONE,DONE,719,719,18.303,0.403,1,,656,548
ba81da2b587caf9d,2026-10-02T06:19:24Z,kaggle-environments 1.32.7,v38_feed,a2047ebd8ca5720221e1421529655d9c67a7b2fedb74e874c7d3c55a8970ac7e,barnyard_v7,997e6bfc5234534e246e945bc61c87858ebf997ab85b0a5c9427dd4ed710f1b6,1525963489,0,158792,125149,1,0,0,DONE,DONE,719,719,18.516,0.298,1,,656,548
ba81da2b587caf9d,2026-10-02T06:19:24Z,kaggle-environments 1.32.7,v38_feed,a2047ebd8ca5720221e1421529655d9c67a7b2fedb74e874c7d3c55a8970ac7e,barnyard_v7,997e6bfc5234534e246e945bc61c87858ebf997ab85b0a5c9427dd4ed710f1b6,1525963489,1,158792,125149,1,0,0,DONE,DONE,719,719,19.14,0.258,1,,656,548
ba81da2b587caf9d,2026-10-02T06:19:24Z,kaggle-environments 1.32.7,v38_feed,a2047ebd8ca5720221e1421529655d9c67a7b2fedb74e874c7d3c55a8970ac7e,barnyard_v7,997e6bfc5234534e246e945bc61c87858ebf997ab85b0a5c9427dd4ed710f1b6,1663058751,0,92915,50491,1,0,0,DONE,DONE,719,719,18.242,0.275,1,,654,548
ba81da2b587caf9d,2026-10-02T06:19:24Z,kaggle-environments 1.32.7,v38_feed,a2047ebd8ca5720221e1421529655d9c67a7b2fedb74e874c7d3c55a8970ac7e,barnyard_v7,997e6bfc5234534e246e945bc61c87858ebf997ab85b0a5c9427dd4ed710f1b6,1663058751,1,92915,50491,1,0,0,DONE,DONE,719,719,18.235,0.273,1,,654,548
ba81da2b587caf9d,2026-10-02T06:19:26Z,kaggle-environments 1.32.7,ahmedberatozer-v43-recovering-lost-harvests,3abe0ca715ba18647c138d0c28f59f34371e1ea28d4378e290ab33760d2c12dc,ahmedberatozer-v50-early-yarn-commit,044a26601be23816d397c51c22c4d86b938f8bac4b914f9bea1fbe38bac1e8a5,62857979,0,78989,84788,0,1,0,DONE,DONE,719,719,9.764,9.187,1,,651,653
ba81da2b587caf9d,2026-10-02T06:19:26Z,kaggle-environments 1.32.7,ahmedberatozer-v43-recovering-lost-harvests,3abe0ca715ba18647c138d0c28f59f34371e1ea28d4378e290ab33760d2c12dc,ahmedberatozer-v50-early-yarn-commit,044a26601be23816d397c51c22c4d86b938f8bac4b914f9bea1fbe38bac1e8a5,62857979,1,78989,84788,0,1,0,DONE,DONE,719,719,10.84,116.93,1,,651,653
ba81da2b587caf9d,2026-10-02T06:19:26Z,kaggle-environments 1.32.7,ahmedberatozer-v43-recovering-lost-harvests,3abe0ca715ba18647c138d0c28f59f34371e1ea28d4378e290ab33760d2c12dc,ahmedberatozer-v50-early-yarn-commit,044a26601be23816d397c51c22c4d86b938f8bac4b914f9bea1fbe38bac1e8a5,199441310,0,114974,115781,0,1,0,DONE,DONE,719,719,21.311,98.13,1,,654,654
ba81da2b587caf9d,2026-10-02T06:19:26Z,kaggle-environments 1.32.7,ahmedberatozer-v43-recovering-lost-harvests,3abe0ca715ba18647c138d0c28f59f34371e1ea28d4378e290ab33760d2c12dc,ahmedberatozer-v50-early-yarn-commit,044a26601be23816d397c51c22c4d86b938f8bac4b914f9bea1fbe38bac1e8a5,199441310,1,114974,115781,0,1,0,DONE,DONE,719,719,21.082,17.008,1,,654,654
ba81da2b587caf9d,2026-10-02T06:19:26Z,kaggle-environments 1.32.7,ahmedberatozer-v43-recovering-lost-harvests,3abe0ca715ba18647c138d0c28f59f34371e1ea28d4378e290ab33760d2c12dc,ahmedberatozer-v50-early-yarn-commit,044a26601be23816d397c51c22c4d86b938f8bac4b914f9bea1fbe38bac1e8a5,1152441257,0,136910,147456,0,1,0,DONE,DONE,719,719,110.045,10.42,1,,656,656
ba81da2b587caf9d,2026-10-02T06:19:26Z,kaggle-environments 1.32.7,ahmedberatozer-v43-recovering-lost-harvests,3abe0ca715ba18647c138d0c28f59f34371e1ea28d4378e290ab33760d2c12dc,ahmedberatozer-v50-early-yarn-commit,044a26601be23816d397c51c22c4d86b938f8bac4b914f9bea1fbe38bac1e8a5,1152441257,1,136910,147456,0,1,0,DONE,DONE,719,719,11.182,71.522,1,,656,656
ba81da2b587caf9d,2026-10-02T06:19:26Z,kaggle-environments 1.32.7,ahmedberatozer-v43-recovering-lost-harvests,3abe0ca715ba18647c138d0c28f59f34371e1ea28d4378e290ab33760d2c12dc,ahmedberatozer-v50-early-yarn-commit,044a26601be23816d397c51c22c4d86b938f8bac4b914f9bea1fbe38bac1e8a5,1184506355,0,70017,74000,0,1,0,DONE,DONE,719,719,22.715,140.958,1,,637,637
ba81da2b587caf9d,2026-10-02T06:19:26Z,kaggle-environments 1.32.7,ahmedberatozer-v43-recovering-lost-harvests,3abe0ca715ba18647c138d0c28f59f34371e1ea28d4378e290ab33760d2c12dc,ahmedberatozer-v50-early-yarn-commit,044a26601be23816d397c51c22c4d86b938f8bac4b914f9bea1fbe38bac1e8a5,1184506355,1,70017,74000,0,1,0,DONE,DONE,719,719,15.993,67.368,1,,637,637
ba81da2b587caf9d,2026-10-02T06:19:26Z,kaggle-environments 1.32.7,ahmedberatozer-v43-recovering-lost-harvests,3abe0ca715ba18647c138d0c28f59f34371e1ea28d4378e290ab33760d2c12dc,ahmedberatozer-v50-early-yarn-commit,044a26601be23816d397c51c22c4d86b938f8bac4b914f9bea1fbe38bac1e8a5,1479510883,0,109995,113574,0,1,0,DONE,DONE,719,719,16.515,14.05,1,,651,651
ba81da2b587caf9d,2026-10-02T06:19:26Z,kaggle-environments 1.32.7,ahmedberatozer-v43-recovering-lost-harvests,3abe0ca715ba18647c138d0c28f59f34371e1ea28d4378e290ab33760d2c12dc,ahmedberatozer-v50-early-yarn-commit,044a26601be23816d397c51c22c4d86b938f8bac4b914f9bea1fbe38bac1e8a5,1479510883,1,109995,113574,0,1,0,DONE,DONE,719,719,26.398,107.175,1,,651,651
ba81da2b587caf9d,2026-10-02T06:19:26Z,kaggle-environments 1.32.7,ahmedberatozer-v43-recovering-lost-harvests,3abe0ca715ba18647c138d0c28f59f34371e1ea28d4378e290ab33760d2c12dc,ahmedberatozer-v50-early-yarn-commit,044a26601be23816d397c51c22c4d86b938f8bac4b914f9bea1fbe38bac1e8a5,1493838340,0,71448,75714,0,1,0,DONE,DONE,719,719,16.845,65.467,1,,655,655
ba81da2b587caf9d,2026-10-02T06:19:26Z,kaggle-environments 1.32.7,ahmedberatozer-v43-recovering-lost-harvests,3abe0ca715ba18647c138d0c28f59f34371e1ea28d4378e290ab33760d2c12dc,ahmedberatozer-v50-early-yarn-commit,044a26601be23816d397c51c22c4d86b938f8bac4b914f9bea1fbe38bac1e8a5,1493838340,1,71448,75714,0,1,0,DONE,DONE,719,719,16.924,14.512,1,,655,655
ba81da2b587caf9d,2026-10-02T06:19:26Z,kaggle-environments 1.32.7,ahmedberatozer-v43-recovering-lost-harvests,3abe0ca715ba18647c138d0c28f59f34371e1ea28d4378e290ab33760d2c12dc,ahmedberatozer-v50-early-yarn-commit,044a26601be23816d397c51c22c4d86b938f8bac4b914f9bea1fbe38bac1e8a5,1525963489,0,126492,127285,0,1,0,DONE,DONE,719,719,31.465,36.722,1,,656,656
ba81da2b587caf9d,2026-10-02T06:19:26Z,kaggle-environments 1.32.7,ahmedberatozer-v43-recovering-lost-harvests,3abe0ca715ba18647c138d0c28f59f34371e1ea28d4378e290ab33760d2c12dc,ahmedberatozer-v50-early-yarn-commit,044a26601be23816d397c51c22c4d86b938f8bac4b914f9bea1fbe38bac1e8a5,1525963489,1,126492,127285,0,1,0,DONE,DONE,719,719,26.946,22.381,1,,656,656
ba81da2b587caf9d,2026-10-02T06:19:26Z,kaggle-environments 1.32.7,ahmedberatozer-v43-recovering-lost-harvests,3abe0ca715ba18647c138d0c28f59f34371e1ea28d4378e290ab33760d2c12dc,ahmedberatozer-v50-early-yarn-commit,044a26601be23816d397c51c22c4d86b938f8bac4b914f9bea1fbe38bac1e8a5,1663058751,0,82102,94348,0,1,0,DONE,DONE,719,719,66.51,196.55,1,,653,654
ba81da2b587caf9d,2026-10-02T06:19:26Z,kaggle-environments 1.32.7,ahmedberatozer-v43-recovering-lost-harvests,3abe0ca715ba18647c138d0c28f59f34371e1ea28d4378e290ab33760d2c12dc,ahmedberatozer-v50-early-yarn-commit,044a26601be23816d397c51c22c4d86b938f8bac4b914f9bea1fbe38bac1e8a5,1663058751,1,82102,94348,0,1,0,DONE,DONE,719,719,27.785,98.048,1,,653,654
ba81da2b587caf9d,2026-10-02T06:19:26Z,kaggle-environments 1.32.7,ahmedberatozer-v44-winning-the-same-turn-sale-race,fe370bd8a9d0f3770e61cff4d9e60e19198e058a0fa1fb0adeb873a9d89c6640,v16_rc5,f029fa0cb66a9eb509afbe44e3f59b800332d0419db91607183410e4089c4d19,62857979,0,89134,68688,1,0,0,DONE,DONE,719,719,128.547,2.148,1,,645,658
ba81da2b587caf9d,2026-10-02T06:19:26Z,kaggle-environments 1.32.7,ahmedberatozer-v44-winning-the-same-turn-sale-race,fe370bd8a9d0f3770e61cff4d9e60e19198e058a0fa1fb0adeb873a9d89c6640,v16_rc5,f029fa0cb66a9eb509afbe44e3f59b800332d0419db91607183410e4089c4d19,62857979,1,89134,68688,1,0,0,DONE,DONE,719,719,23.656,3.005,1,,645,658
ba81da2b587caf9d,2026-10-02T06:19:26Z,kaggle-environments 1.32.7,ahmedberatozer-v44-winning-the-same-turn-sale-race,fe370bd8a9d0f3770e61cff4d9e60e19198e058a0fa1fb0adeb873a9d89c6640,v16_rc5,f029fa0cb66a9eb509afbe44e3f59b800332d0419db91607183410e4089c4d19,199441310,0,165685,146616,1,0,0,DONE,DONE,719,719,34.886,3.85,1,,655,658
ba81da2b587caf9d,2026-10-02T06:19:26Z,kaggle-environments 1.32.7,ahmedberatozer-v44-winning-the-same-turn-sale-race,fe370bd8a9d0f3770e61cff4d9e60e19198e058a0fa1fb0adeb873a9d89c6640,v16_rc5,f029fa0cb66a9eb509afbe44e3f59b800332d0419db91607183410e4089c4d19,199441310,1,165685,146616,1,0,0,DONE,DONE,719,719,149.358,2.935,1,,655,658
ba81da2b587caf9d,2026-10-02T06:19:26Z,kaggle-environments 1.32.7,ahmedberatozer-v44-winning-the-same-turn-sale-race,fe370bd8a9d0f3770e61cff4d9e60e19198e058a0fa1fb0adeb873a9d89c6640,v16_rc5,f029fa0cb66a9eb509afbe44e3f59b800332d0419db91607183410e4089c4d19,1152441257,0,101879,62057,1,0,0,DONE,DONE,719,719,108.526,3.213,1,,655,658
ba81da2b587caf9d,2026-10-02T06:19:26Z,kaggle-environments 1.32.7,ahmedberatozer-v44-winning-the-same-turn-sale-race,fe370bd8a9d0f3770e61cff4d9e60e19198e058a0fa1fb0adeb873a9d89c6640,v16_rc5,f029fa0cb66a9eb509afbe44e3f59b800332d0419db91607183410e4089c4d19,1152441257,1,101879,62057,1,0,0,DONE,DONE,719,719,10.376,22.819,1,,655,658
ba81da2b587caf9d,2026-10-02T06:19:26Z,kaggle-environments 1.32.7,ahmedberatozer-v44-winning-the-same-turn-sale-race,fe370bd8a9d0f3770e61cff4d9e60e19198e058a0fa1fb0adeb873a9d89c6640,v16_rc5,f029fa0cb66a9eb509afbe44e3f59b800332d0419db91607183410e4089c4d19,1184506355,0,96192,51277,1,0,0,DONE,DONE,719,719,141.268,3.856,1,,637,658
ba81da2b587caf9d,2026-10-02T06:19:26Z,kaggle-environments 1.32.7,ahmedberatozer-v44-winning-the-same-turn-sale-race,fe370bd8a9d0f3770e61cff4d9e60e19198e058a0fa1fb0adeb873a9d89c6640,v16_rc5,f029fa0cb66a9eb509afbe44e3f59b800332d0419db91607183410e4089c4d19,1184506355,1,96192,51277,1,0,0,DONE,DONE,719,719,35.592,3.087,1,,637,658
ba81da2b587caf9d,2026-10-02T06:19:26Z,kaggle-environments 1.32.7,ahmedberatozer-v44-winning-the-same-turn-sale-race,fe370bd8a9d0f3770e61cff4d9e60e19198e058a0fa1fb0adeb873a9d89c6640,v16_rc5,f029fa0cb66a9eb509afbe44e3f59b800332d0419db91607183410e4089c4d19,1479510883,0,155419,95378,1,0,0,DONE,DONE,719,719,100.18,2.225,1,,657,658
ba81da2b587caf9d,2026-10-02T06:19:26Z,kaggle-environments 1.32.7,ahmedberatozer-v44-winning-the-same-turn-sale-race,fe370bd8a9d0f3770e61cff4d9e60e19198e058a0fa1fb0adeb873a9d89c6640,v16_rc5,f029fa0cb66a9eb509afbe44e3f59b800332d0419db91607183410e4089c4d19,1479510883,1,155419,95378,1,0,0,DONE,DONE,719,719,56.477,42.648,1,,657,658
ba81da2b587caf9d,2026-10-02T06:19:26Z,kaggle-environments 1.32.7,ahmedberatozer-v44-winning-the-same-turn-sale-race,fe370bd8a9d0f3770e61cff4d9e60e19198e058a0fa1fb0adeb873a9d89c6640,v16_rc5,f029fa0cb66a9eb509afbe44e3f59b800332d0419db91607183410e4089c4d19,1493838340,0,119744,92135,1,0,0,DONE,DONE,719,719,67.274,2.574,1,,655,658
ba81da2b587caf9d,2026-10-02T06:19:26Z,kaggle-environments 1.32.7,ahmedberatozer-v44-winning-the-same-turn-sale-race,fe370bd8a9d0f3770e61cff4d9e60e19198e058a0fa1fb0adeb873a9d89c6640,v16_rc5,f029fa0cb66a9eb509afbe44e3f59b800332d0419db91607183410e4089c4d19,1493838340,1,119744,92135,1,0,0,DONE,DONE,719,719,107.33,58.554,1,,655,658
ba81da2b587caf9d,2026-10-02T06:19:26Z,kaggle-environments 1.32.7,ahmedberatozer-v44-winning-the-same-turn-sale-race,fe370bd8a9d0f3770e61cff4d9e60e19198e058a0fa1fb0adeb873a9d89c6640,v16_rc5,f029fa0cb66a9eb509afbe44e3f59b800332d0419db91607183410e4089c4d19,1525963489,0,93259,66633,1,0,0,DONE,DONE,719,719,25.497,3.587,1,,648,658
ba81da2b587caf9d,2026-10-02T06:19:26Z,kaggle-environments 1.32.7,ahmedberatozer-v44-winning-the-same-turn-sale-race,fe370bd8a9d0f3770e61cff4d9e60e19198e058a0fa1fb0adeb873a9d89c6640,v16_rc5,f029fa0cb66a9eb509afbe44e3f59b800332d0419db91607183410e4089c4d19,1525963489,1,93259,66633,1,0,0,DONE,DONE,719,719,47.495,2.752,1,,648,658
ba81da2b587caf9d,2026-10-02T06:19:26Z,kaggle-environments 1.32.7,ahmedberatozer-v44-winning-the-same-turn-sale-race,fe370bd8a9d0f3770e61cff4d9e60e19198e058a0fa1fb0adeb873a9d89c6640,v16_rc5,f029fa0cb66a9eb509afbe44e3f59b800332d0419db91607183410e4089c4d19,1663058751,0,89372,50781,1,0,0,DONE,DONE,719,719,27.304,2.719,1,,657,658
ba81da2b587caf9d,2026-10-02T06:19:26Z,kaggle-environments 1.32.7,ahmedberatozer-v44-winning-the-same-turn-sale-race,fe370bd8a9d0f3770e61cff4d9e60e19198e058a0fa1fb0adeb873a9d89c6640,v16_rc5,f029fa0cb66a9eb509afbe44e3f59b800332d0419db91607183410e4089c4d19,1663058751,1,89372,50781,1,0,0,DONE,DONE,719,719,16.745,4.347,1,,657,658
ba81da2b587caf9d,2026-10-02T06:19:26Z,kaggle-environments 1.32.7,ahmedberatozer-v46-first-turn-microstructure,735c370383b70d3bf3aac792f2c147e0afc99166fc9f253ede10e8a030acedb6,barnyard_v7,997e6bfc5234534e246e945bc61c87858ebf997ab85b0a5c9427dd4ed710f1b6,62857979,0,110045,76885,1,0,0,DONE,DONE,719,719,26.025,2.998,1,,653,548
ba81da2b587caf9d,2026-10-02T06:19:26Z,kaggle-environments 1.32.7,ahmedberatozer-v46-first-turn-microstructure,735c370383b70d3bf3aac792f2c147e0afc99166fc9f253ede10e8a030acedb6,barnyard_v7,997e6bfc5234534e246e945bc61c87858ebf997ab85b0a5c9427dd4ed710f1b6,62857979,1,110045,76885,1,0,0,DONE,DONE,719,719,31.624,3.369,1,,653,548
ba81da2b587caf9d,2026-10-02T06:19:26Z,kaggle-environments 1.32.7,ahmedberatozer-v46-first-turn-microstructure,735c370383b70d3bf3aac792f2c147e0afc99166fc9f253ede10e8a030acedb6,barnyard_v7,997e6bfc5234534e246e945bc61c87858ebf997ab85b0a5c9427dd4ed710f1b6,199441310,0,116093,86856,1,0,0,DONE,DONE,719,719,113.404,3.374,1,,652,548
ba81da2b587caf9d,2026-10-02T06:19:26Z,kaggle-environments 1.32.7,ahmedberatozer-v46-first-turn-microstructure,735c370383b70d3bf3aac792f2c147e0afc99166fc9f253ede10e8a030acedb6,barnyard_v7,997e6bfc5234534e246e945bc61c87858ebf997ab85b0a5c9427dd4ed710f1b6,199441310,1,116093,86856,1,0,0,DONE,DONE,719,719,61.577,2.576,1,,652,548
ba81da2b587caf9d,2026-10-02T06:19:26Z,kaggle-environments 1.32.7,ahmedberatozer-v46-first-turn-microstructure,735c370383b70d3bf3aac792f2c147e0afc99166fc9f253ede10e8a030acedb6,barnyard_v7,997e6bfc5234534e246e945bc61c87858ebf997ab85b0a5c9427dd4ed710f1b6,1152441257,0,163545,125281,1,0,0,DONE,DONE,719,719,16.733,2.263,1,,659,548
ba81da2b587caf9d,2026-10-02T06:19:26Z,kaggle-environments 1.32.7,ahmedberatozer-v46-first-turn-microstructure,735c370383b70d3bf3aac792f2c147e0afc99166fc9f253ede10e8a030acedb6,barnyard_v7,997e6bfc5234534e246e945bc61c87858ebf997ab85b0a5c9427dd4ed710f1b6,1152441257,1,163545,125281,1,0,0,DONE,DONE,719,719,32.006,4.721,1,,659,548
ba81da2b587caf9d,2026-10-02T06:19:26Z,kaggle-environments 1.32.7,ahmedberatozer-v46-first-turn-microstructure,735c370383b70d3bf3aac792f2c147e0afc99166fc9f253ede10e8a030acedb6,barnyard_v7,997e6bfc5234534e246e945bc61c87858ebf997ab85b0a5c9427dd4ed710f1b6,1184506355,0,102923,47720,1,0,0,DONE,DONE,719,719,42.72,4.112,1,,639,548
ba81da2b587caf9d,2026-10-02T06:19:26Z,kaggle-environments 1.32.7,ahmedberatozer-v46-first-turn-microstructure,735c370383b70d3bf3aac792f2c147e0afc99166fc9f253ede10e8a030acedb6,barnyard_v7,997e6bfc5234534e246e945bc61c87858ebf997ab85b0a5c9427dd4ed710f1b6,1184506355,1,102923,47720,1,0,0,DONE,DONE,719,719,37.435,3.101,1,,639,548
ba81da2b587caf9d,2026-10-02T06:19:26Z,kaggle-environments 1.32.7,ahmedberatozer-v46-first-turn-microstructure,735c370383b70d3bf3aac792f2c147e0afc99166fc9f253ede10e8a030acedb6,barnyard_v7,997e6bfc5234534e246e945bc61c87858ebf997ab85b0a5c9427dd4ed710f1b6,1479510883,0,149882,103256,1,0,0,DONE,DONE,719,719,25.713,5.836,1,,651,548
ba81da2b587caf9d,2026-10-02T06:19:26Z,kaggle-environments 1.32.7,ahmedberatozer-v46-first-turn-microstructure,735c370383b70d3bf3aac792f2c147e0afc99166fc9f253ede10e8a030acedb6,barnyard_v7,997e6bfc5234534e246e945bc61c87858ebf997ab85b0a5c9427dd4ed710f1b6,1479510883,1,149882,103256,1,0,0,DONE,DONE,719,719,16.385,4.083,1,,651,548
ba81da2b587caf9d,2026-10-02T06:19:26Z,kaggle-environments 1.32.7,ahmedberatozer-v46-first-turn-microstructure,735c370383b70d3bf3aac792f2c147e0afc99166fc9f253ede10e8a030acedb6,barnyard_v7,997e6bfc5234534e246e945bc61c87858ebf997ab85b0a5c9427dd4ed710f1b6,1493838340,0,98765,33383,1,0,0,DONE,DONE,719,719,104.428,3.312,1,,655,548
ba81da2b587caf9d,2026-10-02T06:19:26Z,kaggle-environments 1.32.7,ahmedberatozer-v46-first-turn-microstructure,735c370383b70d3bf3aac792f2c147e0afc99166fc9f253ede10e8a030acedb6,barnyard_v7,997e6bfc5234534e246e945bc61c87858ebf997ab85b0a5c9427dd4ed710f1b6,1493838340,1,98765,33383,1,0,0,DONE,DONE,719,719,16.698,4.168,1,,655,548
ba81da2b587caf9d,2026-10-02T06:19:26Z,kaggle-environments 1.32.7,ahmedberatozer-v46-first-turn-microstructure,735c370383b70d3bf3aac792f2c147e0afc99166fc9f253ede10e8a030acedb6,barnyard_v7,997e6bfc5234534e246e945bc61c87858ebf997ab85b0a5c9427dd4ed710f1b6,1525963489,0,159828,124937,1,0,0,DONE,DONE,719,719,89.815,6.603,1,,657,548
ba81da2b587caf9d,2026-10-02T06:19:26Z,kaggle-environments 1.32.7,ahmedberatozer-v46-first-turn-microstructure,735c370383b70d3bf3aac792f2c147e0afc99166fc9f253ede10e8a030acedb6,barnyard_v7,997e6bfc5234534e246e945bc61c87858ebf997ab85b0a5c9427dd4ed710f1b6,1525963489,1,159828,124937,1,0,0,DONE,DONE,719,719,34.845,3.138,1,,657,548
ba81da2b587caf9d,2026-10-02T06:19:26Z,kaggle-environments 1.32.7,ahmedberatozer-v46-first-turn-microstructure,735c370383b70d3bf3aac792f2c147e0afc99166fc9f253ede10e8a030acedb6,barnyard_v7,997e6bfc5234534e246e945bc61c87858ebf997ab85b0a5c9427dd4ed710f1b6,1663058751,0,95017,52081,1,0,0,DONE,DONE,719,719,28.008,3.068,1,,655,548
ba81da2b587caf9d,2026-10-02T06:19:26Z,kaggle-environments 1.32.7,ahmedberatozer-v46-first-turn-microstructure,735c370383b70d3bf3aac792f2c147e0afc99166fc9f253ede10e8a030acedb6,barnyard_v7,997e6bfc5234534e246e945bc61c87858ebf997ab85b0a5c9427dd4ed710f1b6,1663058751,1,95017,52081,1,0,0,DONE,DONE,719,719,28.904,4.278,1,,655,548
ba81da2b587caf9d,2026-10-02T06:19:26Z,kaggle-environments 1.32.7,ahmedberatozer-v49-funded-sale-timing,ed89be8cd96fe58ea5ca96c91bbeda28d928a5192ed926639fe6c43aea39b368,v38_feed,a2047ebd8ca5720221e1421529655d9c67a7b2fedb74e874c7d3c55a8970ac7e,62857979,0,85840,78308,1,0,0,DONE,DONE,719,719,84.229,6.15,1,,654,653
ba81da2b587caf9d,2026-10-02T06:19:26Z,kaggle-environments 1.32.7,ahmedberatozer-v49-funded-sale-timing,ed89be8cd96fe58ea5ca96c91bbeda28d928a5192ed926639fe6c43aea39b368,v38_feed,a2047ebd8ca5720221e1421529655d9c67a7b2fedb74e874c7d3c55a8970ac7e,62857979,1,85840,78308,1,0,0,DONE,DONE,719,719,71.601,5.401,1,,654,653
ba81da2b587caf9d,2026-10-02T06:19:26Z,kaggle-environments 1.32.7,ahmedberatozer-v49-funded-sale-timing,ed89be8cd96fe58ea5ca96c91bbeda28d928a5192ed926639fe6c43aea39b368,v38_feed,a2047ebd8ca5720221e1421529655d9c67a7b2fedb74e874c7d3c55a8970ac7e,199441310,0,116559,114327,1,0,0,DONE,DONE,719,719,155.942,27.841,1,,654,654
ba81da2b587caf9d,2026-10-02T06:19:26Z,kaggle-environments 1.32.7,ahmedberatozer-v49-funded-sale-timing,ed89be8cd96fe58ea5ca96c91bbeda28d928a5192ed926639fe6c43aea39b368,v38_feed,a2047ebd8ca5720221e1421529655d9c67a7b2fedb74e874c7d3c55a8970ac7e,199441310,1,116559,114327,1,0,0,DONE,DONE,719,719,52.663,33.05,1,,654,654
ba81da2b587caf9d,2026-10-02T06:19:26Z,kaggle-environments 1.32.7,ahmedberatozer-v49-funded-sale-timing,ed89be8cd96fe58ea5ca96c91bbeda28d928a5192ed926639fe6c43aea39b368,v38_feed,a2047ebd8ca5720221e1421529655d9c67a7b2fedb74e874c7d3c55a8970ac7e,1152441257,0,148550,137596,1,0,0,DONE,DONE,719,719,166.566,6.935,1,,656,656
ba81da2b587caf9d,2026-10-02T06:19:26Z,kaggle-environments 1.32.7,ahmedberatozer-v49-funded-sale-timing,ed89be8cd96fe58ea5ca96c91bbeda28d928a5192ed926639fe6c43aea39b368,v38_feed,a2047ebd8ca5720221e1421529655d9c67a7b2fedb74e874c7d3c55a8970ac7e,1152441257,1,148550,137596,1,0,0,DONE,DONE,719,719,11.153,5.326,1,,656,656
ba81da2b587caf9d,2026-10-02T06:19:26Z,kaggle-environments 1.32.7,ahmedberatozer-v49-funded-sale-timing,ed89be8cd96fe58ea5ca96c91bbeda28d928a5192ed926639fe6c43aea39b368,v38_feed,a2047ebd8ca5720221e1421529655d9c67a7b2fedb74e874c7d3c55a8970ac7e,1184506355,0,73898,68916,1,0,0,DONE,DONE,719,719,17.19,23.229,1,,637,640
ba81da2b587caf9d,2026-10-02T06:19:26Z,kaggle-environments 1.32.7,ahmedberatozer-v49-funded-sale-timing,ed89be8cd96fe58ea5ca96c91bbeda28d928a5192ed926639fe6c43aea39b368,v38_feed,a2047ebd8ca5720221e1421529655d9c67a7b2fedb74e874c7d3c55a8970ac7e,1184506355,1,73898,68916,1,0,0,DONE,DONE,719,719,87.159,19.661,1,,637,640
ba81da2b587caf9d,2026-10-02T06:19:26Z,kaggle-environments 1.32.7,ahmedberatozer-v49-funded-sale-timing,ed89be8cd96fe58ea5ca96c91bbeda28d928a5192ed926639fe6c43aea39b368,v38_feed,a2047ebd8ca5720221e1421529655d9c67a7b2fedb74e874c7d3c55a8970ac7e,1479510883,0,113196,109246,1,0,0,DONE,DONE,719,719,17.59,25.259,1,,651,651
ba81da2b587caf9d,2026-10-02T06:19:26Z,kaggle-environments 1.32.7,ahmedberatozer-v49-funded-sale-timing,ed89be8cd96fe58ea5ca96c91bbeda28d928a5192ed926639fe6c43aea39b368,v38_feed,a2047ebd8ca5720221e1421529655d9c67a7b2fedb74e874c7d3c55a8970ac7e,1479510883,1,113196,109246,1,0,0,DONE,DONE,719,719,13.573,18.529,1,,651,651
ba81da2b587caf9d,2026-10-02T06:19:26Z,kaggle-environments 1.32.7,ahmedberatozer-v49-funded-sale-timing,ed89be8cd96fe58ea5ca96c91bbeda28d928a5192ed926639fe6c43aea39b368,v38_feed,a2047ebd8ca5720221e1421529655d9c67a7b2fedb74e874c7d3c55a8970ac7e,1493838340,0,76061,68496,1,0,0,DONE,DONE,719,719,14.512,18.908,1,,654,657
ba81da2b587caf9d,2026-10-02T06:19:26Z,kaggle-environments 1.32.7,ahmedberatozer-v49-funded-sale-timing,ed89be8cd96fe58ea5ca96c91bbeda28d928a5192ed926639fe6c43aea39b368,v38_feed,a2047ebd8ca5720221e1421529655d9c67a7b2fedb74e874c7d3c55a8970ac7e,1493838340,1,76061,68496,1,0,0,DONE,DONE,719,719,195.099,32.075,1,,654,657
ba81da2b587caf9d,2026-10-02T06:19:26Z,kaggle-environments 1.32.7,ahmedberatozer-v49-funded-sale-timing,ed89be8cd96fe58ea5ca96c91bbeda28d928a5192ed926639fe6c43aea39b368,v38_feed,a2047ebd8ca5720221e1421529655d9c67a7b2fedb74e874c7d3c55a8970ac7e,1525963489,0,128722,126343,1,0,0,DONE,DONE,719,719,200.942,30.184,1,,656,656
ba81da2b587caf9d,2026-10-02T06:19:26Z,kaggle-environments 1.32.7,ahmedberatozer-v49-funded-sale-timing,ed89be8cd96fe58ea5ca96c91bbeda28d928a5192ed926639fe6c43aea39b368,v38_feed,a2047ebd8ca5720221e1421529655d9c67a7b2fedb74e874c7d3c55a8970ac7e,1525963489,1,128722,126343,1,0,0,DONE,DONE,719,719,67.517,32.247,1,,656,656
ba81da2b587caf9d,2026-10-02T06:19:26Z,kaggle-environments 1.32.7,ahmedberatozer-v49-funded-sale-timing,ed89be8cd96fe58ea5ca96c91bbeda28d928a5192ed926639fe6c43aea39b368,v38_feed,a2047ebd8ca5720221e1421529655d9c67a7b2fedb74e874c7d3c55a8970ac7e,1663058751,0,95004,82600,1,0,0,DONE,DONE,719,719,29.515,35.114,1,,654,654
ba81da2b587caf9d,2026-10-02T06:19:26Z,kaggle-environments 1.32.7,ahmedberatozer-v49-funded-sale-timing,ed89be8cd96fe58ea5ca96c91bbeda28d928a5192ed926639fe6c43aea39b368,v38_feed,a2047ebd8ca5720221e1421529655d9c67a7b2fedb74e874c7d3c55a8970ac7e,1663058751,1,95004,82600,1,0,0,DONE,DONE,719,719,86.302,21.078,1,,654,654
ba81da2b587caf9d,2026-10-02T06:19:26Z,kaggle-environments 1.32.7,ahmedberatozer-v43-recovering-lost-harvests,3abe0ca715ba18647c138d0c28f59f34371e1ea28d4378e290ab33760d2c12dc,v16_rc5,f029fa0cb66a9eb509afbe44e3f59b800332d0419db91607183410e4089c4d19,62857979,0,89134,68688,1,0,0,DONE,DONE,719,719,57.536,0.175,1,,645,658
ba81da2b587caf9d,2026-10-02T06:19:26Z,kaggle-environments 1.32.7,ahmedberatozer-v43-recovering-lost-harvests,3abe0ca715ba18647c138d0c28f59f34371e1ea28d4378e290ab33760d2c12dc,v16_rc5,f029fa0cb66a9eb509afbe44e3f59b800332d0419db91607183410e4089c4d19,62857979,1,89134,68688,1,0,0,DONE,DONE,719,719,65.868,0.679,1,,645,658
ba81da2b587caf9d,2026-10-02T06:19:26Z,kaggle-environments 1.32.7,ahmedberatozer-v43-recovering-lost-harvests,3abe0ca715ba18647c138d0c28f59f34371e1ea28d4378e290ab33760d2c12dc,v16_rc5,f029fa0cb66a9eb509afbe44e3f59b800332d0419db91607183410e4089c4d19,199441310,0,165685,146616,1,0,0,DONE,DONE,719,719,16.333,0.496,1,,655,658
ba81da2b587caf9d,2026-10-02T06:19:26Z,kaggle-environments 1.32.7,ahmedberatozer-v43-recovering-lost-harvests,3abe0ca715ba18647c138d0c28f59f34371e1ea28d4378e290ab33760d2c12dc,v16_rc5,f029fa0cb66a9eb509afbe44e3f59b800332d0419db91607183410e4089c4d19,199441310,1,165685,146616,1,0,0,DONE,DONE,719,719,16.728,0.559,1,,655,658
ba81da2b587caf9d,2026-10-02T06:19:26Z,kaggle-environments 1.32.7,ahmedberatozer-v43-recovering-lost-harvests,3abe0ca715ba18647c138d0c28f59f34371e1ea28d4378e290ab33760d2c12dc,v16_rc5,f029fa0cb66a9eb509afbe44e3f59b800332d0419db91607183410e4089c4d19,1152441257,0,101879,62057,1,0,0,DONE,DONE,719,719,25.619,2.043,1,,655,658
ba81da2b587caf9d,2026-10-02T06:19:26Z,kaggle-environments 1.32.7,ahmedberatozer-v43-recovering-lost-harvests,3abe0ca715ba18647c138d0c28f59f34371e1ea28d4378e290ab33760d2c12dc,v16_rc5,f029fa0cb66a9eb509afbe44e3f59b800332d0419db91607183410e4089c4d19,1152441257,1,101879,62057,1,0,0,DONE,DONE,719,719,59.722,20.699,1,,655,658
ba81da2b587caf9d,2026-10-02T06:19:26Z,kaggle-environments 1.32.7,ahmedberatozer-v43-recovering-lost-harvests,3abe0ca715ba18647c138d0c28f59f34371e1ea28d4378e290ab33760d2c12dc,v16_rc5,f029fa0cb66a9eb509afbe44e3f59b800332d0419db91607183410e4089c4d19,1184506355,0,96192,51277,1,0,0,DONE,DONE,719,719,25.337,1.434,1,,637,658
ba81da2b587caf9d,2026-10-02T06:19:26Z,kaggle-environments 1.32.7,ahmedberatozer-v43-recovering-lost-harvests,3abe0ca715ba18647c138d0c28f59f34371e1ea28d4378e290ab33760d2c12dc,v16_rc5,f029fa0cb66a9eb509afbe44e3f59b800332d0419db91607183410e4089c4d19,1184506355,1,96192,51277,1,0,0,DONE,DONE,719,719,27.396,1.891,1,,637,658
ba81da2b587caf9d,2026-10-02T06:19:26Z,kaggle-environments 1.32.7,ahmedberatozer-v43-recovering-lost-harvests,3abe0ca715ba18647c138d0c28f59f34371e1ea28d4378e290ab33760d2c12dc,v16_rc5,f029fa0cb66a9eb509afbe44e3f59b800332d0419db91607183410e4089c4d19,1479510883,0,155419,95378,1,0,0,DONE,DONE,719,719,59.203,2.42,1,,657,658
ba81da2b587caf9d,2026-10-02T06:19:26Z,kaggle-environments 1.32.7,ahmedberatozer-v43-recovering-lost-harvests,3abe0ca715ba18647c138d0c28f59f34371e1ea28d4378e290ab33760d2c12dc,v16_rc5,f029fa0cb66a9eb509afbe44e3f59b800332d0419db91607183410e4089c4d19,1479510883,1,155419,95378,1,0,0,DONE,DONE,719,719,97.645,4.137,1,,657,658
ba81da2b587caf9d,2026-10-02T06:19:26Z,kaggle-environments 1.32.7,ahmedberatozer-v43-recovering-lost-harvests,3abe0ca715ba18647c138d0c28f59f34371e1ea28d4378e290ab33760d2c12dc,v16_rc5,f029fa0cb66a9eb509afbe44e3f59b800332d0419db91607183410e4089c4d19,1493838340,0,119744,92135,1,0,0,DONE,DONE,719,719,82.309,2.162,1,,655,658
ba81da2b587caf9d,2026-10-02T06:19:26Z,kaggle-environments 1.32.7,ahmedberatozer-v43-recovering-lost-harvests,3abe0ca715ba18647c138d0c28f59f34371e1ea28d4378e290ab33760d2c12dc,v16_rc5,f029fa0cb66a9eb509afbe44e3f59b800332d0419db91607183410e4089c4d19,1493838340,1,119744,92135,1,0,0,DONE,DONE,719,719,61.561,41.635,1,,655,658
ba81da2b587caf9d,2026-10-02T06:19:26Z,kaggle-environments 1.32.7,ahmedberatozer-v43-recovering-lost-harvests,3abe0ca715ba18647c138d0c28f59f34371e1ea28d4378e290ab33760d2c12dc,v16_rc5,f029fa0cb66a9eb509afbe44e3f59b800332d0419db91607183410e4089c4d19,1525963489,0,93259,66633,1,0,0,DONE,DONE,719,719,100.294,3.379,1,,648,658
ba81da2b587caf9d,2026-10-02T06:19:26Z,kaggle-environments 1.32.7,ahmedberatozer-v43-recovering-lost-harvests,3abe0ca715ba18647c138d0c28f59f34371e1ea28d4378e290ab33760d2c12dc,v16_rc5,f029fa0cb66a9eb509afbe44e3f59b800332d0419db91607183410e4089c4d19,1525963489,1,93259,66633,1,0,0,DONE,DONE,719,719,49.817,30.797,1,,648,658
ba81da2b587caf9d,2026-10-02T06:19:26Z,kaggle-environments 1.32.7,ahmedberatozer-v43-recovering-lost-harvests,3abe0ca715ba18647c138d0c28f59f34371e1ea28d4378e290ab33760d2c12dc,v16_rc5,f029fa0cb66a9eb509afbe44e3f59b800332d0419db91607183410e4089c4d19,1663058751,0,89372,50781,1,0,0,DONE,DONE,719,719,64.25,3.718,1,,657,658
ba81da2b587caf9d,2026-10-02T06:19:26Z,kaggle-environments 1.32.7,ahmedberatozer-v43-recovering-lost-harvests,3abe0ca715ba18647c138d0c28f59f34371e1ea28d4378e290ab33760d2c12dc,v16_rc5,f029fa0cb66a9eb509afbe44e3f59b800332d0419db91607183410e4089c4d19,1663058751,1,89372,50781,1,0,0,DONE,DONE,719,719,16.5,50.632,1,,657,658
ba81da2b587caf9d,2026-10-02T06:19:26Z,kaggle-environments 1.32.7,ahmedberatozer-v44-winning-the-same-turn-sale-race,fe370bd8a9d0f3770e61cff4d9e60e19198e058a0fa1fb0adeb873a9d89c6640,v38_feed,a2047ebd8ca5720221e1421529655d9c67a7b2fedb74e874c7d3c55a8970ac7e,62857979,0,102851,80539,1,0,0,DONE,DONE,719,719,31.946,34.729,1,,655,657
ba81da2b587caf9d,2026-10-02T06:19:26Z,kaggle-environments 1.32.7,ahmedberatozer-v44-winning-the-same-turn-sale-race,fe370bd8a9d0f3770e61cff4d9e60e19198e058a0fa1fb0adeb873a9d89c6640,v38_feed,a2047ebd8ca5720221e1421529655d9c67a7b2fedb74e874c7d3c55a8970ac7e,62857979,1,102851,80539,1,0,0,DONE,DONE,719,719,16.594,17.555,1,,655,657
ba81da2b587caf9d,2026-10-02T06:19:26Z,kaggle-environments 1.32.7,ahmedberatozer-v44-winning-the-same-turn-sale-race,fe370bd8a9d0f3770e61cff4d9e60e19198e058a0fa1fb0adeb873a9d89c6640,v38_feed,a2047ebd8ca5720221e1421529655d9c67a7b2fedb74e874c7d3c55a8970ac7e,199441310,0,128620,90485,1,0,0,DONE,DONE,719,719,10.386,5.052,1,,650,650
ba81da2b587caf9d,2026-10-02T06:19:26Z,kaggle-environments 1.32.7,ahmedberatozer-v44-winning-the-same-turn-sale-race,fe370bd8a9d0f3770e61cff4d9e60e19198e058a0fa1fb0adeb873a9d89c6640,v38_feed,a2047ebd8ca5720221e1421529655d9c67a7b2fedb74e874c7d3c55a8970ac7e,199441310,1,125914,88152,1,0,0,DONE,DONE,719,719,10.759,4.571,1,,650,650
ba81da2b587caf9d,2026-10-02T06:19:26Z,kaggle-environments 1.32.7,ahmedberatozer-v44-winning-the-same-turn-sale-race,fe370bd8a9d0f3770e61cff4d9e60e19198e058a0fa1fb0adeb873a9d89c6640,v38_feed,a2047ebd8ca5720221e1421529655d9c67a7b2fedb74e874c7d3c55a8970ac7e,1152441257,0,172992,143374,1,0,0,DONE,DONE,719,719,121.925,5.779,1,,654,657
ba81da2b587caf9d,2026-10-02T06:19:26Z,kaggle-environments 1.32.7,ahmedberatozer-v44-winning-the-same-turn-sale-race,fe370bd8a9d0f3770e61cff4d9e60e19198e058a0fa1fb0adeb873a9d89c6640,v38_feed,a2047ebd8ca5720221e1421529655d9c67a7b2fedb74e874c7d3c55a8970ac7e,1152441257,1,172992,143374,1,0,0,DONE,DONE,719,719,192.826,73.005,1,,654,657
ba81da2b587caf9d,2026-10-02T06:19:26Z,kaggle-environments 1.32.7,ahmedberatozer-v44-winning-the-same-turn-sale-race,fe370bd8a9d0f3770e61cff4d9e60e19198e058a0fa1fb0adeb873a9d89c6640,v38_feed,a2047ebd8ca5720221e1421529655d9c67a7b2fedb74e874c7d3c55a8970ac7e,1184506355,0,141557,110052,1,0,0,DONE,DONE,719,719,16.714,17.996,1,,659,660
ba81da2b587caf9d,2026-10-02T06:19:26Z,kaggle-environments 1.32.7,ahmedberatozer-v44-winning-the-same-turn-sale-race,fe370bd8a9d0f3770e61cff4d9e60e19198e058a0fa1fb0adeb873a9d89c6640,v38_feed,a2047ebd8ca5720221e1421529655d9c67a7b2fedb74e874c7d3c55a8970ac7e,1184506355,1,141557,110052,1,0,0,DONE,DONE,719,719,53.703,17.997,1,,659,660
ba81da2b587caf9d,2026-10-02T06:19:26Z,kaggle-environments 1.32.7,ahmedberatozer-v44-winning-the-same-turn-sale-race,fe370bd8a9d0f3770e61cff4d9e60e19198e058a0fa1fb0adeb873a9d89c6640,v38_feed,a2047ebd8ca5720221e1421529655d9c67a7b2fedb74e874c7d3c55a8970ac7e,1479510883,0,156092,112730,1,0,0,DONE,DONE,719,719,37.59,30.824,1,,640,642
ba81da2b587caf9d,2026-10-02T06:19:26Z,kaggle-environments 1.32.7,ahmedberatozer-v44-winning-the-same-turn-sale-race,fe370bd8a9d0f3770e61cff4d9e60e19198e058a0fa1fb0adeb873a9d89c6640,v38_feed,a2047ebd8ca5720221e1421529655d9c67a7b2fedb74e874c7d3c55a8970ac7e,1479510883,1,156092,112730,1,0,0,DONE,DONE,719,719,31.405,36.415,1,,640,642
ba81da2b587caf9d,2026-10-02T06:19:26Z,kaggle-environments 1.32.7,ahmedberatozer-v44-winning-the-same-turn-sale-race,fe370bd8a9d0f3770e61cff4d9e60e19198e058a0fa1fb0adeb873a9d89c6640,v38_feed,a2047ebd8ca5720221e1421529655d9c67a7b2fedb74e874c7d3c55a8970ac7e,1493838340,0,143370,112064,1,0,0,DONE,DONE,719,719,264.311,35.325,1,,651,651
ba81da2b587caf9d,2026-10-02T06:19:26Z,kaggle-environments 1.32.7,ahmedberatozer-v44-winning-the-same-turn-sale-race,fe370bd8a9d0f3770e61cff4d9e60e19198e058a0fa1fb0adeb873a9d89c6640,v38_feed,a2047ebd8ca5720221e1421529655d9c67a7b2fedb74e874c7d3c55a8970ac7e,1493838340,1,143370,112064,1,0,0,DONE,DONE,719,719,87.624,32.876,1,,651,651
ba81da2b587caf9d,2026-10-02T06:19:26Z,kaggle-environments 1.32.7,ahmedberatozer-v44-winning-the-same-turn-sale-race,fe370bd8a9d0f3770e61cff4d9e60e19198e058a0fa1fb0adeb873a9d89c6640,v38_feed,a2047ebd8ca5720221e1421529655d9c67a7b2fedb74e874c7d3c55a8970ac7e,1525963489,0,94383,78896,1,0,0,DONE,DONE,719,719,19.379,8.931,1,,649,650
ba81da2b587caf9d,2026-10-02T06:19:26Z,kaggle-environments 1.32.7,ahmedberatozer-v44-winning-the-same-turn-sale-race,fe370bd8a9d0f3770e61cff4d9e60e19198e058a0fa1fb0adeb873a9d89c6640,v38_feed,a2047ebd8ca5720221e1421529655d9c67a7b2fedb74e874c7d3c55a8970ac7e,1525963489,1,94383,78896,1,0,0,DONE,DONE,719,719,21.384,9.109,1,,649,650
ba81da2b587caf9d,2026-10-02T06:19:26Z,kaggle-environments 1.32.7,ahmedberatozer-v44-winning-the-same-turn-sale-race,fe370bd8a9d0f3770e61cff4d9e60e19198e058a0fa1fb0adeb873a9d89c6640,v38_feed,a2047ebd8ca5720221e1421529655d9c67a7b2fedb74e874c7d3c55a8970ac7e,1663058751,0,114198,95552,1,0,0,DONE,DONE,719,719,17.057,12.29,1,,650,653
ba81da2b587caf9d,2026-10-02T06:19:26Z,kaggle-environments 1.32.7,ahmedberatozer-v44-winning-the-same-turn-sale-race,fe370bd8a9d0f3770e61cff4d9e60e19198e058a0fa1fb0adeb873a9d89c6640,v38_feed,a2047ebd8ca5720221e1421529655d9c67a7b2fedb74e874c7d3c55a8970ac7e,1663058751,1,114198,95552,1,0,0,DONE,DONE,719,719,24.68,12.377,1,,650,653
ba81da2b587caf9d,2026-10-02T06:19:26Z,kaggle-environments 1.32.7,ahmedberatozer-v48-clear-the-queue,4b5402888feeb4170dce38f34bebe56788b62ca287139fce7db72df8eb89bb96,ahmedberatozer-v49-funded-sale-timing,ed89be8cd96fe58ea5ca96c91bbeda28d928a5192ed926639fe6c43aea39b368,62857979,0,79195,84179,0,1,0,DONE,DONE,719,719,20.247,17.73,1,,651,653
ba81da2b587caf9d,2026-10-02T06:19:26Z,kaggle-environments 1.32.7,ahmedberatozer-v48-clear-the-queue,4b5402888feeb4170dce38f34bebe56788b62ca287139fce7db72df8eb89bb96,ahmedberatozer-v49-funded-sale-timing,ed89be8cd96fe58ea5ca96c91bbeda28d928a5192ed926639fe6c43aea39b368,62857979,1,79195,84179,0,1,0,DONE,DONE,719,719,22.934,23.911,1,,651,653
ba81da2b587caf9d,2026-10-02T06:19:26Z,kaggle-environments 1.32.7,ahmedberatozer-v48-clear-the-queue,4b5402888feeb4170dce38f34bebe56788b62ca287139fce7db72df8eb89bb96,ahmedberatozer-v49-funded-sale-timing,ed89be8cd96fe58ea5ca96c91bbeda28d928a5192ed926639fe6c43aea39b368,199441310,0,115569,117001,0,1,0,DONE,DONE,719,719,55.775,156.48,1,,651,651
ba81da2b587caf9d,2026-10-02T06:19:26Z,kaggle-environments 1.32.7,ahmedberatozer-v48-clear-the-queue,4b5402888feeb4170dce38f34bebe56788b62ca287139fce7db72df8eb89bb96,ahmedberatozer-v49-funded-sale-timing,ed89be8cd96fe58ea5ca96c91bbeda28d928a5192ed926639fe6c43aea39b368,199441310,1,115569,117001,0,1,0,DONE,DONE,719,719,135.666,14.226,1,,651,651
ba81da2b587caf9d,2026-10-02T06:19:26Z,kaggle-environments 1.32.7,ahmedberatozer-v48-clear-the-queue,4b5402888feeb4170dce38f34bebe56788b62ca287139fce7db72df8eb89bb96,ahmedberatozer-v49-funded-sale-timing,ed89be8cd96fe58ea5ca96c91bbeda28d928a5192ed926639fe6c43aea39b368,1152441257,0,135477,146558,0,1,0,DONE,DONE,719,719,106.267,17.92,1,,656,656
ba81da2b587caf9d,2026-10-02T06:19:26Z,kaggle-environments 1.32.7,ahmedberatozer-v48-clear-the-queue,4b5402888feeb4170dce38f34bebe56788b62ca287139fce7db72df8eb89bb96,ahmedberatozer-v49-funded-sale-timing,ed89be8cd96fe58ea5ca96c91bbeda28d928a5192ed926639fe6c43aea39b368,1152441257,1,135477,146558,0,1,0,DONE,DONE,719,719,19.646,186.318,1,,656,656
ba81da2b587caf9d,2026-10-02T06:19:26Z,kaggle-environments 1.32.7,ahmedberatozer-v48-clear-the-queue,4b5402888feeb4170dce38f34bebe56788b62ca287139fce7db72df8eb89bb96,ahmedberatozer-v49-funded-sale-timing,ed89be8cd96fe58ea5ca96c91bbeda28d928a5192ed926639fe6c43aea39b368,1184506355,0,69275,73157,0,1,0,DONE,DONE,719,719,13.647,13.378,1,,637,637
ba81da2b587caf9d,2026-10-02T06:19:26Z,kaggle-environments 1.32.7,ahmedberatozer-v48-clear-the-queue,4b5402888feeb4170dce38f34bebe56788b62ca287139fce7db72df8eb89bb96,ahmedberatozer-v49-funded-sale-timing,ed89be8cd96fe58ea5ca96c91bbeda28d928a5192ed926639fe6c43aea39b368,1184506355,1,69275,73157,0,1,0,DONE,DONE,719,719,13.252,82.947,1,,637,637
ba81da2b587caf9d,2026-10-02T06:19:26Z,kaggle-environments 1.32.7,ahmedberatozer-v48-clear-the-queue,4b5402888feeb4170dce38f34bebe56788b62ca287139fce7db72df8eb89bb96,ahmedberatozer-v49-funded-sale-timing,ed89be8cd96fe58ea5ca96c91bbeda28d928a5192ed926639fe6c43aea39b368,1479510883,0,109575,112376,0,1,0,DONE,DONE,719,719,14.119,14.49,1,,651,651
ba81da2b587caf9d,2026-10-02T06:19:26Z,kaggle-environments 1.32.7,ahmedberatozer-v48-clear-the-queue,4b5402888feeb4170dce38f34bebe56788b62ca287139fce7db72df8eb89bb96,ahmedberatozer-v49-funded-sale-timing,ed89be8cd96fe58ea5ca96c91bbeda28d928a5192ed926639fe6c43aea39b368,1479510883,1,109575,112376,0,1,0,DONE,DONE,719,719,14.106,129.667,1,,651,651
ba81da2b587caf9d,2026-10-02T06:19:26Z,kaggle-environments 1.32.7,ahmedberatozer-v48-clear-the-queue,4b5402888feeb4170dce38f34bebe56788b62ca287139fce7db72df8eb89bb96,ahmedberatozer-v49-funded-sale-timing,ed89be8cd96fe58ea5ca96c91bbeda28d928a5192ed926639fe6c43aea39b368,1493838340,0,71567,74776,0,1,0,DONE,DONE,719,719,25.994,28.979,1,,655,655
ba81da2b587caf9d,2026-10-02T06:19:26Z,kaggle-environments 1.32.7,ahmedberatozer-v48-clear-the-queue,4b5402888feeb4170dce38f34bebe56788b62ca287139fce7db72df8eb89bb96,ahmedberatozer-v49-funded-sale-timing,ed89be8cd96fe58ea5ca96c91bbeda28d928a5192ed926639fe6c43aea39b368,1493838340,1,71567,74776,0,1,0,DONE,DONE,719,719,25.062,22.505,1,,655,655
ba81da2b587caf9d,2026-10-02T06:19:26Z,kaggle-environments 1.32.7,ahmedberatozer-v48-clear-the-queue,4b5402888feeb4170dce38f34bebe56788b62ca287139fce7db72df8eb89bb96,ahmedberatozer-v49-funded-sale-timing,ed89be8cd96fe58ea5ca96c91bbeda28d928a5192ed926639fe6c43aea39b368,1525963489,0,125224,126134,0,1,0,DONE,DONE,719,719,39.216,14.01,1,,656,656
ba81da2b587caf9d,2026-10-02T06:19:26Z,kaggle-environments 1.32.7,ahmedberatozer-v48-clear-the-queue,4b5402888feeb4170dce38f34bebe56788b62ca287139fce7db72df8eb89bb96,ahmedberatozer-v49-funded-sale-timing,ed89be8cd96fe58ea5ca96c91bbeda28d928a5192ed926639fe6c43aea39b368,1525963489,1,125224,126134,0,1,0,DONE,DONE,719,719,13.816,14.138,1,,656,656
ba81da2b587caf9d,2026-10-02T06:19:26Z,kaggle-environments 1.32.7,ahmedberatozer-v48-clear-the-queue,4b5402888feeb4170dce38f34bebe56788b62ca287139fce7db72df8eb89bb96,ahmedberatozer-v49-funded-sale-timing,ed89be8cd96fe58ea5ca96c91bbeda28d928a5192ed926639fe6c43aea39b368,1663058751,0,82223,94270,0,1,0,DONE,DONE,719,719,25.487,192.274,1,,653,654
ba81da2b587caf9d,2026-10-02T06:19:26Z,kaggle-environments 1.32.7,ahmedberatozer-v48-clear-the-queue,4b5402888feeb4170dce38f34bebe56788b62ca287139fce7db72df8eb89bb96,ahmedberatozer-v49-funded-sale-timing,ed89be8cd96fe58ea5ca96c91bbeda28d928a5192ed926639fe6c43aea39b368,1663058751,1,82223,94270,0,1,0,DONE,DONE,719,719,24.093,183.1,1,,653,654
ba81da2b587caf9d,2026-10-02T06:19:26Z,kaggle-environments 1.32.7,ahmedberatozer-v49-funded-sale-timing,ed89be8cd96fe58ea5ca96c91bbeda28d928a5192ed926639fe6c43aea39b368,barnyard_v7,997e6bfc5234534e246e945bc61c87858ebf997ab85b0a5c9427dd4ed710f1b6,62857979,0,113512,78495,1,0,0,DONE,DONE,719,719,108.181,2.963,1,,655,548
ba81da2b587caf9d,2026-10-02T06:19:26Z,kaggle-environments 1.32.7,ahmedberatozer-v49-funded-sale-timing,ed89be8cd96fe58ea5ca96c91bbeda28d928a5192ed926639fe6c43aea39b368,barnyard_v7,997e6bfc5234534e246e945bc61c87858ebf997ab85b0a5c9427dd4ed710f1b6,62857979,1,113512,78495,1,0,0,DONE,DONE,719,719,98.204,1.247,1,,655,548
ba81da2b587caf9d,2026-10-02T06:19:26Z,kaggle-environments 1.32.7,ahmedberatozer-v49-funded-sale-timing,ed89be8cd96fe58ea5ca96c91bbeda28d928a5192ed926639fe6c43aea39b368,barnyard_v7,997e6bfc5234534e246e945bc61c87858ebf997ab85b0a5c9427dd4ed710f1b6,199441310,0,117308,87531,1,0,0,DONE,DONE,719,719,22.858,2.889,1,,652,548
ba81da2b587caf9d,2026-10-02T06:19:26Z,kaggle-environments 1.32.7,ahmedberatozer-v49-funded-sale-timing,ed89be8cd96fe58ea5ca96c91bbeda28d928a5192ed926639fe6c43aea39b368,barnyard_v7,997e6bfc5234534e246e945bc61c87858ebf997ab85b0a5c9427dd4ed710f1b6,199441310,1,117308,87531,1,0,0,DONE,DONE,719,719,79.882,4.944,1,,652,548
ba81da2b587caf9d,2026-10-02T06:19:26Z,kaggle-environments 1.32.7,ahmedberatozer-v49-funded-sale-timing,ed89be8cd96fe58ea5ca96c91bbeda28d928a5192ed926639fe6c43aea39b368,barnyard_v7,997e6bfc5234534e246e945bc61c87858ebf997ab85b0a5c9427dd4ed710f1b6,1152441257,0,170974,124689,1,0,0,DONE,DONE,719,719,20.885,3.577,1,,659,548
ba81da2b587caf9d,2026-10-02T06:19:26Z,kaggle-environments 1.32.7,ahmedberatozer-v49-funded-sale-timing,ed89be8cd96fe58ea5ca96c91bbeda28d928a5192ed926639fe6c43aea39b368,barnyard_v7,997e6bfc5234534e246e945bc61c87858ebf997ab85b0a5c9427dd4ed710f1b6,1152441257,1,170974,124689,1,0,0,DONE,DONE,719,719,56.8,2.427,1,,659,548
ba81da2b587caf9d,2026-10-02T06:19:26Z,kaggle-environments 1.32.7,ahmedberatozer-v49-funded-sale-timing,ed89be8cd96fe58ea5ca96c91bbeda28d928a5192ed926639fe6c43aea39b368,barnyard_v7,997e6bfc5234534e246e945bc61c87858ebf997ab85b0a5c9427dd4ed710f1b6,1184506355,0,103663,46875,1,0,0,DONE,DONE,719,719,73.321,2.946,1,,639,548
ba81da2b587caf9d,2026-10-02T06:19:26Z,kaggle-environments 1.32.7,ahmedberatozer-v49-funded-sale-timing,ed89be8cd96fe58ea5ca96c91bbeda28d928a5192ed926639fe6c43aea39b368,barnyard_v7,997e6bfc5234534e246e945bc61c87858ebf997ab85b0a5c9427dd4ed710f1b6,1184506355,1,103663,46875,1,0,0,DONE,DONE,719,719,17.679,48.412,1,,639,548
ba81da2b587caf9d,2026-10-02T06:19:26Z,kaggle-environments 1.32.7,ahmedberatozer-v49-funded-sale-timing,ed89be8cd96fe58ea5ca96c91bbeda28d928a5192ed926639fe6c43aea39b368,barnyard_v7,997e6bfc5234534e246e945bc61c87858ebf997ab85b0a5c9427dd4ed710f1b6,1479510883,0,149756,103185,1,0,0,DONE,DONE,719,719,106.835,2.155,1,,651,548
ba81da2b587caf9d,2026-10-02T06:19:26Z,kaggle-environments 1.32.7,ahmedberatozer-v49-funded-sale-timing,ed89be8cd96fe58ea5ca96c91bbeda28d928a5192ed926639fe6c43aea39b368,barnyard_v7,997e6bfc5234534e246e945bc61c87858ebf997ab85b0a5c9427dd4ed710f1b6,1479510883,1,149756,103185,1,0,0,DONE,DONE,719,719,13.766,2.732,1,,651,548
ba81da2b587caf9d,2026-10-02T06:19:26Z,kaggle-environments 1.32.7,ahmedberatozer-v49-funded-sale-timing,ed89be8cd96fe58ea5ca96c91bbeda28d928a5192ed926639fe6c43aea39b368,barnyard_v7,997e6bfc5234534e246e945bc61c87858ebf997ab85b0a5c9427dd4ed710f1b6,1493838340,0,87246,28208,1,0,0,DONE,DONE,719,719,13.891,0.593,1,,655,548
ba81da2b587caf9d,2026-10-02T06:19:26Z,kaggle-environments 1.32.7,ahmedberatozer-v49-funded-sale-timing,ed89be8cd96fe58ea5ca96c91bbeda28d928a5192ed926639fe6c43aea39b368,barnyard_v7,997e6bfc5234534e246e945bc61c87858ebf997ab85b0a5c9427dd4ed710f1b6,1493838340,1,87246,28208,1,0,0,DONE,DONE,719,719,151.008,40.115,1,,655,548
ba81da2b587caf9d,2026-10-02T06:19:26Z,kaggle-environments 1.32.7,ahmedberatozer-v49-funded-sale-timing,ed89be8cd96fe58ea5ca96c91bbeda28d928a5192ed926639fe6c43aea39b368,barnyard_v7,997e6bfc5234534e246e945bc61c87858ebf997ab85b0a5c9427dd4ed710f1b6,1525963489,0,163976,122637,1,0,0,DONE,DONE,719,719,82.115,3.113,1,,657,548
ba81da2b587caf9d,2026-10-02T06:19:26Z,kaggle-environments 1.32.7,ahmedberatozer-v49-funded-sale-timing,ed89be8cd96fe58ea5ca96c91bbeda28d928a5192ed926639fe6c43aea39b368,barnyard_v7,997e6bfc5234534e246e945bc61c87858ebf997ab85b0a5c9427dd4ed710f1b6,1525963489,1,163976,122637,1,0,0,DONE,DONE,719,719,14.088,2.774,1,,657,548
ba81da2b587caf9d,2026-10-02T06:19:26Z,kaggle-environments 1.32.7,ahmedberatozer-v49-funded-sale-timing,ed89be8cd96fe58ea5ca96c91bbeda28d928a5192ed926639fe6c43aea39b368,barnyard_v7,997e6bfc5234534e246e945bc61c87858ebf997ab85b0a5c9427dd4ed710f1b6,1663058751,0,97594,52993,1,0,0,DONE,DONE,719,719,38.027,3.423,1,,656,548
ba81da2b587caf9d,2026-10-02T06:19:26Z,kaggle-environments 1.32.7,ahmedberatozer-v49-funded-sale-timing,ed89be8cd96fe58ea5ca96c91bbeda28d928a5192ed926639fe6c43aea39b368,barnyard_v7,997e6bfc5234534e246e945bc61c87858ebf997ab85b0a5c9427dd4ed710f1b6,1663058751,1,97594,52993,1,0,0,DONE,DONE,719,719,13.967,4.13,1,,656,548
ba81da2b587caf9d,2026-10-02T06:19:26Z,kaggle-environments 1.32.7,ahmedberatozer-v43-recovering-lost-harvests,3abe0ca715ba18647c138d0c28f59f34371e1ea28d4378e290ab33760d2c12dc,v38_feed,a2047ebd8ca5720221e1421529655d9c67a7b2fedb74e874c7d3c55a8970ac7e,62857979,0,102851,80539,1,0,0,DONE,DONE,719,719,47.426,20.518,1,,655,657
ba81da2b587caf9d,2026-10-02T06:19:26Z,kaggle-environments 1.32.7,ahmedberatozer-v43-recovering-lost-harvests,3abe0ca715ba18647c138d0c28f59f34371e1ea28d4378e290ab33760d2c12dc,v38_feed,a2047ebd8ca5720221e1421529655d9c67a7b2fedb74e874c7d3c55a8970ac7e,62857979,1,102851,80539,1,0,0,DONE,DONE,719,719,17.642,23.138,1,,655,657
ba81da2b587caf9d,2026-10-02T06:19:26Z,kaggle-environments 1.32.7,ahmedberatozer-v43-recovering-lost-harvests,3abe0ca715ba18647c138d0c28f59f34371e1ea28d4378e290ab33760d2c12dc,v38_feed,a2047ebd8ca5720221e1421529655d9c67a7b2fedb74e874c7d3c55a8970ac7e,199441310,0,128620,90485,1,0,0,DONE,DONE,719,719,10.908,4.805,1,,650,650
ba81da2b587caf9d,2026-10-02T06:19:26Z,kaggle-environments 1.32.7,ahmedberatozer-v43-recovering-lost-harvests,3abe0ca715ba18647c138d0c28f59f34371e1ea28d4378e290ab33760d2c12dc,v38_feed,a2047ebd8ca5720221e1421529655d9c67a7b2fedb74e874c7d3c55a8970ac7e,199441310,1,125914,88152,1,0,0,DONE,DONE,719,719,73.487,4.34,1,,650,650
ba81da2b587caf9d,2026-10-02T06:19:26Z,kaggle-environments 1.32.7,ahmedberatozer-v43-recovering-lost-harvests,3abe0ca715ba18647c138d0c28f59f34371e1ea28d4378e290ab33760d2c12dc,v38_feed,a2047ebd8ca5720221e1421529655d9c67a7b2fedb74e874c7d3c55a8970ac7e,1152441257,0,172982,143470,1,0,0,DONE,DONE,719,719,10.968,5.469,1,,654,657
ba81da2b587caf9d,2026-10-02T06:19:26Z,kaggle-environments 1.32.7,ahmedberatozer-v43-recovering-lost-harvests,3abe0ca715ba18647c138d0c28f59f34371e1ea28d4378e290ab33760d2c12dc,v38_feed,a2047ebd8ca5720221e1421529655d9c67a7b2fedb74e874c7d3c55a8970ac7e,1152441257,1,172982,143470,1,0,0,DONE,DONE,719,719,10.247,5.477,1,,654,657
ba81da2b587caf9d,2026-10-02T06:19:26Z,kaggle-environments 1.32.7,ahmedberatozer-v43-recovering-lost-harvests,3abe0ca715ba18647c138d0c28f59f34371e1ea28d4378e290ab33760d2c12dc,v38_feed,a2047ebd8ca5720221e1421529655d9c67a7b2fedb74e874c7d3c55a8970ac7e,1184506355,0,141571,110149,1,0,0,DONE,DONE,719,719,27.12,31.586,1,,659,660
ba81da2b587caf9d,2026-10-02T06:19:26Z,kaggle-environments 1.32.7,ahmedberatozer-v43-recovering-lost-harvests,3abe0ca715ba18647c138d0c28f59f34371e1ea28d4378e290ab33760d2c12dc,v38_feed,a2047ebd8ca5720221e1421529655d9c67a7b2fedb74e874c7d3c55a8970ac7e,1184506355,1,141571,110149,1,0,0,DONE,DONE,719,719,228.342,37.559,1,,659,660
ba81da2b587caf9d,2026-10-02T06:19:26Z,kaggle-environments 1.32.7,ahmedberatozer-v43-recovering-lost-harvests,3abe0ca715ba18647c138d0c28f59f34371e1ea28d4378e290ab33760d2c12dc,v38_feed,a2047ebd8ca5720221e1421529655d9c67a7b2fedb74e874c7d3c55a8970ac7e,1479510883,0,156092,112730,1,0,0,DONE,DONE,719,719,261.582,45.557,1,,640,642
ba81da2b587caf9d,2026-10-02T06:19:26Z,kaggle-environments 1.32.7,ahmedberatozer-v43-recovering-lost-harvests,3abe0ca715ba18647c138d0c28f59f34371e1ea28d4378e290ab33760d2c12dc,v38_feed,a2047ebd8ca5720221e1421529655d9c67a7b2fedb74e874c7d3c55a8970ac7e,1479510883,1,156092,112730,1,0,0,DONE,DONE,719,719,30.808,37.87,1,,640,642
ba81da2b587caf9d,2026-10-02T06:19:26Z,kaggle-environments 1.32.7,ahmedberatozer-v43-recovering-lost-harvests,3abe0ca715ba18647c138d0c28f59f34371e1ea28d4378e290ab33760d2c12dc,v38_feed,a2047ebd8ca5720221e1421529655d9c67a7b2fedb74e874c7d3c55a8970ac7e,1493838340,0,143370,112064,1,0,0,DONE,DONE,719,719,16.365,126.213,1,,651,651
ba81da2b587caf9d,2026-10-02T06:19:26Z,kaggle-environments 1.32.7,ahmedberatozer-v43-recovering-lost-harvests,3abe0ca715ba18647c138d0c28f59f34371e1ea28d4378e290ab33760d2c12dc,v38_feed,a2047ebd8ca5720221e1421529655d9c67a7b2fedb74e874c7d3c55a8970ac7e,1493838340,1,143370,112064,1,0,0,DONE,DONE,719,719,16.084,93.777,1,,651,651
ba81da2b587caf9d,2026-10-02T06:19:26Z,kaggle-environments 1.32.7,ahmedberatozer-v43-recovering-lost-harvests,3abe0ca715ba18647c138d0c28f59f34371e1ea28d4378e290ab33760d2c12dc,v38_feed,a2047ebd8ca5720221e1421529655d9c67a7b2fedb74e874c7d3c55a8970ac7e,1525963489,0,94383,78896,1,0,0,DONE,DONE,719,719,55.938,10.354,1,,649,650
ba81da2b587caf9d,2026-10-02T06:19:26Z,kaggle-environments 1.32.7,ahmedberatozer-v43-recovering-lost-harvests,3abe0ca715ba18647c138d0c28f59f34371e1ea28d4378e290ab33760d2c12dc,v38_feed,a2047ebd8ca5720221e1421529655d9c67a7b2fedb74e874c7d3c55a8970ac7e,1525963489,1,94383,78896,1,0,0,DONE,DONE,719,719,10.598,4.497,1,,649,650
ba81da2b587caf9d,2026-10-02T06:19:26Z,kaggle-environments 1.32.7,ahmedberatozer-v43-recovering-lost-harvests,3abe0ca715ba18647c138d0c28f59f34371e1ea28d4378e290ab33760d2c12dc,v38_feed,a2047ebd8ca5720221e1421529655d9c67a7b2fedb74e874c7d3c55a8970ac7e,1663058751,0,114198,95552,1,0,0,DONE,DONE,719,719,17.706,8.331,1,,650,653
ba81da2b587caf9d,2026-10-02T06:19:26Z,kaggle-environments 1.32.7,ahmedberatozer-v43-recovering-lost-harvests,3abe0ca715ba18647c138d0c28f59f34371e1ea28d4378e290ab33760d2c12dc,v38_feed,a2047ebd8ca5720221e1421529655d9c67a7b2fedb74e874c7d3c55a8970ac7e,1663058751,1,114198,95552,1,0,0,DONE,DONE,719,719,78.943,5.501,1,,650,653
ba81da2b587caf9d,2026-10-02T06:19:26Z,kaggle-environments 1.32.7,ahmedberatozer-v44-winning-the-same-turn-sale-race,fe370bd8a9d0f3770e61cff4d9e60e19198e058a0fa1fb0adeb873a9d89c6640,barnyard_v7,997e6bfc5234534e246e945bc61c87858ebf997ab85b0a5c9427dd4ed710f1b6,62857979,0,110661,76935,1,0,0,DONE,DONE,719,719,16.375,2.561,1,,653,548
ba81da2b587caf9d,2026-10-02T06:19:26Z,kaggle-environments 1.32.7,ahmedberatozer-v44-winning-the-same-turn-sale-race,fe370bd8a9d0f3770e61cff4d9e60e19198e058a0fa1fb0adeb873a9d89c6640,barnyard_v7,997e6bfc5234534e246e945bc61c87858ebf997ab85b0a5c9427dd4ed710f1b6,62857979,1,110661,76935,1,0,0,DONE,DONE,719,719,55.019,56.688,1,,653,548
ba81da2b587caf9d,2026-10-02T06:19:26Z,kaggle-environments 1.32.7,ahmedberatozer-v44-winning-the-same-turn-sale-race,fe370bd8a9d0f3770e61cff4d9e60e19198e058a0fa1fb0adeb873a9d89c6640,barnyard_v7,997e6bfc5234534e246e945bc61c87858ebf997ab85b0a5c9427dd4ed710f1b6,199441310,0,116098,86923,1,0,0,DONE,DONE,719,719,28.877,3.21,1,,652,548
ba81da2b587caf9d,2026-10-02T06:19:26Z,kaggle-environments 1.32.7,ahmedberatozer-v44-winning-the-same-turn-sale-race,fe370bd8a9d0f3770e61cff4d9e60e19198e058a0fa1fb0adeb873a9d89c6640,barnyard_v7,997e6bfc5234534e246e945bc61c87858ebf997ab85b0a5c9427dd4ed710f1b6,199441310,1,116098,86923,1,0,0,DONE,DONE,719,719,54.272,4.182,1,,652,548
ba81da2b587caf9d,2026-10-02T06:19:26Z,kaggle-environments 1.32.7,ahmedberatozer-v44-winning-the-same-turn-sale-race,fe370bd8a9d0f3770e61cff4d9e60e19198e058a0fa1fb0adeb873a9d89c6640,barnyard_v7,997e6bfc5234534e246e945bc61c87858ebf997ab85b0a5c9427dd4ed710f1b6,1152441257,0,163610,125161,1,0,0,DONE,DONE,719,719,16.191,2.623,1,,659,548
ba81da2b587caf9d,2026-10-02T06:19:26Z,kaggle-environments 1.32.7,ahmedberatozer-v44-winning-the-same-turn-sale-race,fe370bd8a9d0f3770e61cff4d9e60e19198e058a0fa1fb0adeb873a9d89c6640,barnyard_v7,997e6bfc5234534e246e945bc61c87858ebf997ab85b0a5c9427dd4ed710f1b6,1152441257,1,163610,125161,1,0,0,DONE,DONE,719,719,64.06,5.035,1,,659,548
ba81da2b587caf9d,2026-10-02T06:19:26Z,kaggle-environments 1.32.7,ahmedberatozer-v44-winning-the-same-turn-sale-race,fe370bd8a9d0f3770e61cff4d9e60e19198e058a0fa1fb0adeb873a9d89c6640,barnyard_v7,997e6bfc5234534e246e945bc61c87858ebf997ab85b0a5c9427dd4ed710f1b6,1184506355,0,102539,48287,1,0,0,DONE,DONE,719,719,16.217,4.109,1,,639,548
ba81da2b587caf9d,2026-10-02T06:19:26Z,kaggle-environments 1.32.7,ahmedberatozer-v44-winning-the-same-turn-sale-race,fe370bd8a9d0f3770e61cff4d9e60e19198e058a0fa1fb0adeb873a9d89c6640,barnyard_v7,997e6bfc5234534e246e945bc61c87858ebf997ab85b0a5c9427dd4ed710f1b6,1184506355,1,102539,48287,1,0,0,DONE,DONE,719,719,167.728,3.813,1,,639,548
ba81da2b587caf9d,2026-10-02T06:19:26Z,kaggle-environments 1.32.7,ahmedberatozer-v44-winning-the-same-turn-sale-race,fe370bd8a9d0f3770e61cff4d9e60e19198e058a0fa1fb0adeb873a9d89c6640,barnyard_v7,997e6bfc5234534e246e945bc61c87858ebf997ab85b0a5c9427dd4ed710f1b6,1479510883,0,149982,103157,1,0,0,DONE,DONE,719,719,16.625,3.411,1,,651,548
ba81da2b587caf9d,2026-10-02T06:19:26Z,kaggle-environments 1.32.7,ahmedberatozer-v44-winning-the-same-turn-sale-race,fe370bd8a9d0f3770e61cff4d9e60e19198e058a0fa1fb0adeb873a9d89c6640,barnyard_v7,997e6bfc5234534e246e945bc61c87858ebf997ab85b0a5c9427dd4ed710f1b6,1479510883,1,149982,103157,1,0,0,DONE,DONE,719,719,71.868,3.983,1,,651,548
ba81da2b587caf9d,2026-10-02T06:19:26Z,kaggle-environments 1.32.7,ahmedberatozer-v44-winning-the-same-turn-sale-race,fe370bd8a9d0f3770e61cff4d9e60e19198e058a0fa1fb0adeb873a9d89c6640,barnyard_v7,997e6bfc5234534e246e945bc61c87858ebf997ab85b0a5c9427dd4ed710f1b6,1493838340,0,99231,33354,1,0,0,DONE,DONE,719,719,16.523,2.061,1,,655,548
ba81da2b587caf9d,2026-10-02T06:19:26Z,kaggle-environments 1.32.7,ahmedberatozer-v44-winning-the-same-turn-sale-race,fe370bd8a9d0f3770e61cff4d9e60e19198e058a0fa1fb0adeb873a9d89c6640,barnyard_v7,997e6bfc5234534e246e945bc61c87858ebf997ab85b0a5c9427dd4ed710f1b6,1493838340,1,99231,33354,1,0,0,DONE,DONE,719,719,148.826,3.647,1,,655,548
ba81da2b587caf9d,2026-10-02T06:19:26Z,kaggle-environments 1.32.7,ahmedberatozer-v44-winning-the-same-turn-sale-race,fe370bd8a9d0f3770e61cff4d9e60e19198e058a0fa1fb0adeb873a9d89c6640,barnyard_v7,997e6bfc5234534e246e945bc61c87858ebf997ab85b0a5c9427dd4ed710f1b6,1525963489,0,159960,124991,1,0,0,DONE,DONE,719,719,60.658,2.461,1,,657,548
ba81da2b587caf9d,2026-10-02T06:19:26Z,kaggle-environments 1.32.7,ahmedberatozer-v44-winning-the-same-turn-sale-race,fe370bd8a9d0f3770e61cff4d9e60e19198e058a0fa1fb0adeb873a9d89c6640,barnyard_v7,997e6bfc5234534e246e945bc61c87858ebf997ab85b0a5c9427dd4ed710f1b6,1525963489,1,159960,124991,1,0,0,DONE,DONE,719,719,27.379,3.863,1,,657,548
ba81da2b587caf9d,2026-10-02T06:19:26Z,kaggle-environments 1.32.7,ahmedberatozer-v44-winning-the-same-turn-sale-race,fe370bd8a9d0f3770e61cff4d9e60e19198e058a0fa1fb0adeb873a9d89c6640,barnyard_v7,997e6bfc5234534e246e945bc61c87858ebf997ab85b0a5c9427dd4ed710f1b6,1663058751,0,94817,52124,1,0,0,DONE,DONE,719,719,25.882,2.612,1,,655,548
ba81da2b587caf9d,2026-10-02T06:19:26Z,kaggle-environments 1.32.7,ahmedberatozer-v44-winning-the-same-turn-sale-race,fe370bd8a9d0f3770e61cff4d9e60e19198e058a0fa1fb0adeb873a9d89c6640,barnyard_v7,997e6bfc5234534e246e945bc61c87858ebf997ab85b0a5c9427dd4ed710f1b6,1663058751,1,94817,52124,1,0,0,DONE,DONE,719,719,16.505,0.417,1,,655,548
ba81da2b587caf9d,2026-10-02T06:19:26Z,kaggle-environments 1.32.7,ahmedberatozer-v48-clear-the-queue,4b5402888feeb4170dce38f34bebe56788b62ca287139fce7db72df8eb89bb96,ahmedberatozer-v50-early-yarn-commit,044a26601be23816d397c51c22c4d86b938f8bac4b914f9bea1fbe38bac1e8a5,62857979,0,79195,84179,0,1,0,DONE,DONE,719,719,166.115,12.675,1,,651,653
ba81da2b587caf9d,2026-10-02T06:19:26Z,kaggle-environments 1.32.7,ahmedberatozer-v48-clear-the-queue,4b5402888feeb4170dce38f34bebe56788b62ca287139fce7db72df8eb89bb96,ahmedberatozer-v50-early-yarn-commit,044a26601be23816d397c51c22c4d86b938f8bac4b914f9bea1fbe38bac1e8a5,62857979,1,79195,84179,0,1,0,DONE,DONE,719,719,19.039,19.685,1,,651,653
ba81da2b587caf9d,2026-10-02T06:19:26Z,kaggle-environments 1.32.7,ahmedberatozer-v48-clear-the-queue,4b5402888feeb4170dce38f34bebe56788b62ca287139fce7db72df8eb89bb96,ahmedberatozer-v50-early-yarn-commit,044a26601be23816d397c51c22c4d86b938f8bac4b914f9bea1fbe38bac1e8a5,199441310,0,115569,117001,0,1,0,DONE,DONE,719,719,117.258,26.282,1,,651,651
ba81da2b587caf9d,2026-10-02T06:19:26Z,kaggle-environments 1.32.7,ahmedberatozer-v48-clear-the-queue,4b5402888feeb4170dce38f34bebe56788b62ca287139fce7db72df8eb89bb96,ahmedberatozer-v50-early-yarn-commit,044a26601be23816d397c51c22c4d86b938f8bac4b914f9bea1fbe38bac1e8a5,199441310,1,115569,117001,0,1,0,DONE,DONE,719,719,23.281,146.72,1,,651,651
ba81da2b587caf9d,2026-10-02T06:19:26Z,kaggle-environments 1.32.7,ahmedberatozer-v48-clear-the-queue,4b5402888feeb4170dce38f34bebe56788b62ca287139fce7db72df8eb89bb96,ahmedberatozer-v50-early-yarn-commit,044a26601be23816d397c51c22c4d86b938f8bac4b914f9bea1fbe38bac1e8a5,1152441257,0,135477,146558,0,1,0,DONE,DONE,719,719,102.535,27.789,1,,656,656
ba81da2b587caf9d,2026-10-02T06:19:26Z,kaggle-environments 1.32.7,ahmedberatozer-v48-clear-the-queue,4b5402888feeb4170dce38f34bebe56788b62ca287139fce7db72df8eb89bb96,ahmedberatozer-v50-early-yarn-commit,044a26601be23816d397c51c22c4d86b938f8bac4b914f9bea1fbe38bac1e8a5,1152441257,1,135477,146558,0,1,0,DONE,DONE,719,719,22.544,16.897,1,,656,656
ba81da2b587caf9d,2026-10-02T06:19:26Z,kaggle-environments 1.32.7,ahmedberatozer-v48-clear-the-queue,4b5402888feeb4170dce38f34bebe56788b62ca287139fce7db72df8eb89bb96,ahmedberatozer-v50-early-yarn-commit,044a26601be23816d397c51c22c4d86b938f8bac4b914f9bea1fbe38bac1e8a5,1184506355,0,69275,73157,0,1,0,DONE,DONE,719,719,67.906,188.862,1,,637,637
ba81da2b587caf9d,2026-10-02T06:19:26Z,kaggle-environments 1.32.7,ahmedberatozer-v48-clear-the-queue,4b5402888feeb4170dce38f34bebe56788b62ca287139fce7db72df8eb89bb96,ahmedberatozer-v50-early-yarn-commit,044a26601be23816d397c51c22c4d86b938f8bac4b914f9bea1fbe38bac1e8a5,1184506355,1,69275,73157,0,1,0,DONE,DONE,719,719,13.469,119.233,1,,637,637
ba81da2b587caf9d,2026-10-02T06:19:26Z,kaggle-environments 1.32.7,ahmedberatozer-v48-clear-the-queue,4b5402888feeb4170dce38f34bebe56788b62ca287139fce7db72df8eb89bb96,ahmedberatozer-v50-early-yarn-commit,044a26601be23816d397c51c22c4d86b938f8bac4b914f9bea1fbe38bac1e8a5,1479510883,0,109575,112376,0,1,0,DONE,DONE,719,719,170.878,23.865,1,,651,651
ba81da2b587caf9d,2026-10-02T06:19:26Z,kaggle-environments 1.32.7,ahmedberatozer-v48-clear-the-queue,4b5402888feeb4170dce38f34bebe56788b62ca287139fce7db72df8eb89bb96,ahmedberatozer-v50-early-yarn-commit,044a26601be23816d397c51c22c4d86b938f8bac4b914f9bea1fbe38bac1e8a5,1479510883,1,109575,112376,0,1,0,DONE,DONE,719,719,13.759,111.807,1,,651,651
ba81da2b587caf9d,2026-10-02T06:19:26Z,kaggle-environments 1.32.7,ahmedberatozer-v48-clear-the-queue,4b5402888feeb4170dce38f34bebe56788b62ca287139fce7db72df8eb89bb96,ahmedberatozer-v50-early-yarn-commit,044a26601be23816d397c51c22c4d86b938f8bac4b914f9bea1fbe38bac1e8a5,1493838340,0,71567,74776,0,1,0,DONE,DONE,719,719,14.1,14.222,1,,655,655
ba81da2b587caf9d,2026-10-02T06:19:26Z,kaggle-environments 1.32.7,ahmedberatozer-v48-clear-the-queue,4b5402888feeb4170dce38f34bebe56788b62ca287139fce7db72df8eb89bb96,ahmedberatozer-v50-early-yarn-commit,044a26601be23816d397c51c22c4d86b938f8bac4b914f9bea1fbe38bac1e8a5,1493838340,1,71567,74776,0,1,0,DONE,DONE,719,719,32.33,157.472,1,,655,655
ba81da2b587caf9d,2026-10-02T06:19:26Z,kaggle-environments 1.32.7,ahmedberatozer-v48-clear-the-queue,4b5402888feeb4170dce38f34bebe56788b62ca287139fce7db72df8eb89bb96,ahmedberatozer-v50-early-yarn-commit,044a26601be23816d397c51c22c4d86b938f8bac4b914f9bea1fbe38bac1e8a5,1525963489,0,125224,126134,0,1,0,DONE,DONE,719,719,13.939,14.006,1,,656,656
ba81da2b587caf9d,2026-10-02T06:19:26Z,kaggle-environments 1.32.7,ahmedberatozer-v48-clear-the-queue,4b5402888feeb4170dce38f34bebe56788b62ca287139fce7db72df8eb89bb96,ahmedberatozer-v50-early-yarn-commit,044a26601be23816d397c51c22c4d86b938f8bac4b914f9bea1fbe38bac1e8a5,1525963489,1,125224,126134,0,1,0,DONE,DONE,719,719,23.649,82.081,1,,656,656
ba81da2b587caf9d,2026-10-02T06:19:26Z,kaggle-environments 1.32.7,ahmedberatozer-v48-clear-the-queue,4b5402888feeb4170dce38f34bebe56788b62ca287139fce7db72df8eb89bb96,ahmedberatozer-v50-early-yarn-commit,044a26601be23816d397c51c22c4d86b938f8bac4b914f9bea1fbe38bac1e8a5,1663058751,0,82223,94270,0,1,0,DONE,DONE,719,719,26.529,32.086,1,,653,654
ba81da2b587caf9d,2026-10-02T06:19:26Z,kaggle-environments 1.32.7,ahmedberatozer-v48-clear-the-queue,4b5402888feeb4170dce38f34bebe56788b62ca287139fce7db72df8eb89bb96,ahmedberatozer-v50-early-yarn-commit,044a26601be23816d397c51c22c4d86b938f8bac4b914f9bea1fbe38bac1e8a5,1663058751,1,82223,94270,0,1,0,DONE,DONE,719,719,14.059,13.96,1,,653,654
ba81da2b587caf9d,2026-10-02T06:19:26Z,kaggle-environments 1.32.7,ahmedberatozer-v50-early-yarn-commit,044a26601be23816d397c51c22c4d86b938f8bac4b914f9bea1fbe38bac1e8a5,v16_rc5,f029fa0cb66a9eb509afbe44e3f59b800332d0419db91607183410e4089c4d19,62857979,0,93316,69230,1,0,0,DONE,DONE,719,719,38.902,3.641,1,,649,658
ba81da2b587caf9d,2026-10-02T06:19:26Z,kaggle-environments 1.32.7,ahmedberatozer-v50-early-yarn-commit,044a26601be23816d397c51c22c4d86b938f8bac4b914f9bea1fbe38bac1e8a5,v16_rc5,f029fa0cb66a9eb509afbe44e3f59b800332d0419db91607183410e4089c4d19,62857979,1,93316,69230,1,0,0,DONE,DONE,719,719,94.716,3.137,1,,649,658
ba81da2b587caf9d,2026-10-02T06:19:26Z,kaggle-environments 1.32.7,ahmedberatozer-v50-early-yarn-commit,044a26601be23816d397c51c22c4d86b938f8bac4b914f9bea1fbe38bac1e8a5,v16_rc5,f029fa0cb66a9eb509afbe44e3f59b800332d0419db91607183410e4089c4d19,199441310,0,139932,121366,1,0,0,DONE,DONE,719,719,88.869,4.15,1,,655,658
ba81da2b587caf9d,2026-10-02T06:19:26Z,kaggle-environments 1.32.7,ahmedberatozer-v50-early-yarn-commit,044a26601be23816d397c51c22c4d86b938f8bac4b914f9bea1fbe38bac1e8a5,v16_rc5,f029fa0cb66a9eb509afbe44e3f59b800332d0419db91607183410e4089c4d19,199441310,1,139932,121366,1,0,0,DONE,DONE,719,719,58.394,1.771,1,,655,658
ba81da2b587caf9d,2026-10-02T06:19:26Z,kaggle-environments 1.32.7,ahmedberatozer-v50-early-yarn-commit,044a26601be23816d397c51c22c4d86b938f8bac4b914f9bea1fbe38bac1e8a5,v16_rc5,f029fa0cb66a9eb509afbe44e3f59b800332d0419db91607183410e4089c4d19,1152441257,0,101684,62647,1,0,0,DONE,DONE,719,719,94.91,2.166,1,,655,658
ba81da2b587caf9d,2026-10-02T06:19:26Z,kaggle-environments 1.32.7,ahmedberatozer-v50-early-yarn-commit,044a26601be23816d397c51c22c4d86b938f8bac4b914f9bea1fbe38bac1e8a5,v16_rc5,f029fa0cb66a9eb509afbe44e3f59b800332d0419db91607183410e4089c4d19,1152441257,1,101684,62647,1,0,0,DONE,DONE,719,719,83.6,32.373,1,,655,658
ba81da2b587caf9d,2026-10-02T06:19:26Z,kaggle-environments 1.32.7,ahmedberatozer-v50-early-yarn-commit,044a26601be23816d397c51c22c4d86b938f8bac4b914f9bea1fbe38bac1e8a5,v16_rc5,f029fa0cb66a9eb509afbe44e3f59b800332d0419db91607183410e4089c4d19,1184506355,0,96885,51397,1,0,0,DONE,DONE,719,719,53.741,1.026,1,,637,658
ba81da2b587caf9d,2026-10-02T06:19:26Z,kaggle-environments 1.32.7,ahmedberatozer-v50-early-yarn-commit,044a26601be23816d397c51c22c4d86b938f8bac4b914f9bea1fbe38bac1e8a5,v16_rc5,f029fa0cb66a9eb509afbe44e3f59b800332d0419db91607183410e4089c4d19,1184506355,1,96885,51397,1,0,0,DONE,DONE,719,719,98.794,53.025,1,,637,658
ba81da2b587caf9d,2026-10-02T06:19:26Z,kaggle-environments 1.32.7,ahmedberatozer-v50-early-yarn-commit,044a26601be23816d397c51c22c4d86b938f8bac4b914f9bea1fbe38bac1e8a5,v16_rc5,f029fa0cb66a9eb509afbe44e3f59b800332d0419db91607183410e4089c4d19,1479510883,0,155826,94827,1,0,0,DONE,DONE,719,719,69.951,0.903,1,,657,658
ba81da2b587caf9d,2026-10-02T06:19:26Z,kaggle-environments 1.32.7,ahmedberatozer-v50-early-yarn-commit,044a26601be23816d397c51c22c4d86b938f8bac4b914f9bea1fbe38bac1e8a5,v16_rc5,f029fa0cb66a9eb509afbe44e3f59b800332d0419db91607183410e4089c4d19,1479510883,1,155826,94827,1,0,0,DONE,DONE,719,719,62.559,0.582,1,,657,658
ba81da2b587caf9d,2026-10-02T06:19:26Z,kaggle-environments 1.32.7,ahmedberatozer-v50-early-yarn-commit,044a26601be23816d397c51c22c4d86b938f8bac4b914f9bea1fbe38bac1e8a5,v16_rc5,f029fa0cb66a9eb509afbe44e3f59b800332d0419db91607183410e4089c4d19,1493838340,0,120510,92097,1,0,0,DONE,DONE,719,719,68.639,1.007,1,,655,658
ba81da2b587caf9d,2026-10-02T06:19:26Z,kaggle-environments 1.32.7,ahmedberatozer-v50-early-yarn-commit,044a26601be23816d397c51c22c4d86b938f8bac4b914f9bea1fbe38bac1e8a5,v16_rc5,f029fa0cb66a9eb509afbe44e3f59b800332d0419db91607183410e4089c4d19,1493838340,1,120510,92097,1,0,0,DONE,DONE,719,719,145.093,3.403,1,,655,658
ba81da2b587caf9d,2026-10-02T06:19:26Z,kaggle-environments 1.32.7,ahmedberatozer-v50-early-yarn-commit,044a26601be23816d397c51c22c4d86b938f8bac4b914f9bea1fbe38bac1e8a5,v16_rc5,f029fa0cb66a9eb509afbe44e3f59b800332d0419db91607183410e4089c4d19,1525963489,0,122638,97723,1,0,0,DONE,DONE,719,719,135.234,3.217,1,,655,658
ba81da2b587caf9d,2026-10-02T06:19:26Z,kaggle-environments 1.32.7,ahmedberatozer-v50-early-yarn-commit,044a26601be23816d397c51c22c4d86b938f8bac4b914f9bea1fbe38bac1e8a5,v16_rc5,f029fa0cb66a9eb509afbe44e3f59b800332d0419db91607183410e4089c4d19,1525963489,1,122638,97723,1,0,0,DONE,DONE,719,719,116.409,2.759,1,,655,658
ba81da2b587caf9d,2026-10-02T06:19:26Z,kaggle-environments 1.32.7,ahmedberatozer-v50-early-yarn-commit,044a26601be23816d397c51c22c4d86b938f8bac4b914f9bea1fbe38bac1e8a5,v16_rc5,f029fa0cb66a9eb509afbe44e3f59b800332d0419db91607183410e4089c4d19,1663058751,0,98859,51359,1,0,0,DONE,DONE,719,719,196.033,3.294,1,,656,658
ba81da2b587caf9d,2026-10-02T06:19:26Z,kaggle-environments 1.32.7,ahmedberatozer-v50-early-yarn-commit,044a26601be23816d397c51c22c4d86b938f8bac4b914f9bea1fbe38bac1e8a5,v16_rc5,f029fa0cb66a9eb509afbe44e3f59b800332d0419db91607183410e4089c4d19,1663058751,1,98859,51359,1,0,0,DONE,DONE,719,719,145.945,2.711,1,,656,658
ba81da2b587caf9d,2026-10-02T06:19:26Z,kaggle-environments 1.32.7,ahmedberatozer-v43-recovering-lost-harvests,3abe0ca715ba18647c138d0c28f59f34371e1ea28d4378e290ab33760d2c12dc,barnyard_v7,997e6bfc5234534e246e945bc61c87858ebf997ab85b0a5c9427dd4ed710f1b6,62857979,0,110661,76935,1,0,0,DONE,DONE,719,719,76.439,1.112,1,,653,548
ba81da2b587caf9d,2026-10-02T06:19:26Z,kaggle-environments 1.32.7,ahmedberatozer-v43-recovering-lost-harvests,3abe0ca715ba18647c138d0c28f59f34371e1ea28d4378e290ab33760d2c12dc,barnyard_v7,997e6bfc5234534e246e945bc61c87858ebf997ab85b0a5c9427dd4ed710f1b6,62857979,1,110661,76935,1,0,0,DONE,DONE,719,719,17.831,0.936,1,,653,548
ba81da2b587caf9d,2026-10-02T06:19:26Z,kaggle-environments 1.32.7,ahmedberatozer-v43-recovering-lost-harvests,3abe0ca715ba18647c138d0c28f59f34371e1ea28d4378e290ab33760d2c12dc,barnyard_v7,997e6bfc5234534e246e945bc61c87858ebf997ab85b0a5c9427dd4ed710f1b6,199441310,0,116098,86923,1,0,0,DONE,DONE,719,719,18.066,1.134,1,,652,548
ba81da2b587caf9d,2026-10-02T06:19:26Z,kaggle-environments 1.32.7,ahmedberatozer-v43-recovering-lost-harvests,3abe0ca715ba18647c138d0c28f59f34371e1ea28d4378e290ab33760d2c12dc,barnyard_v7,997e6bfc5234534e246e945bc61c87858ebf997ab85b0a5c9427dd4ed710f1b6,199441310,1,116098,86923,1,0,0,DONE,DONE,719,719,16.301,1.578,1,,652,548
ba81da2b587caf9d,2026-10-02T06:19:26Z,kaggle-environments 1.32.7,ahmedberatozer-v43-recovering-lost-harvests,3abe0ca715ba18647c138d0c28f59f34371e1ea28d4378e290ab33760d2c12dc,barnyard_v7,997e6bfc5234534e246e945bc61c87858ebf997ab85b0a5c9427dd4ed710f1b6,1152441257,0,163610,125161,1,0,0,DONE,DONE,719,719,16.473,1.635,1,,659,548
ba81da2b587caf9d,2026-10-02T06:19:26Z,kaggle-environments 1.32.7,ahmedberatozer-v43-recovering-lost-harvests,3abe0ca715ba18647c138d0c28f59f34371e1ea28d4378e290ab33760d2c12dc,barnyard_v7,997e6bfc5234534e246e945bc61c87858ebf997ab85b0a5c9427dd4ed710f1b6,1152441257,1,163610,125161,1,0,0,DONE,DONE,719,719,42.093,1.635,1,,659,548
ba81da2b587caf9d,2026-10-02T06:19:26Z,kaggle-environments 1.32.7,ahmedberatozer-v43-recovering-lost-harvests,3abe0ca715ba18647c138d0c28f59f34371e1ea28d4378e290ab33760d2c12dc,barnyard_v7,997e6bfc5234534e246e945bc61c87858ebf997ab85b0a5c9427dd4ed710f1b6,1184506355,0,102539,48287,1,0,0,DONE,DONE,719,719,20.176,2.055,1,,639,548
ba81da2b587caf9d,2026-10-02T06:19:26Z,kaggle-environments 1.32.7,ahmedberatozer-v43-recovering-lost-harvests,3abe0ca715ba18647c138d0c28f59f34371e1ea28d4378e290ab33760d2c12dc,barnyard_v7,997e6bfc5234534e246e945bc61c87858ebf997ab85b0a5c9427dd4ed710f1b6,1184506355,1,102539,48287,1,0,0,DONE,DONE,719,719,84.723,3.025,1,,639,548
ba81da2b587caf9d,2026-10-02T06:19:26Z,kaggle-environments 1.32.7,ahmedberatozer-v43-recovering-lost-harvests,3abe0ca715ba18647c138d0c28f59f34371e1ea28d4378e290ab33760d2c12dc,barnyard_v7,997e6bfc5234534e246e945bc61c87858ebf997ab85b0a5c9427dd4ed710f1b6,1479510883,0,149982,103157,1,0,0,DONE,DONE,719,719,33.396,3.742,1,,651,548
ba81da2b587caf9d,2026-10-02T06:19:26Z,kaggle-environments 1.32.7,ahmedberatozer-v43-recovering-lost-harvests,3abe0ca715ba18647c138d0c28f59f34371e1ea28d4378e290ab33760d2c12dc,barnyard_v7,997e6bfc5234534e246e945bc61c87858ebf997ab85b0a5c9427dd4ed710f1b6,1479510883,1,149982,103157,1,0,0,DONE,DONE,719,719,127.844,178.127,1,,651,548
ba81da2b587caf9d,2026-10-02T06:19:26Z,kaggle-environments 1.32.7,ahmedberatozer-v43-recovering-lost-harvests,3abe0ca715ba18647c138d0c28f59f34371e1ea28d4378e290ab33760d2c12dc,barnyard_v7,997e6bfc5234534e246e945bc61c87858ebf997ab85b0a5c9427dd4ed710f1b6,1493838340,0,99231,33354,1,0,0,DONE,DONE,719,719,29.402,3.348,1,,655,548
ba81da2b587caf9d,2026-10-02T06:19:26Z,kaggle-environments 1.32.7,ahmedberatozer-v43-recovering-lost-harvests,3abe0ca715ba18647c138d0c28f59f34371e1ea28d4378e290ab33760d2c12dc,barnyard_v7,997e6bfc5234534e246e945bc61c87858ebf997ab85b0a5c9427dd4ed710f1b6,1493838340,1,99231,33354,1,0,0,DONE,DONE,719,719,29.714,31.554,1,,655,548
ba81da2b587caf9d,2026-10-02T06:19:26Z,kaggle-environments 1.32.7,ahmedberatozer-v43-recovering-lost-harvests,3abe0ca715ba18647c138d0c28f59f34371e1ea28d4378e290ab33760d2c12dc,barnyard_v7,997e6bfc5234534e246e945bc61c87858ebf997ab85b0a5c9427dd4ed710f1b6,1525963489,0,159960,124991,1,0,0,DONE,DONE,719,719,16.524,87.326,1,,657,548
ba81da2b587caf9d,2026-10-02T06:19:26Z,kaggle-environments 1.32.7,ahmedberatozer-v43-recovering-lost-harvests,3abe0ca715ba18647c138d0c28f59f34371e1ea28d4378e290ab33760d2c12dc,barnyard_v7,997e6bfc5234534e246e945bc61c87858ebf997ab85b0a5c9427dd4ed710f1b6,1525963489,1,159960,124991,1,0,0,DONE,DONE,719,719,16.509,3.12,1,,657,548
ba81da2b587caf9d,2026-10-02T06:19:26Z,kaggle-environments 1.32.7,ahmedberatozer-v43-recovering-lost-harvests,3abe0ca715ba18647c138d0c28f59f34371e1ea28d4378e290ab33760d2c12dc,barnyard_v7,997e6bfc5234534e246e945bc61c87858ebf997ab85b0a5c9427dd4ed710f1b6,1663058751,0,94817,52124,1,0,0,DONE,DONE,719,719,24.667,4.126,1,,655,548
ba81da2b587caf9d,2026-10-02T06:19:26Z,kaggle-environments 1.32.7,ahmedberatozer-v43-recovering-lost-harvests,3abe0ca715ba18647c138d0c28f59f34371e1ea28d4378e290ab33760d2c12dc,barnyard_v7,997e6bfc5234534e246e945bc61c87858ebf997ab85b0a5c9427dd4ed710f1b6,1663058751,1,94817,52124,1,0,0,DONE,DONE,719,719,59.343,2.57,1,,655,548
ba81da2b587caf9d,2026-10-02T06:19:26Z,kaggle-environments 1.32.7,ahmedberatozer-v46-first-turn-microstructure,735c370383b70d3bf3aac792f2c147e0afc99166fc9f253ede10e8a030acedb6,ahmedberatozer-v48-clear-the-queue,4b5402888feeb4170dce38f34bebe56788b62ca287139fce7db72df8eb89bb96,62857979,0,79488,79488,0,0,1,DONE,DONE,719,719,89.858,9.834,0,exact tie (duplicate-content signal),651,651
ba81da2b587caf9d,2026-10-02T06:19:26Z,kaggle-environments 1.32.7,ahmedberatozer-v46-first-turn-microstructure,735c370383b70d3bf3aac792f2c147e0afc99166fc9f253ede10e8a030acedb6,ahmedberatozer-v48-clear-the-queue,4b5402888feeb4170dce38f34bebe56788b62ca287139fce7db72df8eb89bb96,62857979,1,79488,79488,0,0,1,DONE,DONE,719,719,178.259,20.91,0,exact tie (duplicate-content signal),651,651
ba81da2b587caf9d,2026-10-02T06:19:26Z,kaggle-environments 1.32.7,ahmedberatozer-v46-first-turn-microstructure,735c370383b70d3bf3aac792f2c147e0afc99166fc9f253ede10e8a030acedb6,ahmedberatozer-v48-clear-the-queue,4b5402888feeb4170dce38f34bebe56788b62ca287139fce7db72df8eb89bb96,199441310,0,116137,116137,0,0,1,DONE,DONE,719,719,65.233,13.649,0,exact tie (duplicate-content signal),651,651
ba81da2b587caf9d,2026-10-02T06:19:26Z,kaggle-environments 1.32.7,ahmedberatozer-v46-first-turn-microstructure,735c370383b70d3bf3aac792f2c147e0afc99166fc9f253ede10e8a030acedb6,ahmedberatozer-v48-clear-the-queue,4b5402888feeb4170dce38f34bebe56788b62ca287139fce7db72df8eb89bb96,199441310,1,116137,116137,0,0,1,DONE,DONE,719,719,16.365,13.847,0,exact tie (duplicate-content signal),651,651
ba81da2b587caf9d,2026-10-02T06:19:26Z,kaggle-environments 1.32.7,ahmedberatozer-v46-first-turn-microstructure,735c370383b70d3bf3aac792f2c147e0afc99166fc9f253ede10e8a030acedb6,ahmedberatozer-v48-clear-the-queue,4b5402888feeb4170dce38f34bebe56788b62ca287139fce7db72df8eb89bb96,1152441257,0,138144,138144,0,0,1,DONE,DONE,719,719,98.03,9.413,0,exact tie (duplicate-content signal),656,656
ba81da2b587caf9d,2026-10-02T06:19:26Z,kaggle-environments 1.32.7,ahmedberatozer-v46-first-turn-microstructure,735c370383b70d3bf3aac792f2c147e0afc99166fc9f253ede10e8a030acedb6,ahmedberatozer-v48-clear-the-queue,4b5402888feeb4170dce38f34bebe56788b62ca287139fce7db72df8eb89bb96,1152441257,1,138144,138144,0,0,1,DONE,DONE,719,719,15.381,124.937,0,exact tie (duplicate-content signal),656,656
ba81da2b587caf9d,2026-10-02T06:19:26Z,kaggle-environments 1.32.7,ahmedberatozer-v46-first-turn-microstructure,735c370383b70d3bf3aac792f2c147e0afc99166fc9f253ede10e8a030acedb6,ahmedberatozer-v48-clear-the-queue,4b5402888feeb4170dce38f34bebe56788b62ca287139fce7db72df8eb89bb96,1184506355,0,70428,70428,0,0,1,DONE,DONE,719,719,16.018,13.354,0,exact tie (duplicate-content signal),635,635
ba81da2b587caf9d,2026-10-02T06:19:26Z,kaggle-environments 1.32.7,ahmedberatozer-v46-first-turn-microstructure,735c370383b70d3bf3aac792f2c147e0afc99166fc9f253ede10e8a030acedb6,ahmedberatozer-v48-clear-the-queue,4b5402888feeb4170dce38f34bebe56788b62ca287139fce7db72df8eb89bb96,1184506355,1,70428,70428,0,0,1,DONE,DONE,719,719,25.916,22.706,0,exact tie (duplicate-content signal),635,635
ba81da2b587caf9d,2026-10-02T06:19:26Z,kaggle-environments 1.32.7,ahmedberatozer-v46-first-turn-microstructure,735c370383b70d3bf3aac792f2c147e0afc99166fc9f253ede10e8a030acedb6,ahmedberatozer-v48-clear-the-queue,4b5402888feeb4170dce38f34bebe56788b62ca287139fce7db72df8eb89bb96,1479510883,0,110933,110933,0,0,1,DONE,DONE,719,719,79.659,13.659,0,exact tie (duplicate-content signal),651,651
ba81da2b587caf9d,2026-10-02T06:19:26Z,kaggle-environments 1.32.7,ahmedberatozer-v46-first-turn-microstructure,735c370383b70d3bf3aac792f2c147e0afc99166fc9f253ede10e8a030acedb6,ahmedberatozer-v48-clear-the-queue,4b5402888feeb4170dce38f34bebe56788b62ca287139fce7db72df8eb89bb96,1479510883,1,110933,110933,0,0,1,DONE,DONE,719,719,28.254,167.73,0,exact tie (duplicate-content signal),651,651
ba81da2b587caf9d,2026-10-02T06:19:26Z,kaggle-environments 1.32.7,ahmedberatozer-v46-first-turn-microstructure,735c370383b70d3bf3aac792f2c147e0afc99166fc9f253ede10e8a030acedb6,ahmedberatozer-v48-clear-the-queue,4b5402888feeb4170dce38f34bebe56788b62ca287139fce7db72df8eb89bb96,1493838340,0,72882,72882,0,0,1,DONE,DONE,719,719,65.882,24.391,0,exact tie (duplicate-content signal),654,654
ba81da2b587caf9d,2026-10-02T06:19:26Z,kaggle-environments 1.32.7,ahmedberatozer-v46-first-turn-microstructure,735c370383b70d3bf3aac792f2c147e0afc99166fc9f253ede10e8a030acedb6,ahmedberatozer-v48-clear-the-queue,4b5402888feeb4170dce38f34bebe56788b62ca287139fce7db72df8eb89bb96,1493838340,1,72882,72882,0,0,1,DONE,DONE,719,719,188.473,14.178,0,exact tie (duplicate-content signal),654,654
ba81da2b587caf9d,2026-10-02T06:19:26Z,kaggle-environments 1.32.7,ahmedberatozer-v46-first-turn-microstructure,735c370383b70d3bf3aac792f2c147e0afc99166fc9f253ede10e8a030acedb6,ahmedberatozer-v48-clear-the-queue,4b5402888feeb4170dce38f34bebe56788b62ca287139fce7db72df8eb89bb96,1525963489,0,125816,125816,0,0,1,DONE,DONE,719,719,16.394,13.846,0,exact tie (duplicate-content signal),656,656
ba81da2b587caf9d,2026-10-02T06:19:26Z,kaggle-environments 1.32.7,ahmedberatozer-v46-first-turn-microstructure,735c370383b70d3bf3aac792f2c147e0afc99166fc9f253ede10e8a030acedb6,ahmedberatozer-v48-clear-the-queue,4b5402888feeb4170dce38f34bebe56788b62ca287139fce7db72df8eb89bb96,1525963489,1,125816,125816,0,0,1,DONE,DONE,719,719,16.169,13.896,0,exact tie (duplicate-content signal),656,656
ba81da2b587caf9d,2026-10-02T06:19:26Z,kaggle-environments 1.32.7,ahmedberatozer-v46-first-turn-microstructure,735c370383b70d3bf3aac792f2c147e0afc99166fc9f253ede10e8a030acedb6,ahmedberatozer-v48-clear-the-queue,4b5402888feeb4170dce38f34bebe56788b62ca287139fce7db72df8eb89bb96,1663058751,0,81907,81907,0,0,1,DONE,DONE,719,719,16.398,13.596,0,exact tie (duplicate-content signal),653,653
ba81da2b587caf9d,2026-10-02T06:19:26Z,kaggle-environments 1.32.7,ahmedberatozer-v46-first-turn-microstructure,735c370383b70d3bf3aac792f2c147e0afc99166fc9f253ede10e8a030acedb6,ahmedberatozer-v48-clear-the-queue,4b5402888feeb4170dce38f34bebe56788b62ca287139fce7db72df8eb89bb96,1663058751,1,81907,81907,0,0,1,DONE,DONE,719,719,16.438,43.115,0,exact tie (duplicate-content signal),653,653
ba81da2b587caf9d,2026-10-02T06:19:26Z,kaggle-environments 1.32.7,ahmedberatozer-v48-clear-the-queue,4b5402888feeb4170dce38f34bebe56788b62ca287139fce7db72df8eb89bb96,v16_rc5,f029fa0cb66a9eb509afbe44e3f59b800332d0419db91607183410e4089c4d19,62857979,0,89001,68539,1,0,0,DONE,DONE,719,719,115.462,2.613,1,,645,658
ba81da2b587caf9d,2026-10-02T06:19:26Z,kaggle-environments 1.32.7,ahmedberatozer-v48-clear-the-queue,4b5402888feeb4170dce38f34bebe56788b62ca287139fce7db72df8eb89bb96,v16_rc5,f029fa0cb66a9eb509afbe44e3f59b800332d0419db91607183410e4089c4d19,62857979,1,89001,68539,1,0,0,DONE,DONE,719,719,52.459,0.21,1,,645,658
ba81da2b587caf9d,2026-10-02T06:19:26Z,kaggle-environments 1.32.7,ahmedberatozer-v48-clear-the-queue,4b5402888feeb4170dce38f34bebe56788b62ca287139fce7db72df8eb89bb96,v16_rc5,f029fa0cb66a9eb509afbe44e3f59b800332d0419db91607183410e4089c4d19,199441310,0,139693,121361,1,0,0,DONE,DONE,719,719,77.843,2.248,1,,655,658
ba81da2b587caf9d,2026-10-02T06:19:26Z,kaggle-environments 1.32.7,ahmedberatozer-v48-clear-the-queue,4b5402888feeb4170dce38f34bebe56788b62ca287139fce7db72df8eb89bb96,v16_rc5,f029fa0cb66a9eb509afbe44e3f59b800332d0419db91607183410e4089c4d19,199441310,1,139693,121361,1,0,0,DONE,DONE,719,719,143.713,3.906,1,,655,658
ba81da2b587caf9d,2026-10-02T06:19:26Z,kaggle-environments 1.32.7,ahmedberatozer-v48-clear-the-queue,4b5402888feeb4170dce38f34bebe56788b62ca287139fce7db72df8eb89bb96,v16_rc5,f029fa0cb66a9eb509afbe44e3f59b800332d0419db91607183410e4089c4d19,1152441257,0,101338,61965,1,0,0,DONE,DONE,719,719,194.187,3.373,1,,655,658
ba81da2b587caf9d,2026-10-02T06:19:26Z,kaggle-environments 1.32.7,ahmedberatozer-v48-clear-the-queue,4b5402888feeb4170dce38f34bebe56788b62ca287139fce7db72df8eb89bb96,v16_rc5,f029fa0cb66a9eb509afbe44e3f59b800332d0419db91607183410e4089c4d19,1152441257,1,101338,61965,1,0,0,DONE,DONE,719,719,21.434,3.656,1,,655,658
ba81da2b587caf9d,2026-10-02T06:19:26Z,kaggle-environments 1.32.7,ahmedberatozer-v48-clear-the-queue,4b5402888feeb4170dce38f34bebe56788b62ca287139fce7db72df8eb89bb96,v16_rc5,f029fa0cb66a9eb509afbe44e3f59b800332d0419db91607183410e4089c4d19,1184506355,0,95513,51210,1,0,0,DONE,DONE,719,719,25.554,3.252,1,,637,658
ba81da2b587caf9d,2026-10-02T06:19:26Z,kaggle-environments 1.32.7,ahmedberatozer-v48-clear-the-queue,4b5402888feeb4170dce38f34bebe56788b62ca287139fce7db72df8eb89bb96,v16_rc5,f029fa0cb66a9eb509afbe44e3f59b800332d0419db91607183410e4089c4d19,1184506355,1,95513,51210,1,0,0,DONE,DONE,719,719,110.186,73.046,1,,637,658
ba81da2b587caf9d,2026-10-02T06:19:26Z,kaggle-environments 1.32.7,ahmedberatozer-v48-clear-the-queue,4b5402888feeb4170dce38f34bebe56788b62ca287139fce7db72df8eb89bb96,v16_rc5,f029fa0cb66a9eb509afbe44e3f59b800332d0419db91607183410e4089c4d19,1479510883,0,154938,95124,1,0,0,DONE,DONE,719,719,29.122,4.293,1,,657,658
ba81da2b587caf9d,2026-10-02T06:19:26Z,kaggle-environments 1.32.7,ahmedberatozer-v48-clear-the-queue,4b5402888feeb4170dce38f34bebe56788b62ca287139fce7db72df8eb89bb96,v16_rc5,f029fa0cb66a9eb509afbe44e3f59b800332d0419db91607183410e4089c4d19,1479510883,1,154938,95124,1,0,0,DONE,DONE,719,719,162.049,6.658,1,,657,658
ba81da2b587caf9d,2026-10-02T06:19:26Z,kaggle-environments 1.32.7,ahmedberatozer-v48-clear-the-queue,4b5402888feeb4170dce38f34bebe56788b62ca287139fce7db72df8eb89bb96,v16_rc5,f029fa0cb66a9eb509afbe44e3f59b800332d0419db91607183410e4089c4d19,1493838340,0,119500,92092,1,0,0,DONE,DONE,719,719,132.844,3.403,1,,655,658
ba81da2b587caf9d,2026-10-02T06:19:26Z,kaggle-environments 1.32.7,ahmedberatozer-v48-clear-the-queue,4b5402888feeb4170dce38f34bebe56788b62ca287139fce7db72df8eb89bb96,v16_rc5,f029fa0cb66a9eb509afbe44e3f59b800332d0419db91607183410e4089c4d19,1493838340,1,119500,92092,1,0,0,DONE,DONE,719,719,130.398,2.919,1,,655,658
ba81da2b587caf9d,2026-10-02T06:19:26Z,kaggle-environments 1.32.7,ahmedberatozer-v48-clear-the-queue,4b5402888feeb4170dce38f34bebe56788b62ca287139fce7db72df8eb89bb96,v16_rc5,f029fa0cb66a9eb509afbe44e3f59b800332d0419db91607183410e4089c4d19,1525963489,0,121741,98214,1,0,0,DONE,DONE,719,719,28.29,3.254,1,,655,658
ba81da2b587caf9d,2026-10-02T06:19:26Z,kaggle-environments 1.32.7,ahmedberatozer-v48-clear-the-queue,4b5402888feeb4170dce38f34bebe56788b62ca287139fce7db72df8eb89bb96,v16_rc5,f029fa0cb66a9eb509afbe44e3f59b800332d0419db91607183410e4089c4d19,1525963489,1,121741,98214,1,0,0,DONE,DONE,719,719,47.671,3.75,1,,655,658
ba81da2b587caf9d,2026-10-02T06:19:26Z,kaggle-environments 1.32.7,ahmedberatozer-v48-clear-the-queue,4b5402888feeb4170dce38f34bebe56788b62ca287139fce7db72df8eb89bb96,v16_rc5,f029fa0cb66a9eb509afbe44e3f59b800332d0419db91607183410e4089c4d19,1663058751,0,89257,51057,1,0,0,DONE,DONE,719,719,14.133,2.092,1,,657,658
ba81da2b587caf9d,2026-10-02T06:19:26Z,kaggle-environments 1.32.7,ahmedberatozer-v48-clear-the-queue,4b5402888feeb4170dce38f34bebe56788b62ca287139fce7db72df8eb89bb96,v16_rc5,f029fa0cb66a9eb509afbe44e3f59b800332d0419db91607183410e4089c4d19,1663058751,1,89257,51057,1,0,0,DONE,DONE,719,719,21.286,0.187,1,,657,658
ba81da2b587caf9d,2026-10-02T06:19:26Z,kaggle-environments 1.32.7,ahmedberatozer-v50-early-yarn-commit,044a26601be23816d397c51c22c4d86b938f8bac4b914f9bea1fbe38bac1e8a5,v38_feed,a2047ebd8ca5720221e1421529655d9c67a7b2fedb74e874c7d3c55a8970ac7e,62857979,0,85840,78308,1,0,0,DONE,DONE,719,719,15.12,8.712,1,,654,653
ba81da2b587caf9d,2026-10-02T06:19:26Z,kaggle-environments 1.32.7,ahmedberatozer-v50-early-yarn-commit,044a26601be23816d397c51c22c4d86b938f8bac4b914f9bea1fbe38bac1e8a5,v38_feed,a2047ebd8ca5720221e1421529655d9c67a7b2fedb74e874c7d3c55a8970ac7e,62857979,1,85840,78308,1,0,0,DONE,DONE,719,719,21.51,12.347,1,,654,653
ba81da2b587caf9d,2026-10-02T06:19:26Z,kaggle-environments 1.32.7,ahmedberatozer-v50-early-yarn-commit,044a26601be23816d397c51c22c4d86b938f8bac4b914f9bea1fbe38bac1e8a5,v38_feed,a2047ebd8ca5720221e1421529655d9c67a7b2fedb74e874c7d3c55a8970ac7e,199441310,0,116559,114327,1,0,0,DONE,DONE,719,719,14.017,19.328,1,,654,654
ba81da2b587caf9d,2026-10-02T06:19:26Z,kaggle-environments 1.32.7,ahmedberatozer-v50-early-yarn-commit,044a26601be23816d397c51c22c4d86b938f8bac4b914f9bea1fbe38bac1e8a5,v38_feed,a2047ebd8ca5720221e1421529655d9c67a7b2fedb74e874c7d3c55a8970ac7e,199441310,1,116559,114327,1,0,0,DONE,DONE,719,719,156.382,30.85,1,,654,654
ba81da2b587caf9d,2026-10-02T06:19:26Z,kaggle-environments 1.32.7,ahmedberatozer-v50-early-yarn-commit,044a26601be23816d397c51c22c4d86b938f8bac4b914f9bea1fbe38bac1e8a5,v38_feed,a2047ebd8ca5720221e1421529655d9c67a7b2fedb74e874c7d3c55a8970ac7e,1152441257,0,148550,137596,1,0,0,DONE,DONE,719,719,16.99,9.899,1,,656,656
ba81da2b587caf9d,2026-10-02T06:19:26Z,kaggle-environments 1.32.7,ahmedberatozer-v50-early-yarn-commit,044a26601be23816d397c51c22c4d86b938f8bac4b914f9bea1fbe38bac1e8a5,v38_feed,a2047ebd8ca5720221e1421529655d9c67a7b2fedb74e874c7d3c55a8970ac7e,1152441257,1,148550,137596,1,0,0,DONE,DONE,719,719,11.093,112.089,1,,656,656
ba81da2b587caf9d,2026-10-02T06:19:26Z,kaggle-environments 1.32.7,ahmedberatozer-v50-early-yarn-commit,044a26601be23816d397c51c22c4d86b938f8bac4b914f9bea1fbe38bac1e8a5,v38_feed,a2047ebd8ca5720221e1421529655d9c67a7b2fedb74e874c7d3c55a8970ac7e,1184506355,0,73898,68916,1,0,0,DONE,DONE,719,719,195.413,29.955,1,,637,640
ba81da2b587caf9d,2026-10-02T06:19:26Z,kaggle-environments 1.32.7,ahmedberatozer-v50-early-yarn-commit,044a26601be23816d397c51c22c4d86b938f8bac4b914f9bea1fbe38bac1e8a5,v38_feed,a2047ebd8ca5720221e1421529655d9c67a7b2fedb74e874c7d3c55a8970ac7e,1184506355,1,73898,68916,1,0,0,DONE,DONE,719,719,75.346,98.204,1,,637,640
ba81da2b587caf9d,2026-10-02T06:19:26Z,kaggle-environments 1.32.7,ahmedberatozer-v50-early-yarn-commit,044a26601be23816d397c51c22c4d86b938f8bac4b914f9bea1fbe38bac1e8a5,v38_feed,a2047ebd8ca5720221e1421529655d9c67a7b2fedb74e874c7d3c55a8970ac7e,1479510883,0,113196,109246,1,0,0,DONE,DONE,719,719,60.637,23.955,1,,651,651
ba81da2b587caf9d,2026-10-02T06:19:26Z,kaggle-environments 1.32.7,ahmedberatozer-v50-early-yarn-commit,044a26601be23816d397c51c22c4d86b938f8bac4b914f9bea1fbe38bac1e8a5,v38_feed,a2047ebd8ca5720221e1421529655d9c67a7b2fedb74e874c7d3c55a8970ac7e,1479510883,1,113196,109246,1,0,0,DONE,DONE,719,719,13.458,18.969,1,,651,651
ba81da2b587caf9d,2026-10-02T06:19:26Z,kaggle-environments 1.32.7,ahmedberatozer-v50-early-yarn-commit,044a26601be23816d397c51c22c4d86b938f8bac4b914f9bea1fbe38bac1e8a5,v38_feed,a2047ebd8ca5720221e1421529655d9c67a7b2fedb74e874c7d3c55a8970ac7e,1493838340,0,76061,68496,1,0,0,DONE,DONE,719,719,20.385,34.407,1,,654,657
ba81da2b587caf9d,2026-10-02T06:19:26Z,kaggle-environments 1.32.7,ahmedberatozer-v50-early-yarn-commit,044a26601be23816d397c51c22c4d86b938f8bac4b914f9bea1fbe38bac1e8a5,v38_feed,a2047ebd8ca5720221e1421529655d9c67a7b2fedb74e874c7d3c55a8970ac7e,1493838340,1,76061,68496,1,0,0,DONE,DONE,719,719,13.911,39.977,1,,654,657
ba81da2b587caf9d,2026-10-02T06:19:26Z,kaggle-environments 1.32.7,ahmedberatozer-v50-early-yarn-commit,044a26601be23816d397c51c22c4d86b938f8bac4b914f9bea1fbe38bac1e8a5,v38_feed,a2047ebd8ca5720221e1421529655d9c67a7b2fedb74e874c7d3c55a8970ac7e,1525963489,0,128722,126343,1,0,0,DONE,DONE,719,719,26.321,36.396,1,,656,656
ba81da2b587caf9d,2026-10-02T06:19:26Z,kaggle-environments 1.32.7,ahmedberatozer-v50-early-yarn-commit,044a26601be23816d397c51c22c4d86b938f8bac4b914f9bea1fbe38bac1e8a5,v38_feed,a2047ebd8ca5720221e1421529655d9c67a7b2fedb74e874c7d3c55a8970ac7e,1525963489,1,128722,126343,1,0,0,DONE,DONE,719,719,137.311,28.317,1,,656,656
ba81da2b587caf9d,2026-10-02T06:19:26Z,kaggle-environments 1.32.7,ahmedberatozer-v50-early-yarn-commit,044a26601be23816d397c51c22c4d86b938f8bac4b914f9bea1fbe38bac1e8a5,v38_feed,a2047ebd8ca5720221e1421529655d9c67a7b2fedb74e874c7d3c55a8970ac7e,1663058751,0,95004,82600,1,0,0,DONE,DONE,719,719,77.24,18.994,1,,654,654
ba81da2b587caf9d,2026-10-02T06:19:26Z,kaggle-environments 1.32.7,ahmedberatozer-v50-early-yarn-commit,044a26601be23816d397c51c22c4d86b938f8bac4b914f9bea1fbe38bac1e8a5,v38_feed,a2047ebd8ca5720221e1421529655d9c67a7b2fedb74e874c7d3c55a8970ac7e,1663058751,1,95004,82600,1,0,0,DONE,DONE,719,719,34.875,44.081,1,,654,654
